:020000040000FA
:1000000048460020FD910000E50A0100E99100004A
:10001000E9910000E9910000E9910000E9910000F8
:1000200000000000000000000000000061930000DC
:10003000E991000000000000F9920000E991000041
:10004000E5940000E5940000E5940000E5940000CC
:10005000E5940000E5940000E5940000E5940000BC
:10006000E5940000E5940000E5940000E5940000AC
:10007000E5940000E5940000E5940000E59400009C
:10008000E5940000E5940000E5940000E59400008C
:10009000E5940000E5940000E5940000E59400007C
:1000A000E5940000E5940000E5940000E59400006C
:1000B000E5940000E5940000E5940000E59400005C
:1000C000E5940000E5940000E5940000E59400004C
:1000D000E5940000E5940000E5940000E59400003C
:1000E000E5940000E5940000E5940000E59400002C
:1000F000E5940000E5940000E5940000E59400001C
:10010000E5940000E5940000E5940000E59400000B
:10011000E5940000E5940000E5940000E5940000FB
:10012000E5940000E5940000E5940000E5940000EB
:10013000E5940000E5940000E5940000E5940000DB
:10014000E5940000E5940000E5940000E5940000CB
:10015000E5940000E5940000E5940000E5940000BB
:10016000E5940000E5940000E5940000E5940000AB
:10017000E5940000E5940000E5940000E59400009B
:10018000E5940000E5940000E5940000E59400008B
:10019000E5940000E5940000E5940000E59400007B
:1001A000E5940000E5940000E5940000E59400006B
:1001B000E5940000E5940000E5940000E59400005B
:1001C000E5940000E5940000E5940000E59400004B
:1001D000E5940000E5940000E5940000E59400003B
:1001E000E5940000E5940000E5940000E59400002B
:1001F000E5940000E5940000E5940000E59400001B
:10020000E5940000E5940000E5940000E59400000A
:10021000E5940000E5940000E5940000E5940000FA
:10022000E5940000E5940000E5940000E5940000EA
:10023000E5940000E5940000E5940000E5940000DA
:10024000E5940000E5940000E5940000E5940000CA
:10025000E594000085150100E5940000E594000098
:10026000E5940000E59400006F150100E59400009E
:10027000E5940000E5940000E5940000E59400009A
:10028000E5940000E5940000E5940000E59400008A
:10029000E5940000E5940000E5940000E59400007A
:1002A000E5940000E5940000E5940000E59400006A
:1002B000E5940000E5940000E5940000E59400005A
:1002C000E5940000E5940000E5940000E59400004A
:1002D000E5940000E5940000E5940000E59400003A
:1002E000E5940000E5940000E5940000E59400002A
:1002F000E5940000E5940000E5940000E59400001A
:10030000E5940000E5940000E5940000E594000009
:10031000E5940000E5940000E5940000E5940000F9
:10032000E5940000E5940000E5940000E5940000E9
:10033000E5940000E5940000E5940000E5940000D9
:10034000E5940000E5940000E5940000E5940000C9
:10035000E5940000E5940000E5940000E5940000B9
:10036000E5940000E5940000E5940000E5940000A9
:10037000E5940000E5940000E5940000E594000099
:10038000E5940000E5940000E5940000E594000089
:10039000E5940000E5940000E5940000E594000079
:1003A000E5940000E5940000E5940000E594000069
:1003B000E5940000E5940000E5940000E594000059
:1003C000E5940000E5940000E5940000E594000049
:1003D000E594000059150100E5940000E594000043
:1003E000E5940000E5940000E5940000E594000029
:1003F000E5940000E5940000E5940000E594000019
:10040000E5940000E5940000E5940000E594000008
:10041000E5940000E5940000E5940000E5940000F8
:10042000E5940000E5940000E5940000E5940000E8
:10043000E5940000E5940000E5940000E5940000D8
:10044000E5940000E5940000E5940000E5940000C8
:10045000E5940000E5940000E5940000E5940000B8
:10046000E5940000E5940000E5940000E5940000A8
:0C047000E5940000E5940000E594000015
:10048000064A074B02604FF490725B7A8280082222
:10049000C371FF2382710372704700BF297C000083
:1004A000080B0020F8B5C41D0028054624F00704F9
:1004B0000CBF0020204600F0D1FA071E02DA6FF0D0
:1004C0000B00F8BD254EB18870880331F3790330F5
:1004D000B27989B280B206F07BFD0028EFDB3C44A4
:1004E00073783178002D04F10304194424F00304D7
:1004F00000FB01F10CBF0020204600F033FC231864
:100500000DB9002BDBDB717A184679B10333002D6E
:10051000728923F003040CBF0020204600F078FC11
:100520000028CCDB20440DB90028C8DB317A91B11A
:10053000737A83B1C41D002D24F007040CBF002082
:10054000204601F067FC0028B9DB0DB10020B8E7B8
:100550002018B6D5B3E7002DF8D1B2E7080B00207C
:100560001FB572B6194BDC68ECB9BFF34F8F184951
:10057000184BCA6802F4E0621343CB60BFF34F8F9D
:1005800000BFFDE7B2FBF6F22B465D1C002AF9D155
:10059000DBB203F110056D4405F80C2C0A2233B9C7
:1005A00001A8A047E1E7024600230A26EDE7013B48
:1005B000DBB203F110050DEB0506B0FBF2F502FB13
:1005C0001500303006F80C0C2846E8E7080B002030
:1005D00000ED00E00400FA050A4B07B5DA8868462A
:1005E000ADF800209A885B88ADF80420ADF80230A1
:1005F00000F064FF18B1FC219C20FFF7B1FF03B0AD
:100600005DF804FB080B002038B5054640B305F043
:10061000CDFF10B94FF0FF3038BD05F045FEB0F505
:10062000FA7FF7D8104C1148E56000F093F90023E9
:1006300023744FF4807323801B236380A38040F2D4
:100640000323E3804FF4847323811F236381EFF33B
:10065000108472B600F0B2FC04B962B60020DBE789
:100660006FF01500D8E700BF080B0020D905000087
:1006700010B5002840D1234C237C032B39D059B12D
:10068000002A3CD00239052936D8DFE801F00312F0
:1006900027352A2D137863700020FFF703FF002809
:1006A000B7BF012302236FF00B002374A8BF23748C
:1006B00010BD13791BB353790BB31188FB291ED8D6
:1006C00053881B3B9BB2E02B19D81A2917D9136802
:1006D0009288C4F802300C4B9A80DDE7137863727D
:1006E000DAE713886381D7E71388FF2B07D82372D3
:1006F000D2E74FF0FF30DBE76FF02C00D8E76FF068
:100700001500D5E7080B00200A0B0020F8B50D46B0
:10071000064620B319B311F0070420D1114F3B7CDA
:10072000012B02D16FF00B00F8BD032B02D14FF06B
:10073000FF30F9E700F054F80028F8D02846FFF71A
:10074000B1FE0028EEDB07F035FC3046214600F014
:10075000F9FEFFF741FF032320463B74E4E76FF007
:100760001500E1E7080B002010B5064C237C032B95
:1007700003D100F0FFFE01F07BFA06F022FD00201D
:10078000207410BD080B002050B1074B03F1140278
:1007900053F8041B934240F8041BF9D10020704722
:1007A0006FF01500704700BF1344010008B500F05A
:1007B000AFFE03490120BDE8084000F047B900BF83
:1007C0008104000002680020014B1A60704700BFDE
:1007D0001C0B0020014B1B68184700BF1C0B00209E
:1007E000024B1868003818BF012070471C0B00200E
:1007F0002DE9F7430446264E071D2548376001F0D2
:1008000047FA0228054607D12149204606F038F963
:10081000284603B0BDE8F0830428F9D13378072BCC
:1008200018D13E2000F04AF878B9F37801A932795E
:10083000684643EA0223ADF8003006F01DFB0028AD
:10084000DBD053210820FFF78BFE052000F06EF867
:100850000028EAD03146204606F04AF9B0F5817FFB
:1008600001D37221EEE70028C7D094F8008094F8F5
:100870000290404600F022F80028BED0B8F13E0FAA
:10088000C6D1484600F052F80028C1D1B5E700BFF4
:10089000200B0020074B4FF0FF3141F6FF72C3E9F8
:1008A000001205490022C1E900221F21C3E90212FA
:1008B000704700BF00050020640B00203F280CD8C3
:1008C00001380B4BC0F3421200F01F0053F82230E6
:1008D00023FA00F000F001007047FF2806D04038EE
:1008E000044BC0F3421200F01F00EFE701207047F5
:1008F00000050020640B0020074B01460068496892
:100900001A4603C240F48C221A6041F0107242F47D
:10091000FF625A60704700BF000500200246024B8C
:100920000068516803C3704708050020431E38283B
:10093000DBB21FBF064A590903F01F0302EB810215
:100940001DBF9068D84000F001000020704700BF34
:1009500000050020014B1860704700BF6C0B0020A1
:1009600010B5FFF797FF06F08BFC034B04461B689E
:1009700003B19847204610BD6C0B00200A8870B563
:1009800095B2C67CC2F30E020488023602F1180347
:100990003444C35AA4B233442344013BB3FBF4F3BD
:1009A00003FB0422438892B29342044B8BBF2B403B
:1009B000AB4313439BB20B8070BD00BF0080FFFFB1
:1009C0004A1E062A08B50346084604D84FF4D171DA
:1009D0001520FFF7C5FD094A914202D940F2A31143
:1009E000F6E711B903B1196008BD2BB11B680022ED
:1009F000C3E901211A1D1A600430F5E7FAFFFF7FF1
:100A000010B5114B00EB41041A786389B3FBF2F384
:100A100003FB0223013A1A44B2F5706F0279807821
:100A200028BF00231A440B18B2FBF0F100FB112180
:100A30005B1AB3FBF0F100FB113313446FEA43433D
:100A40006FEA5343638110BD700B0020024B03EB30
:100A500080035960704700BF700B00202DE9F04FF4
:100A600010F0070A85B0054604D040F26111172046
:100A7000FFF776FD524F044607F10C06B146B0462B
:100A800057F8043B8DF80BA03BB101A898479DF89F
:100A90000A30082B01D9E821E9E79DF80B1041BB8A
:100AA00005B131604F4506F10406E9D1002D6ED045
:100AB0000022DFF810910227964689F8002058F8A6
:100AC00027A0013FBAF1000F54D09AF804609AF8B9
:100AD00002C0FF2E5FD039460023481C37D19C440A
:100AE000BCF1FF0F3ED90AB189F800E040F22711AE
:100AF000BDE79DF80AC04B1D60465A0004EB430356
:100B0000022838BF0220441E40422344BDF808405A
:100B10006444CCF1000C0340013C04EA0C04B4F53D
:100B2000803F01D3F821A2E775B19A1A0120326003
:100B300091701480D0709DF80C00107101984FEAEC
:100B4000104C1081A2F806C004FB0134AAE758F843
:100B5000210028B190F804B0B34504BF80781B1879
:100B60000139BAE7DBB2E6458AF804303CBF5FFAE8
:100B70008CFE01227B1CA2D10AB189F800E002267A
:100B800040F6FF6A58F82670B7B9013EFAD2601BEA
:100B900005B0BDE8F08F0023E5E707EB410309F15D
:100BA00001093846A3F80AA0FFF72AFF5FFA89F186
:100BB000BB788B42F1D8E8E74FF00009F6E700BFB9
:100BC000740B0020700B002038B54FF6FF730246FF
:100BD0000380184B03EB81031869A8B1847803796B
:100BE000B3FBF4F104FB1133DBB2194600EB410512
:100BF000B5F90A50002D0EDB0131B1FBF4F504FB11
:100C00001511C9B28B42F1D1002038BD6381BDE816
:100C1000384006F0B9B900EB41046389C3F30E0311
:100C20001380C278002AF1D14FF4D5711720FFF755
:100C300097FC00BF700B00201C4B03EB810370B5C9
:100C40001C69054644B3030404D54FF4DC71172036
:100C5000FFF786FC0146204606F079F9FF28014699
:100C600004D02046BDE8704006F08EB9A078B5FBF0
:100C7000F0F300FB1353DBB219460A1D04EB4206E6
:100C8000B6F90260002E09DB0131B1FBF0F200FB86
:100C90001211C9B28B42F0D1002070BD8B4201D03D
:100CA0000023E37004EB42025580DAE7700B00206A
:100CB000094B03EB8103014610B51C69204606F081
:100CC00046F9FF28014604D02046BDE8104006F052
:100CD0005BB9002010BD00BF700B0020F8B5104BB1
:100CE000074603EB810301461C69204606F02FF9F5
:100CF000FF28054611D0E288238953EA024606D030
:100D00000146204606F040F901463846B0472046E5
:100D10002946FFF775FE0020F8BD0520FCE700BF5F
:100D2000700B002038B50E4B0446827903EB82032A
:100D3000186908B9052038BD8278E1799142F9D265
:100D40004B1CE37100EB41035D89B3F90A30002BC2
:100D5000F3DBA58006F018F920600020EBE700BF68
:100D6000700B002070B5044610F003000E4603D04F
:100D70004E211820FFF7F4FBFFF722FE054624B1B1
:100D8000034831460460FFF71BFE284670BD00BFD4
:100D90008C0B00202DE9F14FDFF870B01E4607469E
:100DA0000D46DBF8003090469DF828A09DF82C9069
:100DB0001BB960211820FFF7D3FB5246092140469A
:100DC00006F083F84A4684B20921304606F07DF8E1
:100DD00081B2DBF80000214406F094F8386018B9BD
:100DE000286001B0BDE8F08F044453464146092213
:100DF0002C60386806F048F84B46092231462868CE
:100E000001B0BDE8F04F06F03FB800BF8C0B0020EA
:100E10001F2AF8B5044613460ED89200033222F07A
:100E20000303B3F5803F2DD2184DACB1A00710D00D
:100E30005F210920FFF794FBFF2B4FEA420204D900
:100E4000FF339A42A8BF1A46E8E77C2AB8BF7C2243
:100E5000E4E729706C602B8122F00302282301272C
:100E6000120403FB01F06B680025120CEEB2B142D4
:100E700000D8F8BD14B126181F705E60104401350B
:100E80002833F3E74FF0FF30F3E700BF900B00206B
:100E9000154A002170B553681578C8B2854203D849
:100EA000AB210920FFF75CFB1C461846013114F802
:100EB000286B0EB92346F0E70021997001241289AE
:100EC000996103F126055C709208D96103F11E0453
:100ED000596824F8022FA54243F8041F1144F8D1A1
:100EE00000234361037070BD900B00204B782DE907
:100EF000F04106460C4602F0040702F0FB05E3B1A0
:100F0000A5BBFF23A3707B0804EB57073A7D032A98
:100F100002D1022D18BF0133E2180121117503F12E
:100F20000C01002204EB830324F811205B68A270FB
:100F300030463360B280BDE8F081002DE1D101235D
:100F400001F11E028D6120464B7004F1260C1A4BF4
:100F5000CD611B8949689B0822F8023F944540F8FF
:100F6000041F1944F8D100236361CAE7D1F8048053
:100F700014220021A018617007F0E6F90E4B1B89BE
:100F8000B3F5FF7F0FD25A089B1A9BB208EB0301FF
:100F9000C4F804802384A1606284C4F80C80A38414
:100FA0002161E284ADE7B3F5EE6F4FF0FF02EBD9BC
:100FB00040F27263EAE700BF900B00201F4B4FF036
:100FC000FF3000211A6801235360C2F80803C2F8F9
:100FD0000015C2F804351A4A12685360C2F80803B3
:100FE000C2F8001540F6FE71164A1748C2F80815F7
:100FF000B0F90020002A0CDB510902F01F029340D7
:1010000001F12002114941F82230BFF34F8FBFF3A5
:101010006F8FB0F90030002B09DB5A09012103F072
:101020001F03994002F16003084A42F82310054B60
:1010300040F6FE72C3F80825704700BF7013002009
:101040006C130020002008508413002000E100E011
:10105000014B1876704700BFA00B002010B501218E
:101060000020FFF725FE044670B90121FFF7E4FDDB
:10107000044620B940F291313920FFF771FA034B51
:1010800093F9061006F0A2FD204610BD400C00208A
:1010900008B506F005FB00F0EDFB00F08DFA06F058
:1010A00029FC00F0C9FE00F0E5FC0022084B1B21E2
:1010B0004FF4A4701A60074B98801A805980064834
:1010C000064B186099805A745A829A829A7508BDA4
:1010D00048050020400C002003021B006C1000207B
:1010E000044B41F64C52C3E902221B221A74FFF74B
:1010F000CFBF00BF6C10002073B5234D0446AB6812
:101100000363224B836106F080FC064600F044FA3C
:101110008306297C53BF1B236B88AA881A46A4F830
:101120005A301B4BA4F85C201B6884F83810668783
:101130001BB194F9701020889847164E204631460E
:1011400006F03AFB01236A8804F110006978E38510
:101150000332AB88019192B216F8121C033300914E
:101160009BB204F11401FFF715FE236923B940F285
:10117000C5613920FFF7F4F9636913B940F2C6611C
:10118000F7E7002002B070BD6C10002000093D00A0
:101190004C0500207E100020F7B504460D4606F0F1
:1011A00048FD00286DD0204606F01FFE38B1B5F886
:1011B0000130013B7F2B02D9122003B0F0BD204645
:1011C00006F017FE08B90C20F7E7204606F0AFFC42
:1011D0000028F8D1204606F0EAFC06460028F2D1A5
:1011E000204601F011FB0028E6D042F21073B5F85A
:1011F0000170E97820465F4306F0E3FD204606F0E3
:10120000ECFD014648B93A46204600F0E7FEB0B38F
:1012100041F69D413920FFF7A3F931460DF1060053
:10122000FFF7D2FC054608B90D20C6E7314606F0A7
:1012300077FABDF80630204629462B8006F0E3FDFC
:10124000204606F0DCFD88B9216A204606F0D9FD6B
:1012500001462846FFF750FF3A462946204600F04F
:10126000BDFE024620B14FF4E651D3E70121F0E77D
:10127000054B9B681BB105F58D71284698470020EA
:101280009BE7422099E700BF400C0020034B5A889F
:1012900002801B7883700020704700BF6C10002014
:1012A000F7B5077805460C46EF2F0FD890F90120C7
:1012B0004378002A0ADB8278900707D113F01000E8
:1012C0001DD1990603F0030202D51AB1122442E09F
:1012D000032AFBD01E07F9D42979EA78EE7942EA8D
:1012E0000122697942EA0142A97941EA06212E7A6E
:1012F00041EA06418A42E9D81F2A0FD8E6E713F0EF
:10130000600FE3D103F00702052A05D003F00F01B7
:101310000D22CA40D107D9D51A07DDD56A7A013A1C
:10132000062AD3D8AA7A032AD0D813F0040102D10E
:10133000023A012A03D8EA7A012AC7D811B9AA7C4D
:10134000032AC3D82A7D48B1012ABFD12A7E012AA7
:10135000BCD830B91124204603B0F0BD022AF5D123
:10136000B4E7DB0712D46B782A7D03F01803082B4F
:1013700011D1022AEED101213846FFF799FC064629
:1013800078B106F0D4FBB8B10C24E4E700F0D4F84F
:101390000028E8D1DEE7022AEDD02B7F002BEAD02F
:1013A000D8E701213846FFF747FC064640B3154B06
:1013B00093F9061006F00AFC304606F00BFD2946AC
:1013C0002070E874304606F050FCEB7E0446002B9B
:1013D000C1D00028BFD10246316B6846FFF786FDB9
:1013E0002246306B012105F03AFE316B684604223B
:1013F000FFF77CFD22462146306B05F030FEAAE760
:101400000724A8E7400C002030B502798BB00346D2
:10141000042A4FD84088B0F5804F4BD82649002485
:101420008D5C1144ADF800404A798DF8084042F0D7
:1014300010028DF8244042EA45028D7AC97B42EAC7
:10144000850242EAC102694602F01F028DF80020BF
:10145000BDF80020ADF809201A888DF80E00000AAA
:101460008DF80B20120A8DF80D408DF80C208DF8A8
:101470000F008DF810405A7BD3F807008DF811202B
:101480005A79059002A88DF812209A798DF81320C8
:10149000B3F80B209B7BADF818208DF81A307F2312
:1014A0008DF81B304FF00113CDE90734FFF7F8FE3C
:1014B0000BB030BD1220FBE75C3701000278034619
:1014C00072B1427862B142881A2A09D982881A2AEE
:1014D00006D90068034A106000209B8893807047FB
:1014E000122070476C10002002680020014B9A60A7
:1014F000704700BF6C10002008B501F07DF900F0C6
:1015000059FE0248BDE8084001F060B94C0C0020CB
:1015100010B5064C064904F5027006F0A1F804F572
:1015200003700449BDE8104006F09AB84C0C002046
:101530005005002058050020014B93F80201704728
:101540004C0C002010B5074C00F07EFBD4F80802CC
:1015500006F07EF8FFF7C4FD00F000FC012384F8DC
:10156000143210BD4C0C0020014B93F8140270474C
:101570004C0C002010B5074CD4F80C0206F068F8AB
:10158000D4F8100206F064F8FFF782FD002384F817
:10159000143210BD4C0C0020014BD3E90001704700
:1015A00010050020034B1868C0F30020400040F0F5
:1015B000010070471005002008B504F075FE0023F7
:1015C000074A32F82310814205D302EB8302937855
:1015D000044A137008BD01330C2BF2D10023F7E746
:1015E00070370100610E0020054B9A8C824201BFCA
:1015F000002283F822204FF6FF729A84704700BFC2
:10160000620E002050B90A4A0120134603F8010B6C
:101610000868C2F801008A889A807047012805D1BD
:10162000034B0A68D8719A608A889A81704700BF14
:101630008C0E002050B90B4B187888B1D3F80120DC
:10164000B3F805300A6001208B807047012806D16D
:10165000044BD87920B19A689B890A60F3E700208F
:10166000704700BF8C0E002010B9044B18787047EB
:10167000012806BF014BD879002070478C0E00204E
:10168000F7B58A8800238DF80600ADF804200868B5
:101690000B4A8DF807300146147802F5A872019DB7
:1016A000D8B2844201D8082007E052F8087F0133FD
:1016B0005668AE4208BF8F42F2D103B0F0BD00BF02
:1016C000A00E0020084B0146002230B55C7803F2E2
:1016D0000113D0B2844201D8082004E013F8015F5E
:1016E00001328D42F5D130BDA00E0020F0B5254D60
:1016F00089B095F8984105F299116846224605F09F
:101700001FF92146684605F0EAFF0446B8B300EB2E
:10171000400102A8C9B2FFF75DF8631E95F8A16108
:101720000124DBB295F8981105E0721CB2FBF1F0D0
:1017300001FB1022D6B206F120020DEB020010F8D8
:10174000202C002AF1D103EB430100F8204C06EBDA
:10175000460220312A44694411F8187C82F8A271AB
:1017600011F8177C11F8161C82F8A37182F8A411E5
:10177000013BAA19DBB282F89941FF2BD2D109B003
:10178000F0BD00BFA00E002070B5064688B00C4624
:10179000002A4ED0294A92F8A131D01890F8991118
:1017A00019B9FF212820FEF7DBFE03EB43010133CB
:1017B000114491F8A251E57091F8A35191F8A41148
:1017C00025716171002180F8991192F89811B3FB8D
:1017D000F1F001FB103382F8A13192F8C23123B944
:1017E000174902F5DD7006F0A7F865790D22002192
:1017F000684605F03F0545F04005657106F0A4FD1B
:10180000E37804AA69468DF80F30304623798DF8C5
:101810000D508DF80E30042306F000FD9DF81F30AA
:1018200023709DF81E3063709DF81D30A37008B0C2
:1018300070BD03216018FEF7CDFFD6E7A00E002093
:10184000ED160000044B5A78824286BF1B1893F8AD
:101850004A010020704700BFA00E0020044B5A78B8
:10186000824286BF1B1893F842010020704700BFD8
:10187000A00E0020064B00224FF461711A8083F8FD
:10188000C32183F8C421A3F8C61183F8C22170478D
:10189000A00E0020014BB3F8C6017047A00E002037
:1018A0000A4B30B55C7884420ED9184490F8020196
:1018B0002B3003EBC004A5790D7053F83000106095
:1018C0000120A388938030BD0020FCE7A00E0020FB
:1018D0000246074810B590F8C34124B1417821B1C0
:1018E000023001F029F9204610BD0C46FBE700BF8D
:1018F000A00E00202DE9F74F2F4C9A4680468946CE
:101900006378834256D9231893F8425185F0010534
:10191000F9B193F84A31E3B945F002070135BAF15C
:10192000000F18D1FA070AD5062104EB0810524619
:1019300001FB0841823001F58571FFF725FFBB07E8
:1019400034D504EB0810524649460230FFF71CFF1D
:101950002CE02F46E3E794F8A1614FF0010B002D36
:10196000E0D0A31993F89911019399B90092DAB1D3
:1019700000F0C4F9019B06EB4601009A4FEA102CD7
:1019800083F899B1214481F8A201000C81F8A3C128
:1019900081F8A401013694F89831013DB6FBF3F1CA
:1019A00003FB1166F6B2DAE747F00407384603B0E6
:1019B000BDE8F08F0027F9E7A00E0020074B5A780A
:1019C000824209D91A1892F842212AB9062202FB4A
:1019D000003000F58570704700207047A00E002091
:1019E000064B5A78824281BF1B1893F83A01B0FA2D
:1019F00080F0400998BF0020704700BFA00E002073
:101A000030B5002442F21075A0F84040B0F84440D0
:101A10004C43B4FBF2F4A0F84440541E05FB0343CE
:101A2000B3FBF2F3A0F84230084BB3FBF2F30133FF
:101A3000A0F84830838F05FB0344436B5943B4FB44
:101A4000F2F4B1FBF2F18463416330BD005A6202EB
:101A5000074B93F900301844142804DC10F17F0F71
:101A600003DB40B27047142070476FF07E00704770
:101A700068100020024B00221A705A70704700BF95
:101A80006810002083230B70014B1B78CB707047CC
:101A9000841000202DE9F347824689460527002659
:101AA000DFF84881D9F8103053B11B7A1BB9802177
:101AB0001020FEF755FDD9F81040B4B9002071E0B0
:101AC000D9F80440237A012BF8D0EFF3108372B6D3
:101AD000D9F804201268C9F8042003B962B6C9F81D
:101AE0001040237A0BB9A621E2E7257AEDB22772DE
:101AF0006B1E0B2B6AD8DFE803F066061C346369A3
:101B00003D6969696958636813B94FF4D771CFE7C4
:101B10002046514698470420EFF3108272B6237A8C
:101B2000052BD9B25CD12672C9F81060B2B962B681
:101B300014E0636813B940F2B711B9E75146204683
:101B400098470346ADF80400C0B2C3F30723012B46
:101B50003FD0022BE0D10023C9F810300028A1D0DB
:101B600020E0636813B940F2BF11A1E7204698470F
:101B70000020D1E763680BB9B52199E70B22002457
:101B80008AF800200122198818698AF80220AAF828
:101B900003108AF805208AF8064005F0A9F9042008
:101BA000C9F8104002B0BDE8F087D8F800305146BF
:101BB00020469847034660B10220C9F81060F1E75B
:101BC0004FF4FB7174E740F2F91171E74FF4FE71C5
:101BD0006EE725720028E5D1002B7FF463AF6DE737
:101BE00011B940F21D2163E700209FE76405002042
:101BF00038B5134C14220021201D06F0A5FB012549
:101C0000257404F108031422002104F11800C4E92A
:101C1000013306F099FB84F8245004F11C03094AAF
:101C2000C4E906330023E362236384F83430C4F844
:101C30003530C4F8393084F83D30136038BD00BF0A
:101C4000841000206005002010B5084C2378FF2B7D
:101C500004D04FF4A0711020FEF782FC04F0A0FD28
:101C60002070BDE81040FFF7C3BF00BF1D05002076
:101C700010B5034C207804F0ADFDFF23237010BD98
:101C80001D050020014B187804F0B4BD1D0500208F
:101C900010B506490446FFF7FDFE28B92046044961
:101CA000BDE81040FFF7F6BE10BD00BF9C1000203D
:101CB00088100020134610B5027A22B140F2992113
:101CC0001020FEF74DFC0A4601460248BDE81040D0
:101CD00005F012BE881000200346064890F83E200A
:101CE0003AB190F83D2022B9034900F8353B05F0A0
:101CF00020BE704784100020851A0000094AD2E9EE
:101D00000003434083EAB01181EA43214FEAF343E1
:101D100011605360044B58434FEAF06000EB8000C1
:101D2000704700BFC4100020BB79379E094AD2E932
:101D30000003434083EAB01181EA43214FEAF343B1
:101D400011605360044B58434FEAF06000EB800091
:101D5000704700BF20050020BB79379E10B50A4CA4
:101D600008210948FEF736FDD4E900321343F7D0C5
:101D7000064CFFF7DBFF2060FFF7D8FF23686060A9
:101D80001843F6D010BD00BF20050020C41000206D
:101D9000F0B51F4D00242B7814709BB1013B6D688A
:101DA000DBB21E1B012E0FDC05EBC40655F83470A8
:101DB00076688E4208BF874227D0B84271EB06068C
:101DC00012D214700020F0BD1E197710C6F347061A
:101DD00055F837C005EBC70E8445DEF804708F4117
:101DE0002CBF33463446DCE705EBC30455F83350CB
:101DF00064688C4208BF854206D0A84271EB040497
:101E000028BF01331370DDE71C4601201470DAE7A8
:101E1000EC10002010F0070208B503D06321482021
:101E2000FEF79EFB18B1034B197258601A70C80078
:101E300008BD00BFEC100020014B00221A70704753
:101E4000EC100020F7B5044618B9E2213020FEF767
:101E500087FB072900F2BC80DFE801F004844646D6
:101E600041BA33B703F0DCF9C4E94001204600F081
:101E7000F3FDD4F8F400A43803F028FA10B940F2C6
:101E80007B21E3E7204605F0B0FF0546F8B901469F
:101E9000204605F0D3FE00F1AE06D4F8F400B042BF
:101EA00009D2301A0321192838BF192003F029F963
:101EB000051E18BF0125C4F8F460204605F0AFFFE9
:101EC0003DB1204603B0BDE8F04005F0A9BF0025B4
:101ED000F3E7D4E94023C4E93A2303B0F0BD03B0EB
:101EE000BDE8F04001F02CBC05F0B3FE002307462E
:101EF0000E4684F8F93002F0F7FF0722A7FB0235FF
:101F000002FB0655D4F8EC200192D4F8E8209B1887
:101F1000019A45EB0205D4F8CC2032B157EA06020B
:101F200003D0984271EB050216D2022284F8F82001
:101F3000D4F80821D4F80CC1121A6CEB010C94F8F7
:101F400018E1BEF1000F09D1012A7CF1000E11DA6F
:101F5000204600F089FD05E00122E7E7012A7CF137
:101F6000000CF5DB94F8C80002F0D6FF002384F8DB
:101F70001031B2E7984271EB050E0ED23E430CD001
:101F80001B1A65EB01019A427CEB010005DB012B7A
:101F900071F10000A4BF1A468C460F49012394F842
:101FA000C800914284F811314FF0000384F8F030FA
:101FB00073EB0C03B8BF0A4604F1F00103F0A6F975
:101FC00000288AD140F2EF6140E74FF480713DE78D
:101FD0004FF482713AE700BF0040420F2DE9F04113
:101FE00004460E46154690F8103103F0FF071BB16A
:101FF0000C273846BDE8F0810146474802F09CFFB7
:1020000020288046F4D05722394604F1C90006F052
:102010009BF984F8C880C4F8CC60FF2384F81031A1
:1020200036B1FFF783FE00F00700013086F8CC01DF
:1020300002234FF00008A4F8F83084F8F08004F090
:102040003DF900F14906204605F0CFFE0146B6B243
:10205000002839D005F022FB00F5CD61284689B271
:1020600004F0D6F82844AE3DC4F8F40002F03CFF7A
:102070003018A4F8268041F10001C4E94001012094
:1020800084F8D00005F068FF2D1AC4F8D4504FF042
:10209000FF356FF0004194F8C800D4E94023C4E94B
:1020A0004251002504F1F001C4E93823C4E93A2380
:1020B00084F8115142F2107203F028F938BB40F253
:1020C000EB113020FEF74CFA2046DFF8508005F087
:1020D000B5FDAE30C4F8F400B8F8000048B1E08CAB
:1020E00038B1FFF723FEB8F80030B0FBF3F202FB83
:1020F0001300064402F0F8FE361841F10001C4E96D
:102100004061002DC3D0AD1941F10001C3E729465C
:10211000204605F087FE6CE7451E000018110020E0
:10212000F0B5002385B0CDE9003301238DF80630EA
:102130006846FEF7F7FD70B11D4E01230027B3700E
:10214000CDE9027702A8FEF7EDFD0546C8B10023F0
:10215000B37005B0F0BD009805F020FCE8E790F8FA
:10216000F70102F099FF94F8F70103F03FF894F8B3
:10217000F70184F8DC5102F0CFFE202384F8F73118
:10218000DEE7029B002BDDD093F8F721202AD9D07F
:1021900018884FF6FF739842D9D02946FEF788FD7C
:1021A00004460028DBD140F237113020FEF7D8F981
:1021B00018110020044B0022DA709A7042F210725B
:1021C0001A80FFF7ADBF00BF18110020014BD87077
:1021D000704700BF18110020014B1880704700BFE6
:1021E000181100200346074A1068D3F85120C0F8A0
:1021F0000320B3F85520A0F8072093F8501005F0FD
:10220000FEBA00BF2011002070B504460E461346EA
:10221000407F6588324615F0040118BF04F15F0164
:10222000FFF768FB4107054621D4C2070BD5012300
:10223000607F84F85030FFF7C1FB0368C4F8513069
:102240008388A4F85530AB0701D4012070BD094B39
:1022500001211868D4F85F3084F85E10C0F80930A6
:10226000B4F86330A0F80D3005F0D2FAEDE70020A5
:10227000ECE700BF2011002038B5C38D04460F4D98
:102280000133C3F30E03C385AB7C2BB101F03EFADF
:1022900000F0B0FC0023AB7400232B7194F8713074
:1022A0002BB101212046BDE8384005F0BEBB637C60
:1022B00013B1E28D9A42F4D20021F3E720110020FD
:1022C00010B5094C2379012B02D02379022B05D1BB
:1022D000A37C1BB101F01AFA00F08CFCE069BDE8A8
:1022E0001040FFF7C9BF00BF2011002070B5294C76
:1022F0002379012B07D02379022B04D040F65C41CF
:102300002D20FEF72DF9A0B90125A37C1BB101F00A
:10231000FDF900F06FFC002D3AD0E06905F063FB99
:10232000002830D001F0F0F8236ABDE870409B68C7
:1023300018472168E26911F8095B02F1510392F82C
:102340005020E80905F0ADF90028DDD00021206813
:1023500005F083FA0028D7D02379E069012B05D056
:102360002379022B02D040F63541C9E7237905F0E5
:102370000F01226A03F180435269013B52F8233076
:1023800098470546C1E7E069BDE87040FFF774BFB4
:1023900070BD00BF201100200346074AD06903B971
:1023A00009B9FFF769BF1379126A03F18043126913
:1023B000033B52F8233018472011002003292DE950
:1023C000F043054685B0174607D14388980723D4C4
:1023D0000024204605B0BDE8F083428890F87030B4
:1023E000D107DBB2F4D5002BF2D14FF00108DFF8B2
:1023F000D49099F81260C6B105F088F908283870B1
:1024000016D002AA0DF10701FFF74AFA38B940F6D3
:10241000D4612D20FEF7A4F84FF00208E7E702A9E7
:102420009DF8070005F0A5FA06463B78082B08D171
:10243000D9F8001011F8030BC0F3801005F099FAD9
:102440000646D9F8001005F1580395F8572011F801
:10245000030BC0F3801005F024F9D9F800100446EE
:1024600011F8030BC0F3801005F046F98146FFF721
:10247000B7FA40B1B9F1080F1BD04846FFF7E2F9AF
:1024800080F00103D8B23A78082A14D01CB96C7FC6
:10249000A21A544254416A8853079AD4002897D10B
:1024A00076B9EC7C444518BF002C0CBF01240024F5
:1024B0008FE70020E7E780F001022240D4B2EAE78C
:1024C000344686E720110020032973B5044604D062
:1024D000052956D0012002B070BD08230DF1070276
:1024E0008DF80730FFF76AFF0028F3D0237C294DD1
:1024F00003B39DF8070094F8BE30DBB923780828B1
:1025000004F1C10284F8BF302CD004F1C001FFF700
:10251000C7F920B940F64A712D20FEF721F894F84A
:10252000C03043F0020384F8C0301B4904F1B60008
:1025300005F0FFF92B680622042620465A701E700B
:10254000FFF750FEE16B94F84020286805F076F91B
:1025500028682E7101F090F80021286805F047FDE9
:102560000020B8E72868034613F8031BC1F3801165
:1025700084F8C010D0F80310C4F8C1109B88938071
:10258000D3E7064B1B68002BEAD0984780F0010088
:10259000C0B2A0E7201100203B7B000068050020AE
:1025A000F8B504460F4619B300F12805284605F092
:1025B000B0FCA0B963881A072ED5284605F0BEFCEA
:1025C0000646284605F0A5FC301AC0B205F0C4FC4A
:1025D000494A936803442846936005F079FC2846ED
:1025E00005F07BFC00F0E2FE2179252000F040FEA2
:1025F000414E002394F85E20306803704370638876
:10260000103B0D2B68D8DFE803F063675F0C67446D
:1026100067676767676767442046BDE8F840FFF76C
:102620002BBE06234370202303702046FFF7DAFDFC
:10263000638823F008039BB2152B05D094F838204B
:10264000616B306805F0EBF8306801F015F8002197
:10265000306805F0CCFC032321790020337100F0B1
:10266000CFFE054607B9F06063881B0704D505F067
:1026700070FC0544C4F8D8506388103B0D2B36D845
:10268000DFE803F038352F2F352F35353535353523
:10269000352F0C2321214370034603F8091B52B147
:1026A000D4F85F200121C0F80920B4F863209A8093
:1026B00005F0AEF8B9E7A26DC0F80920B4F85C20C7
:1026C0009A8094F85710F3E7062303704370ACE741
:1026D000022303700623F9E740F236612D20FDF74F
:1026E0003FFF21790120BDE8F84001F01DB840F618
:1026F000CF41F3E7F8BD00BF2011002038B5438873
:102700000446102B04D10121BDE83840FFF748BF33
:102710000B4DAB7C23B100F041FA402000F0EAFF02
:10272000286800F0A9FF608810F0040002D1217928
:1027300000F0FAFF002000F0BBFF01232B7138BD31
:1027400020110020024B0121D869FFF729BF00BFEB
:102750002011002010B5134CA37C1BB100F0D6FF54
:1027600000F048FAE06905F03EF970B12379012BD9
:1027700010D12379226A03F18043E069D268013BDA
:10278000BDE8104052F823301847E069BDE810401A
:10279000FFF772BD2379022BEBD040F65E312D207E
:1027A000FDF7DEFE20110020074810B5037903F085
:1027B000FF0433B918222146043005F0C5FD204638
:1027C00010BD0C24FBE700BF2011002010B5002332
:1027D000084C23712060FFF7E7FF20B140F2EF21A2
:1027E0002D20FDF7BDFE236A13B940F2F221F7E771
:1027F00010BD00BF20110020014B024A1A62704731
:1028000020110020AC2A0000F8B5057D0446AF1E5B
:10281000FFB2002D3AD0012F2DD800F1580190F8C9
:10282000570004F069FF0828064624D0FFF716F881
:1028300010BB023D18BF0125012F84F85050667768
:102840008CBF002701272777FFF724F8054602F001
:102850004BFB0022164B84F85E20E5FB0301C4E924
:10286000120111462046FFF7CFFC70B940F27A41C1
:102870002D20FDF775FE0826022D09D104F1510126
:102880000020FEF7D7FE80B90020F8BD0826F5E746
:10289000E37E002BF8D0D4F815300125C4F8513070
:1028A000B4F81930A4F85530C6E70025C4E700BFD6
:1028B00040420F00F0B5464E85B00446327902F032
:1028C000FF0312B90278FF2A04D140F6B9112D2076
:1028D000FDF746FE3382B3607371B37180F87130D7
:1028E0003C4B684604F1280500933B4B01933B4B5E
:1028F0000293336A5B68039300F0B6FE00F0EAFCD3
:1029000000F004FF00F076F9354800F045FD354849
:1029100000F0A4FE284605F0DBFA284605F0DDFAB3
:1029200000F044FD2179252000F0A2FC94F912006A
:1029300000F02CFD04F13401206B04F0AEFB0746DF
:1029400004F13C01206B04F0CFFB0546E7B194F89D
:102950002430CBB1B4F92E50ED43ED0F237F13B9E2
:1029600063885B0709D56FF00043D4E912129A42DD
:1029700008BFB1F1FF3F0ED1A5B930680330FEF7B3
:10298000A7FFB07405B0F0BD002DE7D094F8255036
:10299000002DDFD1E2E702F0A7FAD4E9122390423A
:1029A0009941E9D3012229462046FFF72DFC50B179
:1029B000FEF770FF054602F097FA0B4BE5FB0301AB
:1029C000C4E91201D9E7002DD7D040F6F6117EE711
:1029D0002011002055270000ED220000992300005F
:1029E000D6BE898E5555550040420F0073B504463A
:1029F000FFF760FF00212046FFF7D2FDA36E0BB169
:102A000001221A606388DB0720D50023104E256A57
:102A1000CDE90033FF23F3746846FEF783F9A8B9C4
:102A2000009CA542F8D005F10A036A7A04F10A0174
:102A3000607A04F036FE0028EED0A378F374D4F860
:102A40000300044B7061B4F807209A8002B070BD97
:102A50002011002034110020024BD8611B6A1B6832
:102A6000184700BF2011002043881B0710B50446FB
:102A70000ED5036A3C220849723042721B8843819A
:102A8000FF2380F827304FF6FF73038504F051FFD2
:102A9000FF2384F8713010BD537B0000A57B00003C
:102AA000FD260000AB7B0000C9240000ED290000DA
:102AB000C1220000452700009C2A0000A02A000037
:102AC000A82A00000138022808B503D9C3212F2005
:102AD000FDF746FD13290A4B05D811290CD81029FA
:102AE00007D0D121F3E71529FBD103EB4003D888A8
:102AF00001E033F8100008BD03EB40039889FAE7C2
:102B000040380100064B1B68D3F8000138B1D3F8F8
:102B1000040120B1D3F80801B0FA80F040097047F1
:102B20006C130020034B00221A705A7010229A7006
:102B3000704700BF60110020F8B506460220144619
:102B40000D4600F01FF9114B114A0127191D5C6059
:102B50009A6002F1807203342D011F70DC601D83C6
:102B6000C3E904260022243303F80A2C0D2203F8BB
:102B7000092C084A1268C2F830150749C2F80875CE
:102B8000C2F8383503C983E80300F8BD601100209E
:102B90000300000B6C1300206038010008B5022010
:102BA00000F0F0F80D4B01221A7000220C4B1B684C
:102BB000C3F80021C3F80421C3F80821094AC3F867
:102BC0008020094BC3F88C20084B1B68C3F88C216C
:102BD0000822074BC3F8042508BD00BF6011002080
:102BE0006C13002003000080003008507813002090
:102BF00000200450154A08B51378FBB1144B19682E
:102C00000023C1F880301349C1F88C30124909689B
:102C1000C1F88C310821114BC3F80815FFF772FF7A
:102C200088B101235370938EFF2B03D9BA213B2027
:102C3000FDF796FCDBB29370002313700020BDE813
:102C4000084000F09FB810235070F4E76011002096
:102C50006C1300200030085078130020002004502E
:102C60000A4B1A786AB10A4B1B68D3F8002152B19B
:102C7000D3F8040140B1D3F80801B0FA80F040095C
:102C80007047587870470220704700BF60110020DD
:102C90006C130020064A08B513782BB1FFF732FFFA
:102CA00020B192F8340008BD9078FCE71020FAE7D4
:102CB000601100200A4B02211A680023C2F88030FC
:102CC000084AC2F88430084A1268C2F88431074AB8
:102CD000C2F8081502F58022C2F80835704700BF17
:102CE000701300200030085078130020002004509A
:102CF000024B00221A809A70704700BF9811002082
:102D0000054808B503781BB1FFF7D4FF0023037013
:102D100000234370837008BD9811002038B50A4D18
:102D200000242B68D3F80025032A04BF01225A602F
:102D3000064A1268C2F80045C3F80045FFF7E0FFF5
:102D40002B68C3F8804038BD6C130020701300203E
:102D50000A4BB3F90030002B0DDB5A09012103F0B7
:102D60001F03994002F12003054A42F82310BFF3E4
:102D70004F8FBFF36F8FFFF7D1BF00BF84130020C9
:102D800000E100E010B50446FFF7C8FF012C06D0B3
:102D9000022C0AD044B18C213D20FDF7E1FB084B09
:102DA00002221B68C3F8002510BD064B03221B68D6
:102DB000C3F8002502F10042C3F88020F4E700BF09
:102DC000701300206C130020024BD3F8A00300F016
:102DD0000100704700C0FF00084BD3F8A423D3F8CC
:102DE000A833511C9BB203D14FF6FF718B4203D025
:102DF00002608380012070470020704700C0FF0000
:102E00000B4B30B5D3F89053D3F89443D3F89813C1
:102E1000D3F89C2305EA04030B401340013317BF8A
:102E200005600020446081601CBFC260012030BD8D
:102E300000C0FF000B4B30B5D3F88053D3F8844368
:102E4000D3F88813D3F88C2305EA04030B4013400E
:102E5000013317BF05600020446081601CBFC26061
:102E6000012030BD00C0FF00064B0022C3F8002245
:102E7000C3F81822C3F82022C3F80C22C3F8142286
:102E8000704700BF00A00850024B00221A809A70C1
:102E90001A7170470812002038B5144D03460846D1
:102EA00095F83D2022B940F6B2113E20FDF758FBBF
:102EB0006BB9012AAC6B95F83C1005D100F0D4FD3C
:102EC00020442B6BC01A38BD05F097F8F8E7012BAA
:102ED0000AD1012AAC6B95F83C1002D100F0B6FD86
:102EE000EEE705F095F8EBE70020EAE7081200208E
:102EF00008B50128084B83F82400084B06D00228A7
:102F000008D040F6E2613E20FDF72AFB0322C3F819
:102F1000002508BD0422FAE70812002000A008508E
:102F200008B5144B93F84A30D90720D59A070ED527
:102F3000114BD3F8002442F00102C3F80024D3F867
:102F4000200500F0F600023818BF012008BD5B071D
:102F50000DD5094B094AC3F80821A3F5A043D3F8BE
:102F6000403123B140F28A713E20FDF7F9FA012089
:102F7000ECE700BF0812002000A008500B00008002
:102F800008B570B9104B28311846D9600F4900F0C8
:102F900013FE0130012816D940F66D013E20FDF7E1
:102FA000DFFA01280CD1084B29311846D9600749AE
:102FB00000F008FE0130012805D940F67701EDE761
:102FC00040F67B01EAE708BD2C050020903801009F
:102FD00008B50C4B9B78012B09D100F0F9FD0130AD
:102FE00001280ED940F604213E20FDF7B9FA022B44
:102FF00007D100F0F3FD0130012802D940F60A2183
:10300000F2E708BD081200200A4B40F409000A4A02
:103010001B8D40F04000B3F5166F36BFA3F6381392
:10302000A3F5166343F48073C2F80837C2F840056D
:10303000704700BF0812002000A0085037B50C46AA
:103040000546FFF755FF20462146FFF7DDFF104AF2
:1030500001AB284692F9252000F048FD9DF80500B7
:1030600000F0C2FD20B140F255713E20FDF778FA24
:103070009DF9040000F086FC064B40F20312C3F8F1
:10308000442E40F25B62C3F8482E03B030BD00BF4F
:103090000812002000A008502DE9F8430C461746FE
:1030A0008046434D00283FD10123AB702B78012B84
:1030B00023D1404B33F812304FF47A7203F5FA7390
:1030C000B3FBF2F3CC1A2B6B3B4E1C443B4BC6F8C4
:1030D0004045C6F8C0312B78002B57D195F84A30BF
:1030E00043F0020385F84A30FFF71AFF054600282F
:1030F00053D100252846BDE8F883104695F82610E0
:10310000FFF79CFF2E4B4FF47A7253F8273003F5EC
:10311000FA73B3FBF2F3E41A2B78002BD3D1294BCB
:10312000264AC3F80021CEE701282AD10223254EE2
:10313000AB702B78012B06D1D6F8003443F0100386
:10314000C6F80034BFE795F826901046FFF7D0FE8A
:10315000293C4846FFF758FFD6F8003443F01003E7
:10316000C6F8003440F20313C6F8443E40F25B63F5
:10317000C6F8483E2B78002BA5D1104BC6F8043179
:10318000A1E74FF413613E20FDF7EAF9012BABD123
:1031900095F84A3043F00403A4E70123F364D6F81A
:1031A0004C35A342A5DA21464046FFF7E9FEA1E7E8
:1031B0000812002010390100005008500B00008058
:1031C0000439010000A0085008B56022002103481E
:1031D00005F0BAF8BDE80840FFF756BE0812002017
:1031E000024B0344187D00F51660704790380100CB
:1031F0000A4B93F83C20D3E90C30C01A084B03EB80
:103200008203DB6BC01A074B53F822304FF47A72FB
:1032100003F2F313B3FBF2F3C01A70470812002055
:1032200090380100F83801000F4A08B592F83C10B8
:10323000012906D0022914D040F2C6213E20FDF714
:103240008FF940F61C40D2E90C239B1A074A02EB87
:103250008102D26B9B1A4FF47A72B0FBF2F01844E1
:1032600008BD4FF4AF60EEE708120020903801006F
:10327000FF2808B504D940F2E5213E20FDF770F99A
:10328000124B0129A3F8480004D0022919D040F2BA
:103290004131F2E7002343F4801340F000700C4A00
:1032A00043F4847340F44030C2F8203EC2F8280E44
:1032B000D2F8203503F0F703032B05D14FF45671F4
:1032C000DBE74FF08073E6E708BD00BF081200207F
:1032D00000A00850F8B5244E4FF48067C6F89070EF
:1032E000BFF34F8FBFF36F8F204C0121204DC4F8E7
:1032F000A410FFF7B9FD0323C4F8401E85F824107D
:10330000C4F800354FF40023C4F80034194B187C7E
:1033100000F07CFC03F0EAFA174B184AC4F8383383
:10332000174BC3F8C820013AC3F8C42040F6FE7218
:10333000144BC4F81433144BC3F804250023AB8793
:10334000AB6385F84A3001F0CCFF4FF480732863FB
:10335000C6F89071C4F888342B6E376103B1984772
:10336000BDE8F84000F01CBC00E100E000A00850FF
:10337000081200202C0500200300008006000080B9
:10338000005008500100008000200850014B83F8D5
:103390002500704708120020020E034B0002C3F8FC
:1033A000342EC3F82C0E704700A00850044B054A79
:1033B000034482F826001B7D03F5166313857047CE
:1033C000903801000812002010B504460068FFF78D
:1033D000E3FF094B6268C3F84C2E207AFFF7E6FF43
:1033E000617A6089FFF744FF607AFFF781FD227BF5
:1033F000024B83F8252010BD00A0085008120020C1
:103400002DE9F041324C06460F4694F84A30DA076F
:1034100004D440F6BE013E20FDF7A2F82D4D43F046
:103420000203D5F8002442F00102C5F8002484F814
:103430004A3028BB012394F826103846A370FFF7C2
:10344000FDFDA378012B02D040F6CA01E3E7224A32
:10345000D3642B60204B3046D3F84C552946FFF7F8
:103460008FFD236BED1A7EBB1C4B4FF47A7253F821
:10347000273003F5FA73B3FBF2F35819BDE8F08176
:103480000128E7D1022394F826800846A370FFF7AD
:103490002FFD4046FFF7B8FDD5F8003443F0100388
:1034A000C5F8003440F20313C5F8443E40F25B63B4
:1034B000C5F8483EA378022B02D040F6D201AAE715
:1034C000054BDE646E60C5E705F12900D6E700BF55
:1034D0000812002000A008500050085004390100D4
:1034E00008B5FFF7D9FD58B9064B0122C3F84005CE
:1034F00003F5A04302201A61BDE80840FEF7ECBBCB
:1035000008BD00BF0050085013B5264B4FF4806132
:10351000254A4FF0FF30D3F88844C3F89004C2F82E
:1035200090114FF40022214904F48074C3F8002460
:10353000002281F84A201E49C1F84025C3F808211D
:10354000C3F80021C3F80421D3F82015C9B2D1B1C2
:103550008DF80700C3F8202201221A619DF8072088
:1035600012B1D3F820223AB19DF807305BB940F68A
:10357000F2113E20FCF7F4FF9DF80720013AD2B289
:103580008DF80720EAE7FFF723FD06490023C1F87D
:103590002032FFF779FC1CB14FF48073C1F88834F6
:1035A00002B010BD00A0085000E100E008120020A9
:1035B0000050085070B50024234D244EC5F84845EE
:1035C000C5F84445C5F84045C5F84C45FFF79CFF94
:1035D00000F0ECFAC5F8C441C6F80841C6F800414D
:1035E000C6F80441C5F8C840C5F8C44003F096F9D0
:1035F000174B40F6FE72C6F83843C6F81443C5F8B8
:10360000C041C3F808254FF48062124B1C77C3E910
:103610000D44114BC5F84845C5F84445C5F840452B
:10362000C5F84C45C5F84841C5F84441C5F8404186
:10363000C5F84C41C3F89020BFF34F8FBFF36F8F95
:10364000C3F8902170BD00BF0050085000A0085082
:10365000002008500812002000E100E0014BC3F8F0
:103660004C0E704700A0085010B50FC8014C84E8FC
:103670000F0010BD6C12002008B50B4BC3F8D00E24
:103680000A4B93F84A20586442F0010283F84A201A
:10369000FFF746FC30B9FFF737FF0320BDE80840CD
:1036A000FEF71ABB08BD00BF00A00850081200209A
:1036B00010B50E4C0346022294F83D0022770128F3
:1036C00094F83C1094F824204FF096000BD100F0B1
:1036D000D7F9074A00232062C2F84431A36B0344A0
:1036E000C2F8443510BD00F0E5F9F2E708120020F9
:1036F00000500850044BC3F8940ED3F8002442F055
:103700004002C3F80024704700A00850054BD3F8CE
:10371000002422F04002C3F800240022C3F8942EB3
:10372000704700BF00A008500022044B90421A705E
:10373000D97014BF022201225A707047081200206B
:103740002DE9F0470123824C824DB4F84870EB64B8
:10375000D5F84C25236BA2EB030801F0C5FBC4F898
:103760005880C4E91401FFF733FC7B4A0023C2F8F8
:103770000831C2F80031C2F80431D2F8001421F047
:103780001D01C2F8001484F84A30237F23B1D5F814
:103790004431003B18BF0123A17801290AD1D2F896
:1037A0001852002D43D16C4BD3F82032ABB145F009
:1037B000100512E0022938D1674AD2F81852D2F81F
:1037C0000C2E003D18BF0125D6074FEA450558BF0E
:1037D00045F004052BB345F00105FFF745FBE8066E
:1037E000A37803D5012B08BF45F02005594A94F86A
:1037F0000190D2F84815A163D2F8442584F83D30F1
:1038000094F82430626384F83C30B9F1000F10D191
:10381000FFF73AFB84F81C90E9077DD5636E984763
:1038200044E015F00B0FD8D1BDE70025BBE7082514
:10383000D3E715F0110F0ED1B9F1010A23792678DB
:1038400018BF4FF0010A012B43D0022B56D02BB1E9
:1038500040F6464145E0FFF757FEDDE7962150462A
:10386000FFF71AFB0146FFF70FFB012E50D1B9F10C
:10387000010F14BF272333239844884543D90220DE
:10388000FEF72AFA344B30461E61AA0746D5636C10
:1038900001465B78BB42A36E88BF45F00405C5F3C3
:1038A000800585F0010505F001009847A378022BFB
:1038B0000DD1237F5BB1022B264A3DD1A36B216A38
:1038C0000B44C2F84435234B244AC3F8C421BDE855
:1038D000F0872348FFF778FD94F83D3023B940F690
:1038E000B5013E20FCF73CFE012B04D1FFF79CFC08
:1038F000A369C118B7E7FFF77BFCF9E71848FFF7A2
:1039000063FDA169AFE7134B00222670C3F8402185
:10391000E2785046FFF7E4FD0020B6E715F0280FE7
:1039200005F0200104D0B1FA81F1E36E4909BCE74A
:10393000EB06BBD5236F72E7012B02D040F6A551F1
:10394000CFE7236AA16B8B42BBD840F6A651C8E7EC
:10395000081200200050085000A008500900008004
:1039600010120020024B03EB8003D86B704700BF9E
:1039700090380100024B03EB8003986C704700BF46
:10398000903801002E3008B5362854D8DFE800F012
:103990005053535353534D53535353535353535300
:1039A00053534B53535353535853585349534753FB
:1039B00045534353413F3D3B39373533312F2D2B51
:1039C00029272523215A1C003F231F4AC2F81037FC
:1039D00008BD3323F9E72D23F7E72823F5E7232351
:1039E000F3E71F23F1E71B23EFE71823EDE7152388
:1039F000EBE71323E9E71123E7E70F23E5E70D23BF
:103A0000E3E70B23E1E70A23DFE70923DDE70823E8
:103A1000DBE70723D9E70623D7E70523D5E7042308
:103A2000D3E70323D1E70123CFE74FF49873CCE723
:103A30004FF48873C9E74FF486713F20FCF790FD7F
:103A40000223C2E73923C0E700A00850054B4FF41A
:103A50007A72023833F8113003F2E733B3FBF2F332
:103A600018447047F0380100044B4FF47A7233F871
:103A70001130B3FBF2F3013318447047F038010002
:103A800038B51D460A4B33F8114003EB8203053568
:103A90009B681C444FF47A7304F6B73403FB00446C
:103AA0001046B4FBF3F42544FFF75CFF284438BD0F
:103AB000F038010070B5064608461546FFF75AFF74
:103AC000094B03EB85039C684FF47A7304F6B73413
:103AD00003FB0644241A2846B4FBF3F4FFF742FF25
:103AE0000530204470BD00BFF03801002DE9F04FD3
:103AF000264C87B0074698460D46164601F0BAFE9A
:103B000023788146BB4211D16378AB420ED194F940
:103B10000230B3420AD1E378834207D1A388A8F8E0
:103B2000003094F9060007B0BDE8F08F7B1EDBB2D1
:103B3000032B0DD8164A294612F803A00DF11703DE
:103B40003246504601F09CFE38B14121A92002E0E6
:103B500040F2FE410620FCF703FD039028469DF944
:103B600017B0FFF73DFB039A0346414658460092C3
:103B7000524600F03FF8B8F80030A071A3802770DB
:103B80006570A67084F80390CBE700BF4005002065
:103B900016390100014B1B681B6818476C05002093
:103BA000014B1B685B6818476C050020014B1B68C4
:103BB0009B6818476C050020014B1B681B69184760
:103BC0006C050020014B1B685B6918476C050020E1
:103BD000014B1B689B6918476C050020014B1B6853
:103BE000DB6918476C050020014B1B689B6A18476E
:103BF0006C05002030B4044C9DF8085024680295F0
:103C0000E468A44630BC60476C05002000220D49E2
:103C1000134610B540FA02F4E40744BFCA545C1CD2
:103C200002F1010248BFE3B2042AF3D1054AFF249E
:103C3000D118032B01D9107110BD013301F8014BCC
:103C4000DBB2F6E7D819002008B5074801F05AF8AA
:103C5000054800F03FF801F009FD01F003FC00F019
:103C6000A7FB012008BD00BFD413002008B501F058
:103C700025F801F0D1FC01F019FCBDE8084000F086
:103C8000B3BB01F035BD01F06FB810B5EFF3108490
:103C900072B601F069F804B962B610BD01F076B8E9
:103CA00001F08EBD01F044BD01F054BD01F054BDE2
:103CB00001F058BD01F07ABD08B5054B1A781AB16C
:103CC0002721032002F0D0FB5860197008BD00BF07
:103CD000DC130020024B986000221A705A60704773
:103CE000DC130020F7B51E4C2378012BDAB204D088
:103CF000022A2ED0012003B0F0BD0DF1070160684B
:103D000000F07EFB65686B7DDB071CD5AB7F042B69
:103D100019D001F083F80646A8B101F085F82B69A7
:103D2000D5E900279A18B36847F100070A332CBF7A
:103D3000012500251B1845EB01059342BD4102D327
:103D4000606800F02DFC0023636023709DF807007D
:103D5000D1E70DF10701606800F05CFBF3E700BFFD
:103D6000DC13002010B5837F8BB9034601F11802E4
:103D700051F8044B914243F8044BF9D10124847764
:103D80002146FFF799FF00F0E1FF204610BD00201B
:103D9000FCE773B505460C4601F040F80646AB7FDC
:103DA000012B1AD021462B4604F1180251F8040BBE
:103DB000914243F8040BF9D101230DF10701284684
:103DC000AB7700F01DFB16B1012002B070BD044BB3
:103DD0000421986804F08EF9F6E70020F5E700BFAB
:103DE000DC13002010B5FFF7D4FF044620B1034BCD
:103DF0000621986804F07EF9204610BDDC130020EF
:103E0000024B0621986804F075B900BFDC1300204E
:103E100010B5EFF3108472B601F000F818B9C9219B
:103E2000032002F021FBFFF7EBFF04B962B610BDDF
:103E300010B504460221FFF73FFF00F087FFA07F87
:103E4000B0FA80F0400910BD38B50446A37F03B92D
:103E500038BDA37F032B02D0A37F042B0FD1EFF338
:103E6000108572B6204600F0F0FA05B962B6A37F5D
:103E7000002BEDD040F20D11032002F0F5FAA37FE4
:103E8000012B02D14FF48971F6E704F0D1F9DDE797
:103E900010B50446FFF7CCFF20B92046BDE810401E
:103EA000FFF7D2BF10BD13B50DF1070100F0B2FA54
:103EB000044600F0B3FF20B940F22F11032002F0B6
:103EC000D3FA204602B010BDF8B504460F4600F004
:103ED000ABFF0025A4682418384641F100062246AD
:103EE000334600F001FBA04271EB060309D3001B2F
:103EF0006FF0010361EB0601834275EB010102D310
:103F0000F8BD2846FCE74FF0FF30F9E710B5EFF3B6
:103F1000108472B6FFF7D8FF04B962B610BD2DE960
:103F2000F04185681746002306464A190C465B4156
:103F300013B10020BDE8F08100F076FF2A18384662
:103F400041F1000314EB020843F1000500F0CCFA44
:103F50004045A941EDD301F0CBFB00F075FAB36801
:103F6000012037752344B360E4E710B5EFF3108404
:103F700072B6FFF7D4FF04B962B610BD837F012B80
:103F800001D100F08DBB00207047D0E900017047DF
:103F90000069704700F048BF10B5EFF3108472B6A7
:103FA00000F042FF04B962B610BD80687047007D22
:103FB0007047F8B50369044623B140F2D5110320D8
:103FC00002F052FA01F094FB05460E4602F056F953
:103FD00070B36435D4E9003246F10001AB4272EBB4
:103FE000010001D22B460A46C4E90032EFF31085E6
:103FF00072B600F013FF064698B100F015FFB368E3
:104000000B332CBF012200221B18D4E9006042EBC5
:104010000101B34271EB00023CBF33460146C4E9E3
:10402000003105B962B62046BDE8F84000F0D2BACA
:1040300002F044F9074600F00DFFB84238BF384699
:10404000963546F100024319D4E9000142F100021D
:10405000834272EB0105C7D20346C4E7042300F193
:10406000180283770023037643768376C376044B66
:10407000196811B91A605A60704759680A60FAE7FE
:10408000E81300202DE9F843DFF86C800024064691
:104090000F46D8F80830204633B950B3174B18787C
:1040A000BDE8F84302F0A6BB53E90612D3F800902E
:1040B000B14272EB07051AD253F8085C6D1842F151
:1040C0000002B542BA4112D24CB122681268226095
:1040D000A3F11800FFF7C2FF01204B46DCE7D8F838
:1040E0000820002AF4D01268C8F80820F0E71C461F
:1040F000F3E7BDE8F88300BFE8130020B505002012
:104100002DE9F047304B4FF0000E05469446C2F8BB
:1041100000E09868002855D018380746BA69002A88
:1041200050D0D0E9009352E906684E4578EB03047D
:1041300003D2BF219F2002F097F9A94573EB010438
:104140000BD2046914EB090443F10003A542A14614
:1041500071EB03043CBFA9460B46AE4278EB010469
:104160000BD252F8084CA41948F10008A542264683
:1041700071EB08043CBF2E46884684680A344EF131
:10418000000A14EB090443EB0A03A64278EB03038D
:1041900018D2047D12F8043C9C420DD08CBF012340
:1041A00000232BB107F11803A2F11800CCF800305E
:1041B000BF693FB1183FB1E79388848B1B1BC3F3E2
:1041C000C033EEE7BDE8F087E81300202DE9F04F9B
:1041D00085B082834E4A04460091D2F808C094F814
:1041E0001580D0E90030BCF1000F40D0ACF11801CF
:1041F000002708F00109D1E90026934270EB06057B
:104200006DD3B9F1000F2CD0277D0D7DAF4228D39F
:104210008D68AD1846F1000615F10A0A46F1000E48
:10422000534570EB0E0219D22269D21840F10007F3
:1042300092457EEB070B01D252467746AA42B74120
:104240000FD220460024FFF709FF324B187802F006
:10425000D1FA009B1C7005B0BDE8F08F1A460746E6
:10426000ECE78A690F4622B1A2F11801C3E7624662
:10427000674618F0010F37D0A168C91840F1000B4C
:1042800001918AB3019DD2E9001615F10A0E4BF196
:1042900000058E45B54127D394F814E0157DAE4551
:1042A00019D395686D1846F1000615F10A0946F113
:1042B00000084B4570EB080113D22169C91840F181
:1042C000000E894578EB0E0A01D24946C646A9423E
:1042D0007EEB060EB5D3926932B1183AD2E70A46A0
:1042E000C7E719468646F2E704F118035FB1BA69D9
:1042F000A261BB6103AA00200021FFF701FF231A7E
:104300005C425C41A5E7024AC4F818C09360F1E73B
:10431000E8130020B5050020F8B5244C0023E36025
:10432000EFF3108272B621686360E160236002B926
:1043300062B60026E36803B9F8BD9A79A3F11800C4
:10434000032A07D11A6801219E7153F80C3CE260E0
:104350009847EFE7196851B1A1F118030746002209
:104360009D7F042D09D09B7F032B02D1B2B9E16060
:1043700017E063219F2002F077F8B0F81CC09D8BF6
:10438000A5EB0C052D049D6944BF07F118021846E2
:10439000002DEBD01F46A5F11803E1E713681B6859
:1043A0001360C36802218677D2E700BFE8130020BC
:1043B00010B50A4C2378FF2B04D04FF484719F2052
:1043C00002F052F8064802F0EBF9064B002220708A
:1043D0009A601A605A601A8210BD00BFB5050020AD
:1043E00019430000E813002010B5044C2078FF2882
:1043F00003D002F0EFF9FF23237010BDB5050020B4
:10440000034B1A8A10B4541C1C8210BCDEE600BF99
:10441000E813002037B504460D4601AA002100200C
:10442000FFF76EFE231A04F1180158425841287014
:10443000044803F085FE10B100230120A37703B0E8
:1044400030BD00BFF01300201CE638B5114B044608
:1044500000F118011A68B2B11A6800209AB19142AD
:104460000ED108B1A56905601D68A94204BF126894
:104470001A605A68914200D158600023A37707E080
:1044800010461268EAE7044803F05AFE0028F4D107
:1044900038BD00BFE8130020F413002037B50546EF
:1044A0000C46FFF7EFFD01AA28462146FFF728FE3C
:1044B00028B100F11803034A536103B030BD03462D
:1044C000F9E700BFE813002010B5064C616904F15C
:1044D000080003F035FE18B16069002318386361E5
:1044E00010BD00BFE81300209C46144BF0B59D683A
:1044F000FDB115F8043C183D834218D812F10A04A6
:10450000D5E900364CF10001A34276EB01070BD24E
:104510002F69FF1846F10006A7428E4107D3B4F178
:104520000A0041F1FF31F0BD1C463146F7E7AD69A5
:10453000DEE74FF0FF300146F5E700BFE81300204B
:1045400008B5837F022B1CD1437D13F0020302D0F8
:104550000023837708BD0322037643768376C376F0
:104560000D4B827700F11802196839B91A605A6048
:104570000A4B1878BDE8084002F03CB959680A6057
:10458000F5E7837F012BE5D0837F042BE2D04FF446
:10459000FB719F2001F068FFE8130020B5050020A3
:1045A00010B500F118010446084803F0C9FD20B910
:1045B0004FF400719F2001F057FF2046FFF74EFD9A
:1045C000034BBDE81040187802F014B9F013002036
:1045D000B50500202DE9F74FD0F810E0BEF1000F2F
:1045E00004D040F21F219F2001F03EFF836890F825
:1045F00014800193D0E90014EFF3108972B6274BB1
:10460000B3F810C09B686BB1019D183B0A35D3E924
:1046100000264EF1000A6D1844EB0A0A95427AEB27
:10462000060707D2B9F1000F35D0C0E9001403B076
:10463000BDE8F08F8A4276EB04070CD31F69BF18E0
:1046400046F1000BAF427BEB0A0B34BF012500257E
:1046500075B99B69D7E712F10A0A9D6846F1000710
:1046600015EB0A0547F10007A94274EB0707ECE7D1
:104670001D7DA84509D0ECD912F10A019D6846F1CB
:104680000004691844F10004E3E79D8BA5EB0C05D9
:104690002D04DED5F0E762B6C7E700BFE8130020BF
:1046A000F7B50C460DF107010646878BFFF7B2FE02
:1046B00020B940F24A219F2001F0D6FE0FCC3546AA
:1046C0000FC594E803003A4685E8030030460DF133
:1046D0000701FFF77BFD012003B0F0BD034B187805
:1046E00000F0FD00431E584258417047001400205E
:1046F00038B5FFF7E9FE002580B1094CC4E9010592
:10470000E56000F0E7FE6068022329468377C3680E
:104710009847D4E90401FFF797FE012038BD00BF98
:1047200000140020024B0521986903F0E3BC00BF90
:1047300000140020042938B5054613D005D80239E5
:10474000012915D940F2C91109E00529FAD1FFF76D
:10475000C5FF10B1114C607F60B140F2BF11B020B5
:1047600001F082FEFFF7BEFA10B10C4B01221A775E
:10477000002012E0236A98470123206B6377084AE0
:10478000D4E90A31323B41F1FF31181841F10001FF
:1047900000F07EFF034B02202B6038BD0014002088
:1047A00025470000DD4A0000064B586810B520B9C7
:1047B00040F28D21B02001F057FEC3680621BDE80C
:1047C00010401847001400202DE9F84F2B4D81466A
:1047D0006B7F2E6B002B3AD1FFF780FF074618B195
:1047E000AB8E9E4238BF1E4600F082FF0446801901
:1047F0008B4641F10001FFF751FE68B3D0E9008A12
:10480000B0457AF1000324D3B8EB06006AF1000149
:10481000844223465A467BEB01043CBF03460A46CA
:104820009B1942F10002C5E90432154A00F030FF3D
:104830004046514600F08EFEEFB1A98E114B124A50
:104840008E4218BF1346C9F80030BDE8F88F002724
:10485000CAE700200146DBE76B7F33B12B78023BD0
:10486000012B02D82B6A0120984700236B7700F0B8
:1048700072FE064BE7E7044BE5E700BF001400209B
:1048800025470000574900009148000029490000D1
:10489000042938B5044624D007D80239012938D96B
:1048A00040F26B11B02001F0DFFD0529F8D100F0D6
:1048B00053FE194D01F0D6FCFFF710FFD8B16B7F06
:1048C000CBB900F015FFAA8E2B6B9B1A134AC5E9D2
:1048D0000A01181841F1000100F0DAFE104B2360C4
:1048E00007E0FFF7FFF9A0B100F0F2FE2046FFF766
:1048F0006BFF022038BD00F0FBFE2B6B074A323BFA
:1049000065EB0505181845EB010100F0C1FE054BEC
:10491000E5E70020EEE700BF001400202547000077
:1049200035470000DD4A0000032910B5044606D8CB
:1049300001290ED840F21711B02001F095FD04298D
:10494000F8D1FFF7CFF920B12046FFF73DFF022055
:1049500010BD0020FCE7042938B5054613D005D862
:104960000239012929D940F23B1109E00529FAD180
:10497000FFF7B4FE10B1124C607F70B140F23311FA
:10498000B02001F071FDFFF7ADF9B0B100F0A0FE6D
:104990002846FFF719FF022038BD236A98470123F4
:1049A000084A6377236BD4E90401C01A61F100015E
:1049B00000F06EFE044B2B60EDE70020ECE700BF3B
:1049C0000014002025470000914800002DE9F04721
:1049D00080468A4691463A4C002B5ED0D3E9005679
:1049E000854276EB01033CBF0E460546314628461C
:1049F000C4E9045600F0AEFDA38EB5EB080803F140
:104A0000640366EB0A0A43454FF0000373EB0A03A5
:104A100021DA637F43B12378023B012B02D8236A5A
:104A20000120984700236377FFF758FE0746236B62
:104A300003F5E17398457AF1000A15DA6FB1A08E9B
:104A4000204A281A66F1000100F022FE1E4BC9F828
:104A50000030BDE8F0870027E9E71A4A28463146CA
:104A600000F016FE194BF2E700F077FD01F000FCB4
:104A7000A38E206B4FB1834207D9E81A114A66F121
:104A8000000100F005FE124BE1E7281A0D4A66F11D
:104A9000000100F0FDFD0F4BD9E7637F33B12378B0
:104AA000023B012B02D8236A012098470023637739
:104AB00000F053FD01F0DCFB00F04DFD064BC6E7B6
:104AC00000140020254700006D4B0000ED4B000056
:104AD000574900009148000029490000023970B58B
:104AE0000446032938D8DFE801F00502070E1D4B04
:104AF00000221A77002012E0FFF7F4F80028F9D01E
:104B0000184B0122F5E700F029FDB0B1154B1B7FD2
:104B100033B9FFF7EDFD18B1134B2360022070BDD0
:104B200000F0E6FD06460D46FFF7B8FC22460346B8
:104B300029463046FFF74AFFF0E700200021FFF743
:104B4000ADFC08B1FFF72CFD00F007FD01F090FB74
:104B50002046FFF739FEE1E740F2A511B02001F051
:104B600083FC00BF00140020454C0000042970B5F0
:104B7000044613D005D8023901292ED94FF40F71FC
:104B800009E00529FAD1FFF7A9FD10B1144D687F9E
:104B9000B8B14FF40D71B02001F066FCFFF7A2F838
:104BA000D8B100F095FD00F0A3FD06460D46FFF7D5
:104BB00075FC2246034629463046FFF707FF0220D0
:104BC00070BD2B6A98470123064A6B77D5E904012B
:104BD00000F05EFD044B2360F1E70020F0E700BF2A
:104BE0000014002025470000ED4B0000042970B59B
:104BF000044611D007D8023901291FD940F21721E4
:104C0000B02001F031FC0529F8D1FFF771FD40B16A
:104C10000B4B2360022070BDFFF764F870B100F009
:104C200057FD00F065FD06460D46FFF737FC2246AE
:104C3000034629463046FFF7C9FEEBE70020EAE7C6
:104C4000454C000002392DE9F041064604292ED8D2
:104C5000DFE801F003090B2D0E00174A1378003B23
:104C600018BF0123537700201FE0FFF73BF8FAE756
:104C7000DFF8448000F044FC00F03AFD0C460546A5
:104C8000FFF70CFC0746D8F80400FFF759FC002397
:104C900000222846C8F8043000232146C8E904232E
:104CA0003B463246FFF792FE0220BDE8F08140F21B
:104CB000EF11B02001F0D8FB0014002010B5EFF385
:104CC000108472B60B4B0C4A9B691B6893420DD043
:104CD0000A4A93420AD00A4A934207D000F03DFCA8
:104CE00001F0C6FA00F037FC00F0F2FC04B962B63D
:104CF00010BD00BF001400202949000057490000E2
:104D000091480000054B10B5054C03600023A061DD
:104D1000237001F0D3FA3230206310BD294900001E
:104D20000014002008B5074B9A691168064A9142A1
:104D300004D040F27221B02001F096FB32301863AB
:104D400008BD00BF001400202949000010B5EFF392
:104D5000108472B6034B0421986903F0CBF904B9AF
:104D600062B610BD0014002008B5064B5B6823B97D
:104D700040F29321B02001F077FB034ABDE80840E0
:104D800000F086BC00140020A947000008B5064BBF
:104D90005B6823B940F29921B02001F065FBBDE8C2
:104DA000084000F095BC00BF0014002008B5054B7A
:104DB0005A6822B940F29F21B02001F055FB98605B
:104DC00008BD00BF0014002008B5054B5A6822B981
:104DD00040F2A521B02001F047FBD86008BD00BF1C
:104DE00000140020054BDB6810B523B940F2AB215D
:104DF000B02001F039FBBDE8104018470014002036
:104E0000054B9B6810B523B940F2B121B02001F0E9
:104E10002BFBBDE81040184700140020014B5868D8
:104E2000704700BF0014002008B5054B5A6822B92E
:104E30004FF42F71B02001F017FBD3E9040108BD36
:104E400000140020024B323118701A6299867047A4
:104E50000014002008B5FFF741FC08B1014B988E03
:104E600008BD00BF001400200028ADBF00F1604065
:104E700000F00F00044B00F56140B4BF185C90F8DF
:104E800000034009704700BF14ED00E0064B1B68AB
:104E900010B51BB97621452001F0E6FA1A6A052102
:104EA000586ABDE81040104738140020064B1B68B4
:104EB00010B51BB97021452001F0D6FA1A6A0421F9
:104EC000586ABDE81040104738140020FFF76EBF45
:104ED000FFF77ABF034800214022C0E900110830E3
:104EE00003F032BA38140020FEF7CBBE704708B585
:104EF000074B1A681AB9C121452001F0B5FA0549D6
:104F0000D1600022C3E90022BDE80840FEF778BF67
:104F100038140020455200001F2801D90020704796
:104F2000044B03EB4000037A002BF7D000230372FD
:104F30000120704738140020F8B50E4A0C460023B3
:104F400002EB4306357A05F0FF0175B9DDB2FF27A4
:104F50003772282673431A44C2E91A0406482022ED
:104F6000184403F0F1F92846F8BD0133202BE7D1AE
:104F70001D46F8E738140020801400201F2810B5C3
:104F800001D9002010BD064B03EB4004247A002C0D
:104F9000F7D0282404FB0030C0E91A120120F1E701
:104FA0003814002030B587B00C4605461822002181
:104FB000684603F0C9F9237853BBD4E904310A3BAE
:104FC0006268207A41F1FF310A328DF814000292B2
:104FD0009DF81520154822F003020390CDE9003119
:104FE000637A6946C3F340035B0043F00103134354
:104FF0008DF815300E4B5868C0F3080088B1103892
:10500000FFF732FF68B92846FEF7C3FE07B030BD90
:10501000FEF737FE226910F10A03049241F1000104
:10502000CDE72846FEF79EFEF0E700BF45520000A0
:1050300000ED00E01F2830B411D80A4A02EB40040A
:10504000257A65B14B7A4832C3F3800383F00103BC
:105050006372282330BC03FB0020FFF7A3BF0020AE
:1050600030BC70473814002008B50A4B0246586817
:10507000C0F3080040B11038FFF7F6FE20B9104623
:10508000BDE80840FEF70FBF1046BDE80840FEF738
:10509000CFBE00BF00ED00E0024B282202FB003033
:1050A000FFF7E2BF8014002010B5037886B00446F5
:1050B00023B14FF4AA71452001F0D6F90593416858
:1050C000CDE90333D0E90432007A0A310A3B8DF886
:1050D0001400684642F1FF320291CDE90032FEF73A
:1050E00068FF009B019A01200A3342F10002C4E9E3
:1050F000043206B010BD4FF4BA71452008B501F076
:10510000B3F908B5094B0A46596821B940F279113B
:10511000452001F0A9F901461868FEF700FF18B113
:10512000FEF7BCFD002008BD0220FCE7381400207B
:10513000194B70B50446586886B0C0F3080010B922
:10514000002006B070BD1038FFF78EFE0346002821
:10515000F6D1C3F307230E7A4D6823F003030A3513
:10516000CDE90400D1E904208DF814600A3A0B4E11
:10517000029540F1FF300396CDE900204A7A20469F
:105180006946C2F34002520042F0010213438DF817
:105190001530FEF7F3FED4E700ED00E045520000C5
:1051A0001F280AD8064B03EB4002127A2AB1483373
:1051B000282202FB0030FFF7BBBF0020704700BF72
:1051C00038140020034B5A6812B11868FEF7EFBE7E
:1051D0000220704738140020024B01461868FEF781
:1051E00073BE00BF38140020FEF72EBE1F2808B57E
:1051F00004D940F2E511452001F036F9074B03EBE5
:105200004002127A12B94FF4F371F4E748332822BE
:1052100002FB0030BDE80840FEF716BE381400203F
:1052200008B5074B5B6823B94FF4F671452001F0D0
:105230001BF9FEF7AFFE0A3041F1000108BD00BFC7
:10524000381400202DE9F0411C4F05461C4B0E463A
:1052500007F14804041BE4105C43E4B2620007EB6E
:105260004404237A19BB3B681BB18E21452001F011
:10527000FBF87B680BB18F21F8E707F108031344B3
:10528000C7E900030F48FFF791FD0F48FFF79CFDAA
:10529000FFF7C6FF637A80464BB1FEF701FDA8EB2E
:1052A0000000C7F8480500F035FA0028FBD02B6A4B
:1052B0003146686ABDE8F041184700BF3814002045
:1052C000CDCCCCCCAD4E00008D4E000010B50446C8
:1052D000FFF7A6FF201841F10001FEF7D4FC0120E2
:1052E00010BD024BD3F84805704700BF38140020AA
:1052F000FEF7DABC7047FEF7D5BCFEF7D7BCFEF769
:10530000D7BC08B5FFF79EFD002008BD70B50B782F
:1053100086B023B140F23121452001F0A5F8059374
:105320000E7A4D68049228228DF814600A35124EC8
:1053300002950396D1E904340A3B44F1FF34CDE9E8
:1053400000344B7A4FF00001C3F34004C3F38003F1
:1053500064F3410183F001038DF81510074901EB57
:105360004004637201F14803694602FB0030FEF716
:10537000F9FC06B070BD00BF455200003814002093
:105380007FB5FEF77EFC002305930B4B039340F2A1
:105390001E2302934FF0FF33CDE900016946074811
:1053A0000493FEF7F6FC18B9CB21432001F05CF81A
:1053B00007B05DF804FB00BFC1530000881900204E
:1053C00038B5062937D8DFE801F0043833363636E9
:1053D000170002F07AFEFEF7DDFD044617480D4681
:1053E000FEF7E3FD1E3C45F1FF312018BDE83840D3
:1053F00041F10001FEF747BC00F040FF38B10F4B10
:10540000002283F82020BDE83840FEF7F9BC02F006
:105410005EFE08B902F059FE00224FF40071074801
:10542000FEF77DFD0028D6D1EA21432001F01CF8CB
:10543000BDE83840A4E7F921F7E738BD8819002016
:1054400010B5074C94F8203043B900F017FF28B985
:10545000012384F82030BDE8104091E710BD00BF63
:10546000881900204FF000430D4A0E480021C2F871
:105470008030A2F58022C2F88031012302F5783213
:10548000C2F80435A2F58022C2F804352022064B6A
:1054900080F820101B68D3F81835436202F054BF1F
:1054A00000400C50881900207C1300200023084A7B
:1054B000C2F88030A2F58022C2F88031012302F5C3
:1054C0007832C2F80835A2F58022C2F80835704754
:1054D00000400C5008B506F003FF074AD2F85837D1
:1054E00043F00103C2F858370122044B1B68C3F88C
:1054F0001825BDE80840A3E700200E507C130020CB
:1055000008B506F0F3FE0E4AD2F8583723F001032F
:10551000C2F858370B4B0C4A1B68526AC3F818255F
:1055200001220A4B5A604FF0FF32C3F808232022B1
:10553000074BC3F89021BDE8084000F0C9B800BF90
:1055400000200E507C1300208819002000500850C5
:1055500000E100E0704770477047704708B500F001
:105560008DFEB0B90D4BD3F800314BB90C4A936A9C
:105570000133312B93620BD99C21432000F074FF3F
:1055800002F0A5FD08B1A021F7E702F09CFD012083
:1055900008BD034B00229A62F9E700BF00E01050FB
:1055A000881900204CE700BF1848202208B5C0F831
:1055B0009020BFF34F8FBFF36F8F154BC0F8902132
:1055C000D3F8041521F00301C3F80415D3F8081526
:1055D00041F00301C3F8081592FAA2F1B1FA81F182
:1055E000092904DD4FF473710A4800F033FFC3F852
:1055F000101501215960D9604FF00041C3F88010A7
:105600004FF0FF31C3F80813026108BD00E100E06C
:10561000005008502E440100124B4FF4E062C3F8D2
:1056200038230022C3F8AC25C3F8BC25C3F8CC2529
:10563000C3F82021C3F82421C3F8282120220A4BD3
:10564000C3F89C21C3F89C20BFF34F8FBFF36F8F2B
:10565000C3F89020BFF34F8FBFF36F8FC3F8902133
:10566000704700BF00200E5000E100E008B5FFF7D2
:10567000D3FF054B4FF4A062C3F834232022034B21
:10568000C3F89C21DA6108BD00200E5000E100E063
:105690000C4B10B51C681CB14B21042000F0E4FE3B
:1056A000B1F5801F1A6004D340F2E141064800F0D2
:1056B000D1FE064B0122C3F8A005C3F8A415C3F818
:1056C000AC2510BDB81900202E44010000200E505A
:1056D000054A136833B100230449C1F8AC35C1F859
:1056E00020311360704700BFB819002000200E5011
:1056F00030B54FF0FF30064C6FF04041D4E9002345
:10570000904271EB0305F9D31046C3F3130130BD8A
:1057100040270E5008B5FFF7EBFF044BD3E90223F7
:10572000904299412CBF0120002008BDB8190020EB
:1057300010B5029C241841F10001A01A61EB03018D
:10574000B0F1004F71F1000103DB7721042000F07C
:105750008BFE10BDFFF7CCBF014B1861704700BF37
:10576000B819002008B50E4B1B691BB9872104200E
:1057700000F07AFEEFF3108272B6B1F5801F04D309
:1057800040F2E141074800F065FE074BC3F8C00551
:10579000C3F8C4150121C3F8CC1502B962B608BD1F
:1057A000B81900202E44010000200E5008B5FFF764
:1057B000FBFE024B01221A6008BD00BF00500850DA
:1057C00010B5FFF7F1FE114C0023C4F8BC35C4F846
:1057D0002431FFF78DFF0A3041F10001B1F5801F40
:1057E00004D140F2E1410A4800F034FE4FF000439A
:1057F000C4F8B005C4F8B415C4F8A4310123C4F842
:10580000BC35044BC3E9020110BD00BF00200E509F
:105810002E440100B8190020144BD3F8342312F49D
:10582000A06F10B503D1C821042000F01DFED3F8ED
:1058300020215AB100220E49C3F8AC25C3F820211B
:105840000B680BB9D021EFE70A609847074BD3F8F4
:1058500028214AB10022C3F8CC25C3F82821044BE3
:10586000BDE810401B69184710BD00BF00200E5056
:10587000B8190020014B187D704700BF801200202E
:10588000042810B511D883B104280CBF1024282493
:10589000A1420AD2064C54F8200018B141568A425F
:1058A000A8BF0A4600201A7010BD6FF01500FBE774
:1058B000801200200728034611DC10F12D0F10DBA9
:1058C000094A101890F82E0002EBC00292F93C2011
:1058D0009A4207D0002918BF0130C0B270471B2080
:1058E00070470020704700BF1C390100072808B529
:1058F00007DCFFF7DFFF044B03EBC00393F93C0029
:1059000008BD0820FCE700BF1C39010010F0FF00B3
:1059100008B5094B05D0012807D05121B52000F06A
:10592000A3FD01229A601A6008BD044A1268292A60
:10593000F3D15862F8E700BF00E010506413002074
:1059400010F0FF0008B5174B05D0012820D08421A6
:10595000B52000F089FD01225A60DA60C3F8000129
:10596000114B18700F4BD3F80824D2070FD40F4AED
:105970001268292A03D1D3F86834DB0707D4094B0E
:105980000022C3F81021C3F81821C3F8142108BD60
:10599000064A1268292ADAD100229862C3F81C212B
:1059A000E0E700BF00E010509512002064130020D3
:1059B000014B01221A7070479512002008B50D4B5B
:1059C00028B101280BD0D021B52000F04DFDD3F82F
:1059D000103113B9084B187808BD0120FCE7074ABD
:1059E0001268292AEFD1D3F81C01003818BF012012
:1059F000F2E700BF00E01050951200206413002071
:105A0000024BD3F8080400F00100704700E010508A
:105A1000024BD3F8480400F00100704700E010503A
:105A2000024BD3F84004C0B2704700BF00E01050F2
:105A300007490246D1F84C04D1F84C1410F48030D8
:105A400005D0D0B201F003031B1A584258417047E9
:105A500000E0105038B51A4BD3F80C34DA0304D4F4
:105A600040F27F116D2000F0FFFC164A0124164B16
:105A7000106A536620F03F0094645464136CDB0397
:105A8000FCD4136A116C03F03F03C1F30A01C1F5A2
:105A9000806181EAE1750B29A5EBE17509DD3F2BFA
:105AA00004D0013303431362172DE6DC0023936413
:105AB00038BD0B31F8DA002BF8D0013BF2E700BF1C
:105AC00000E01050000812500100008038B50B4C67
:105AD00023781BB100232370FFF7BCFFEFF3108581
:105AE00072B6637803F0FF000BB9FFF729FF05B921
:105AF00062B6034B00225A6638BD00BF98120020E0
:105B000000081250002808DB4309012200F01F00A2
:105B100002496033824041F82320704700E100E0F1
:105B200070B5174D012204460E462B18DA7002F0AC
:105B3000BDFAA0B934B1012C0FD04FF494716D208F
:105B400000F092FC11232A19012105EB8404517104
:105B50000C4AA660C2F8043370BD8023F3E7002E20
:105B6000FAD034B90220B047002305EB8405AB60BE
:105B7000F2E7012C01D12046F5E740F24311DEE7C0
:105B80009812002000E01050044B0022191803EB7B
:105B900080034A719A60CA70704700BF9812002053
:105BA000014B1882704700BF98120020014B988A61
:105BB000704700BF98120020014B188A704700BF41
:105BC0009812002010B5EFF3108472B6064B034410
:105BD0005A780132D2B25A705B78012B01D1FFF7AB
:105BE00095FE04B962B610BD98120020034610B5A8
:105BF000EFF3108472B611490B445A7822B940F27F
:105C000067216D2000F030FC5A78013AD2B25A7008
:105C10005B7883B98B7D43B1094BD3F80C34DB033C
:105C200006D44B7803F0FF002BB9FFF789FE02E0A2
:105C3000C87D00F0DFFD04B962B610BD98120020E7
:105C400000E0105010B502F034FA0C4C02F02EFABD
:105C500060B1237E3BB90A4B01229A61042363762B
:105C60000023A37610BD02F027FAF9E703230122EF
:105C70006376034BC3F80423F2E700BF98120020B9
:105C800000E01050014B01221A62704700E01050F2
:105C9000044BD87E28B1044BD3F81001B0FA80F041
:105CA000400970479812002000E0105038B50C4BA6
:105CB000DD7E5DB90124DC7602F0FBF9094B102290
:105CC000C3F81051C3F80423DC6138BDFFF7E0FFCF
:105CD0000028FAD040F2A3216D2000F0C5FB00BFE0
:105CE0009812002000E01050024B587E003818BF78
:105CF000012070479812002038B5174CA37D23B9B6
:105D000040F216316D2000F0AFFB01232370237E9B
:105D1000C3B9237FB3B1A27E013B9A4212DA02F0EB
:105D2000C5F9054600F000FD237F012B82BFA37E4D
:105D30000133A37655B1236AC31A0133022B09D963
:105D400035B12062BDE83840FFF77CBF636AF3E7F6
:105D50006062F7E738BD00BF9812002037B5184CD5
:105D6000237E63B9A06A00F00300FFF761FE30B143
:105D7000EFF3108372B6627E1AB103B962B603B054
:105D800030BD0122627603B962B608230D4DC5F815
:105D900008334FF42073ADF80630BDF806309BB2DF
:105DA0005A1E92B2ADF80620002BF6D1C5F80C3180
:105DB00084F82C30FFF746FF0823C5F80433DEE7EC
:105DC0009812002000E010502DE9F74F544CA37DAD
:105DD000002B00F0A1800323524AADF80430524B4F
:105DE0001268D3F80051003D18BF0125292A07D1B8
:105DF000D3F81C2122B1012245F080058DF8052041
:105E0000D3F80881D3F8142112B9D3F8183173B13B
:105E1000454B0026C3F81461C3F81861C3F810613C
:105E2000E37E0BB102F048F9E676FFF7BBFB3E4B91
:105E3000D3F810316BB3E37E1BB102F03DF90023C0
:105E4000E376637913B102238DF8043045F0100531
:105E5000364E0DF1040A344B4FF00009F71EC3F81B
:105E600008531AF8010B03280AD03B7843B14FF0CE
:105E7000000B336887F800B013B19847C6F800B03C
:105E800009F10103043601374FF00109022BE8D173
:105E900001E0002DDCD1B8F1000F08D0224B002228
:105EA000C3F808210422C3F80823FFF757FF94F82A
:105EB0002C60EA071C4BF6B2D3F80C7108D5627E51
:105EC000032A05D1227E82B90422627601229A61D8
:105ED000A7B1154B0022C3F80C21637E042B09D017
:105EE00040F279316D2000F0BFFA02F0E5F80223AC
:105EF0006376EDE70223637602F0DEF866B10023F5
:105F000084F82C30637E022B01D1FFF79BFE03B097
:105F1000BDE8F04F02F0D0B803B0BDE8F08F00BF8D
:105F2000981200206413002000E01050A0120020FE
:105F300010B5054CA06A00F00300FFF779FD0028BA
:105F4000F8D0002010BD00BF981200202DE9F041CC
:105F5000054650B10278022A07D8437842B9013B7E
:105F60001F2B02D88378212B07D96FF01500A0E0F2
:105F7000002BFAD18378002BF7D1754EB6F900309B
:105F8000002B0DDB5A09012103F01F03994002F198
:105F90002003704A42F82310BFF34F8FBFF36F8F77
:105FA000B6F90000FFF7AEFD6B4AFD236B4CC2F85B
:105FB00008336B4B1B68292B4FF0000308BFC2F856
:105FC0001C31C2F80031C2F80831C2F80C316370DC
:105FD000A370AB88A382FFF713FD10B10123E37018
:105FE00063705D4F40F25633D7F80C04238210F4EF
:105FF00080301BD0FFF7DCFC5A4800F0D1FB564F35
:106000006023E0750022C7F804332B78A978012BB0
:10601000E276A26223762177A2761FD0022B16D0D9
:10602000EBB140F22E516D2000F01EFAC7F81001BE
:10603000FFF76CFCD7F81031002BFBD0FFF70AFDFF
:106040000020FFF77DFC484B00225A66D4E702F09F
:1060500030F8D7F80C34D903FBD50223A362FFF73D
:10606000D7FC68B3FFF7DCFCA36A03F00303984294
:1060700026D1AB79FBB9FFF75BFF237F63B12B78A8
:1060800053B902F013F8054600F04EFB6FF00043E1
:10609000002D52D0C4E9080300230125B6F9000001
:1060A0006376A575FFF72EFDB6F90030002B47DAB1
:1060B0000020BDE8F081284B0422C3F80423DCE76C
:1060C000254B012200215A61C3F8081194F82810C9
:1060D000C3F840141A610422C3F80423AA79002AE1
:1060E000CBD1D3F80423520702D440F2E1419AE71E
:1060F0001E4A116901F01008116941F01001116187
:10610000D3F808310BB902F095F8134FD7F80831DE
:1061100083B1FFF70DFFB8F1000F04D1134A1369E3
:1061200023F0100313610423C7F808330023C7F8D2
:106130000831A2E702F07CF8E8E7C4E90830ABE7F1
:106140005A0903F01F039D40024B43F82250AFE76A
:106150008013002000E100E000E0105098120020C1
:1061600064130020CD5A00000008125000ED00E03A
:1061700040B1012808D1054B1868A0F12903584205
:106180005841704701207047002070476413002079
:106190000F4A38B5137904460D461BB18D216F2087
:1061A00000F062F9FFF7E4FF70B1224453790BB1BC
:1061B000002038BD012320465371FFF703FD294617
:1061C0002046FFF7ADFCF3E76FF01500F1E700BFE5
:1061D000C812002070B50D4D04462E791EB1A421C1
:1061E0006F2000F041F9FFF7C3FF60B125446B79E0
:1061F0000BB9002070BD2046FFF7C6FC20466E712B
:10620000FFF7F4FCF5E76FF01500F3E7C812002084
:1062100010B501B3F0B14FF0FF33104A1C46E0FB5C
:106220000134944203D9E5216F2000F01DF91A0DC5
:10623000C3F30F100A4B42EA04324FF22444B2FB7C
:10624000F4F100EB024003FB1100B0FBF4F040EA74
:106250000140013010BD0846FCE700BF3F420F007F
:10626000000024F4014B9B68184700BFC8120020AF
:10627000014BDB68184700BFC8120020014B1B69A7
:10628000184700BFC812002008B5064B1B7923B180
:1062900040F241116F2000F0E7F8BDE80840FFF739
:1062A0002BBD00BFC8120020034B1A790AB9FFF7B3
:1062B0007DBC988D704700BFC8120020034B1A792F
:1062C0000AB9FFF779BC988A704700BFC81200204E
:1062D000024B1B790BB9FFF741BD7047C812002074
:1062E000014B9B69184700BFC812002038B51D4CF0
:1062F000237933B3FFF7C2FF50B91B4DC5F8100126
:10630000FFF7B0FFD5F81031002BFBD0FFF7B0FF3F
:10631000154B6022C3F80423636A9847002806DB04
:1063200094F82E3023B10123002084F8303038BD9A
:10633000FFF7D6FF0028F6DA40F2A5116F2000F033
:1063400093F80A4BA3610A4BE3610A4B23620A4BA1
:10635000A3600A4BE3600A4B2361FFF7F7FD0028B7
:10636000E1D0E4E7C812002000E01050315F0000E7
:10637000C5800000E95C0000B3800000B980000027
:10638000BF80000038B5084B04461D7925B140F2A6
:10639000F9116F2000F068F8FEF7C4FC2046FFF703
:1063A000FFFB284638BD00BFC8120020014B1879FA
:1063B000704700BF00130020044B1A79824283BF4C
:1063C0001B68302202FB00300020704700130020C1
:1063D000BFF34F8F0549064BCA6802F4E0621343CE
:1063E000CB60BFF34F8F00BFFDE700BF00ED00E0C3
:1063F0000400FA05144B01224FF0FF3113481B68CB
:106400005A60C3F80813B0F90030002B0CDB5909AF
:1064100003F01F039A4001F120030D4941F82320A6
:10642000BFF34F8FBFF36F8FB0F90030002B09DB44
:106430005A09012103F01F03994002F16003044A45
:1064400042F82310704700BF741300208813002007
:1064500000E100E008B572B6024B5B6803B19847F3
:10646000FFF7B6FF081300201FB572B6144B5C6827
:1064700094B9FFF7ADFFB2FBF6F22B465D1C002A84
:10648000F9D1DBB203F110056D4405F80C2C0A229A
:1064900033B901A8A047ECE7024600230A26EDE73E
:1064A000013BDBB203F110050DEB0506B0FBF2F585
:1064B00002FB1500303006F80C0C2846E8E700BF58
:1064C00008130020F8B5294F05460C4616463B78C0
:1064D000002B47D100F0CEF9254B1B681C2B06D1B1
:1064E000244B1B681BB99E211120FFF7BDFF01F053
:1064F000DCFD7E60204B01263C814FF48062C3F8B6
:10650000A4601E4BC3F89020BFF34F8FBFF36F8F73
:10651000C3F89021FFF76EFF194B002D14BF2846DA
:106520001846FFF7E3FE0546D0B9FEF7D3FCFFF7A8
:10653000CFFE01F0CEFDFDF787FB08B9BE21D3E702
:10654000002C0BDB04F01F036409A4009E4004F13F
:10655000604404F56144C4F88061266001233B7007
:106560002846F8BD4FF0FF35FAE700BF08130020BA
:10657000641300206813002000A0085000E100E030
:10658000343A0100074BB3F90830002B09DB5A09F4
:10659000012103F01F03994002F14003024A42F82F
:1065A000231070470813002000E100E0014B187829
:1065B000704700BF081300202DE9F74F4FF0FF3858
:1065C000524DCDE90012524A1478E4B282F80080AC
:1065D00014B14FF0FF3151704E4FDFF83C91DFF8AE
:1065E0003CA1EFF3108B72B64FF0010C2968009EAE
:1065F0004FF0000EC1F804C0C1F800E1C1F804E199
:10660000C2E90167019EC2E905670668C1F8106525
:106610004668C1F814658668C1F81865C668C1F88F
:106620001C653F4EC1F830651036C1F83865C1F8B9
:1066300000C0BBF1000F29D162B627E0394ED6F871
:1066400010C01CF0100F22D0B9F9001000290BDB8C
:106650004FEA511C4FF0010E01F01F010CF1600CCC
:106660000EFA01F14AF82C10EFF3108C72B64FF0CD
:10667000030E2968C1F804E3D1F800E1BEF1000F70
:1066800001D1D1F80411BCF1000FD5D02968D1F89F
:1066900000C1BCF1000F04D1D1F804C1BCF1000F5E
:1066A000CCD04BB10C9E3EB1D1F840C5C3F800C070
:1066B000D1F83CC5C6F800C0D1F80411002990D12A
:1066C0000CBB5778FFB254704FF0030C2968C1F827
:1066D00008C3C1F80441C1F800410F49B1F90010E5
:1066E00000290BDB4C094FF0010C01F01F010CFAE3
:1066F00001FC04F16001094C44F821C00021117033
:10670000002F7FF461AF03B0BDE8F08F7413002059
:10671000141300201000000B8813002000E100E09B
:106720001813002000ED00E01A4B4FF4000270B582
:10673000C3F89820BFF34F8FBFF36F8F164C002123
:10674000164DC4F80011C3F898212E692B6906F084
:10675000100643F010032B610123C4F804332360B7
:10676000D4F800319BB11EB92B6923F010032B61C3
:106770000123D4F808054FF400026360C4F808331D
:106780000023C4F80031034BC3F8982170BD01F019
:106790004FFDE5E700E100E000700D5000ED00E086
:1067A00038B50B49042301EBC302157905F0FF044A
:1067B0002DB1013BF7D240216920FFF755FE41F88A
:1067C000330001215471D8B29471117138BD00BFEA
:1067D00038130020042808B503D947216920FFF7A2
:1067E00043FE034B002203EBC0031A7108BD00BF38
:1067F00038130020042808B503D950216920FFF779
:1068000033FE094B03EBC0000379012B01D051216A
:10681000F4E7437982790133DBB29A4218BF4371BE
:10682000BDE80840FFF7AEBE3813002038B5052498
:106830000F4D95F8281005EBC1031A79012A09D1EB
:1068400058799A79904205D05A79D2B29A7155F80E
:106850003130984795F82830013C0133DBB2052BE5
:1068600028BF002314F0FF0485F82830E1D138BD9B
:10687000381300201449154BD1F84023292AF0B5CC
:106880001A60D1F844C316D0272A02D1BCF1000FF8
:1068900011D00F4A40F205140E4F46200E4E4721EC
:1068A0000E4D5962C3E901C2C3E90327C3E9056577
:1068B000C3E90740F0BD0A4A4FF48774074F4A20E6
:1068C000084E4B21084DECE700C0FF006413002088
:1068D00000600450007004500030045000B00450B8
:1068E00000A004500040045000E00450094B0A4A44
:1068F000C3F800230132C3F80C230132C3F8182374
:106900000132C3F820230132C3F81C230132C3F83B
:106910001021704700A0085004000080074B00229F
:10692000C3F80023C3F80C23C3F81823C3F82023AB
:10693000C3F81C23C3F81021704700BF00A0085003
:10694000844641EA000313F0030359D1403A33D39C
:10695000F0B4F0C9F0C0F0C9F0C0F0C9F0C0F0C99F
:10696000F0C0403AF5D2F0BC26E0403A24D300BF54
:106970000B6803604B6843608B688360CB68C360BF
:106980000B6903614B6943618B698361CB69C361A7
:106990000B6A03624B6A43628B6A8362CB6AC3628F
:1069A0000B6B03634B6B43638B6B8363CB6BC36377
:1069B00040304031403ADBD230320BD30B680360B9
:1069C0004B6843608B688360CB68C36010301031C4
:1069D000103AF3D20C3205D351F8043B40F8043B93
:1069E000043AF9D2043208D0D2071CBF11F8013B97
:1069F00000F8013B01D30B8803806046704700BF5D
:106A0000082A13D38B07B0D010F00303ADD0C3F125
:106A10000403D21ADB071CBF11F8013B00F8013B4D
:106A2000A3D331F8023B20F8023B9EE7043AD9D3C6
:106A3000013A11F8013B00F8013BF9D20B780370E1
:106A40004B7843708B7883706046704753B94AB96E
:106A5000002908BF00281CBF4FF0FF314FF0FF3066
:106A600000F00CB8ADF1080C6DE904CE01F09DFC0E
:106A7000DDF804E0DDE9022304B07047704700BF91
:106A80008B88043010B500F8043C0C4610F8033C29
:106A900003F0F00300F8033C8A88C2F30322134397
:106AA00000F8033C03F0CF03CA8800F8022CCA8820
:106AB00000F8033C120A00F8012C0A7A120102F0D5
:106AC0003002134303F03F0300F8033C4A7A43EAE1
:106AD000821300F8033C0968814205D0E288FB2A52
:106AE00028BFFB22FFF72CFFE0880430C0B210BDA6
:106AF00070B50B7805460C46192B12D8CBB1013B6B
:106B0000182B16D8DFE803F01A2615999FA5ABB10C
:106B1000B5B7C7CD1515152ABBC1D1D7DDE3E9EF50
:106B2000F500822B4FF0FF0200F0E980832B00F08C
:106B3000EA8040F26721C720F9F712FD0C230B70A1
:106B40000823637066782146284602363246FFF7EE
:106B5000F7FE49E01A230B700123F2E72920F9F729
:106B6000E5FE30B13E232370222363702923A370F6
:106B7000E8E70A20F9F7DAFE3E2305F1080204F1FE
:106B800008012B7090B30A231F26AB70E378EB70DB
:106B9000A3882B71A3881B0A6B71A379AB71E3796E
:106BA000EB71A368AB608B889380D4F80E30C5F886
:106BB0000E30638A6B8263696B61238B2B83638BDB
:106BC000AB76638B1B0AEB76A38B2B77A38B1B0A0D
:106BD0006B77E38BAB77E38B1B0AEB7794F8203072
:106BE00085F820306E700236304670BD01231326C2
:106BF000AB70E378EB70A3882B71A3881B0A6B71D1
:106C0000A379AB71E37903F00103EB71A368AB6087
:106C10008B889380638BAB73638B1B0AEB73A38BA3
:106C20002B74A38B1B0A6B74E38BAB74E38B1B0A73
:106C3000EB7494F820302B75D4E73E230B700423BB
:106C40004B70142393E73E230B700C234B700423EB
:106C50008DE73E230B700A234B70032387E73E2307
:106C60000B700D234B70052381E70523237004234C
:106C700067E70823FAE730230B70032361E73E231D
:106C80000B700B234B70072371E73E230B70062319
:106C90004B700C236BE713230B708B789B00013335
:106CA0004FE757230B7002234BE73E230B7006235D
:106CB0004B7012235BE73E230B7009234B701323A9
:106CC00055E73E230B7005234B7020234FE73E23EF
:106CD0000B7009234B70212349E7FF230B700B2313
:106CE0004B70A22343E7FF230B7005234B70A323B4
:106CF0003DE7FF230B700D234B70802337E70A70AD
:106D00000D22627033E70A700222FAE710B50C46D2
:106D100048B141B1F9F76CFD002820700CBF6FF04D
:106D20002200002010BD6FF01500FBE708B5F9F751
:106D3000E3FD002008BD0346022200201A70052250
:106D400058709A709022D8705A713D2218719A71B9
:106D50006A22DA716FF00E021A726FF05A025A72DA
:106D60006FF052029A726422DA72704700F0CFBA62
:106D700070B50446FCF728F8012805461AD1601CB6
:106D8000FCF72AF8B0B1A3790020E61D63F03F03B9
:106D9000A371FAF769FC38B110220021304601F0E6
:106DA000D3FA0020257070BD3046FCF729F8002882
:106DB000F2D0F6E70025F4E710B5044610220021D2
:106DC00001F0C2FA04F1100310220021184601F06C
:106DD000BBFAFCF72FF80020FAF746FC20B120465A
:106DE000FCF70EF8002010BDFBF7EEFF0028F6D0F0
:106DF000F8E710B50446FFF797FCB0F5007F09DA15
:106E000010F5007F08DD031EB8BF03339B10002080
:106E1000237010BD7F23FAE76FF07E03F7E70120B0
:106E2000704700F0FDBB0078003818BF012000F06B
:106E30008CBAFAF759BB00F0DCBB00F007BC00F0DD
:106E400024BA00F059BA08B5F9F768FD002008BD6A
:106E5000FAF71CBA00F07EBA00F06ABAFAF7D4BAB0
:106E600000F036BA00F072BB00F03CBB00F083BB10
:106E700000F039BA00F015BA03880B8000F0ACBB03
:106E800000F015BA00F0D5BBF8B5941C0E460546C7
:106E900017460C446343B3F5004FA8BF4FF0FF33D0
:106EA00010F003019CB203D0B0211420F9F758FB75
:106EB000B4F5004F01D9B121F7E71422043001F0F5
:106EC00043FAEF746C802E80F8BD023101444A43CE
:106ED000B2F5004FA8BF4FF0FF3290B21B3020F048
:106EE0000300B0F5004F34BF00B24FF0FF307047E1
:106EF0008388014602899BB29A4202D00831F9F791
:106F00003DBD70470729034670B504D84FF4EC71B6
:106F10001520F9F725FB0068C0B1446806461A68D9
:106F20008C4210D0106860B901F10805AC420DD355
:106F3000546850501868651A5418006865605050BD
:106F400002E01346E9E7146830461C6070BD30B5B6
:106F500090B18478B1FBF4F304FB131300EB43020C
:106F600052898A4201D1D8B230BDC27822B900F12B
:106F70000803D0B2844201D8FF20F5E733F8025F5E
:106F800001328D42F5D1EFE78278038805324B4319
:106F900003EB42031844704737B500240546CDE99A
:106FA00000448DF806006846ADF80440F9F7BAFED3
:106FB000BDF8044008B103B030BD29462046F9F7BA
:106FC0008DFE0028EFD040F215211720F9F7C8FAFE
:106FD00070B51E460D460921FFF777FF044632467D
:106FE00009212846FFF771FF40EA04031B0454BF40
:106FF00000194FF0FF3070BD012303707047F8B5E2
:107000000C46054611461E4684F001046400E4B2B5
:10701000FF23837003191B7D012B05D00134E4B2DB
:1070200003191B7D012B0AD105EB44073B8B3A8CDE
:107030009819904205DD00232C443B8323750020E2
:10704000F8BD05EB8404324660681844FFF778FC0D
:107050003B8B1E443E830023AB700120F0E781F0A0
:107060000101490010B5C9B2FF23837043181C7D8C
:10707000012C07D10C3120F8112002221A750023AF
:10708000837010BD0131C9B243181C7D012CF1D0B1
:107090004FF48C710920F9F763FA024630B5837812
:1070A00003F0FF00F3B9137D022B19D0537D022B9F
:1070B00015D10346012089B10024D5180C332C7555
:1070C00022F81340131803241C7502EB80035B683D
:1070D0000B6000F10C0332F813308B80012030BDBF
:1070E0000123E8E70020FAE7034630B5827802F092
:1070F000FF00E2B99A7D022A17D0DC7D022C13D161
:10710000032281B11D1900200C34287523F81400C6
:1071100098180324047503EB82000C32406833F89E
:10712000123008608B80012030BD0324E9E7002085
:10713000FAE7037D012B01D1008B7047437D012BC2
:107140000CBF408B00207047837D012B01D1808BC9
:107150007047C37D012B0CBFC08B00207047038B91
:1071600023B9408B003818BF0120704701207047B9
:10717000838B23B9C08B003818BF012070470120D2
:107180007047027D022A01D1008B7047437D022B9C
:1071900001D1408B7047032AF6D0032BF9D0002091
:1071A0007047827D022A01D1808B7047C37D022BFC
:1071B00001D1C08B7047032AF6D0032BF9D00020F1
:1071C0007047F9F7FBBE002307B5CDE90033012373
:1071D0008DF806306846F9F7A5FD08B1002004E0F7
:1071E000009800F0A4FC0028F4D003B05DF804FB84
:1071F0001FB5002240F6881303A90092FCF7FAFCA1
:1072000005B05DF804FB38B5054600F012FDF0B19D
:10721000284600F08CFC08B9002038BD284600F054
:10722000BAFB0446284600F0B9FB054688B9002C95
:10723000F2D02088FAF7D8F929462088F9F74EFDD0
:107240000028E9D041F6E3413920F9F789F94220D5
:10725000E3E70C20E1E710B5FFF7B5FF60B1F9F700
:10726000FDFE044600F0BDFD40B9204600F0B5FD2E
:1072700080F00100C0B210BD0120FCE70020FAE759
:1072800008B5FAF777F9002008BD102243F25E0333
:107290000270C2705922A0F801308280C3800020A1
:1072A0007047082108B5F9F795FA002008BD10B518
:1072B00004466FF07F00FFF79BFFFAF7C9FB2070D1
:1072C0007F20FFF795FFFAF7C3FB6070002010BD29
:1072D00010B50446F9F7C2FE00F07CFDFAF7B8FBE2
:1072E0002070002010BD0A4600F1100108B50723E8
:1072F00000F094FF002008BD10B5014604460020B0
:10730000FAF798F908B92060A080002010BD10B5E8
:107310000446FAF729F928B900202146FAF772F94C
:10732000002010BDFFF797FF0028F5D10C20F8E7EB
:1073300010B50446FFF78FFF28B101202146FAF768
:1073400061F9002010BD0C20FCE708B5F9F780FEBC
:10735000002008BD10B50446FAF71EF92060002091
:10736000616010BD2DE9F3410546477801210078A1
:10737000F9F79EFC044600285ED000F01BFDEE7875
:10738000864228BF0646042FB6B22FD1002E39D12F
:10739000204600F034FD6B78032B37D107F0FD0851
:1073A000B8F1010F44D1204600F029FD00283CD15E
:1073B000012F08BF4FF002084246216B6846F9F7DB
:1073C00095FD33466A680121206BFFF718FE0028FF
:1073D00034D06B78023B012B2CD8206BFFF7A9FE31
:1073E00001210246206BFFF73AFE23E0206BFFF7F6
:1073F000A0FE304480B21F2804D8FB1E012BC7D941
:10740000002EC5D1122002B0BDE8F0810028F9D1CC
:10741000042BC3D1204600F08AFB0028F2D0206B59
:10742000FFF79DFE0028B9D1ECE74FF00008C3E755
:10743000042FC6D10020E6E74220E4E70720E2E778
:107440002DE9F3410746457890F803800121007843
:10745000F9F72EFC044600283CD000F0C2FC0028BE
:10746000206B08BF4FF00008FFF76EFE00EB080628
:10747000B6B21F2E30D8042D2ED0032D0CD12046AD
:1074800000F0BDFC20BB012D14BF05220622216B9C
:107490006846F9F72BFD08E0B8F1000F1CD0204634
:1074A00000F045FBD0B9012DE9D043467A680021B0
:1074B000206BFFF7A4FD98B1023D012D04D83246A0
:1074C0000021206BFFF7CBFD002002B0BDE8F0816A
:1074D0000422DCE74220F8E71220F6E70C20F4E76C
:1074E0000720F2E713B50446F9F7B8FD4FF44073EF
:1074F0006846ADF8003000238DF8023014F8013BE7
:107500008DF803300194FFF79BFF02B010BD38B532
:10751000012105460078F9F7CBFB0446A0B100F045
:1075200006FB28B92046691C00F096FB002038BDF8
:10753000204600F056FC08B10C20F8E7204600F089
:107540004CFC0028EED0F7E74220F0E713B50446E4
:10755000F9F784FD684614F8013B8DF803304FF4C9
:1075600040730194ADF8003000238DF80230FFF72E
:10757000F9FE02B010BD73B50546F9F76FFD04467C
:107580002B7863B100230DF1010101208DF800304B
:10759000FAF750F818B16846FFF7B9FF88B9002626
:1075A00020468DF8006000F020FC2B78C0018DF89B
:1075B0000360012BADF8010005D169462046F9F7BB
:1075C000EBFD02B070BD2BB9204602B0BDE87040A3
:1075D000FFF719BE1220F4E708B500210088F9F77B
:1075E00067FB20B10021BDE8084000F0B9BC0220D3
:1075F00008BD10B504460078FF280AD00121F9F72C
:1076000057FB58B16378A27843EA0223C384002071
:1076100010BDB4F80100FAF7DFFDF8E74220F7E704
:1076200008B50078003818BF0120FAF7CFFD002018
:1076300008BD10B50446F9F711FD6178C1F34002A9
:1076400001F0010100F0F1FB002010BD1220704795
:1076500010B5044604B910BD236898476468F9E77B
:1076600003680BB9016070471A465B6813B18A4220
:10767000FAD170478A4218BF5160704708B5FAF7CF
:107680004FFDFBF791F820B140F241119320F8F73C
:1076900067FF0120BDE80840FFF77EBCFEF704BE8F
:1076A000704730B542401C7808785D7860404C786F
:1076B0006C409D7820448C786C40DD782044CC78F8
:1076C0006C401D795B7920440C7949796C404B40C2
:1076D000204418441044B0FA80F0400930BD0246FE
:1076E00000200139C9B2FF2900D17047535C83F0F3
:1076F00001030344D8B2F4E708B5F9F7C1FF08283D
:1077000003D0BDE80840F9F7DDBF08BD08B500F0BB
:107710005CFC18B1BDE80840FBF7BCBA082008BD06
:1077200070B504460D4659BB4FF41A7200F00CFEBA
:10773000012384F8DE5084F88E306FF0360384F82D
:10774000D930042384F8DA306FF03B0384F8DB305F
:107750006F2384F8DC306FF03C0384F8DD306FF089
:107760007F0384F8DF302B2384F8D830FE2384F89D
:107770000E317F2384F88530202384F8F73170BDE3
:10778000012911D10023A0F8B43180F8AB3140F6C3
:10779000B8338269A0F8B4301146438C04F1780004
:1077A000BDE87040FAF72CB90229E8D1B0F84A32A6
:1077B000D0F844228169F1E738B50D460446F9F75F
:1077C000F1FE2B78002B08BF034684F864306B78F9
:1077D000002B08BF034684F865306B88A4F8663038
:1077E00038BD002307B501A80193FCF7D3F9019830
:1077F00010F0030018BF012003B05DF804FB03780C
:10780000890123F0400301F040010B4303707047EE
:10781000037803F07F0343EAC113037070471F2A04
:1078200038B50546144603D9B7212A20F8F798FE43
:1078300006340930FFF784F86C7038BD1F2A38B55C
:107840000546144603D9D9212A20F8F789FE0634C3
:107850000930FFF775F86C7038BD0378024603F005
:107860000F03032B3ED0052B42D1C37F90F820009D
:10787000034392F82100034392F82200034392F855
:10788000230000F01F00184333D05378222B2FD150
:10789000B2F81930B1B1B3F5506F13D940F60751B2
:1078A0008B4225D8B2F81B30B3F5FA7F20D2B2F85C
:1078B0001D0040F676430A3880B298428CBF002003
:1078C00001207047991F40F67A4089B281420FD853
:1078D000917D481E07280BD8994209D2B2F817109B
:1078E0009942DEE74078A0F10C03584258417047B6
:1078F00000207047FAF77CB910B521B94FF4107128
:107900001020F8F72DFE4A600B72EFF3108472B668
:10791000031D0B6042681AB1127A012A08BF036086
:1079200003681960016004B962B6BDE81040FAF757
:10793000A9B90222FAF7BEB90422FAF7BBB98369E2
:10794000006B984228BF184601F19C0383423DBF5B
:10795000401A9C3840080020704710B50B79012868
:107960004C790A6843EA0421104608BF41F480318B
:1079700010BD07B5FFF7F1FF0DF10702FAF708FA9E
:1079800003B05DF804FB08B5FFF72BFF002814BF18
:107990001420002008BDD0F8CC00704710B5044674
:1079A00090F81031EBB1FF2380F81831012100F07D
:1079B00039FA94F81031A3B194F8C800FDF76CFBC4
:1079C00094F8C800FDF712FC94F8C800FDF7A4FA7B
:1079D00020B940F209213020F8F7C2FD002384F8D5
:1079E0001031002010BD08B590F8182142B990F868
:1079F000D02042B1D0E93531994202D9FBF734F8B1
:107A00000022104608BD0122FBE710B50446FFF72F
:107A1000BAFF00F295112046FFF791FF40F64803A8
:107A2000984228BF184680B210BD70B5044621B1F7
:107A3000012978D040F6280172E000F00AF994F8A4
:107A4000113105460E46DBB150EA010318D0D4E9E6
:107A50003832D4E94001C01A334661EB02012A46AC
:107A600000F029FC05FB01F300FB0633A5FB000237
:107A70001344D4E93821121843EB0103C4E9382335
:107A8000E08C30B1FAF73AF9E38CB0FBF3F202FB89
:107A90001300D4E93832ED184FF0000346EB02062C
:107AA0002D184FF0020284F8F03046F1000684F8F9
:107AB0001131A4F8F820C4E93856C4E9405694F8C6
:107AC000183103F0FF01DBB96FF00043D4E9420243
:107AD0009A4208BFB0F1FF3F18D02046D4E9405683
:107AE00000F0ACF8AE30D4E942325B1B62EB060228
:107AF0001B1A62F10002002A08DA2046FAF7B4FFE6
:107B0000FBF758FDBDE87040FDF7F1B904F1F00155
:107B100094F8C800FDF78EFA0028F1D14FF4EA611D
:107B20003020F8F71DFD002380F8D030E8E790F80A
:107B30001001003818BF012070470B46142203F8CB
:107B4000032BD0F80920C1F80320D0F80D205A608B
:107B5000704738B510220B460C4603F8032B00F192
:107B60000902293052F8041B824243F8041BF9D160
:107B7000127800211A700123A588A3712846F9F70D
:107B800097F870B1E37863B10088F9F72DFD002113
:107B90002846F9F7A3F820B140F22B212D20F8F761
:107BA000DFFC38BD0121FAF7FBBCFFF7FBBF90F803
:107BB0007A300BB10120704790F8B22002F0FF0339
:107BC000002AF7D190F8A4201846704737B50D4623
:107BD0004FF490720021044600F0B6FBFF2323709F
:107BE0001323638042F21073E384F9F751F9002202
:107BF000014620636846F9F779F9206B00220121DC
:107C0000FFF72DFA216B68460422F9F76FF900227D
:107C1000206B1146FFF723FA04F12800A57403B086
:107C2000BDE8304000F03AB9FF23086B0B70FFF756
:107C3000E3B90078FF3818BF0120704710B504463B
:107C4000283000F07BF928226188FAF73BFF6D307D
:107C500010BDD0E9020170470B68C0F815308B8861
:107C6000A0F819300123C37670472DE9F04F06467E
:107C700091B00C46074606AD0DF110080FCE0FC5AA
:107C80000FCE0FC596E8030085E80300404600F0DC
:107C900005F9667894F8149006F07F0594F80AA028
:107CA000B9F1010F94F800B02E4607D0B9F1020FD8
:107CB00004D040F29A310620F8F752FC617A40462F
:107CC00000F0F3F8237D227F4046022B02F10102EF
:107CD0000CBF617D0121D2B204BF0131C9B200F0F5
:107CE000E6F815F0080362D14046019300F026F94A
:107CF00028223146FAF7E6FE40F2712100F299227D
:107D0000E5782079019B45EA00256079B2FBF1F224
:107D100045EA00454A434D43AA420AD9E079A5798C
:107D200045EA0025207A45EA00454D43954228BFA3
:107D30001546227E0393531EA17C386B5A42029152
:107D40005A410192FFF71DFA386BFFF72AFA039B9D
:107D5000019A0299ADF81A6006AE08953D468DF875
:107D600028208DF82B108DF82CA08DF818B08DF8E8
:107D70001C9009930FCE0FC50FCE0FC596E80300D8
:107D800085E8030098E80300B8620020B985E37A2B
:107D900003F0FD03003B18BF012387F85730E36869
:107DA000BB65238AA7F85C3011B0BDE8F08F0025D1
:107DB0002B46BEE7438813F0040F0CBF1F200020A2
:107DC00070474FF40043C38543881D2B08BF002133
:107DD0004174704790F912007047408800F001002C
:107DE00070478078C0F3400070478078C0F3C000CF
:107DF000704708B5006BFFF7BBF9012008BD0120F3
:107E000070470120704790F8503001624B72D0F8F3
:107E10005130C1F80A30B0F85530CB817047704707
:107E2000FAF72ABA80F87010704780F8241080F8AA
:107E3000252070478278034612F0010002D0D978DD
:107E4000C90710D5900702D5D97889070AD512F04D
:107E5000040008D0D878C0F3800080F001008000D2
:107E6000C0B2704702207047C0F34002C0F38003E5
:107E700000F00100134418447047022808B507D0E9
:107E8000042807D0012807D039212E20F8F768FBF5
:107E9000262008BD2720FCE72520FAE70023C0F8AC
:107EA000023001234370037070478170704710B532
:107EB0004270144601708078FFF7D6FF484304FBF8
:107EC00000F2FE2A03DD5C212E20F8F749FB10BDED
:107ED0000023C37043710371704710B50446FFF768
:107EE000A9FF637962780133DBB29A4263710CD1E6
:107EF000E3780022A17803436271DBB29942E37018
:107F000001BF2379E27001332371BDE81040FFF710
:107F1000B4BF38B504468078FFF7A6FF0146E07885
:107F2000FFF7A2FF2378227965789B1A6B435943A8
:107F30006379C91A00FB1510C0B238BD014608B5F7
:107F40008078FFF791FF4A780B7853435843C0B2CB
:107F500008BD40F2EE20704740F25A335843704754
:107F600038B50446084694F8303213B10C2528463B
:107F700038BD94F88730153B012BF7D894F854326C
:107F800003F0FF05002BF1D191B194F8C63123B96C
:107F900040F699213120F8F7E3FA052304F1F002C5
:107FA00004F5DB7100F03AF9012384F83032DEE7A2
:107FB0000223FAE708B5FBF707F9FAF7C9FEFAF763
:107FC000B1FDBDE80840FAF793BEC82108B5FAF73D
:107FD00047FE022807D1013911F0FF01F7D1EB214B
:107FE0003B20F8F7BDFA431E5842584108BD19B965
:107FF00043780BB1C3788370704710B504460846C8
:10800000FBF7B8FC4FF47A73B0FBF3F0201A10BD05
:1080100010B504460846FBF7ADFC4FF47A7200F247
:10802000E733023CB3FBF2F3E01A10BD08B5FEF7EC
:1080300021FCBDE8084000F038B8801A00F30700C2
:1080400038B50D46144659B240B2FDF74FFC002337
:10805000287020446B7040B238BD00230360704725
:108060007047002070474FF0FF3070474FF0FF30EF
:10807000704770474FF0FF30704700207047002076
:1080800070470023037070479DF800300022FFF70F
:10809000D4BF4FF0FF307047002070474FF0FF30E3
:1080A00070474FF0FF307047704770470020FDF772
:1080B00085BC0020FDF786BD0020FDF797BD0020A0
:1080C000FDF77CBC7047FDF7DDBDFDF7EFBDFDF7AB
:1080D000DFBD70B50024FEF769F905462646E0B21B
:1080E000854200D870BDFEF767F90134068580F837
:1080F0002A60F4E7F8B5037904461BB11B219D20E3
:10810000FEF7B2F94679017126B90123437121794D
:1081100009B96171F8BD276820462671B847022861
:108120000546F4D103212046B84708B12F21E6E7E0
:1081300023682946204698470028E8D03021DEE70A
:1081400003460068884204D109B10A681A600846EB
:10815000704728B97047884202D10A681A60F6E76A
:10816000034600680028F6D1704701F1100301387A
:1081700013F8012D8B4200F8012FF9D170472DE93A
:10818000F04713F0010F8EB004460D4617469A468D
:10819000DDE9168924D006A8FFF7E7FFA30735D04D
:1081A00002AA04F110052068083454F8041C134690
:1081B000AC4203C31A46F6D106AD02AC1AF0020F68
:1081C0004346CDF8009023D0294620460AAAFEF760
:1081D000F3F90AA93846FFF7C8FF0EB0BDE8F087EB
:1081E00013F0040F0DD106AB0E4601F1100C1D4625
:1081F0003068083656F8041C1A46664503C2134612
:10820000F6D1214602A8FFF7B0FFD6E706ADD5E7C5
:108210003A4629462046FEF7CFF9DEE713B500249B
:10822000CDE90044FFF7ABFF02B010BDFEF7FEBA88
:1082300020BF704720BF70479142F8B503D3732128
:108240009620FEF711F9B2FA82F33BB1C3F1200494
:1082500099409A4020FA04F4984021434FEA124C86
:1082600093B2040C87B2B1FBFCF50CFB151E05FBA9
:1082700003F64FEA0E4E0EEB1040864205D9361A31
:10828000964294BF01260226AD1B04EB014128044F
:1082900005FB1211B1FBFCF40CFB1411634307EB5B
:1082A0000147BB4205D9DB1B934294BF0123022344
:1082B000E41A2043F8BD2DE9F0411D4607460C465F
:1082C000164652EA050303D1A6219620FEF7CCF804
:1082D00085B9914204D2FFF7AFFF2946BDE8F0818E
:1082E00008462946FFF7A8FF05463246384606FBF2
:1082F0001541F0E7B5FA85F80123400803FA08F3C1
:10830000C8F11F0840EAC470A3FB0212610803FB16
:108310000522FFF791FF30FA08F04FF0000102D07C
:10832000013861EB010100FB05F3A0FB062C06FB05
:108330000133BF1A634464EB0304B742AC41CDD3AD
:10834000013041F10001C9E7F0B5C9B20446A30705
:1083500026460ED14FF0013522F003034D43E718B6
:10836000BC420CD1334402F003021A44934209D1B7
:10837000F0BD002AFCD0013A04F8011BE7E744F8FD
:10838000045BEDE703F8011BF0E700280CBF6FF07A
:10839000150000207047002070470723037000205D
:1083A000704700207047002070472DE9F04786464F
:1083B0008C460846089E154674461946002B40F028
:1083C000C1808542B2FA82F245D94AB1C2F1200396
:1083D00000FA02FC954094402EFA03F343EA0C0C99
:1083E0004FEA154EA8B2230CBCFBFEF80EFB18CCCE
:1083F00008FB00F943EA0C43994528D9EB1808F12A
:10840000FF3704D2994502D9A8F102072B44A3EB08
:108410000903A4B2B3FBFEFC0EFB1C330CFB00F003
:1084200044EA0344A04214D92C190CF1FF3304D2BE
:10843000A04202D9ACF102032C44241A43EA0740BB
:108440001EB1D440002334607360BDE8F087474616
:10845000DDE76346F1E792BB431B01214FEA154E6E
:10846000AFB2200CB3FBFEFC0EFB1C330CFB07F879
:1084700040EA0343984561D9EB180CF1FF3004D270
:10848000984502D9ACF102002B44A3EB0803A4B237
:10849000B3FBFEFC0EFB1C330CFB07F744EA034462
:1084A000A7424DD92C190CF1FF3304D2A74202D9AF
:1084B000ACF102032C44E41B43EA0040C0E7C2F1E4
:1084C00020039540944020FA03F12EFA03F34FEA7B
:1084D000154E9040AFB20343B1FBFEFC0EFB1C10E7
:1084E000190C0CFB07F841EA0041884522D96918AC
:1084F0000CF1FF3004D2884502D9ACF102002944C6
:10850000A1EB08019BB2B1FBFEFC0EFB1C110CFBA6
:1085100007F743EA01439F420ED9EB180CF1FF31F4
:1085200004D29F4202D9ACF102012B44DB1B41EA89
:10853000004193E76046E3E76146F7E76046A4E75A
:108540006346B8E7834206D916B9002108467CE79E
:10855000C6E900E0F9E7B3FA83F78FB9834201D3A4
:10856000724508D8BEEB020460EB030301209C4671
:108570001EB9002169E73846FAE7C6E9004CF8E77A
:10858000C7F1200CBB400EFA07F522FA0CF42EFAC4
:108590000CF1BA401C4320FA0CF3B8404FEA1449DE
:1085A00001431FFA84FEB3FBF9F809FB18300B0CEA
:1085B00008FB0EFA43EA00439A4540D9E31808F154
:1085C000FF3004D29A4502D9A8F102002344A3EB5C
:1085D0000A0389B2B3FBF9F809FB183308FB0EFE56
:1085E00041EA03418E452CD9611808F1FF3304D2CA
:1085F0008E4502D9A8F10203214443EA0040A1EBD1
:108600000E01A0FB02984145CE46434602D306D157
:108610004D4504D20138B9EB020E68EB0403002E7D
:10862000A7D0B5EB0E0261EB030101FA0CFC22FAB4
:1086300007F3F9404CEA0303C6E9003199E74046E5
:10864000C5E74346D9E7000037B50024164D6FF063
:1086500009034FF4806228461449009405F044FC55
:108660001349284609F01EFE1249134809F0C3FDBC
:10867000224604211C2000F0A7FE01220F4BD3E864
:10868000EF1FC3E8E02F0028F9D105A3D3E90023A9
:1086900028460B4905F068FC204603B030BD00BFFA
:1086A000389C1C0000000000201D00200831002024
:1086B000CE4301003F150100D8210020D421002025
:1086C000080700200000000010B50B4BD3E8AF3FB7
:1086D00053B1FDF7D9FD06A3D3E90023BDE810404F
:1086E0000649074805F040BC10BD00BFAFF300804D
:1086F000389C1C0000000000D42100200807002046
:10870000201D00202DE9F0416A4B9EB00A936A4E6D
:108710006A4B1422002114A80B9309960AF030FA30
:108720001022002119A80AF02BFA022743F69823F9
:108730008DF870701A93624D284609F0DEFB40B93F
:108740006FF0120421465F4808F095F8012000F010
:1087500097F9D5F808802846D8F8083019A998471D
:10876000041EEFDB39462846D8F800309847044607
:108770000028E7D1304609F0C0FB0028E2D014A958
:1087800009A807F0CBFC0446002870D114A909A859
:1087900007F06CFD0446002869D19DF86130BDF8F2
:1087A000522004939DF86030BDF850100393179B3E
:1087B00045480293169B0193BDF856300093BDF9CE
:1087C000543008F058F80123CDF81D40ADF8214091
:1087D0008DF81C3010210CA802F02EFE052859DD62
:1087E00006250CAAB4FBF5F305FB134378336B4461
:1087F00013F85B6C12F8011B01347140844203F8DA
:108800005B1CEFD19DF82230002163F03F0307A8E5
:108810008DF8223001F0E4FF041E28DB002001F077
:10882000BFFE044618BB40F20113ADF8403006AB62
:10883000119340F20973254EADF84830244B8DF862
:10884000185019AD13930FCE0FC5336802222B6059
:1088500010A92346009419A802F08AF9044630B9F9
:108860004FF4FA6007F079FB02F088FA04462146DB
:10887000184808F000F809A807F094FD014660B117
:10888000154807F0F8FF4FF0FF314FF0FF3005F0CB
:10889000ABFEF8E76FF00404E9E7142007F05DFB96
:1088A00000210E4802F01EFF00287FF44FAF07F0B2
:1088B000FCFF00BF19FF0000282E010081FF00000F
:1088C000E82D0100443C0100673C01003037010005
:1088D000AC3C0100B43C0100D43C01000087930390
:1088E0002DE9F04F0025044691469B464FF0080ABB
:1088F000A846490385B08EB2CDE9008846EA451303
:1089000043F48053C3F307228DF80D208DF80E3009
:1089100050210323676820688DF80CA003AAB8478C
:10892000002824DB40F20C43ADF80C308023CDE965
:1089300000888DF80E30502103236768206803AA51
:10894000B847002813DB1E270C21204603AA07F096
:1089500059FB00280BDBBDF80C301B070AD40121A2
:10896000A36820689847013FEED16FF0730005B00F
:10897000BDE8F08F002120460DF10A0207F042FB0E
:108980000028F4DB0121204603AA07F03BFB002866
:10899000EDDBBDF80C30BDF80A201B0A43EA0223C8
:1089A000D20B4FF47A7212D003F17F4383FB023271
:1089B000002A03DA11495B1842F10002DB0C43EA9A
:1089C00042330F4A93420FDA6FF02100CFE7A3FB47
:1089D0000232DB0C43EA423343F2C822934203DD06
:1089E0000135202D88D1EFE740F6354202FB0533F3
:1089F0000020C9F800308BF80050B8E7FFFF0700EF
:108A000038CDFFFF014B1B68184700BFC807002087
:108A1000014B1860704700BFC807002030B585B013
:108A200004460D461022002168460AF0A9F80223E8
:108A30008DF80230044B2A4621466846019307F020
:108A400001F805B030BD00BF058A000080B50546BD
:108A50000E461746984605F019FE03460AF01AF925
:108A60000446DFF81890424649F80030394630464F
:108A7000A84754F8090000F029FC00BF08000000D6
:108A8000044608B5EFF31183402383F31288BFF344
:108A90006F8F72B602F0D6FE204601F099F80348B7
:108AA00007F0E9FE08F037F8FCE700BF0D3D0100D4
:108AB0002DE9F047058B04462807904611D402297A
:108AC00005F0070540F0CC80204607F0F8FE78B1AD
:108AD0000138218B042811D8DFE800F0C2106D8521
:108AE000950001290CBF45F0100545F020052583B0
:108AF00088F31188BFF36F8FBDE8F08701F0070A94
:108B0000AA4500F0A5800027B9463E46A368002B81
:108B100000F0BC8041F00801218388F31188BFF385
:108B20006F8FA168002900F0BA800D68002900F05D
:108B3000B680334652462046D1F80480C047002D07
:108B400076D02B6829461D46F0E701F007035A1F2F
:108B5000012A1BD8002221F00701062B276889B2C1
:108B6000C4E9002209D13B4603E0628B01326283F3
:108B70001B68002BF9D141F002012046218307F048
:108B80009EFE00287AD041F0200176E0042B0AD125
:108B900021F0070189B22046218307F090FE10B131
:108BA00041F020012183218B01F0070AAA454FD013
:108BB0000027B946AAE7236921F0070141F0060121
:108BC000062DD3F8009021832DD1B9F1000F3FD0AD
:108BD00041F00801218388F31188BFF36F8F20468D
:108BE0003949C84729E021F00701236941F0040110
:108BF00089B2042DD3F804902183E6D000274FF0EA
:108C0000040A3E4682E721F00701236941F005018D
:108C100089B2052DD3F808902183D6D000274FF0D4
:108C2000050A3E4672E700274FF0060A3E466DE70A
:108C30002B4687E7B9F1000FD1D1EFF3118840231C
:108C400083F31288BFF36F8F238B23F008032383F2
:108C5000258BEA062ED525F01003238305F00705A2
:108C60006669218B002EBFF670AF00232768C4E928
:108C7000003321F0070141F001012183218B4FF0E6
:108C8000000901F0070AAA457FF440AF002F9CD0ED
:108C900041F00801218388F31188BFF36F8F002F03
:108CA000C8D03D68394633465246204607F033FE69
:108CB0002F46F4E7AB067FF51BAF25F02003238397
:108CC00005F0070500E700BF43090100014B036001
:108CD00000207047683A010008B5044807F0CBFD52
:108CE000BDE80840024807F0C6BD00BF363D0100A0
:108CF0006B3D010008B50348034A0021121A07F032
:108D0000E9FE08BD080B002008290020074808B527
:108D1000074A0849121A07F0DFFEBDE80840064876
:108D2000064A0749121A07F0D7BE00BF0005002007
:108D3000080B002074440100F80400200005002006
:108D40006C44010038B505460C4699B1D1E90123C0
:108D50000F48096807F08FFDD4E90423E1680D4846
:108D600007F089FDE1690C4807F085FDA1690B4812
:108D700007F081FD012D05D1EFF305810848103979
:108D800007F079FD21462846BDE8384004F0F6BCDE
:108D9000993D0100C93D0100F93D0100093E010076
:108DA000383E010030BFFFF7FDBF00BF2DE9F041A5
:108DB00005460B4EDFF82C80324606EB0807CC1B2D
:108DC0002046094909F0CFFEA01942460021083C7F
:108DD00009F0D6FEC5F8844007F10800BDE8F0812F
:108DE000000000000400000030370100054B5A6904
:108DF0009B689A421FBF044A536843F080535360F4
:108E0000704700BFEC21002000ED00E010B5204CC1
:108E1000204807F030FDA36A990137D51E4807F0B6
:108E20002AFD1E20A36ADA0103D51C4807F023FDA2
:108E30001F20174CA36ADB0203D5194807F01BFD5E
:108E40000220A36A1C0303D5164807F014FD212055
:108E50000F4CA36A590303D5134807F00CFD2220D9
:108E6000A36A9A0303D5114807F005FD2320084C97
:108E7000A36ADB0303D50E4807F0FDFC2420A36A98
:108E80006FEA03436FEA1343A36210BD1D20C9E7D5
:108E900000ED00E04C3E0100653E0100793E01001E
:108EA000943E0100BF3E0100DE3E0100043F010090
:108EB0001F3F010070B5244C064624480D4607F0BC
:108EC000DAFCA36AD90435D5214807F0D4FC172071
:108ED000A36A1A0503D51F4807F0CDFC18201A4CC9
:108EE000A36A9B050FD51C4807F0C5FCA16BA36ABC
:108EF000180407D5194807F0BEFC1EB1A36A23F475
:108F00000043A3621920104CA36A590503D51448E5
:108F100007F0B1FC1A20A36ADA050DD5114807F055
:108F2000AAFC1B20084A936A43F47F439362002300
:108F30002B7070BD1620CBE7A36A9B04F2D50A48BC
:108F400007F099FC1C20EDE700ED00E04B3F01002D
:108F5000623F0100743F0100883F0100A23F010011
:108F6000B83F0100D43F0100ED3F010070B5264C31
:108F7000064626480D4607F07EFCA36AD80640D573
:108F8000234807F078FC1120A36A190703D521486C
:108F900007F071FC12201C4CA36A9A070FD51E48DB
:108FA00007F069FC616BA36A1B0607D51B4807F035
:108FB00062FC1EB1A36A23F08003A3621320124C4B
:108FC000A36ADE0703D5164807F055FC1420A36AF0
:108FD0009C0603D5134807F04EFC15200A4B9A6AED
:108FE000D10658BF9A6A9A6A920642BF5A6A22F418
:108FF00000525A629A6A42F0FF029A6200232B7072
:1090000070BD1020C0E700BF00ED00E01D40010072
:1090100034400100743F01006840010081400100BC
:1090200098400100ED3F01002DE9F0415B4B044603
:109030005F6800258AB0C7F3080685F31188BFF37F
:109040006F8F02F07F43B3F17F4F06D102F00C0324
:10905000082B13D1524807F00EFC00252C464FF088
:109060000008F31E8DF80780092B00F28580DFE8E9
:1090700003F00A797D7583838383838110074CBF56
:109080000C460125EBE74748444E07F0F4FB8DF80A
:109090000780F36A9A0704D5434807F0ECFB0023E6
:1090A0002FE0F36A002B01DA4048F6E7F36A5B0031
:1090B000F5D53F4807F0DFFB7369A26943F480737D
:1090C0007361BFF34F8FBFF36F8F736932F8022C58
:1090D00023F480737361BFF34F8FBFF36F8F4DF62F
:1090E00002739A4208D0B36ADBB24BB301200DF190
:1090F0000701FFF73BFF33E021682E4807F0BBFB79
:1091000023689DF80720C2B902AE04F12007324659
:1091100020686168083403C2BC421646F7D1099A38
:10912000B5B3C2F3080121B96FEA52226FEA4222B5
:109130000992184602A9FFF705FE0AB0BDE8F081C2
:10914000B36A13F47F4F05D001200DF10701FFF73B
:10915000B1FE05E0B36AB3F5803FA0D3FFF756FE3A
:109160000346CEE700200DF10701C2E700200DF114
:109170000701ECE7104890E7104B17F4F87F10490F
:10918000104818BF1946A6F1100207F074FB86E7D5
:1091900022F4FF7222F00102CAE700BF00ED00E0F6
:1091A000E6400100124101002A4101004C4101004A
:1091B0005B4101007B41010098410100CD4001006D
:1091C000B8400100BD410100064B5A6942F010024F
:1091D0005A615A6942F480625A615A6922F008025F
:1091E0005A61704700ED00E0EFF30880EFF309816A
:1091F00001B57246FFF718FF01BD00BF002080F3E4
:109200001488BFF36F8F002080F30A8880F30B88E7
:109210000F4880F3088803F0C3F800200D49086068
:10922000BFF34F8F00F02CF8402080F311880A48DC
:109230004FF40061401880F30988EFF31480022195
:10924000084380F31488BFF36F8F00F0E5F8000047
:109250004846002094ED00E0083500200023184621
:109260000649D1F89020C2F30722934200DB7047F1
:10927000C1F89830C1F8A0000133F6E700ED00E036
:1092800010B572B6002484F31388FFF7E7FF234676
:109290004FF0FF300C4A03F120010133102B42F84C
:1092A0002100F8D100234FF0FF30074A03F160019D
:1092B0000133102B42F82100F8D162B6BFF34F8F73
:1092C000BFF36F8F10BD00BF00E100E0084B9B684B
:1092D00083420BD1EFF3058343B1064B5A6842F04A
:1092E00080525A605A6A22F400425A6205F0D4B998
:1092F000EC21002000ED00E016498A684FF03000B4
:109300001044EFF3098C80E8F01F402080F31288AE
:10931000BFF36F8F104F4FF000664A698A603E605E
:10932000D2F884000D4C2060D2F888000023C2F8E7
:10933000883080F3118802F1300090E8F01F8CF340
:10934000098802F1000004B507F0D7FBBDE804402E
:1093500070470000EC21002004ED00E09020002088
:109360001EF0040F0CBFEFF30880EFF30980816952
:1093700011F8021C0229FFD001B5724607F0AEFBBE
:1093800001BD00BF00B2002807DB01234109034AE9
:1093900000F01F00834042F82130704700E100E0F8
:1093A00000B200280CDB01220649430900F01F002F
:1093B0008240203341F82320BFF34F8FBFF36F8FDC
:1093C000704700BF00E100E0D30748BF002100B2B2
:1093D00058BF02310028ACBF00F16040064A4FEA96
:1093E0004113DBB2ABBF00F5614000F00F0080F825
:1093F00000331354704700BF14ED00E0044B054ADE
:1094000023F07F039360BFF34F8FBFF36F8F7047DD
:109410000000000000ED00E008B5FFF7EFFF074A8D
:10942000D2F8883023F47003C2F88830FFF762FC6A
:10943000FFF76CFC00F046F804F064FA00ED00E081
:1094400042F8203C009B0B4942F81C3C019B21F058
:10945000010142F8183C029B42F8081C42F8143CF7
:109460004FF0807342F8043C0023203A0265C0F8B4
:10947000883070474D8A000000B50D4B1546986046
:10948000D0F884200B4B0E461A60436F83F30B8891
:109490002C4686F309880020034B9847204600217C
:1094A00000220023014C2047090B01004D8A0000D7
:1094B000EC210020902000201022014B1A617047FF
:1094C00000ED00E00023402040F20F1210B5044CE4
:1094D000E1180133934281F80003F9D110BD00BFB8
:1094E00000E100E008B5EFF30583064A103B02EB0C
:1094F000C30152F8330049688847BDE80840FFF7C8
:1095000075BC00BF482E01001FB5094C094A23460F
:109510000121094800F0FAF800230393074B0121C9
:10952000E41A01A80193029400F0FAF804B010BD07
:1095300000F0022000000020683A0100080B002023
:1095400010B50C7A0B6804F01F0223F01F031A43B6
:10955000CB68640923F01F03054943EA440343F041
:109560000103C1F89800C1F89C20C1F8A03010BDDB
:1095700000ED00E010B5074BD3F89030C3F307239C
:10958000013B984202D8FFF7DBFF10BD6FF01500DA
:10959000FBE700BF00ED00E02DE9F04F0F46144659
:1095A00006464FF000084D4D85B0B84580F29280D8
:1095B000D6F80490B9F1000F36D0B9F11F0F40F280
:1095C000878019F01F0F40F08380D6F800A01AF0B2
:1095D0001F0F7DD1504607F0BAFA834609EB0A0007
:1095E000013807F0B4FA834572D11BF1160F6FD022
:1095F0005C456DDDC5F898B0D5F89C10C5F898B0FD
:10960000D5F8A03021F01F0143F01F0AD6E900323F
:109610001A44994202F1FF391ED1CA4508D1314698
:109620005FFA8BF007F09CFA08F101080C36BCE7F2
:109630003146C5F898B0D5F89C3022F01F0203F0EF
:109640001F031343C5F89C30E0B207F089FA10F10C
:10965000160F3DD0441CE7E7C5F898B0D5F8A02018
:10966000013B23F01F0302F01F021343CA4531469A
:10967000E0B2C5F8A030E8D007F072FA10F1160F8A
:1096800026D0C5F898B0D5F89C209DF808300AF18E
:10969000FF3A62F304038DF80830D5F8A0309DF846
:1096A00008205B0863F347128DF80820D6E90032E2
:1096B0001344009323F01F035344A3EB0903013029
:1096C00023F01F036946C0B20393FFF753FFBEE7C1
:1096D0006FF01504204605B0BDE8F08F00ED00E006
:1096E0000522044BC3F89420BFF34F8FBFF36F8F55
:1096F000704700BF00ED00E0BFF35F8F0022024B18
:10970000C3F89420704700BF00ED00E010B5034C93
:109710002278FFF741FF207010BD00BF60280020B5
:109720002DE9F74F294D8A4606464FF00008AB4613
:10973000274FD0451BDAD6F80490B9F1000F3FD07F
:1097400031680846019107F002FA0199044609EBD5
:109750000100013807F0FBF984424FF014021D4B61
:1097600008D002FB08F36FF015024BF8032003B09A
:10977000BDE8F08F14F1160F2C60F8D01978A142D3
:10978000F5DD02FB08B0C7F89840C7F89840D7F855
:109790009C4000F10801007B64F304000871D7F8D5
:1097A000A0000C79400860F347140C71D7F89C10A6
:1097B00021F01F016960D7F8A01021F01F01296175
:1097C00008F1010814350C36B3E700BF94200020DF
:1097D00000ED00E060280020F0B54149414CD1F88F
:1097E00090302568C3F307239D4287B075D80020C9
:1097F000FFF782FF3C4BC1F8C030854216D13B4C8D
:1098000001A82570FFF762FA00250646384FAE42E0
:1098100013D1002023783249D1F89020C2F30722D7
:10982000934254DBFFF75CFF00202FE0616801EBFF
:109830000011FFF785FE0130DFE70199280101EBF8
:109840000513DA683A40B2F5001F21D0B2F5800F57
:109850002BD0B2F5801F38D15A689B680958013B5C
:1098600022F01F0003440120844623F01F0340EA36
:109870004C10CDE902218DF8100002A92078059343
:10988000FFF778FE00281DDA6FF0150007B0F0BD75
:109890005A689B680958013B22F01F0003444FF0AF
:1098A000020C012023F01F03E1E75A689B68095866
:1098B000013B22F01F0003444FF0000C062023F070
:1098C0001F03D4E723780133237001359FE7C1F8E4
:1098D0009830C1F8A00001339EE74FF0FF30D5E784
:1098E00000ED00E0743A0100AAFF44006028002067
:1098F0000000F0FF08B5024B1B689847002008BD28
:10990000A8200020034B044A1860937843F0020318
:1099100093707047A8200020CC07002008B50649A6
:10992000064821F00701C1F1005202F53C3206F071
:1099300048FF002008BD00BF7F540020AC2000205D
:1099400070B541690446867A0A4D59B1437ADB07FE
:1099500006D42C2303FB06535B6A1B689B6898475D
:10996000002363612C20214606FB0050BDE87040B7
:1099700008F0B1BB580A00202C22024B02FB003039
:10998000704700BF580A00202C21827A054B01FB4A
:1099900002339A6A1B7F801A1B3323F00303B0FB48
:1099A000F3F07047580A002038B52C24827A064B11
:1099B00004FB02335B6AD3E901240C601568FFF7EE
:1099C000E3FF04FB005038BD580A00202DE9F043A6
:1099D00085B00546684690461C46039108F096FD02
:1099E000DDE90067EFF31189402383F31288BFF3A9
:1099F0006F8F6B8B002B41D02A8B9A4225D9002286
:109A00000023284604F0C0F80446F0B189F3118819
:109A1000BFF36F8F039B002B41D032463B46684615
:109A200008F099FD2C21A27A254B204601FB023338
:109A30005B6A03A91B681D68DDE90023A847606114
:109A400070BB2046FFF77CFF24E0698B4B1E6B83C5
:109A500089F31188BFF36F8F2B7F2A8BAC6A1B337E
:109A600023F00303521A02FB0344154B154AEB1A69
:109A70009B105343A3722B7FE372CBE789F31188CA
:109A8000BFF36F8F23464246284604F07DF8044614
:109A90000028BFD10024204605B0BDE8F0836361F3
:109AA000012300252381039B29466382E27A6560B6
:109AB00004F1180009F064F863692582E360EAE7BD
:109AC000580A0020A38B2EBA70B52C250C4C00B977
:109AD00070BD037A4668002BFAD0013BDBB20372FB
:109AE000002BF5D1C3604360837A05FB03431B6AF7
:109AF00013B198473046EAE7FFF722FFFAE700BFC5
:109B0000580A002008B5254A254B1A6001F04EF985
:109B10004FF47A612348D0F82436C3F30802C3F324
:109B200009434B4382F4807201F10041883201F510
:109B3000FA6101FB02334FF4FA215B00B3FBF1F24F
:109B400001FB12331849B3F57A3F28BF0132C1F83F
:109B50000429D0F820364FF47A60C3F30802C3F327
:109B60000943434342F21C5082F4807202F21722EE
:109B700000FB02334FF47A701B0AB3FBF0F200FBD8
:109B80001233B3F5FA7F4FF0010328BF0132C1F859
:109B90001C27C1F80036002008BD00BF0020A10727
:109BA0007809002000C0FF000000125048B1054BAA
:109BB000054A1B68B3FBF2F35843044B43F001031F
:109BC000184770477809002040420F00403A0100D2
:109BD000BFF34F8F0549064BCA6802F4E062134396
:109BE000CB60BFF34F8F00BFFDE700BF00ED00E08B
:109BF0000400FA0508B500224FF480214FF0005010
:109C000002F07EFC0A4AD2F8183523F00103C2F8AC
:109C100018354FF0FF32074BC3F80026012203F539
:109C20009033C3F80025BFF34F8F20BFFDE700BF7F
:109C300000F00C5000E0105010B507F03EF808F0AE
:109C40002BFB0B4C18B1D4E8AF3F63B910BD04F047
:109C5000FBFBD4E8AF3F1BB9BDE8104004F008BCE3
:109C60000A209847F8E70A20BDE81040184700BFCF
:109C7000B820002038B50446084806F095FF054690
:109C800048B1631EDBB21F2B96BF054A0021D15C91
:109C90000C3006F0CFFF284638BD00BFB00A0020C8
:109CA000F3410100034BD3E8EF2FC3E8E10F002994
:109CB000F9D17047B82000200E38012810B50AD815
:109CC000094806F071FF044618B104210C3006F073
:109CD000B1FF204610BD09B10448F2E70220BDE8FB
:109CE0001040FFF7C7BF00BFDC0A0020580A002061
:109CF00010B5012104460C3006F0BDFF2146BDE839
:109D000010400023014A007806F0FEBF143B01001A
:109D100010B5012104460C3006F0ADFF2146BDE828
:109D200010400023014A007806F0EEBF143B01000A
:109D300010B5012104460C3006F09DFF2146BDE818
:109D400010400023014A007806F0DEBFFC3A010013
:109D50002DE9F04788461646824600286AD000233F
:109D6000DFF8D490D9E8EF4FC9E8E23F002AF9D1F3
:109D7000002C5FD02046FFF707FE0C232F4D27460F
:109D800003FB0050438853450DD0D9E8EF3FC9E8A5
:109D9000E27F002AF9D1002B4CD01F463846BDE89F
:109DA000F047FFF791BEA64208D0204606F0F7FE26
:109DB000328AF16804F10C0006F033FF2046FFF709
:109DC000E3FD0C2606FB00504368ABB1B8F1000F71
:109DD00012D12046FFF7D8FD012106FB0050426852
:109DE000D2E90003127A03F01F06B1405B09DAB131
:109DF00000EB830006F079FF2046FFF7C5FD0C2637
:109E000006FB00508368002BC8D02046FFF7BCFD3E
:109E1000704305F800802046FFF7B6FD06FB0055AD
:109E2000A86803F0E3FEB9E7C94300EB830006F03E
:109E300082FFE1E7BDE8F087E0060020BC200020BB
:109E4000054BD3E8AF2F02F00B02D3E8EF1FC3E8B6
:109E5000E02F0028F9D17047A40600202DE9F8432F
:109E60000C4604F0F1FAE268218A1378042B6DD1D4
:109E7000022908D82046FFF727FE002404F0F8FA4C
:109E80002046BDE8F88353783E2B08D10329F1D052
:109E9000D378012B01D00A2B49D1032705E0052BEC
:109EA000FBD00E3B012B42D8012704F10C063046B3
:109EB00006F0F1FE012105463046B4F8109006F098
:109EC000D2FE0221304606F0D6FE037880463E2BB5
:109ED00007D1E3681B78012B01D00A2B06D103269A
:109EE00014E0052BFBD00E3B012B29D941F2451381
:109EF000194A1A491A4806F0CBFC002383F311884B
:109F0000BFF36F8F0323184602DF0226154A03238F
:109F1000214698F8000006F0F7FEB20712D56369F3
:109F2000A4F8109013FA85F5E560BB07A5D5214686
:109F30000D4806F03DFE0D490D4808F078F99CE704
:109F40000126E3E72046FFF7BFFDEEE72046FFF7D7
:109F5000BBFD6FF0150491E7134201004742010079
:109F600060420100E43A0100E4060020DC08002021
:109F7000E019002038B51C4806F02FFE044688B3CF
:109F800000F10C05284606F07EFE04281DD1284667
:109F9000022106F070FE037805460E3B012B0ED819
:109FA00040F6A843114A1249124806F071FC0023FA
:109FB00083F31188BFF36F8F0323184602DF032357
:109FC00021460D4A287806F09FFE2046FFF77CFDCB
:109FD0000A4BD3F814312BB1BDE838400849094881
:109FE00008F025B938BD00BFE40600201342010087
:109FF0007D42010060420100FC3A0100D0050020D2
:10A00000DC080020E019002010B5C1E900239DF80C
:10A0100008300C460B72FFF7B7FC0C22024B02FB18
:10A0200000335C6010BD00BFBC200020F8B50246C4
:10A030000B46104806F0B8FD0446C0B104210C30B0
:10A0400006F0E5FD2046FFF79FFC0C2700260A4D91
:10A0500007FB005046802046FFF796FC07FB0050A8
:10A0600086602046FFF790FC07FB00556E60204697
:10A07000F8BD00BF840A0020BC200020034B01462D
:10A08000D3F8340182689268104700BFD0050020E1
:10A090000421014806F029BEA4060020014803F06F
:10A0A0001DBF00BFCC08002070B505460C4659B94D
:10A0B0004FF0FF304FF0FF31FFF7B8FF044618B9FB
:10A0C0006FF06805284670BD2046FFF75DFC0C2246
:10A0D000154BA61802FB003330465D8006F0DBFD11
:10A0E00003280BD90321304606F0ACFD0580238AF6
:10A0F0000121033B8370304606F0ACFD40F635434A
:10A100009D4208D12046FFF7B9FF054648B12046D9
:10A11000FFF7DAFCD6E72146044807F0D1FFFFF746
:10A12000BDFF0025CEE700BFBC200020EC060020CC
:10A1300038B502460B46244DD5F81C1109B900204C
:10A1400038BD05F1F80003F08BFD0028F7D100229F
:10A15000002305F58E7003F017FD044668B940F63C
:10A16000B8431A4A1A491B4806F092FB84F3118837
:10A17000BFF36F8F0323184602DFD5F8100120B11B
:10A18000FFF7A2FC0023C5F81031204606F03BFD86
:10A19000C5F810012046FFF771FF98B10E4803F093
:10A1A00025FD2046FFF7F0FB0C220C4B1F2102FB84
:10A1B000003022464088FFF7CBFD2046FFF784FCA5
:10A1C000FFF76CFF0120BBE7D00500201342010020
:10A1D000AB42010060420100C8060020BC20002004
:10A1E0002DE9F04F064617460C4687B069B94FF087
:10A1F000FF304FF0FF31FFF719FF044658B96FF0F9
:10A200006805284607B0BDE8F08F887AFFF7B4FBF1
:10A21000444B83427FD101220021684607F069FF49
:10A220002046FFF7B1FB0C23DFF8FCA003FB00A0E6
:10A23000C0F808D0204606F0E6FC01463046FFF79D
:10A2400033FF054618B12046FFF73EFCD9E708F07A
:10A2500021FD364B1A58364B9A421FD1DFF8D4B045
:10A26000354807F042FF002181463448FFF760FF80
:10A27000804688B94FF4F9735A463149314806F09F
:10A2800007FB3146304806F003FB88F31188BFF323
:10A290006F8F0323184602DF4C45E1D10023684647
:10A2A000264A03F0DDFC804698B14FF4FC73214A46
:10A2B0002649244806F0ECFA42463146244806F086
:10A2C000E7FA002383F31188BFF36F8F0323184647
:10A2D00002DF2046FFF758FB0C2358431AF80060B2
:10A2E000AEB12046093EFFF7EFFB092E0CD8DFE8A0
:10A2F00006F0150B0B08050B0B0B0B126FF00B0583
:10A300007FE76FF00C057CE76FF0040579E7002F1D
:10A3100099D03C6075E76FF0150572E76FF06E0538
:10A320006FE700BF840A0020BC2000200800000066
:10A33000F01E002013420100EC060020B4C404000B
:10A34000AF42010060420100B7420100D742010064
:10A35000E0420100F7B5002240F603401146FFF746
:10A360003FFF0446002853D1FFF76AFD214641F222
:10A37000030001AAFFF734FF0446002848D1019AE0
:10A38000854DD16805F17803D1F80100D1F80510A9
:10A3900003C31046FFF798FB214641F2010001AAD2
:10A3A000FFF71EFF044698BB0198C3685A7885F8EA
:10A3B00070205A88A5F872201A7985F87120B3F8B0
:10A3C0000720A5F87420B3F80530A5F87630FFF71C
:10A3D0007BFB214641F2020001AAFFF701FF044680
:10A3E000B0B9019F05F18006FA68531C413234462A
:10A3F00018685968083303C493422646F7D1384693
:10A40000FFF762FB95F87C30580604D46FF0120415
:10A41000204603B0F0BD002142F2030001AAFFF77D
:10A42000DFFE04460028F3D1019A5C4BD168D1F8D5
:10A430000100D1F8051003C31046FFF745FB1F23A9
:10A44000A5F8E83095F87C30990619D44FF0FF3024
:10A450004FF0FF31FFF7EAFD0646002800F0998033
:10A4600002210C3006F0D7FB012344702246037012
:10A47000314640F66D40FFF7B3FE04460028C7D1D1
:10A4800095F89C301A0712D5002142F21C0001AA4F
:10A49000FFF7A6FE04460028BAD10198C368D3F896
:10A4A0000120D3F80530C5E93823FFF70DFB4FF045
:10A4B000FF304FF0FF31FFF7B9FD0446002868D0A8
:10A4C00008210C3006F0A7FB022700222146077066
:10A4D00042708270C270027142718271C27142F226
:10A4E0000100FFF77DFE0446002891D14FF0FF30B8
:10A4F0004FF0FF31FFF79AFD0646002849D00821AA
:10A500000C3006F088FB8023437020230470847095
:10A510000471447184712246C770C371314640F69C
:10A520000140FFF75DFE044600287FF471AF01464D
:10A5300001AA4FF60140FFF753FE044620BB0198E5
:10A54000FFF7C2FA21464FF6024001AAFFF748FE84
:10A550000446C8B90198C368B3F80130A5F8C13002
:10A56000FFF7B2FA95F8C1305B070DD521464FF6DB
:10A57000034001AAFFF734FE30B90198C3685B7845
:10A5800085F8C030FFF7A0FA03B0BDE8F04000F056
:10A590006DBA6FF068043BE7D0050020A8060020E4
:10A5A00073B5264D0646D5F8340107F0A6FC002801
:10A5B0003CD06FF0020105F1D40006F0BCFB012194
:10A5C00006F093FB10EA010433D11D4B1E600A46CE
:10A5D00005F1F80007F08DFD05F58E7007F064FDBC
:10A5E000184807F034FE6FF007034FF40062164975
:10A5F0001448009403F078FC1449124807F052FE06
:10A60000D5F83401124983681B689847044628B975
:10A610003EB9FFF79FFE78B9FFF73AFD204602B03A
:10A6200070BD05F1C40003F059FCF7E76FF01204A8
:10A63000F4E76FF07704F1E70446EFE7D005002078
:10A64000C8200020E019002008290020254301002F
:10A650005D9E000010B5FFF77DFE044608B9FFF7C8
:10A6600017FD044B1B681BB12046BDE8104018477E
:10A6700010BD00BFC820002038B5044603210C30AF
:10A6800006F0F9FAE3680578197840F63543B0F832
:10A69000010098420AD02246FFF75AFB35B1044820
:10A6A00003F0A4FABDE83840FFF7F8BC38BD00BF9E
:10A6B000C806002038B5042104460C3006F0DBFA49
:10A6C0004578017822464088FFF742FB35B10448BF
:10A6D00003F08CFABDE83840FFF7E0BC38BD00BF9E
:10A6E000C8060020F8B506460024094DEF79E3B20C
:10A6F0009F4202D86FF0010007E02946304606F07D
:10A700002DFB0735631C08B12046F8BD1C46EEE75B
:10A71000D005002070B5144E06223146044608F0DC
:10A7200037FAE0B14FF0FF304FF0FF31FFF77EFC1A
:10A730000546B0B1062221460C3006F072FA00221E
:10A74000294642F20500FFF74BFD48B9334622681F
:10A7500043F86929A288B280012283F8682000208A
:10A7600070BD6FF06800FBE73906002037B504467E
:10A770000D4689B12846184906F0F0FA60B9174A23
:10A780002968C4EBC4041151A318AA889A80AA7935
:10A790009A71002003B030BD684606F080FA0028A8
:10A7A000F8D16846FFF79EFF0028F5DA0B4A0098BB
:10A7B000C4EBC40410519DF80610BDF80400A318A2
:10A7C00098809971002DE4D012592A609A88AA8045
:10A7D0009B79AB71DDE700BFE0410100D0050020AF
:10A7E00070B5044611B16FF0150070BD80B11B4902
:10A7F00006F0B4FA60B92046FFF774FF002827DAA4
:10A800002378012BEFD1A37903F0C003C02BEAD149
:10A81000134DEB79012B1ED005F1D403D3E8AF3FE4
:10A82000DB0707D4002CDED020460C4906F096FA50
:10A830000028D8D1EE792146731C3046EB71FFF722
:10A8400095FF08B93046D0E7EB79013BEB71CCE7D7
:10A850006FF07700C9E76FF00B00C6E7E041010039
:10A86000D00500202DE9F3410446D8B1002141F282
:10A87000090001AAFFF7B4FC054698B9019E06221B
:10A88000D6F80C80104908F10107384608F080F925
:10A8900028B1062238460D4908F07AF930B9304619
:10A8A000FFF712F9002002B0BDE8F081D8F80130BE
:10A8B0003046C4F80130BB882570A4F80530FFF796
:10A8C00003F90120EFE700BFED410100E74101007E
:10A8D00007B56846FFF7C6FF044BD87118B1694643
:10A8E0000020FFF743FF03B05DF804FBD005002014
:10A8F000F0B5294D89B0EE79002E46D195F8C230D9
:10A90000DB0722D56A4631464FF60940FFF768FC5F
:10A91000D8B9DDF800C0DCF80C406378012B1E4686
:10A9200028BF012673B1A31C02AA12341746186867
:10A930005968083303C7A3423A46F7D1186838600C
:10A940009B88BB806046FFF7BFF8EE710024162697
:10A950000127EB79E0B2834202D8B3B1002012E0C4
:10A9600008AB06FB003353F8182C33F8143C694647
:10A97000CDF80120ADF805308DF80070FFF7F6FE38
:10A9800001340028E5D009B0F0BD0021084609B027
:10A99000BDE8F040FFF724BFD00500202DE9F041CD
:10A9A0000D4617461C460646002856D0002B54D0AC
:10A9B0000A03037808D56D074FD406F0DFF90028A5
:10A9C00049D1012323700CE0A9072CD026480FB1F0
:10A9D000AA0608D4C3EBC302825C012A12D002B9D2
:10A9E0002270002037E090F8D820510638D5C3EB0C
:10A9F000C302825C012A05D002B92270237843F099
:10AA00000203DFE74FF00108072111FB0381014436
:10AA1000304606F0ABF9F0B984F80080002FE0D0A2
:10AA2000AB06DED5EAE76A0711D50F49C3EBC302CF
:10AA30008E5C012E08D1072212FB0363194406F035
:10AA400095F940B92670EBE7002EE9D1FAE706F058
:10AA500095F901232370BDE8F0816FF01500FAE746
:10AA60006FF08500F7E700BFD005002010B50A4C55
:10AA7000E3790BB1002010BDFFF72AFF0028FAD1BF
:10AA8000E379002BF6D1FFF733FF0028F3D1601CE8
:10AA9000BDE81040FFF73EBED0050020F8B5456880
:10AAA0000646690535D4046914B115F0030330D0A6
:10AAB000194F3078FB7983422BD9C0EBC0000722B5
:10AAC0001649384408F064F8A8B115F0030306D11C
:10AAD00097F87020082A02D8B2689F2A19D915F071
:10AAE000300F09D0ACB1EA060AD405F46035B5F5EB
:10AAF000603018BF0120F8BDEB0601D4002CF4D162
:10AB0000D6E902239A4204D81F2A02D9B3F5804F0E
:10AB1000EBD90020EFE700BFD0050020E0410100A5
:10AB2000F7B5CDE90001694642F2080016461D4618
:10AB30009DF8207006F04FF9044648B95FB90B4BF9
:10AB4000D3E8EF1F41F00401C3E8E21F002AF7D168
:10AB5000204603B0F0BD694642F20900CDE9006528
:10AB600006F039F90028EAD00446F1E7F80500209C
:10AB70002DE9F04F7A4ED0F810B00546BBF1000435
:10AB8000304687B018BF012406F022F90F4641076E
:10AB900091469A4640F1C6802846FFF77FFF60B98C
:10ABA0006FF015043846002340F20111994540F03A
:10ABB000C280204607B0BDE8F08F284606F0F5F8C1
:10ABC00080460028ECD0A6F1AC0006F001F9C205E1
:10ABD000C0F3002300F1A980CDE90333CDF8133091
:10ABE000AB686868ADF80830EB68ADF80A3006F07D
:10ABF000E0F88DF81500D6E8EF3F23F48073C6E83F
:10AC0000E23F002AF7D12A780DF10D0306F8BC2C9B
:10AC100006F8652C69682246A6F1BC00FFF7BEFE67
:10AC200004460028BED1A6F1B303BBF1000F11D03A
:10AC30002A69116846F8B31C9188998092799A71B3
:10AC40006B689C074AD1990502D4BAF1000F59D01C
:10AC500002230BE0434A116846F8B31C91889279AD
:10AC600099809A716B689807EDD05B468DF80C302F
:10AC70004FF0FF304FF0FF31FFF7D8F904460028BE
:10AC800056D00F2202A90C3005F0CBFF214600223E
:10AC900042F20600FFF7A4FA0446002882D1BBF175
:10ACA000000F33D00121304806F004F90446002893
:10ACB0007FF478AF6A682D4812F0030218BF0122B2
:10ACC000092106F0E2F842460A2106F0DEF86A6839
:10ACD0000C21C2F3800206F0D8F863E713F0100FDE
:10ACE0000CBF012304238DF80C302B691A68CDF8B2
:10ACF0000E209A88ADF812209B798DF814304FF011
:10AD00000008B5E703238DF80C30F8E752464946B2
:10AD10003846109BCDF80080FFF702FF044600285C
:10AD2000C0D03FE76FF00A043CE76FF0770439E7E3
:10AD30006FF0680436E702888A4204D1426812B193
:10AD40001278D20702D4013308302FE708490948A6
:10AD500007F083FA0023084A064803F05DF928E764
:10AD6000A4060020E0410100E8050020F8050020CD
:10AD7000070F0100000600201C4E0E0008B5094810
:10AD800006F0BEF8084806F023F80346DB05C0F3DA
:10AD9000002005D5BDE808400021024806F08AB829
:10ADA00008BD00BFE8050020F80500200122024B85
:10ADB000C3F80424704700BF002008E0084B70B5BA
:10ADC000C31A0D4607499B100446594340220648C2
:10ADD00006F0A4F82B4601462046BDE8704018470F
:10ADE000E0200020B76DDBB6482D0100402373B58D
:10ADF0000B4C0093041B0B460D460A49A4106143FB
:10AE00000646094A094806F0B5F8011E05DA30463B
:10AE10002B4602B0BDE87040184702B070BD00BFBD
:10AE2000E0200020B76DDBB6DF0F0100482D0100E8
:10AE3000F8B500220121054640F20510FEF7C4FADC
:10AE40000F4801F07DFA0446B8B906F0B2FB2F694D
:10AE50000C49384605F082FD031E09DB01263E64DD
:10AE60002D69084905F11C0005F078FD031E02DA82
:10AE70001C462046F8BDEE64FBE76FF00404F8E7DB
:10AE8000FF0F0100283B01007FB500220123CDE91F
:10AE9000022304ABCDE90433094A6B46CDF800D058
:10AEA000CDF804D006F094F8002805DB43F60952EB
:10AEB0000023684602F0D4FE07B05DF804FB00BF33
:10AEC000F10F010010B5EFF31184402383F31288D2
:10AED000BFF36F8F074A136823F00201DB0711608D
:10AEE00002D4012006F05FFB84F31188BFF36F8F5B
:10AEF00010BD00BF302100200C22104B014602FB88
:10AF00000033002030B4D3E90E529863EFF3118080
:10AF1000402484F31288BFF36F8F1C6C04F0C004CC
:10AF200044F002041C6480F31188BFF36F8F1DB1DD
:10AF30002B4630BC0248184730BC7047E020002048
:10AF4000482D010010B4EFF31182402383F31288DF
:10AF5000BFF36F8F1648016841F002040460C80710
:10AF600007D482F31188BFF36F8F012010BC01F06A
:10AF7000D7B91049D1F80C14C903F2D5EFF31180F9
:10AF800083F31288BFF36F8F0B490B6C03F0C00380
:10AF900043F002030B6480F31188BFF36F8F82F3D9
:10AFA0001188BFF36F8F002010BCFFF7A5BF00BF53
:10AFB0003021002000E01050E0200020C3B21C200F
:10AFC000014A03FB00207047E02000202DE9F041FA
:10AFD000012207463449D1E8EF3FC1E8E02F0028BD
:10AFE000F9D133B9314932484B60CB608A6005F002
:10AFF000C8FC7B1E012B28D8012F06D12D4BD3F87E
:10B00000503403F00303012B1FD007F045F9054628
:10B01000E8B9294B1B78D3B104220646254BC3F867
:10B020000823244CDFF89480D4F84C24D4F84C3412
:10B03000D20315D503F00303012B01D0012F0FD14B
:10B0400065B386F31188BFF36F8FBDE8F081EFF32E
:10B050001186402383F31288BFF36F8F0125E0E749
:10B06000BDB1304605F064FDD4F8403413F0FF0361
:10B07000DAD1D4F80821002AD6D0C4F80831D4F89F
:10B08000083120220123C4F84034C8F8A0212361EC
:10B09000CAE70021202003F0A7FAE5E70422054BC8
:10B0A000C3F80423D1E700BFDC200020CC2000201F
:10B0B000FC20002000E010500329002000E100E007
:10B0C00010B5044C2046FDF7A3FC2046FEF71AFC01
:10B0D000002010BDD9B0000073B5044603250F4E03
:10B0E0008DF80700012200200DF1070102F00EFB90
:10B0F00020B101233370204602B070BD3378002B9D
:10B10000F9D0013D08D007F0C7F80028EAD10021A6
:10B110003F2003F069FAE5E73570ECE7612800208D
:10B120002DE9F04340F206354768D00648BF4FF09E
:10B13000030C3B7C02EA050558BFC2F3401C87B0F4
:10B1400001F01F06B5F5837F144646EA43168DF8D5
:10B1500003C046D00DD8062D45D005D8A5B1022D87
:10B1600012D06FF0150039E0B5F5807FF9D10125D7
:10B170000AE040F20222954237D0B5F5407F36D042
:10B18000B5F5007FEDD104250123220303FA01F177
:10B190002FD57B685960B86880BB5F2E06F01F030F
:10B1A0004FEA561173D83C4A52F8212084F480317A
:10B1B00002EB8302D2F88030C1F30041C4F3404473
:10B1C00023F4706344EA410423F00F031C4344EA70
:10B1D0008C0444EA0524C2F88040002007B0BDE892
:10B1E000F0830925D0E70825CEE70625CCE705251D
:10B1F000CAE7630344BF7B689960CCE731460DF131
:10B20000020206F0F2FB14F4403F80460CD13146B6
:10B21000B86806F003FCB8F1000FDED19DF802100B
:10B22000B86801F0A9FAD8E74FF0000901ABCDE901
:10B230000199CDE90439CDF80C903146B86803AADC
:10B2400006F017FB4845C8DB14F4003314D09DF812
:10B25000033084F48034C4F300448DF80E308DF84C
:10B260000C508DF80D404B463146B86803AA01F0EA
:10B27000D1F90028CFDAB0E7CDE904330DF10303AB
:10B2800003933146B86803AA06F0F3FAF1E72033D6
:10B2900050F82330FFDE00BF443B01004209022A80
:10B2A000034670B503D0012A18D0CAB170BD0E4E46
:10B2B000326951680029F9D0012503F01F030C6899
:10B2C0009D400029F2D08A682A4002D030464B685F
:10B2D00098473CB1236821461C46F2E7034EE7E756
:10B2E000034EE5E72346F6E7A82D0100882D01006F
:10B2F000682D010038B54568A868C0B106F088FB24
:10B300000146A0B9A86801F0FFF9044688B90246D1
:10B310000949A86806F066FB22460121DB20FEF7FA
:10B3200053F82246012140F20D10FEF74DF800209F
:10B3300038BD6FF00400FBE79DB20000F0B5456832
:10B340001646A8682A7C01F01F0487B044EA42141C
:10B35000002868D0B6F5001F04D1214606F0B2FBE4
:10B36000002051E00020B6F5800F01AA0190506046
:10B3700039D1B3F1007F14BF052304238DF80430C5
:10B380000023CDE904230393EB680DF1030723FAAF
:10B3900001F111F0010139D1B6F1A07F36D104F0ED
:10B3A0001F035F2C4FEA541003F120033ED8214ABB
:10B3B00052F8202052F82330DB0727D43A462146A2
:10B3C000A86806F012FB163018D002972146A8682C
:10B3D00003AA06F04EFA002816DB01222146A868CF
:10B3E00006F01EFBBCE7B3F1C06F05D0B3F1007FE0
:10B3F00014BF01230223C1E70323BFE73946A8682E
:10B4000001F0C4F90028E0DA07B0F0BD3A46214661
:10B41000A86806F0EAFA0028D8D19DF80310A868B9
:10B4200001F0AAF9D2E76FF08500EDE751F823307B
:10B43000FFDE00BF443B0100082913B528BF0821E7
:10B440000C46084AD2F80433D2F808231BBA12BAC1
:10B4500000920A466946019307F085FB204602B038
:10B4600010BD00BF00C0FF00044B054A01219362DC
:10B47000044AC8201A600022FDF7A6BF5821002008
:10B48000EC08002000800C502DE9F04F4FF0FF3CFD
:10B49000002440F2FF16484FE3B28B4202D3002053
:10B4A000BDE8F08F50F82450C5F3C32EBEF1080F4D
:10B4B000C5F3080373D8B34217F80E904FEA156E20
:10B4C00032D0BEF10C0F4AD1C2F80436B9F1000FE8
:10B4D00042D1C8464FF0080950F824B003F01F0AC3
:10B4E0000BF40045002D0EBFC6464FF0010E4FF085
:10B4F00000085F2B4FEA531557D8304BCBF3412B45
:10B5000053F825502E4B05EB8A05D5F880A00AEAA2
:10B51000030343EA8B0343EA092343EA080343EAAC
:10B520004E03C5F8803004E0BEF10C0F03D1C2F821
:10B5300004C60134B0E7BEF1380F2AD04FF0FF3314
:10B54000BEF10B0F2ED1B9F1000F08BF4FF0080963
:10B550005D1CC2F80036ECD04FF00008BCE7BEF12D
:10B56000380FEDD15F2B05F01F054FEA531811D8A6
:10B57000DFF848E05EF828E04FF001080EEB850E9A
:10B58000DEF8805025F0E04545F08045CEF880504B
:10B59000A2E71F250023203553F82530FFDE6FF08A
:10B5A00015007DE76FF085007AE700230AF1200A95
:10B5B00053F82A30F2E700BF6F430100B83B0100A7
:10B5C000F0F0FCFF70B40D4CD4E90065901B63EB08
:10B5D0000501400940EAC1604101891945EBD06588
:10B5E000C4E90015002400250549C1E90023054BE5
:10B5F000C3E9004570BC03F045BA00BFB01A002093
:10B60000981A0020A81A002008B500220121E42081
:10B61000FDF7DAFE164A0020D2F8183723F440333B
:10B62000C2F8183701F040FA002820DB0120114948
:10B6300001F0F2FA00281ADB01F004FA0E4B20F0B8
:10B640001F00C3E900010D4B0022C3E900014FF0C8
:10B65000FF304FF0FF310A4BC3E90001094B0A49A3
:10B66000187A01F0FFF967220020084B1A6008BD24
:10B6700000200E5020090020B01A0020901A00204F
:10B68000981A002018090020C5B50000B821002034
:10B6900070B501248440E243084BD3E8EF5F05EA2C
:10B6A0000201C3E8E61F002EF7D1C0B201F032FC60
:10B6B0002C4214BF0120002070BD00BFB821002023
:10B6C00069B10123064A8340D2E8EFCF4CEA030C6C
:10B6D000C2E8E1CF0029F7D1C0B201F031BC704718
:10B6E000B82100202DE9F04F8BB00446884601F0C8
:10B6F00041FB002800F0868001F0A4F94FF0000B18
:10B700000746DFF8089104A8039101F075FADDE916
:10B7100004239D1809FB05F5ED0B05F57A7504A8C2
:10B720008DF818B001F04CFAAC4278F1000357D311
:10B73000EFF31186402383F31288BFF36F8F344DEC
:10B74000284601F0A5F9031E07DA86F31188BFF336
:10B750006F8F18460BB0BDE8F08F287801F0DAFB48
:10B76000A4FB0901294A09FB08110023FBF76EF924
:10B7700095F800A0039B10EB0709504643EB01042A
:10B780004FF00108FFF784FF234607464A46CDF8ED
:10B79000008007A8CDE907BB8DF824A001F054FB79
:10B7A000394603905046FFF78BFF039B002BCCDB01
:10B7B000672494FAA4F7B7FA87F72B78BB4202D034
:10B7C000384601F0DFFA08FA07F7BC43F1D12A78CE
:10B7D000104B92009B5833B186F31188BFF36F8FE3
:10B7E0006FF01503B5E70C4BD3F8A406074B58438D
:10B7F000C00B4D3006F065FB86F31188BFF36F8FE9
:10B800002346A6E76FF08503A3E700BF40420F0081
:10B810007228002000210E5000200E5008B501F0C3
:10B8200011F9064AD2E90032C01A054B61EB020158
:10B83000C3E90001400940EAC16008BDB01A002018
:10B84000A81A002010B501F047FA0120FFF7B6FB57
:10B8500005F0EEF8BDE81040054B064A1B684FF4B2
:10B860007A70B3FBF2F35843034B43F001031847DC
:10B870007809002040420F00503A0100F7B5224BF2
:10B880000146224F187A224BD7E90056D3E900230C
:10B890009E4208BF954211D1B1F1806F0ED249018D
:10B8A000012938BF012101224D1946F10006C7E9DF
:10B8B000005603B0BDE8F04001F00CBB154BDFF8BB
:10B8C00058C0D3E90043DCE9002CA41843EB0C0C6E
:10B8D0004FF0200E22466346C1FB0E23954276EBC5
:10B8E0000301C7E900230DD2291B66EB0C04C8290C
:10B8F00074F10004B4BF01210021009101F06CFA41
:10B9000003B0F0BD0021F8E718090020A01A0020BC
:10B91000981A0020B01A0020A81A002037B5046930
:10B920000D4694F839304BBB0B7B022B29D10B68A9
:10B930000BBB94F838204B68D2B9134A591E914278
:10B9400019D8636320460DF1070106F0E6F910F1FE
:10B950000C0F0BD0AB689DF8070013B104EB80020D
:10B96000536194F83830013384F8383003B030BD77
:10B97000626B9A42E6D06FF01500F7E76FF00F00A8
:10B98000F4E76FF08500F1E7FEFFCF0710B5002266
:10B990000469012140F20910FDF716FD002320463D
:10B9A000BDE810401946014A06F093B9B1B900004C
:10B9B000B0F5827F2DE9F0410C4602D10C4802F02F
:10B9C00015F94FF001080B4E0B4F0CB9BDE8F08193
:10B9D00094FAA4F5B5FA85F506EB85035B6913B116
:10B9E00029463846984708FA05F524EA0504ECE7A5
:10B9F0006009002024090020E82D010002460B46C2
:10BA0000014801F0F9BF00BF2C0A0020014802F0F4
:10BA10006BB800BF2C0A00201FB500240A22019435
:10BA20000294CDF80B400091014601A807F0C0F840
:10BA3000009A01A9074804F01EFF074804F01BFF05
:10BA400084F31188BFF36F8F0323184602DF04B01D
:10BA500010BD00BF884301009641010070B5064645
:10BA600086B00D461848194906F0C5FB01A8F4F741
:10BA70008BFE174806F041FA00B3164B6846009358
:10BA8000F4F7A0FEE8B94FF0FF304FF0FF31FFF7B9
:10BA9000B5FF044638B910491048F4F737FE04469C
:10BAA00020B1FFF7B3FF204606B070BDFFF7AEFF31
:10BAB00033690B481D60FEF7F5F8F4E76FF01204E8
:10BAC000F1E76FF01504EEE7C0210020D514010066
:10BAD000C82D01008DBB0000B81A0020A5BB0000D6
:10BAE00005BD00001FB52848F4F78EFD0446002868
:10BAF00044D1F4F75BFE0221204601AA8DF80440F0
:10BB0000F4F7B6FD031E38DB08230721204601AAFF
:10BB1000ADF80430F4F7ACFD031E2EDB4FF01B1321
:10BB2000019340F203230321204601AAADF8083017
:10BB3000F4F79EFD031E20DB01230421204601AA09
:10BB40008DF80430F4F794FD031E16DB1F23062145
:10BB5000204601AAADF80430F4F78AFD031E0CDB81
:10BB600040F2622293420CDD84F31188BFF36F8FA1
:10BB70000423184602DF6FF00B031C46204604B076
:10BB800010BD2346F9E700BF19BA000010B4034600
:10BB90000A46034881680C681946234610BC1847BA
:10BBA000C82D010070B53C4C94F84730F3B194F8BF
:10BBB0004730042B43D120783E2829D0FF282DD0B0
:10BBC000002563780233472B5CD8002200232946E6
:10BBD000FEF772F8064630BBCDB1002384F847303B
:10BBE0002E492F48BDE8704006F021BB4FF0FF30D2
:10BBF0004FF0FF31FFF702FF48B9204604F147013B
:10BC000000F0ECFA0546FFF701FF002DCFD070BD24
:10BC1000A578022D14BF00250125D2E7A57805F0EF
:10BC2000FD05802DF6E762781B4902320C3004F0E6
:10BC3000F8FF31461B4B1B681B489847CDE7022B8A
:10BC400014D1002200230820FEF714F8054600282E
:10BC5000DDD062880432472A14D80F4905F10C0060
:10BC600004F0DFFF0F4B29461B68E5E7082BB4D132
:10BC7000002200232020FDF7FDFF628805460028F2
:10BC8000E8D1C4E7002383F31188BFF36F8F042347
:10BC9000184602DFA1E700BF73280020C021002062
:10BCA000201D0020BC210020082E010038B50B8A81
:10BCB0000D461BB96FF01504204638BD01F10C008C
:10BCC00004F0E1FF0128F5D14FF0FF304FF0FF31D4
:10BCD000FFF794FE04460028EED1E86800F02EF845
:10BCE0000446FFF793FE002CE6D10449044806F011
:10BCF0009EFA2846FDF7E8FEDEE700BFC0210020DF
:10BD0000201D00200A4B93F84730042B02D18107F5
:10BD100009D47047022B02D1020704D47047082BC4
:10BD200005D1830603D50349034806F080BA70475E
:10BD300073280020C0210020201D0020F7B5C34D2E
:10BD400006462B78002B40F0428204238DF8073002
:10BD5000BF4B04881F68B7B10DF106030DF1070250
:10BD6000691CB84701280ED09DF80630002B40F022
:10BD7000EE809DF807300E22AB7001236A70EB70E5
:10BD8000AC80A871ECE0A30A082B6BD009D8032B78
:10BD90000ED0042B1FD0012040F206439C427DD1DF
:10BDA000D5E03F2B00F03F81012001280AD0E0E7D9
:10BDB00040F60142B6F90030934205D040F6034206
:10BDC000934205D00120C2E0F01CFAF7AFFFECE788
:10BDD000F4F7C6FDE9E73388A3F58053013B082B50
:10BDE000F0D801A252F823F00DBE00001FBE0000E3
:10BDF00033BE0000C5BD0000C5BD0000C5BD0000CC
:10BE0000C5BD0000C5BD000053BE00009DF8073051
:10BE1000904808338DF80730FBF711F8C5E79DF817
:10BE200007308C4840338DF8073005F055FB002073
:10BE30009FE700229DF8073008338DF80730854BC7
:10BE40001A605A60EB7A23F0600343F06003EB72F0
:10BE5000EDE79DF807307F4806338DF80730FAF795
:10BE6000F0FFA2E7304642F21C0130F8033B1AB261
:10BE70008A4259DCB2F5005F42F2640213DC94425C
:10BE8000A0D000F2188142F219039C4200F2928184
:10BE900042F20C0301209C4200F27A8140F21D43E1
:10BEA0009C4254D081E7A3F50053013B1B2BE6D8FD
:10BEB00001A151F823F000BF41BF00006BBF00009B
:10BEC0007DBF00007FBE00008FBF000095BF000057
:10BED0009BBF0000ADBF0000B3BF0000B9BF0000B2
:10BEE0007FBE00007FBE00007FBE00007FBE00005E
:10BEF0007FBE00007FBE00007FBE00007FBE00004E
:10BF00007FBE00007FBE00007FBE00007FBE00003D
:10BF1000C5BF0000D7BF00007FBE00007FBE00008D
:10BF20007FBE0000E9BF000042F24B039A4271D08D
:10BF300042F27C039A4242D042F264039C429FE761
:10BF4000FAF781FF42F264039C4240F014810F2310
:10BF50006B700423AB700123E8702B71A5F80540CA
:10BF6000012300202B7003B0F0BD9DF80730394845
:10BF700003338DF80730FAF76BFFE3E79DF80730DE
:10BF8000344808338DF80730FAF764FFDAE7FAF738
:10BF900063FFD7E7FAF762FFD4E79DF807302D4833
:10BFA00001338DF80730FAF75BFFCBE7FAF75AFF5A
:10BFB000C8E7FAF759FFC5E7FAF758FFC2E7FAF7FB
:10BFC00061FFBFE79DF80730224910338DF8073035
:10BFD000FAF74EFFB6E79DF807301E4808338DF894
:10BFE0000730FAF747FFADE79DF807300020083328
:10BFF0008DF807300323EB7142F264039C42E87230
:10C00000A5D059D842F219039C4200F2D48042F2E2
:10C010000C0340E79DF807300E4802338DF80730D7
:10C02000FAF72EFF8EE730464FF60C5230F8033BFE
:10C0300093423CD84FF6015293420DD803F2FF329F
:10C0400092B20A2A26D9012049E000BFBB2800206D
:10C05000D0210020C2280020A3F57D43023B0A2BFB
:10C06000F1D801A252F823F051C1000057C10000DD
:10C070005DC1000063C1000047C0000047C0000070
:10C0800047C0000047C0000047C0000047C0000094
:10C0900069C10000A3F57C43013B0A2B6AD8DFE8A5
:10C0A00003F016246969694B696939424E004FF6FD
:10C0B0001D5293425BD0012042F285039C420ED870
:10C0C00042F267039C426AD842F26603E8E69DF8B2
:10C0D000073040480C338DF80730FAF72CFE4FF646
:10C0E000025224F008039342DBE600209DF807305B
:10C0F00040338DF80730374B1880EB7923F023035A
:10C1000043F02303EB712B7A23F0070343F007037B
:10C110002B72E4E79DF807302E4817338DF807306F
:10C12000FAF726FEDBE79DF807302A4820338DF822
:10C130000730FAF741FED2E7FAF718FECFE79DF88D
:10C140000730244801338DF80730FAF752FEC6E76E
:10C15000FAF765FEC3E7FAF764FEC0E7FAF763FE95
:10C16000BDE7FAF766FEBAE7FAF765FEB7E7FAF752
:10C1700064FEB4E7012042F264039C429CD842F280
:10C1800019039C4217D842F20C039C427FF604AE7E
:10C19000A4F500530D3B41F241229BB204E0A4F50B
:10C1A0000153283B0C4A9BB222FA03F3DB077FF5CD
:10C1B000FCADCCE6012042F232039C423FF4C7AE14
:10C1C000A4F50153033B012B3FF6EFADBFE64FF063
:10C1D000FF30C8E6C22800202F80402038B5094C27
:10C1E0000D4623781BB9BDE83840FAF78FBDA27819
:10C1F000611C023206F0B7FC0020042320702B7073
:10C2000038BD00BFBB28002070B505460E46084C5F
:10C21000204605F072FE38B1A36829462046B2B226
:10C220001B68BDE8704018476FF0120070BD00BF7A
:10C23000C82D01001FB500240A2201940294CDF8F4
:10C240000B400091014601A806F0B2FC009A01A93A
:10C25000074804F010FB074804F00DFB84F3118835
:10C26000BFF36F8F0323184602DF04B010BD00BF79
:10C27000B943010096410100322337B50125ADF8DD
:10C28000043000231C216846104A8DF80630ADF8B2
:10C2900000508DF80230FAF715F9044698B904F009
:10C2A000B8FE80B2FAF76EF82A4621468520FDF7DF
:10C2B0008BF82A462146E520FDF786F82A462146D6
:10C2C0008A20FDF781F8204603B030BD35C200005A
:10C2D0000149024805F0ABBFD8210020201D0020F5
:10C2E0000122014B1A63704700E010500122014BFC
:10C2F0005A63704700E0105028B1022806D104208C
:10C30000034B1B681847024B1B68FBE7704700BFD5
:10C31000E8210020014B02201B681847E82100207B
:10C3200028B1012807D100200349F9F731BF034B99
:10C3300002201B6818477047F9C20000E82100205E
:10C34000014B186000207047E8210020064BD3F80D
:10C3500040231C2A05D1D3F84403431E58425841B8
:10C3600070470020704700BF00C0FF0003689A07B5
:10C370000CD50368DB070DD50922074BC3F80C2544
:10C380000F22C3F8042501221A60FEE7034B036065
:10C39000EF3B0360704700BF00801050F000FA5080
:10C3A00008B501233C4A3D48C2F800383C4AD2F85F
:10C3B00040231C2A04BF3B4AC2F80C34FFF7D6FFC7
:10C3C0000830FFF7D3FF0830FFF7D0FF0830FFF742
:10C3D000CDFF00F5F470FFF7C9FF334AD2F88C3077
:10C3E00043F44063C2F88C300022D30003F57F038E
:10C3F00003F54043D3F8001401310AD0D3F80014F8
:10C4000039B1D3F800140132D3F80434402A0B6058
:10C41000EBD1214BD3F84024002A38D0FFF796FF08
:10C4200048B11F4BD3F83423204B9A429EBF1A4B7E
:10C430001F4AC3F84026FFF789FF18B11D4B1E4A5B
:10C44000C3F8AC27FFF782FF48B13422124BC3F880
:10C450002426D3F83C2622F40022C3F83C26174BAE
:10C460001149D3F80026D20744BF6FF00102C3F888
:10C4700000260323124AC2F81835D1F88C3043F451
:10C480004063C1F88C300023C2F8A03508BDC82233
:10C49000C3F84024C2E700BF0000125000C50D5091
:10C4A00000C0FF000030055000ED00E0001D0A183C
:10C4B00040E0A91E00A0085078000A0400E01050D7
:10C4C00000B004500D4B0001034452B1D3F80825CD
:10C4D0000A43C3F80825D3F80C251143C3F80C15FB
:10C4E0007047D3F8082522EA0102C3F80825D3F8DB
:10C4F0000C2522EA0102C3F80C25704700F00C500D
:10C50000014B05F091B800BFC5C40000036803F0FB
:10C510001F025F2B02604FEA53129ABF024B53F87F
:10C5200022000020704700BFD03B0100034A4309AE
:10C53000D35C00F01F001844C0B27047D84301001C
:10C54000F0B50646002487B0114F019117F8012B72
:10C5500006AB03EBD20313F8143C02F00702D340FE
:10C5600013F0010306D10134032CEFD10023184648
:10C5700007B0F0BD074A03AD07CA85E8070055F8C4
:10C5800024100A6A46F824200A62002AEBD0EEE75B
:10C59000E843010044370100F7B504460846FFF7B9
:10C5A000C5FF06B204EB4606B38A0D46DB072BD562
:10C5B000204605F03BF92946204605F0A7F858B17A
:10C5C000204605F0B9F80022276800B207EB800387
:10C5D000C3F81025C3F810252946204605F0D5F8E4
:10C5E000002101A8B1820195FFF790FF019B00EBAC
:10C5F0008300D0F88020064B134043F00203C0F8BC
:10C600008030084603B0F0BD6FF01500FAE700BFB8
:10C61000F0F0FCFF2DE9F043044685B008461646CD
:10C620001D46FFF783FF0F46804636B3204605F0D0
:10C6300078F818B9204605F069F828BB0FFA88F990
:10C6400004EB4909B9F8143013F01C0F02D07378C9
:10C65000012B19D001238DF80F3000233846CDE986
:10C660000063721CB31C0DF10F0104F0F7FFB9F861
:10C67000143043F00303A9F81430002D40D039469C
:10C68000204605F04EF820B96FF0150005B0BDE862
:10C69000F0830022297823684FEA810C03EB8103A1
:10C6A000C3F81025C3F810250FFA88F204EB4202F4
:10C6B000938A23F4604323F0200393826E78FEB1C3
:10C6C0002468A8786444D4F810550E4B36042B40E7
:10C6D000C4F8103541F6F07306F4403603EA071348
:10C6E0000005D4F81055334300F4801003432B4366
:10C6F000C4F81035938A43EA413343F02003938210
:10C700000020C3E70FE0ECFF70B590F874400546D9
:10C7100090F8756044BB46222146143006F030FA8A
:10C720002146134A2B6852F836608E4212D10024FB
:10C7300040F20D10C3F84441D3F844210D4A93420E
:10C7400008BFDB20FCF71EFE0123204685F874306D
:10C750002B6670BDCAB2920002F58070442A04BFF5
:10C760001C501A580131E0E76FF07700F1E700BF85
:10C77000DC3B010000A00D5090F87500024B03EB6C
:10C78000800004F038BF00BF7C09002010B5064BC4
:10C7900090F875000C4603EB800004F012FF0028AF
:10C7A000A4BF2070002010BD7C0900202DE9F04FAF
:10C7B000814659F8043B8BB0D3F8141390F87540B8
:10C7C00000936C4BC9B241F40031804653F83420D9
:10C7D000009805F004F8810305463AD50023CDE919
:10C7E00007330993634B07A803EBC4035B6819463F
:10C7F0000193FFF7A5FE042303EBC40303934FF05B
:10C80000000B5D4B0DF11C0A0293029A594912F874
:10C81000013B0292039A02EBD3028A5C03F0070306
:10C8200022FA03F3DA071AD40BF1010BBBF1030F61
:10C830000AF1040AE9D14FF400310022009804F013
:10C84000CEFF019907A8FFF77BFE0028D7D125F47A
:10C8500000350124002D75D10BB0BDE8F08F474B9A
:10C860005B440493DAF800100029DDD091FAA1F1BD
:10C87000B1FA81F1049B1C7841EA44142046FFF789
:10C8800055FE08EB4000878AC808BB0805930123C2
:10C890001AF8002001F0070103FA01F122EA01026F
:10C8A0000AF8002006A80694FFF730FE069A059BBA
:10C8B000203250F82220C7F382065B073746C2F3C6
:10C8C000014223D54846D6B221463A4604F03EFFFF
:10C8D00006A80694FFF71AFE069B203350F8233073
:10C8E000C3F301439E4207D10021204604F0FFFE1E
:10C8F0003146204604F0FBFE06A80694FFF706FE2C
:10C900000122069B02FA03F30362ABE7022A0DD170
:10C910000321204604F0EBFE06F00503012BEBD1CA
:10C920003A462146484604F011FFE5E70221204639
:10C93000059204F0DCFE032EF2D0059A032ADBD127
:10C94000022EECE795FAA5F3B3FA83F3009904FA03
:10C9500003F225EA020503F5A27251F8222008EB42
:10C9600043034846B3F86410C2F3014204F0EEFEFC
:10C9700070E700BFDC3B0100E8430100E843010031
:10C980000123054A83409268134013F0670F14BFD8
:10C9900001200020704700BF380700200123044A0F
:10C9A00003FA00F0936823EA00039360704700BF26
:10C9B0003807002010B50024037A0D49CA181B015E
:10C9C00003F1A04303F5622392F85420C3F82C45E9
:10C9D0000C2303FB02130468DC6042681A61012225
:10C9E000007A18758B68824013438B6010BD00BFBE
:10C9F00038070020074B027AD3F8101521F0010107
:10CA00000A43C3F810250268C3F8A4264268C3F895
:10CA1000AC26704700200E50012303FA00F010F0FE
:10CA2000670F0AD0064B5B68DB4303F067030342E2
:10CA30000CBF6FF01500002070474FF0FF307047BB
:10CA4000380700204FF0FF326FF0404330B5044C00
:10CA5000D4E90001824273EB0105F9D330BD00BF78
:10CA600040270E5030B50C25074B1C1894F8544045
:10CA700005FB0433C3E9031218750123034A8340FD
:10CA8000C2F8243330BD00BF3807002000200E500C
:10CA900010B50446034804F094FD0028A4BF20709C
:10CAA000002010BD3C070020F0B53D4D85B02C782E
:10CAB000002C6FD13B4A01AB07CA83E807003A4913
:10CAC0001846D1F8102522F00202C1F81025FFF710
:10CAD00091FF0723672202F001012144013BCCB200
:10CAE0004FEA5202F7D1052C57D119464FF0010CED
:10CAF0002B4E00246720CFB204E00CFA02F220EAA9
:10CB00000200013490FAA0F25FFA84FEBE45B2FA48
:10CB100082F2F2D30131327505292A4482F8547029
:10CB200006F10C06E5D10121002420489A0801FAFB
:10CB300002F212F0670F18BF1C500433302BF5D1EE
:10CB4000E420FCF71FFC184B1949D3F8102503F516
:10CB5000C07322F00202C3F8902340F6FF72C3F8BC
:10CB6000A82100221A60A3F5807004338B42026072
:10CB7000F8D101240C4B0F4A1C660F4B5D201B683B
:10CB8000B3FBF2F358430D4B2343984700202C701E
:10CB900005B0F0BD6FF07700FAE76FF08B00F7E7B4
:10CBA000380700205037010000200E5000210E50A1
:10CBB000B0210E5040420F0078090020603A010079
:10CBC00010B50C4CD4F810359B0703D4BDE81040C9
:10CBD000FFF710BFD4F8103523F00203C4F8103566
:10CBE000FFF708FFD4F8103543F00203C4F81035FE
:10CBF00010BD00BF00200E50064BD3F8102502F0E8
:10CC000001020272D3F8A4260260D3F8AC36436066
:10CC1000704700BF00200E5073B52B4C054663686B
:10CC200001A803F001030E46019304F0CAFC00289A
:10CC30003FDB002320753370636823F001036360DA
:10CC4000A36843F00103A360204BD3F8102590079D
:10CC500033D4D3F8102542F00202C3F81025C5B131
:10CC6000D3F8482712F0010202BFD3F8481741F069
:10CC70000101C3F84817154BD3F84017D3F84417F0
:10CC80004900F9D42AB9D3F8482722F00102C3F8A1
:10CC900048270F4B0F4A1B68B3FBF2F30B4A03EB19
:10CCA00043136BB1D2F84017D2F8440710F080401C
:10CCB00001D102B070BD013BF3E76FF07700F8E7F8
:10CCC0006FF07300F5E700BF3807002000200E501A
:10CCD0007809002040420F002DE9F8430025224E3C
:10CCE000672374684FF00108E443A9461F4F04F01E
:10CCF0006704C7F82833E9B2DCB9E420FCF750FB3D
:10CD00001A4BD3F8482722F00102C3F84827D3F87A
:10CD1000102522F00102C3F81025D3F8102522F0C7
:10CD20000202C3F8102501225A669A663470BDE8E3
:10CD3000F8830846FFF724FE98B10846FFF72EFE59
:10CD4000736808FA01F2DB4303F06703134208D06B
:10CD500007EB0113C3F82C95E30702D5044804F050
:10CD60004AFC64080135C6E73807002000200E5051
:10CD70003C070020024B1878003818BF012070478C
:10CD80003807002038B50146FFF746FE0446D8B9FB
:10CD90000846FFF7F5FDC8B101250846FFF7FEFD7F
:10CDA0000C4B8D4003EB0112C2F82C45D3F8202325
:10CDB0002A4209D0C3F82853890003F580735A58D2
:10CDC00012B15C506FF07304204638BD6FF015044B
:10CDD000FAE700BF00200E5070B51D461446184AF1
:10CDE0009DF81060131893F8543000B20C3302EB26
:10CDF000C30142F833404D60C5F31301AEB10201E7
:10CE0000104E02F1A04202F562228000C2F82045D5
:10CE10000644C2F82415336833B1FFF713FEA0426D
:10CE2000A94101D20023336070BD030103F1A04387
:10CE300003F56223C3F82045C3F82415F4E700BFC7
:10CE40003807002000210E502DE9F0410446007AF9
:10CE50001E46FFF7E1FD904605469DF8187078BB29
:10CE60002046FFF7A7FDEFF31180402383F31288DC
:10CE7000BFF36F8F227A144B92009D50217AC6F334
:10CE80001306090101F1A04101F56221C1F82085D5
:10CE9000C1F8246580F31188BFF36F8F87B1012338
:10CEA000227A0A4903FA02F2D1E8EF6F1643C1E889
:10CEB000E06F0028F8D1227A9340054AC2F8243363
:10CEC0002846BDE8F08100BF00210E50C0070020B9
:10CED00000200E50F0B50E4D2B1893F85430000181
:10CEE0000C3355F8334005EBC3077E68641800F136
:10CEF000A04021F0004146F1000641EAC27100F570
:10CF0000622045F833407E60C0F82815F0BD00BFB0
:10CF10003807002010B50446FFF77EFD014640B9F2
:10CF20002046FFF72DFD30B10123044AA340C2F88B
:10CF30002833084610BD6FF01501FAE700200E50A7
:10CF400008B50246FFF768FD40B901230449934044
:10CF50008A681A438A60034AC2F8243308BD00BFB6
:10CF60003807002000200E50F7B5284B284CD3F886
:10CF70002C6304F188070EB903B0F0BD96FAA6F051
:10CF80000123B0FA80F08340DA43224926EA0306FF
:10CF9000231893F85450830019440C2303FB0543D2
:10CFA000DB6873B3D7E8EF3F03EA020CC7E8EECFC4
:10CFB000BEF1000FF6D1C340DB0719D5020102F123
:10CFC000A04202F56222D2F82435D2F82025D1F809
:10CFD00000C0BCF1000FCED04FF0000CC1F800C073
:10CFE0000C2101FB054529690091E9688847C2E7E2
:10CFF00005F10C0304EBC30C54F83320DCF80430C7
:10D00000E5E70A68002AB6D00B60B4E700200E50AE
:10D010003807002000210E50044B40EA0120C3F8DD
:10D020000005D3F80024D207FBD5704700B00450A8
:10D030005F2800F01F034FEA50110DD8094A52F83B
:10D04000212002EB8302D2F88010074B0B4043F003
:10D050000203C2F8803070470022203352F8233098
:10D06000FFDE00BFEC3B0100F0F0FCFF70B5817B00
:10D0700029BB02685F2A02F01F034FEA521420D82E
:10D08000124E134D56F8242040F60C0402EB830296
:10D09000D2F880302B402343C2F8803042685F2AA8
:10D0A00002F01F034FEA52100BD856F8202002EB73
:10D0B0008302D2F880302B402343C2F88030012015
:10D0C00070BD203351F82330FFDE00BFEC3B010080
:10D0D000F0F0FCFF00210268094BC160C2F8083380
:10D0E000D2F8003223F0FF5323F4BC53C2F80032CD
:10D0F0000123C2F8001580F8263080F82810704708
:10D100002264F81F00232DE9F04780F827304B6890
:10D1100005460E469046046833B1CB6803F0604381
:10D12000B3F1005F40F042813378023B012B06D817
:10D13000336903F06043B3F1005F40F0378118F0CA
:10D14000030F40F036819C4BC4F8083395F8282033
:10D1500002F0FF033AB16FF00F07EB68C4F8043335
:10D160003846BDE8F08718F0140F0CBF01220022EA
:10D1700085F82820327885F82420727885F82520D3
:10D18000F2682A6172686A613269AA61B268C5F898
:10D190002080EA61C8F3001285F829207278C4F86B
:10D1A0008825C4F83831D4F83821C4F82831D4F8A7
:10D1B0002821C4F81431D4F81421C4F80431D4F867
:10D1C00004313378032B00F28380DFE803F05F78CB
:10D1D0004B024FF48073C4F80032D5E90423C4F83D
:10D1E0003C27C4F84037012323654FF000612046F7
:10D1F00004F0AFFC0028F8D1D5E90623C4F83C2799
:10D20000C4F840374FF48063EB60002718F008093A
:10D210006A680FD13378032B0CD0012B6FD1A36236
:10D22000002A58D072686B6822B9002B00F09C80ED
:10D23000012363606B68002B00F0968018F0040FE8
:10D240001CBF0023EB6018F0400F02BFEB6843F0F7
:10D250000203EB60EB6843F02003EB60EB68C4F87B
:10D2600004337DE7D5E90423C4F83C27C4F84037EC
:10D27000D5E90623C4F80427C4F808374FF48453CB
:10D28000C4F80032012323610223BDE718F0200F08
:10D29000D5E90423C4F83C27C4F8403715BF4FF440
:10D2A00080734FF40073C4F80032C4F8003214BF26
:10D2B0004FF480630223EB6001232361A5E7D5E9E6
:10D2C0000423C4F80427C4F808374FF48053D7E781
:10D2D0006FF015079AE76A6902B963604FF0010AB7
:10D2E00040F2024940F22241204604F032FC83061B
:10D2F00048BFC4F804A010EA090FF3D092E7012355
:10D300002365002A8ED16A6912B140F2024A06E012
:10D310006360FAE70123236163604FF0000919EAB3
:10D320000A0F7FF47FAF40F22241204604F011FC47
:10D3300010F0200F8146F2D04FF48041204604F0D7
:10D3400008FCD4F800320028E4D013F4007103D1B3
:10D350000122894622616260D905E0D54FF48061DF
:10D36000204604F0F6FBD8E70022D4F8C434C4F811
:10D37000C43485F8282063B19A0756BF03F001072B
:10D380006FF00D078C3F13F0040F18BF6FF00A0702
:10D39000E6E618F0400F7FF4E3AE2046291D04F0C6
:10D3A00096FB002808BF6FF08B07D9E66FF00C07DB
:10D3B000D6E66FF08507D3E62264F81F70B50568DE
:10D3C000022186B00446284604F0C3FB202106460D
:10D3D000284604F0BEFBD0B1D6B9E3684FF48041D3
:10D3E000C5F808330223E360E3682846C5F8043330
:10D3F00004F0AFFB18B1D5F800329B0502D401232D
:10D400002B616B60012384F8273006B070BD8EB3AA
:10D41000236A5E060AD494F827303BB92846211DBA
:10D4200004F055FB80F0010084F82700236A13F014
:10D43000040337D1C5F83831D5F83821C5F834316F
:10D44000D5F8343194F8293013B194F82730F3B17A
:10D4500000230122C5F80032E3602E4BC5F30431EE
:10D46000C5F808338A40C5F343432B49603341F87C
:10D4700023200CE04FF48061284604F06AFB94F806
:10D480002430002B2FD194F82930002BE1D0A38C2D
:10D49000ADF804302369049363690293A36905938B
:10D4A000E3690393D5F8C4349807C5F8C4342AD483
:10D4B00059072AD4DA072AD494F827309B00DBB224
:10D4C0008DF8003094F829300BB984F82830236A9D
:10D4D0005B0703D594F82730002B96D0D4E90131AF
:10D4E0006846984791E74FF40073C5F8003222234D
:10D4F000E360084BC5F80833E368C5F8043301233B
:10D500002B652B6181E70123DAE70223D8E70323A8
:10D51000D6E700BF2264F81F00E100E00368034A79
:10D5200001F5C07143F82120704700BF3546526EA7
:10D53000037C5BB10368074AC3F820250122036816
:10D540005A6003680020C3F8200570474FF0FF3091
:10D55000704700BF3546526E036803F01F025F2B11
:10D5600002604FEA53129ABF024B53F82200002088
:10D57000704700BFF83B0100F7B5064604F03EFCDB
:10D58000084604F03BFC01A80196FFF7E5FF0C46B6
:10D5900040F60D01019B2C4D00EB8300D0F880304C
:10D5A00001942B400B43C0F8803001A8FFF7D4FF53
:10D5B000019B012700EB8300D0F880302B400B4308
:10D5C000C0F88030042003F0FAFF092501A8019477
:10D5D000FFF7C2FF019AC368D340DB0714D401A848
:10D5E0000196FFF7B9FF019B013D07FA03F3836042
:10D5F000042003F0E4FF304604F000FC042003F0B4
:10D60000DEFF15F0FF05E1D101A80194FFF7A4FFAB
:10D610000123019A93408360042003F0D0FF204649
:10D6200004F0ECFB042003F0CAFF01A80194FFF70B
:10D6300093FF019AC368D34013F0010F0CBF6FF042
:10D640008B00002003B0F0BDF0F0FCFF08B5144BD8
:10D65000A8220021184605F093FA0322114902611D
:10D660004261114A8161C2614FF48062026200220C
:10D6700082624262C26201660C4903464166102121
:10D6800081660267C2664267BFF35F8F084911F87F
:10D69000010D98540132102AF9D1BFF35F8F08BDF4
:10D6A00050040020EB430100500000204000002007
:10D6B00004440100F8B5182700FB0775124B0E460D
:10D6C0001D4407FB0033DB6A1446012B0AD0022BF2
:10D6D00014D023B9284604F09DFB844208D90024C5
:10D6E0002046F8BD284604F095FB844228BF044636
:10D6F00022463146284604F096FBF1E72846BDE86D
:10D70000F84004F0ADBB00BF50040020F8B50B4B4F
:10D7100004461B780D46532B164601D0FFF796FFA3
:10D72000EFF311874FF0200181F31188324629462B
:10D730002046FFF7BFFF87F31188F8BD5004002093
:10D7400010B4BFF35F8F00230A4A0B49C85C12F87C
:10D75000014D844209D10133102BF7D10023BFF3CF
:10D760005F8F23B110BCFFF771BF0123F7E710BC37
:10D77000704700BF044401005004002038B5EFF3A7
:10D780001185402383F31288BFF36F8F064B9C688B
:10D7900004F0C6FB85F31188BFF36F8F2046BDE808
:10D7A0003840FBF793BD00BFEC21002038B50A4B91
:10D7B00053F82040013053F82050A54200D838BD1E
:10D7C000606830B1037FDB0701D404F07EFB0834CE
:10D7D000F3E723689847FAE7043C0100012270B59B
:10D7E000294B032086B01A70FFF7E0FFFBF774FAAD
:10D7F0000420FFF7DBFF254C254D2646AE4204F101
:10D80000300410D300F020FE204C224EAC4226D330
:10D8100000F02EFEFAF776FF1F4A137B23F0010378
:10D82000137306B070BD54F80C3C059354F8103CCB
:10D83000049354F8143C039354F8183C029354F89E
:10D840001C3C019354F8203C009354E90A2354E90A
:10D850000C0100F0E7FB54F8303C5E65CDE7D4E9FD
:10D860000A23B3F1FF3F08BFB2F1FF3F05D052EAF0
:10D870000301206803D100F0E5FE3034C6E73146ED
:10D88000183001F06FF8F8E703290020C0360100D6
:10D89000C0360100A5230100601E0020902370B552
:10D8A000134E012203FB0066002386B0CDE904235A
:10D8B0000F220193CDE9023214234FF4A0720D4DD3
:10D8C0000D4903FB0055044602FB00110B4B30468B
:10D8D000009500F0A7FB737B2C7423F00403737393
:10D8E000074B013403EBC423EE606B6006B070BDE0
:10D8F000D01D0020EC210020083D00206F1F0100FA
:10D9000008350020BFB50020FFF750FF294B03F575
:10D91000006282F3088883F30A88E023264C0025FE
:10D9200084F822302023E37725766576A57684F87F
:10D930002050636A214F43F4E023636284F823504C
:10D94000FBF742FCFBF7B8FD4FF0FF33A362E36245
:10D95000FBF742FFFBF7D8FD194800F0D1FB01208F
:10D96000FFF724FF0220174CFFF720FF00F0B4FD63
:10D97000154B16495C61164B4FF400620593012369
:10D980002046CDE90353CDE901553B46009500F013
:10D9900049FB0646627B204622F00402627304F0D3
:10D9A000BEFC2846FFF77AFF3A4631462046FBF791
:10D9B00063FD00BF0835002000ED00E0DDD700006A
:10D9C000A01F0020601E0020EC210020483E002007
:10D9D0000544010038B5064C064DAC4201D3002089
:10D9E00038BD2046D4E9011204F09DFA1434F4E75E
:10D9F000C8090020C80900202DE9F3410446174654
:10DA00001E46EFF31188402383F31288BFF36F8F14
:10DA1000C368334A7BB180689168884219D057EA5D
:10DA2000060318D188F31188BFF36F8F6FF00F00D2
:10DA300002B0BDE8F081916891F90E100133E36006
:10DA400093682161A36088F31188BFF36F8F002072
:10DA5000EEE72169F2E791F90E1090F90E306FF0C0
:10DA60007E029942A8BF19469142B8BF11468B4227
:10DA70002DDD04F087FA054622464146CDE90076C1
:10DA8000184800F027FC0028E1D0EFF3118640236E
:10DA900083F31288BFF36F8FA068D0B12368216928
:10DAA0009C420AD04BB193F90E309942A8BF194657
:10DAB0006FF07E039942B8BF194604F063FA40B193
:10DAC0003146084800F09AFC6FF00A00B0E70025E4
:10DAD000D2E7002DF4D186F31188BFF36F8FF3E7FF
:10DAE000EC21002004290020F8B583680546002BAE
:10DAF00040D0234A926893423FD1C368012B03D997
:10DB0000013BC3600020F8BDEFF31187402383F38E
:10DB10001288BFF36F8F0169806804F033FA2C68B4
:10DB2000A54207D10023C5E9023387F31188BFF36B
:10DB30006F8FE7E7002CF5D0D4E9003200261360A0
:10DB40005A60637BC4E9006623F002036373A66036
:10DB500004F1180004F0AEFCAC6094F90E302046DD
:10DB60002B61C4F88C6004F0DAFB3946054800F0FC
:10DB700045FCC7E76FF01500C5E74FF0FF30C2E77F
:10DB8000EC2100200429002037B51146EFF3118560
:10DB9000402282F31288BFF36F8F04689CB1236820
:10DBA000426823F003039442036008BF43600121ED
:10DBB000204604F06DFA044685F31188BFF36F8F99
:10DBC000204603B030BD51EA0302F5D000F108024F
:10DBD000CDE900131046294600F07CFB0028EFD168
:10DBE000014B9B681C69EBE7EC21002070B5EFF35B
:10DBF0001186402383F31288BFF36F8F0468A0421D
:10DC00001BD0D4B1D4E90032002513605A60637B85
:10DC1000C4E9005523F002036373A56004F1180002
:10DC200004F048FC2046C4F88C5004F078FB3146E0
:10DC3000BDE87040094800F0E1BBD0E902329A42E9
:10DC400018BF013302218360103004F0E8FC002883
:10DC5000EDD186F31188BFF36F8F70BD04290020CA
:10DC600013B5EFF31181402484F31288BFF36F8F53
:10DC7000846844B1013C846081F31188BFF36F8FE5
:10DC8000002002B010BD52EA030406D181F31188CE
:10DC9000BFF36F8F6FF00F00F3E7CDE9002302466B
:10DCA000014800F017FBECE70429002007B5074BFB
:10DCB0004FF40062009306494FF0FF33054800F02F
:10DCC00013F9002003B05DF804FB00BF1C3C010009
:10DCD00048460020F01E00202DE9FF410446402761
:10DCE0004E4EEFF3118887F31288BFF36F8FD4F88D
:10DCF0009450F5B9022104F1AC0004F00AFA0028AE
:10DD000068D004F1A40500220121284604F076FB26
:10DD10000028F8D100234FF0FF3202934FF0FF3379
:10DD20004146CDE900233E4804F19C0200F054FD39
:10DD3000D7E7D4F898202B689542C4F8943008BFF0
:10DD4000C4F89830D4F8AC3043F00203C4F8AC30D7
:10DD5000EB6823F0040343F00103EB606B6888F386
:10DD60001188BFF36F8F28469847EFF3118887F328
:10DD70001288BFF36F8FEB68D80623F0010236D408
:10DD8000EA60EB689A0716D5306823F00203EB606F
:10DD900088B10021036870B14268954235D10368AB
:10DDA00069BB72683360824200D17360002340F81F
:10DDB000083BFFF71BFFD4F8AC3023F00203C4F894
:10DDC000AC3088F31188BFF36F8FDB0589D400F086
:10DDD0008BFB86E7D4F8AC30D9069BD5C4F8AC00F1
:10DDE00088F31188BFF36F8F04B0BDE8F08123F092
:10DDF0001103EB6005F11000FFF7F8FEC1E70B60BF
:10DE00007368834208BF7160D0E723B11A68014686
:10DE100018461346BFE71A46F9E700BF0C22002058
:10DE200004290020F8B5C36804469A070F46C3F3D7
:10DE300040062ED45B071CD40B680BB983680B60BB
:10DE4000E368DD0742BFA36802263B603D6858BF18
:10DE50000126002D3CD0204B9A68D5F890309A428C
:10DE60000AD0D5F8AC30D807C3F3800214D46FF0D1
:10DE7000120600233B6025E004F00EFAD5F8AC3022
:10DE80000028F0D1D907C3F3C002F0D552B15B0727
:10DE900008D46FF00F06ECE7002AFAD1C3F3C003F1
:10DEA000002BF6D100232360D5F8983063B9C5E97B
:10DEB0002544284604F047F9E36843F00403E3608F
:10DEC0003B68A3603046F8BD1C60C5F89840F0E799
:10DED0006FF01506CDE700BFEC2100200146014898
:10DEE00004F0A5B9F01E0020F0B50446002089B06A
:10DEF000C4E925000E9D04F19C00C4E9270004F14B
:10DF0000A400C4E9290055B32879002840F2011083
:10DF100008BF0120C4F8AC0000204FF0FF364FF0DE
:10DF2000FF37CDE90330CDE90100CDE90667204692
:10DF30000C4B009400F0B8F855B1296811B1204697
:10DF400004F0B0F96B791BB1237B43F00103237319
:10DF5000204600F077FBC4F8904009B0F0BD0120E6
:10DF6000D8E700BFD9DC000037B501900846EFF3D1
:10DF70001184402181F31288BFF36F8FC16811F0C3
:10DF80001E0F16D153EA020508D101A9FFF74AFF77
:10DF900084F31188BFF36F8F03B030BD41F00801E7
:10DFA000C160019910308161034900F0DBFC012060
:10DFB000EEE70020ECE700BFBB210100F7B50C46FF
:10DFC00016461D460190EFF31187402383F3128814
:10DFD000BFF36F8F084604F0A7F855EA060309D18E
:10DFE000204601A9FFF71EFF87F31188BFF36F8F4B
:10DFF00003B0F0BDE368324643F00803E360019BE1
:10E000000449A36204F110002B4600F0ABFC012090
:10E01000EAE700BFBB21010001460148FFF7CEBF80
:10E02000F01E00202DE9F043984685B000F158031A
:10E03000C0E91633109B002503730423073222F036
:10E04000070643730F9B01EB06090F46837349468E
:10E05000C0E906558560C5730446FAF7A7FE0E9B16
:10E06000073020F00700E067C4E91D7602930D9B9E
:10E07000A9EB000901930C9B4A460093394643469D
:10E080002046FBF7DDF9074B65659B6884F8705007
:10E090000BB1D3F880304846C4F8803005B0BDE8F5
:10E0A000F08300BFEC210020F0B5002587B0059576
:10E0B000109DDDE9127604950F9D044603950E9D93
:10E0C00002950D9D01950C9D0095FFF7ABFFB6F1F4
:10E0D000FF3F08BFB7F1FF3F05D056EA070305D160
:10E0E000204600F0AFFA204607B0F0BD3A4633466E
:10E0F00004F11800014900F035FCF4E7A523010004
:10E1000040F2011383810023C0E91D33C0F8803041
:10E11000014B9860704700BFEC2100206FF00A01AE
:10E12000094A9368C3F88C100849C3F888004B6803
:10E1300043F080534B60002383F31188BFF36F8F4C
:10E140009368D3F88C007047EC21002000ED00E0CC
:10E1500070B590F90D20437B002A36DBD90634D107
:10E160001B4C63F07F032246437352F8183FE1696A
:10E17000934207D1C0E900210860E06111E09942B3
:10E18000F8D01B68002BF5D090F90E5093F90E6073
:10E19000B542F4D0AE42F2DD5968C0E90031086002
:10E1A0005860A569954200D005B9E568A3685A7B17
:10E1B000D20604D1DA897F2A01D9AA6932B1AB42E9
:10E1C00002D0284600F048FB656170BD6361FCE742
:10E1D000EC21002038B590F90D200146002A437B40
:10E1E00004DA03F07F03437304F05FF80D4D2A4611
:10E1F00052F8184FAB68944200D004B9EC688B42D7
:10E2000007D05A7BD20604D1DA897F2A01D9A269C4
:10E210002AB1A34202D0204600F01EFB23466B61C8
:10E2200038BD00BFEC210020B3F1FF3F08BFB2F1C1
:10E23000FF3F03D00249183000F094BB704700BF85
:10E24000A523010070B590F90D200146002A437BFB
:10E2500004DA03F07F03437304F027F81C4C4B7B74
:10E26000224663F07F034B7352F8183FE0699342F4
:10E2700007D1C1E900200160E16111E09842F8D0C6
:10E280001B68002BF5D091F90E5093F90E60B54242
:10E29000F4D0AE42F2DD5868C1E900300160596047
:10E2A000A569A368954200D005B9E5688B4207D0FF
:10E2B0005A7BD20604D1DA897F2A01D9AA692AB108
:10E2C000AB4202D0284600F0C7FA2B46636170BD0E
:10E2D000EC210020F8B5DDE906670D4B0C46986887
:10E2E00011460C4A1060EFF31182402282F312882B
:10E2F000BFF36F8F9D68284603F0E9FF284632463A
:10E300003B46FFF791FF2046BDE8F840FFF706BF08
:10E31000EC21002014220020F8B50446EFF3118709
:10E32000402383F31288BFF36F8F437B49B203F01E
:10E330001F02002A0CBF0126002639D103F07F03FB
:10E340002D4D437303F0B1FF2A46437B817363F085
:10E350007F03437352F8183F934227D1E869C4E919
:10E3600000200460EC610FE09842F8D01B68002B9D
:10E37000F5D093F90EC06145F6D08C45F4DD5968AF
:10E38000C4E900310C605C60AC69944200D004B90F
:10E39000EC68AB689C4202D0204600F05DFA6C61EC
:10E3A00087F31188BFF36F8F3046F8BDE869DEE769
:10E3B0009B071ED5856803F078FF81732B689D420B
:10E3C00009D16B68C4E900531C606C60E8E76A68B7
:10E3D0009342F6D01B68002BF3D093F90E209142A4
:10E3E000F5D08A42F3DD5A68C4E9003214605C60FB
:10E3F000D6E78173D4E700BFEC21002049B9EFF3E1
:10E40000058030B9054B5A699B689A4201D0FFF7E5
:10E4100085BE81F31188BFF36F8F7047EC21002018
:10E42000034648B9EFF3058232B9064A516992684A
:10E43000914201D0FFF772BE83F31188BFF36F8F53
:10E44000704700BFEC210020EFF31181402383F3DC
:10E450001288BFF36F8F054B9A68D37B013BD37350
:10E4600081F31188BFF36F8F704700BFEC2100204C
:10E4700070B5EFF31186402383F31288BFF36F8FDB
:10E48000144DAB68DA7B0132DA732A4652F8184F22
:10E49000944200D004B9EC685A7BD20604D1DA89E0
:10E4A0007F2A01D9A2692AB1A34202D0204600F0F6
:10E4B000D3F923466B6186F31188BFF36F8FEFF3B7
:10E4C0001180402383F31288BFF36F8FBDE8704043
:10E4D000FFF7A6BFEC210020024B03F11802C3E9AD
:10E4E00006227047EC21002070B5EFF3118640231F
:10E4F00083F31288BFF36F8F1B4CA168E0690B6830
:10E50000814214BF1A46002249680B605960A36813
:10E51000E1692AB9154AC3E900210B60E3610CE007
:10E5200093F90E0092F90E50A84218D0854216DDDC
:10E530005168C3E900210B605360A5690B4B9D42F4
:10E5400000D005B9E568A3689D4202D0284600F0D6
:10E5500083F965613046BDE87040FFF7DFBD8A4250
:10E56000D8D01268D5E700BFEC210020042200209B
:10E57000F8B550EA010306460C4603D1FFF7B4FF95
:10E580000020F8BDEFF31187402383F31288BFF317
:10E590006F8F124D124BA8681860FFF71BFEA8681A
:10E5A000234632460F49183000F0DCF9AA680446C9
:10E5B000537B384643F004035373FFF7AFFDAB685A
:10E5C000D3E90A23B3F1004F08BF002AD8D103F0E2
:10E5D00099FF201A20EAE070D3E700BFEC21002069
:10E5E00014220020A523010038B504460D46FFF78C
:10E5F000BFFFB5F1FF3F08BFB4F1FF3F0246204621
:10E6000018D000234FF47A7447F611201946C2FB44
:10E61000040147F61222904271F100020BD3084B1D
:10E62000834243F608538B4107D347F61222002357
:10E63000F8F70CFA38BD1846FCE76FF00040F9E730
:10E64000ED85FFFF38B50446EFF31185402383F3D2
:10E650001288BFF36F8F437B5B070FD5183003F031
:10E6600029FF637B204623F004036373FFF770FDEB
:10E670002946BDE838400448FFF7C0BE85F311883D
:10E68000BFF36F8F38BD00BF04290020014B98688D
:10E69000704700BFEC2100202DE9F8430446077BBA
:10E6A000EFF31185402383F31288BFF36F8F437B11
:10E6B000190705D585F31188BFF36F8FBDE8F8837F
:10E6C000D90943F008025DD14273A36813B1204613
:10E6D00003F0F3FD04F1180003F0ECFEA66D04F165
:10E6E0005808B04511D04FF0000976B1304603F01C
:10E6F000E4FD06F1180003F0DDFE3046C6F88C900C
:10E70000FFF726FDA66DB045EFD1DFF8C080D8F841
:10E7100008309C423ED1EFF30589B9F1000918BFDA
:10E720004FF00109D8F81860294A964200D00EB976
:10E73000D8F80C60B34202D0304600F08DF8204685
:10E74000C8F8146002F0DDF9B9F1000F02D02148D9
:10E75000FFF7D6FCD8F808309C4231D1EFF305839F
:10E7600073BB227BD20718D42846FFF7D7FCFB07E0
:10E77000A4D5002383F31188BFF36F8F04231846B9
:10E7800002DF9BE703F07F0343F00803437303F0CA
:10E790008CFD9AE74FF00009C4E785F31188BFF3B9
:10E7A0006F8F83F31188BFF36F8F0423184602DF46
:10E7B000EFF31180402383F31288BFF36F8FD4E708
:10E7C00085F31188BFF36F8FD1E700BFEC210020E4
:10E7D00004220020A01F0020D3B5DDE90667089CB5
:10E7E000CDE90067FFF776FD1CB1034B9B681B6901
:10E7F000236002B0D0BD00BFEC2100200122044BF9
:10E80000C01A044BC0105843034B1A54704700BF42
:10E8100030200020ABAAAAAA04290020C3897F2B9C
:10E8200012D80A4B1B6863B1094B90F90E201B6884
:10E830009A4209DB437BDB0606D1064BC31A18BF9D
:10E84000012303F0010070470023FAE78409002048
:10E8500018220020D01D002070B50E4B0E4C1E7CDF
:10E86000054606EB460304EBC304204603F022FEF4
:10E8700000220A4B28469A55FFF7D0FF48B1084BB3
:10E880002046BDE870401A680649013AD31700F0E7
:10E8900069B870BDEC210020302000200429002040
:10E8A00084090020FDE7000038B5EFF3118540230F
:10E8B00083F31288BFF36F8F104B114A9C68106866
:10E8C000A04206D1FFF7C8FF85F31188BFF36F8F11
:10E8D00038BD00211B7C11600A4AD35C002BF3D0A9
:10E8E0002046FFF79BFF0028EED0637BDB0602D1BA
:10E8F0002046FFF7A7FC2046E4E700BFEC210020FC
:10E900001422002004290020024B1868984208BFF6
:10E910000020704788090020034B1B680BB9FCF7E7
:10E920007DBF0020704700BF1C22002030B570B1B1
:10E930000B4B5B6898420AD0036843B1D3E90421CA
:10E94000D0E90445121941EB0501C3E90421D0E9DE
:10E95000003213605A600023C0E9003330BD00BFAD
:10E9600088090020B3F1FF3F08BFB2F1FF3F2DE956
:10E97000F84F0446994615461F467AD08160EFF35A
:10E980001188402383F31288BFF36F8FB9F1000F12
:10E99000DFF8E4A020DBFFF7BFFFDAE9002701354D
:10E9A00049F100092D1849EBE07306464FF00109C3
:10E9B000C4E90453AD1843EB0707FFF7A5FF03466F
:10E9C000DFF8B8E0DEF804A0EBB9C4E900EACAF861
:10E9D0000040CEF8044028E06FF00103DAE90012AD
:10E9E0005B1A4FF0FF3161EB02025B1B62EB090225
:10E9F000012B72F10001BCBF012300224FF000097E
:10EA0000C0E90432D9E7D3E9041CD4E904208A42DE
:10EA100070EB0C0B24DA891A5A686CEB0000C3E91E
:10EA20000410C4E9003214605C60FFF76DFF84429B
:10EA30000ED1134B1B685BB9B9F1000F02D1FFF780
:10EA40006BFF0646304603F01EFD0021FCF716FF63
:10EA500088F31188BFF36F8F28463946BDE8F88FD9
:10EA6000521A60EB0C009A45C4E90420ADD01B6833
:10EA7000AAE700252F46EFE748200020880900205C
:10EA80001C2200202DE9F047EFF31185402383F38A
:10EA90001288BFF36F8FDFF8A0900026C9F800003E
:10EAA0000027FFF731FFDFF89480D9F80030D8E96C
:10EAB00000ECD91750B1D0E90442A34271EB020A2D
:10EAC0001BDAE41A62EB0102C0E90442002413EBF2
:10EAD0000E034CEB01012046C8E90031C9F80040A3
:10EAE00003F0D1FC2146FCF7C9FE85F31188BFF382
:10EAF0006F8FBDE8F047FFF7D7BE14EB0E024CEB6B
:10EB0000E473C0E90467C8E90023FFF70FFF85F34A
:10EB10001188BFF36F8F83689847EFF31185402307
:10EB200083F31288BFF36F8FD9F800301B1BC9F82D
:10EB30000030FFF7E9FEB8E71C2200204820002043
:10EB400010B5EFF31184402383F31288BFF36F8F66
:10EB5000FFF7E2FE0346054AD2E90001181841EB2F
:10EB6000E37184F31188BFF36F8F10BD482000203C
:10EB700038B50346EFF31185402282F31288BFF3C4
:10EB80006F8FC160012181600068834206D185F3E7
:10EB90001188BFF36F8F0024204638BDD0E90032C2
:10EBA00013605A600023C0E9003303F0F5FC2946E6
:10EBB00004460248FFF722FCEEE700BF05290020CB
:10EBC000F8B507460C46164603F066FB08B1002070
:10EBD000F8BD0E4B9B68D3F88050002DF7D0221D56
:10EBE000F5D2EFF31184402383F31288BFF36F8FC4
:10EBF000284647F00401B04784F31188BFF36F8FB4
:10EC00000028E4D040F8045BE2E700BFEC210020DC
:10EC10000146024A0020FFF7D3BF00BFBD07010035
:10EC2000F8B50D4E0D4C0E4D33680E489847677879
:10EC30002B680C48984733680B489847022F08D137
:10EC40002478E31F5C425C412B68074898472046C4
:10EC5000F8BD0024F8E700BFB409002020220020FE
:10EC6000B0090020180A0020040A002038B5044624
:10EC70000D46FFF7D5FF30B12A462146BDE83840A2
:10EC8000024803F020BD6FF0880038BD2422002028
:10EC900070B51D4E1D4C33681D48984723785907A1
:10ECA00044BF23F00403237023789A0705D500F0AE
:10ECB000C1F8237823F002032370164D14482B6803
:10ECC0009847336814489847637813B1134803F0A2
:10ECD000FDFC002304211148637000F0CBF82B6881
:10ECE0000D48984733680A4898472378DB0705D5CD
:10ECF00003F0E5FC237823F0010323702B6804481C
:10ED0000BDE87040184700BFB40900202022002051
:10ED1000040A0020B0090020180A00202422002044
:10ED20002DE9F041FFF77CFF18B100242046BDE833
:10ED3000F081364F36483B689847044620B16FF063
:10ED40008F04FFF7A5FFF1E7324D2B78D80706D4E3
:10ED500003F0B3FC04462B7843F001032B702E4ED6
:10ED60002B483368984710B1002CE8D0E9E7002C15
:10ED7000E7D13B682648984704460028DFD12B7826
:10ED8000990706D400F04EF804462B7843F00203AE
:10ED90002B7033681E4898470028E5D1002CD0D14D
:10EDA0003B681B4898470028C9D13368184895F834
:10EDB000008098470028C2D13B681848984704460D
:10EDC0000028BCD16B7843B918F0010F05D0144866
:10EDD00003F076FC022304466B7033680F489847B3
:10EDE0000028C1D1002CACD13B68094898470028C5
:10EDF000A5D12B7806485A075CBF43F004032B705B
:10EE000033689847002890D099E700BFB4090020E4
:10EE1000040A002020220020B0090020180A002047
:10EE2000242200200122024B002083F88025704715
:10EE3000282200202DE9F0410A4C002526464FF0FB
:10EE4000010803272046C4F820802777013503F006
:10EE500017FC202D04F12C04F4D1002386F8803512
:10EE6000BDE8F08128220020014B1B68184700BF35
:10EE70009009002010B50A46044619B1024B002142
:10EE80001B68984710BD00BF9409002010B50C4CBA
:10EE9000206803F0DAFD0B4A1368591C11604BB966
:10EEA000094A4820D2F8003443F00703C2F800347E
:10EEB000FAF768FA2068BDE8104003F0CCBD00BF47
:10EEC0009C090020AC2700200080045038B5164D66
:10EED000286803F0BAFD154B1C68013C1C60ECB9B6
:10EEE0004820FAF75DFA0722114BC3F80823D3F83C
:10EEF000002422F00702C3F80024C3F80041D3F82D
:10EF00000021C3F80441D3F804214FF48072C3F800
:10EF10000841D3F80831074BC3F888212868BDE8B9
:10EF2000384003F098BD00BF9C090020AC270020AA
:10EF30000080045000E100E070B5104D104E2B68C9
:10EF4000B3420DD0FFF7A2FF00F0E6FC00F022FD77
:10EF500040B103F0C9FB0446FFF7B8FF44B92E6087
:10EF6000002405E000F0E0FA044618B1FFF7AEFF18
:10EF7000204670BD03F0CAFCEDE700BF98090020F1
:10EF8000117365004FF480732DE9F04796B0804609
:10EF900003A80393002403F033FC4FF010091E4E26
:10EFA0000DF12F0525F01F0506F1200A0122102181
:10EFB0001A4803F004FC2B19009352461023202119
:10EFC0001548CDF8049000F0EDFA0746F8B9D6E9F7
:10EFD0000C321034013342F10002302CC6E90C32FD
:10EFE000E4D1B8F1000F04D022464146284603F090
:10EFF000D9FB2E46084C0FCE0FC496E80F002035E3
:10F0000084E80F0095E80F00103484E80F003846BC
:10F0100016B0BDE8F08700BF50200020702000200F
:10F02000F0B5194D194FAB6B8DB0BB4229D0184EBE
:10F03000306803F00AFD402300221946284603F0F9
:10F04000C8FB3021684603F0E8FB044678B96846FF
:10F05000FFF798FF044690B93023024619466846E8
:10F0600003F0B7FB01220023C5E90C23AF6330682E
:10F0700003F0F1FC204603F037FB0DB0F0BD0E2489
:10F08000F5E70020F9E700BF50200020B4A5B4A5A3
:10F09000A00900202DE9F04F99B00DF1570802F1B9
:10F0A0000F0982460E46144628F01F084FEA191928
:10F0B00022B100296DD0B2F5803F6AD8364F374D66
:10F0C000386803F0C2FCD5E90C3213430BD150462B
:10F0D000FFF7A6FF834630B1386803F0BCFC584602
:10F0E00019B0BDE8F08FD5E90C2319EB020243F10A
:10F0F0000003B3F5803F14D3302102A803F08DFB49
:10F10000E8B902A8FFF73EFF83460028E4D1302388
:10F110000246194602A803F05CFB00220023C5E961
:10F120000C234FF4807302A8029303F069FBDFF80D
:10F1300070A03CB92046FFF725FF8346CCE76FF06F
:10F14000920BC9E7102C4FF001024FF0100150460E
:10F15000A14628BF4FF0100903F031FB102352469F
:10F160002021CDE900830D4800F01CFA83460028D9
:10F17000B2D14A463046414603F0F5FCD5E90C329F
:10F18000013342F10002C5E90C32A4EB09044E44FC
:10F19000CFE76FF0860BA2E7A009002050200020E7
:10F1A000702000200022074BC3F81021C3F80C2167
:10F1B000C3F80021C3F80421C3F80821C3F81421BF
:10F1C000704700BF0050045008B5FFF7EBFF012364
:10F1D0000360104B0A6832B9D3F80C211AB9D3F87E
:10F1E0000821002AF6D00B687BB90B4B99420ED050
:10F1F000A3F58473D3F80831002B0CBF4FF0FF3018
:10F200006FF00200FFF7CEFF08BD0020FAE74FF0D5
:10F21000FF30F7E7005004500851045038B5054658
:10F220000C4691B10021012002F04EFC084809492A
:10F23000C0F80055C0F80445FFF7C6FF002104469A
:10F24000084602F041FC204638BD6FF00104FAE7A1
:10F250000050045000510450034B0449C3F800050A
:10F260000348FFF7B1BF00BF0050045004510450E1
:10F270000450045010B504460021012002F024FC83
:10F28000064B0749C3F800450648FFF79DFF0021DC
:10F290000446084602F018FC204610BD00500450F9
:10F2A000085104500850045038B50C4659B1074D68
:10F2B0000749C5F800050748FFF786FF10B9D5F8DC
:10F2C0000835236038BD6FF00100FBE700500450A3
:10F2D000105104500C5004502DE9F04F89B00646EF
:10F2E0000F4690461D4603F0EEFA044678B973695E
:10F2F0000090C3F3013262F305148DF8004014F05E
:10F30000300408D1B168890710D06FF08604204618
:10F3100009B0BDE8F08F102C08D1BDF8023023F4FD
:10F32000F87343F4A873ADF802304EE0DBB2F82B6B
:10F3300002D06FF08504EAE700234FF0010B9E46F0
:10F3400019461846D6F808C0DFF8CC9159F804AB36
:10F350001CEA0A0F08D00BFA00F343EA0E0303F08D
:10F360007F0E012341EA0A0101300728EED12BB1BB
:10F370009DF803306EF347038DF803303CEA01013A
:10F38000D7D17388FF2B35D005D8802B34D0C02B34
:10F39000CFD1022303E0B3F5807FCAD104239DF8C7
:10F3A000021063F306118DF8021014B91CF0030F5C
:10F3B000ABD13379022B2BD020D8012BA5D1BDF8AE
:10F3C000021063F3C811ADF80210012A6FD0032AAE
:10F3D00023D0002A99D13388B3F5105FA9D1182D15
:10F3E0006DD0202D70D0102D8FD1DFF830A10125E8
:10F3F0001F261AE00323D2E70123D0E7032B01D015
:10F40000FF2B82D10221BDF8023061F3C8138AE7D5
:10F41000BDF8023043F4C07385E7412D3DD104258A
:10F420004F26DFF8FCA008F101080024381903F08A
:10F430001EFA00286CD00134AC42F7D11F2E07D041
:10F440002946384603F027FA044600287FF45FAFC8
:10F45000009B4FF0FF39079300239B46CDF818A07F
:10F46000BDF802204344C2F3C112059201AC03F17E
:10F47000100C224618685968083303C263451446C5
:10F48000F7D101A907EB0B00FFF7C8FE044630B324
:10F4900003F019FA6FF0920439E7182D19D0202DD6
:10F4A0001AD0102D7FF431AFDFF874A09FE7302D14
:10F4B0007FF42BAF03253F26DFF868A0B5E7DFF820
:10F4C0005CA002252726B0E7DFF850A002252F26F2
:10F4D000ABE7DFF84CA0F4E7DFF844A0F6E71C2127
:10F4E00001A80BF1010B03F07FF9AB4506D00AEB45
:10F4F0000B12CDE906294FEA0B13B1E71F2E3FF49B
:10F5000006AFBA20FFF7B6FE00283FF400AFC1E710
:10F510006FF08A04FBE600BF283C010040008151E7
:10F52000000000201084045010B590B01C2200216F
:10F5300001A803F025FBF82003F099F908B3202275
:10F5400000200DEB0201FFF7A5FD0446F8B901A864
:10F550004FF4807103F095F90E4B0F4904930F4B54
:10F56000CDE901130E4BF821069320230DEB030286
:10F57000FFF7B2FE202104460DEB010003F034F941
:10F5800005E0F92003F073F90028D8D1044620469D
:10F5900010B010BD0010C00400240001014B4E80CB
:10F5A000F800FF7F2DE9F3411D464FF48073284C8E
:10F5B0008046002017460E46019300F037F901AB54
:10F5C00023601123234A0121C4E9022304F110031B
:10F5D000636040F61103E36104F1200363612123BA
:10F5E000089AE3621C4B46F000561A60099A45F0EF
:10F5F000005542F00052C3E901122022C4F81080E5
:10F60000A6612762A5626162DA60BFF35F8F4FF087
:10F61000A3421460BFF35F8FBFF35F8F1361BFF32B
:10F620005F8FBFF35F8F03235363BFF35F8FBFF31E
:10F630005F8F9363BFF35F8F03F0A4F9431C04460D
:10F64000FAD0002000F01CF9204602B0BDE8F0819D
:10F65000C027002004000020B0270020BFF35F8FE8
:10F66000094A1368BFF35F8F43F48071BFF35F8F64
:10F670001160BFF35F8F23F48073BFF35F8F13605C
:10F68000BFF35F8F704700BF0010805108B5FFF7D0
:10F69000E5FFBFF35F8F064A1368BFF35F8F43F048
:10F6A0000103BFF35F8F1360BFF35F8F08BD00BF1F
:10F6B0000010805170B50026C0E9006605460C4672
:10F6C000FFF7E4FB01232B70FFF7C8FFBFF35F8F49
:10F6D000204BDB68BFF35F8F9B08013BACB3226814
:10F6E00042B19A4205D9FFF7F1FB6FF03F002E704F
:10F6F00070BD1346D4E90115E068002908BF4FF436
:10F700000071002808BFF1202469BFF35F8F114A00
:10F710009360BFF35F8FBFF35F8F1564BFF35F8F9D
:10F72000BFF35F8F5064BFF35F8FBFF35F8F516391
:10F73000BFF35F8F44F4802444F00104BFF35F8F74
:10F740001460BFF35F8F0020D2E74FF40071F12007
:10F750002546DAE70010805170B503780D4614464F
:10F76000002B53D0BFF35F8F2D4A136BBFF35F8F16
:10F770005908C3F34203052B4BD011F0060F02D1F9
:10F780004FF0FF3070BD4368D3B9BFF35F8F53684C
:10F79000BFF35F8F032BF3D9224B2349BFF35F8F56
:10F7A000D2F88060BFF35F8FBFF35F8F43F8046BC5
:10F7B000BFF35F8F8B42F1D1FFF768FF01234360F6
:10F7C000BFF35F8F164B9A68BFF35F8F0132B4EBC4
:10F7D000021F21D8BFF35F8F5A68BFF35F8FB4EB6E
:10F7E000820FCDD884B1BFF35F8FD3F88020BFF3F1
:10F7F0005F8F291D05F8012B8D424FEA122204F17B
:10F80000FF34EFD0002CF5D10020BBE76FF02000D3
:10F81000B8E76FF05100B5E76FF03F00B2E700BF07
:10F8200000108051101080512010805110B50446F6
:10F83000FFF72CFB104B186803F007F90CB10123FC
:10F840002370BFF35F8F4FF0A3430022DA61BFF351
:10F850005F8FBFF35F8F4FF0FF321A63BFF35F8F8D
:10F86000BFF35F8F3422DA61BFF35F8F0122034B56
:10F87000C3F8042310BD00BFA40900200080045079
:10F8800010B5044638B9FFF721FBBDE81040074B1F
:10F89000186803F0E0B803783BB1FFF717FB034BA0
:10F8A000186803F0D8F80023237010BDA4090020C5
:10F8B00038B5164CD4F80051C5B1BFF35F8F4FF087
:10F8C000A343996ABFF35F8FBFF35F8F4FF0FF329F
:10F8D0001A63BFF35F8F0023C4F80031D4F80031FE
:10F8E0000B4B1868BDE8384003F0C8B8D4F80831AD
:10F8F00053B100F06DF803F076F8C4F80851D4F86D
:10F9000008310121034BECE738BD00BF00800450F3
:10F91000AC090020A809002008B5074B186803F0BF
:10F920009CF8064B186803F098F8BDE808400022E0
:10F9300048201146F9F748BDAC090020A80900206D
:10F9400038B5094B1C7864B1084B4FF0FF311D6886
:10F95000284603F084F84FF0FF310446284603F0B0
:10F960008BF8204638BD00BF03290020AC090020D9
:10F9700010B5064C236D3BB9214651F8503B9869B0
:10F9800003F035F801232365014810BDF02700205E
:10F990004028002038B500240B4D0C4BEC662B6042
:10F9A00003F5C0436B60FFF7E3FF50B16B6D20467A
:10F9B000B3F5007FCCBF4FF480634FF40073AB60AE
:10F9C00038BD0E20FCE700BFF0270020002080514A
:10F9D00000487047F02700202DE9F0434FF0000960
:10F9E00085B00546CDF8049000F10C07EFF31188BF
:10F9F000402383F31288BFF36F8F8368594003EA73
:10FA000002060A4053400E4901AACDE9023902F02C
:10FA100018FD019C3CB12046C4F88C900021646E16
:10FA200002F09DFCF6E7DDE9023223EA02033846E4
:10FA30004146AB60FEF7E2FC304605B0BDE8F0831E
:10FA40000B2B01002DE9F04F43688DB01546804621
:10FA5000029383789A0740F10D8100240E78002EDE
:10FA600000F00A81252E0BD04B1C03930134414634
:10FA70003046029B98470028C0F2F6800399EDE7D4
:10FA80004E788B1C252E0393F0D00027B946BB4639
:10FA9000BBF11F0F38D8A6F12003102B0AD8DFE8DE
:10FAA00003F02A0909300909092109090928092D42
:10FAB00009091F00A6F13003092B33D92A2E37D1AB
:10FAC0001BF0400F55F8043B40F08280002BA7BF8D
:10FAD0004BF0200B9946C3F100094BF0280B01E0D5
:10FAE0004BF0010B039B13F8016B0393002ECFD156
:10FAF00030E04BF0020B4BF0040BF3E74BF0080B3C
:10FB0000F0E74BF0100BEDE7BBF17F0F19D8A6F132
:10FB10003003092BD2D81BF0400F03D00A2101FB80
:10FB20000737DFE70A214BF0200B01FB0939D9E742
:10FB30002E2E06D11BF0400F40F09E804BF0400B64
:10FB4000D0E76C2E31D02BD8682E36D06A2E3CD020
:10FB50004C2E3AD0002F46F02003B8BF2BF04002C5
:10FB6000A3F16501BCBF00271FFA82FB022901D95E
:10FB7000612B2FD107350727DFF8ACA225F0070549
:10FB800008351BF0080F66D00AEB070B56465E459A
:10FB900063D1A4EB0A0AA9EB070906EB0A026FE19D
:10FBA000742E9FD07A2E9DD0D4E71BF0800F18BF03
:10FBB0004BF4007B4BF0800B94E71BF4807F18BF65
:10FBC0004BF4007B4BF4807B8CE74BF4207B89E784
:10FBD0001F4687E7A6F16301122900F2F080DFE8F3
:10FBE00011F013004F00EE00EE00EE00EE004F00AB
:10FBF000EE00EE00EE00EE00EE00FE00E900EE008A
:10FC0000EE001B00EE00AF0055F8043B01270DF19C
:10FC1000180A8DF81830B4E755F804AB834BBAF1E5
:10FC2000000F08BF9A461BF0400F504614BF3946DC
:10FC30004FF0FF3102F0CCFF0746A2E741462020FB
:10FC4000029B984700280FDB013EB742F6D34C4495
:10FC5000B146A41B98E74E46F7E7414616F8010B5C
:10FC6000029B9847002892DA98F8023043F0040388
:10FC700088F802304FF0FF3420460DB0BDE8F08F19
:10FC80001BF0800F34D01BF4007F2CD0073525F0FB
:10FC90000705AA4669685AF8080B2BF010050029D9
:10FCA000ADB237DA404245F4806561EB41010DF1B8
:10FCB000180B0A235A4602F097FFA0EB0B0301939F
:10FCC0006B0662D5019B25F001019F4289B240F38A
:10FCD000A180002E00F0998015F0100240F09C8069
:10FCE000BB460D4623E0AA465AF8040BC117D4E7D9
:10FCF000AA461BF4807F5AF8041B01D10846F5E799
:10FD00001BF4007F19BF48B241F3C01108B241F3A0
:10FD1000C031C2E750EA0103C9D11BF0400FC6D081
:10FD2000002FC4D12BF01102BB46019795B240F2CF
:10FD3000064115EA01021CBF0BF1010B00222CE069
:10FD40002BF010020A231FFA82FB1BF0800C49D013
:10FD50001BF4007115BF0735AA4625F007055AF8B0
:10FD6000040B1EBFAA4669685AF8080B50EA010541
:10FD700045D12BF016051BF0400FADB242D0002F3D
:10FD800040D12BF01702019795B215F0100248D020
:10FD9000019B002E42D103F1010B29075AD4EB0736
:10FDA00006D5D9456FDDA9EB0B030199CB465F184A
:10FDB0005B4649E04BF0100B10237826C5E7782B03
:10FDC00004D1C6F1780343F01003BEE74146252075
:10FDD000029B98470028FFF647AF023447E6082306
:10FDE0000026B2E7AA461BF480715AF8040BBDD076
:10FDF0001BF400711ABFC0B2614680B2B6E72BF0A7
:10FE0000060295B20DF1180B54E725F01105BB461B
:10FE1000ADB28CE70D46B8E73B460D4603F1020B49
:10FE2000BBE7DDF804B082E7634401005C440100F5
:10FE3000CDE9043241462020029B98470028FFF676
:10FE400013AF049B059A01339945F1DCA4EB0B0138
:10FE50009B46CC180AB341463020029B98470028A5
:10FE6000FFF602AF8EB901342744391B019B99423A
:10FE700024DC1D4655BB019AA9EB0B0955462244CB
:10FE80001446914433E0019F92E7023441463046E4
:10FE9000029B98470028E7DAE6E640F206410D4269
:10FEA000E2D015F0020F04F10104414614BF2B20EB
:10FEB000202015F4806F18BF2D20E9E7414630203F
:10FEC000029B013498470028CFDACDE606AB013D0E
:10FED0004146585D029B98470028CBDAC4E641466C
:10FEE0002020029B013498470028FFF6BDAEA9EB05
:10FEF0000403002BF3DCC1E57047F0B40C2707FBCB
:10FF0000021414F8045C866845F0020504F8045CE9
:10FF1000B468A446F0BC604730B587B0DDE90A5448
:10FF2000BBB1CDE9002374B100238DF8083007235D
:10FF300002228DF814300B46CDE903546946FFF7D1
:10FF4000DCFF07B030BD02238DF8083001220B46DC
:10FF5000F4E70323CDE90054F6E738B5002120EAA1
:10FF6000E07447F6122540F2E7304FF47A7200232E
:10FF7000C4FB0501F6F76AFDBDE83840FEF734BB67
:10FF80000846FFF7EABF1FB50023CDE900338DF81F
:10FF90000C1044688DF80D200223742103AA006818
:10FFA000A04704B010BD1FB50123CDE900238DF893
:10FFB0000F10446874210DF10F020068A04704B0CF
:10FFC00010BD2DE9F34104460E46174698461E25FE
:10FFD000314620460DF10702FFF7E5FF00280CDB54
:10FFE0009DF807303B4043450AD00121A3682068B3
:10FFF0009847013DECD16FF0730002B0BDE8F0818D
:020000040001F9
:100000000020FAE7022330B587B0019305AB0093D7
:1000100045688DF80F1014460123502100680DF13A
:100020000F02A847002804DB0020BDF814305BBA9B
:10003000238007B030BD73B505460E461446FFF762
:10004000A2FF00280EDB314628460DF10702FFF71C
:10005000AAFF002806DB9DF80730A34214BF6FF00B
:100060000400002002B070BD0429F7B50CBF0827BA
:1000700001270D46144606213A460646FFF783FF40
:10008000002833DB2A4691213046FFF7D4FF0028B1
:100090002CDB012290213046FFF775FF002825DB7D
:1000A0003B463A4601213046FFF78BFF00281DDB17
:1000B000042D0CBF9921962130460DF10702FFF760
:1000C00072FF002812DB042D0CBF40F2DC524FF40B
:1000D00048624FF000009DF8073009BF5343534377
:1000E0001B0A03F5E16318BF1B0A238003B0F0BDB0
:1000F00002460144FF2010B58A4200D110BD0824F9
:1001000012F8013B584010F0800F4FEA400318BF2F
:1001100083F03103013CD8B2F5D1EDE738B50022C8
:100120000D4669210446FFF786FF002846DB0122C1
:10013000B1212046FFF727FF00283FDB0023FF22E5
:10014000B7212046FFF73DFF002837DB0122D621EB
:100150002046FFF770FF002830DB0022B421204644
:10016000FFF769FF002829DB0422B5212046FFF7AD
:1001700062FF002822DBFF22B6212046FFF75BFF4B
:1001800000281BDB0222B3212046FFF754FF002882
:1001900014DB0122B0212046FFF7F5FE00280DDB1D
:1001A0002A4600212046FFF75FFF002806DB40F6C5
:1001B00097032A889A4202D86FF0210038BD1E2288
:1001C00022212046FFF737FF0028F7DB01222321F9
:1001D0002046FFF730FF0028F0DB012224212046D3
:1001E000FFF729FF0028E9DB0023072234212046FE
:1001F000FFF7E7FE0028E1DB0521A36820689847A8
:1002000004212046AA1CFFF72FFF0028D6DB40F66A
:100210004D436A889A42CFD905226A212046FFF7CA
:100220000AFF0028CADB14226F212046FFF703FFD4
:100230000028C3DB01226C212046FFF7FCFE0028CA
:10024000BCDB012269212046FFF7F5FE0028B5DB63
:10025000062316226E212046FFF7B3FE0028ADDBF1
:1002600020680521A36898470020A7E7F0B587B06C
:100270000C460DF10E02FE210546FFF7C3FE0028D5
:1002800007DB45F24943BDF80E209A4203D06FF0D8
:10029000120007B0F0BDFF2128460DF10E02FFF756
:1002A000B1FE0028F5DB41F20403BDF80E209A42AE
:1002B000EDD10021284604F1100304F10802F8F7FB
:1002C0000FFB0028E5DB0121284604F1110304F1AE
:1002D0000C02F8F705FB0028DBDB0026FD23CDE947
:1002E00000668DF80D30442101236F6828680DF1F8
:1002F0000D02B8470028CCDB0A21AB682868984774
:10030000062304AF0193009733463246D5E9000631
:100310004421B0470028BCDB02213846FFF7E8FE45
:100320009DF8123083423AD102210DF11300FFF7FC
:10033000DFFE9DF81530834231D144F25C41BDF8B7
:100340001020BDF8133052BA92B24A434FF6FF71F3
:10035000B2FBF1F2A2F58C52143AA28043F2D4021D
:100360005BBA9BB25343B3FBF1F342F21072A3F5B5
:1003700016739342A8BF134623EAE3732246002173
:100380002846E380FFF770FE002882DB40F69703E3
:1003900022889A4294BF6FF02100002079E76FF025
:1003A0004C0076E710B5002269210446FFF743FEB2
:1003B00000281DDB002303226E212046FFF701FEEB
:1003C000002815DB002224212046FFF734FE0028F8
:1003D0000EDB0122B1212046FFF7D5FD002807DB07
:1003E0000023FF22B7212046FFF7EBFD00EAE07073
:1003F00010BD836800EBC101B3F5004F2CBF51F86D
:10040000220031F81200704700EBC1018068B0F59E
:10041000004F2CBF41F8223021F8123070470122E2
:1004200008B5FFF7E6FFD04008BD836800EBC101C7
:10043000B3F5004F08D34B681AB143F001034B608A
:10044000704723F00103FAE74B881AB143F0010328
:100450004B80704723F00103FAE753000122FFF7B6
:10046000D3BF8368B3F5004F34BF04230823C91AF0
:10047000081AC00870478368481CB3F5004F34BFA2
:10048000042308230833A0EBD300B0FA80F0C0F1B6
:100490001F0070472DE9F041174603220E4604461F
:1004A000FFF7A7FF8642054607F104080AD101229B
:1004B000E368BA4023EA0203E360002344F82830EB
:1004C000BDE8F081314602222046FFF792FF064642
:1004D0002B4601460322204644F82850FFF794FF9C
:1004E000334629462046BDE8F0410222FFF78CBF83
:1004F00070B50D4686680446FFF791FFB6F5004FCC
:10050000014601D3012809D02046FFF7B4FF294650
:1005100002462046BDE87040FFF7BCBF70BD2DE924
:10052000F0470546FFF7A7FF05EB800ADAF81090C1
:1005300088460646B9F1000F1BD00327DAF81040B1
:1005400028462146FFF76BFF404507D33246214638
:100550002846FFF79FFF2046BDE8F087032221468B
:100560002846FFF746FF013FCAF8100001D0814539
:10057000E4D14FF0FF34EB680136B4401C40EAD0C0
:1005800094FAA4F2B2FA82F2131D55F82340DEE782
:100590002DE9F04114460E460546FFF740FFA4EB57
:1005A0000608371B0744424631462846FFF755FFE9
:1005B0003A4621462846FFF750FF4346002221468F
:1005C0002846FFF721FF21462846FFF728FF3B4634
:1005D000211800222846BDE8F041FFF715BF2DE99C
:1005E000F041164604460F46FFF719FF314605460F
:1005F0002046FFF714FF05442A4639462046FFF7F8
:100600002CFF31462046FFF70AFF2B463118002207
:100610002046BDE8F041FFF7F7BE2DE9F0410D4659
:1006200086680446FFF7FBFEB6F5004F014601D38E
:10063000012832D02046FFF71EFF04EB80010E692F
:1006400096B90122E36882401343E36002220D6100
:100650002B4629462046FFF7D7FE0322294620468F
:10066000BDE8F041FFF7D0BE022231462046FFF739
:10067000C0FE0746034629462046FFF7C5FE032273
:10068000334629462046FFF7BFFE39462B46204613
:10069000FFF7BAFE02223146E1E7BDE8F081F8B586
:1006A0000C460546FFF7BBFE2618012231462846B8
:1006B000FFF79FFEC3070CD431462846FFF718FF0B
:1006C00021462846FFF7ABFE214622182846FFF7B1
:1006D00086FF002221462846FFF78BFE271A0122BB
:1006E00039462846FFF785FE10EA020613D139463F
:1006F0002846FFF7FDFE214632462846FFF779FEE1
:100700002246211A2846FFF76AFF2146324628462C
:10071000FFF76FFE241A21462846BDE8F840FFF790
:100720007CBF38B571B1056800222846FFF799FEF5
:10073000044601462846FFF778FE2146BDE83840CA
:10074000FFF7ADBF38BD70B5056809B9002070BDB1
:10075000AB6801F00704B3F5004F2CBF0822042258
:1007600007341444E40804EBD1049C4228BF1C461F
:1007700028462146FFF7D3FE06460028E6D001466C
:100780002846FFF74CFEA04209D93444314628469A
:100790002246FFF7FDFE21462846FFF73EFF28468A
:1007A00001223146FFF741FEAB68B3F5004F34BF7D
:1007B0000423082303EBC6031844C8E71146FFF7D8
:1007C000C2BFB2F5802F2CBF082304232DE9F041CE
:1007D0000026D21A8C18CD1D25F0070524F0070439
:1007E000641BE408056021462846AC60EE60FFF714
:1007F00042FE421D9200013002F107074FEAD7077F
:100800003146A2F1100205F11000B8BF324602F0E5
:10081000B7F93A4631462846FFF71FFE33463246BF
:1008200031462846FFF7F0FDA4EB0708284631467D
:100830000122FFF7FAFD42463946FFF70EFE3B461E
:10084000324639462846FFF7DFFD21462846FFF7A6
:1008500004FE4346324621462846FFF7D5FD214691
:1008600028460122FFF7E1FD3946BDE8F041FFF7D8
:10087000D4BE002070470FB407B504A951F8040B8B
:100880000191F8F7CBF803B05DF804EB04B07047C2
:100890000FB407B504A951F8040B0191F8F7BEF89D
:1008A00003B05DF804EB04B0704708B5EFF31183B3
:1008B000402383F31288BFF36F8FF9F79BF9038B03
:1008C00013F0070305D10368002B0CBF00200320A1
:1008D0007047022B05D1408BB0FA80F040098000B0
:1008E0007047012B05D10368002B0CBF00200520A9
:1008F00070470020704710B50C4600B111B96FF079
:10090000150010BD081D00F0B7F80028F9D1A36844
:10091000032BF6D9F3E72DE9F0410D4607461946BA
:10092000281D90461E4600F0BBF8044638B13346F9
:10093000424629463846A446BDE8F0416047BDE836
:10094000F08110B4EFF31182402484F31288BFF3D6
:100950006F8F416110BC0121F8F7AAB838B50C4679
:10096000054658B151B10B6843B14B6833B11C22F5
:10097000002102F005F900202C6138BD6FF0150050
:10098000FBE770B505460E46FFF7B5FF041E14DB06
:10099000EFF31182402383F31288BFF36F8F4FF67A
:1009A000FF716B8B2C8B8B4204F0070407D182F311
:1009B0001188BFF36F8F6FF00A04204670BD022CC0
:1009C0000CD101336B8382F31188BFF36F8F002347
:1009D000224631462846FFF79EFFEEE7062C14D844
:1009E000DFE804F004131313041A04000023336037
:1009F0006B683BB9C5E90066ACB902212846F8F737
:100A000057F8DAE71E606E60F6E782F31188BFF3ED
:100A10006F8F6FF00404D0E782F31188BFF36F8FFC
:100A20006FF08504C9E782F31188BFF36F8FC4E7C5
:100A300010B5EFF31182402383F31288BFF36F8F59
:100A4000048B04F00704022C0AD0012C0CBF6FF0B9
:100A500004006FF0850082F31188BFF36F8F08E008
:100A6000438B013B9BB2438323B92146F8F720F81F
:100A7000204610BD2046EEE7034640B1426802F032
:100A80000302022A06D0032A04D0012A05D06FF0FF
:100A9000150070471A68002AF9D000209860704746
:100AA00010B54268034602F00302022A4FF0000428
:100AB000816007D0032A02D05C60002001E0186842
:100AC0005C6010BD18685C600028F6D0FEF750F836
:100AD000F3E7704702F054B802F045B801460068E9
:100AE000F8F730B908B5F8F75DF9BDE80840F8F750
:100AF0007DB900210120F8F725B9436F83F30B88F6
:100B000070476FF08500704761B662B680F3118858
:100B1000BFF36F8F704772B6002383F31188BFF362
:100B20006F8FBFF34F8F30BF62B6BFF36F8F7047C9
:100B300072B6002383F31188BFF36F8FBFF34F8F1B
:100B400020BF80F31188BFF36F8F62B6704740E813
:100B500000F313F4803FD8B208BF6FF01500704760
:100B600030B50C684B6885B00A894D890094013B0B
:100B700024F01F04234402F01F0242EA451223F02E
:100B80001F0369468DF808200393F8F7F3FC05B0BE
:100B900030BD08B5F8F7AEFE002008BD7047002351
:100BA00003824369C3607047416A8968F8F70EBFE2
:100BB000EFF31182402383F31288BFF36F8F00237A
:100BC0000B60436833B9C0E9001182F31188BFF3A9
:100BD0006F8F704719604160F7E7034610B5EFF378
:100BE0001181402282F31288BFF36F8F006828B111
:100BF0005C680268A0421A6008BF5A6081F31188DD
:100C0000BFF36F8F10BD027A0132027270478368A2
:100C10000B44036070478388026819448180D018B0
:100C2000704730B484880568A3188380281930BCC5
:100C300001F099BF10B5838802685C1C8480D15490
:100C4000D01810BD034600689A88401A11441860F5
:100C5000998070470268531E036083880133838044
:100C600002F8011C704703468288521A828000688D
:100C7000084418607047034600689A88521A014475
:100C80009A801960704710B5036801211C78FFF73E
:100C9000EAFF204610BD02688068101A70470123E1
:100CA00010B50621044600F8013BFBF7ADFA18B970
:100CB000A37963F03F03A37110BD38B50446807A71
:100CC000F8F75AFE6169054649B1637ADB0704D437
:100CD000436A20461B689B6898470023636121464E
:100CE0002846BDE8384001F0F6B9034610B5D3E810
:100CF000EF0F40EA0102C3E8E42F002CF7D110BD4A
:100D000001210C30FFF7B7BF30B40446084602EBB0
:100D1000C3039A4201D130BC7047114611F8085BF9
:100D2000A54206D1018A53789942F4D330BC536866
:100D300018470A46EDE7D0E8EF3F0B40C0E8E23F36
:100D4000002AF8D1704708B500200021F9F7F0F922
:100D500018B1BDE80840F9F7A1B908BD072208B5E8
:100D600001F016FFB0FA80F0400908BD18B111B1CA
:100D70000846F9F7CFBC6FF01500704713B504466D
:100D800080B106216846FBF73FFA48B99DF8053067
:100D9000694603F03F0320468DF80530FFF7E6FF74
:100DA00002B010BD6FF01500FAE7003818BF01203F
:100DB0007047034610F4004F0CBF07200620DA03EB
:100DC00048BF00F005009B0348BF00F0FB007047E0
:100DD000D0E8AF0F70472DE9F74F8A4601904FF0EA
:100DE000FF314FF0FF30F9F721F90446002849D0D0
:100DF00020210C30FFF70FFF4FF0000980464D46D1
:100E00002022002101F0BCFEDAF8007008F1010B8D
:100E1000DAF80420914509D300222146019888F888
:100E2000005003B0BDE8F04FF9F7DAB97A78A81CA2
:100E300081181F2997F800C008D9BCF1090FC0F12B
:100E40001F0217D1002A15DD4FF0080CD6B2711C15
:100E50000BF80510691CC9B20BF801C0023679689D
:100E60005BFA80F02E4401F07EFEF5B209F1010933
:100E70000837CDE72046F8F727FE6FF0150003B0DE
:100E8000BDE8F08F6FF06800F9E7012303FA01F184
:100E90003AB1D0E8EF3F0B43C0E8E23F002AF8D177
:100EA0007047C943D0E8EF3F0B40C0E8E23F002A5B
:100EB000F8D1704770B506460D464FF0FF304FF041
:100EC000FF3186B0F9F7B2F80446B0B10C3095B1F5
:100ED0000121FFF7AFFE204606F1100203A9082307
:100EE0000095F9F791F80022214642F20A00F9F73D
:100EF00077F906B070BD2946EBE76FF06800F8E7B8
:100F0000183001F0B6B9F9F739BF0C220369C9B23C
:100F100001FB0233186C00F00700704770B5C9B2CE
:100F20000369EFF31185402484F31288BFF36F8FB8
:100F30000C2606FB0134246C14F0C00408D0A24235
:100F400006D085F31188BFF36F8F4FF0FF3070BD6F
:100F5000012206FB01331A6485F31188BFF36F8FFA
:100F6000436803EBC1035B6898470020EFE78022EA
:100F7000FFF7D4BFF8B5069F0469C9B2EFF3118635
:100F8000402585F31288BFF36F8F0C2505FB0144C4
:100F9000256C05F0070CBCF1010F0CD1276486F31A
:100FA0001188BFF36F8FC4E90E23436853F83130C3
:100FB00098470020F8BD05F0C005AF4286F31188C0
:100FC000BFF36F8F0CBF6FF077004FF0FF30F1E78A
:100FD00013B580240094FFF7CDFF02B010BD10B40C
:100FE0001C240069CBB203FB0400002110BC104795
:100FF0001046FCF7FBBD00F0D5BAFBF78BB9022811
:1010000004D0042804D10020F9F776BF0120FBE7C3
:10101000704740F272607047084608B51146FDF708
:1010200025FE002818BF6FF0040008BD08B5FDF7C5
:1010300077FE002818BF6FF0040008BD4368002049
:101040005B68DB680B607047436802EA01005B681D
:1010500021EA02015860002099607047436800202F
:101060005B6859607047436800205B68996070470F
:1010700043685A68136821EA03000B40506000205F
:101080009360704710B503695868F8B1884219D168
:101090009C680868A142586000D1986000200860F0
:1010A0002AB15A680A609A68596002B999600020AA
:1010B00010E0814206D10868206098688142EDD135
:1010C0009C60EBE7044600680028F2D1002AE8D1D2
:1010D0006FF0150010BDFBF769BB02780B69012AA0
:1010E00007D0022A08D052B9DA6503F14400FCF7B0
:1010F0007DBD6FF00D02F7E76FF00A02F4E76FF0C5
:101100000402F1E700F05BB938B504460569012235
:1011100005F12C00114600F0ECFF012205F144001E
:10112000002100F0E6FF2046BDE8384000F02EB96F
:1011300000692C30FCF794BD00692C30FCF756BDDB
:101140002DE9F04F87B004934368D0F810B0D3F87E
:1011500020809B8A174603934FF0FF324FF0FF33F6
:1011600005460C46FFF7E4FF0BF14403029300260B
:10117000002300220BF14400FCF772FD3346BE420F
:1011800001D300234DE0207A010775D40136BE4219
:1011900021680BD2820709D4227D80EA020C0CF070
:1011A000010C02F004025CEA020C08D023B901F041
:1011B0006042B2F1005F1AD04FF0000901E04FF039
:1011C00001096268DDF80CE003EB020CF44556D827
:1011D000C00705D408EB0300059301F0C4FC059B90
:1011E00062681A4493B2B9F1000F2ED113BB4FF0CD
:1011F0000009D4F800A0A388049A217A2846009216
:10120000524600F086F8031E0BDB40F20E3200233C
:101210000298FCF725FD80B1284600F042F86FF0F7
:10122000040328460293FFF787FF029B184607B086
:10123000BDE8F08F9946C246DEE7DBF85C30002B54
:10124000EDDB237ADB0702D400230C3497E7C24599
:10125000FAD1A24609E0A9EB02011FFA81F9DAF8F6
:101260000C0018FA81F101F07EFCDAF80420AAF1F2
:101270000C0A9145EFD2E7E76FF08503D1E76FF0F5
:101280001B03CEE713B501AA044600F0A1F800281D
:1012900005DB019B226819791868FAF7F5F802B0A6
:1012A00010BD70B54568A86A0368D3F80046D3F846
:1012B0000466FBF70FFF31462046FCF75DF9044654
:1012C0000021E869FFF7DEFFA86A00F0AAFC2046CB
:1012D00070BDCA07436819D4C1F3420102290BD07B
:1012E00003290ED0012911D14FF0CC729B6A1B68E3
:1012F0000020C3F8242570479B6A4FF0C8621B6822
:10130000F6E79B6A4FF07F621B68F1E76FF015000C
:101310007047F0B50C461D46164687B04768122246
:1013200000210DF1060001F02BFC04F001038DF803
:101330000430BDF8303002958DF80530BB8C049632
:10134000AB420AD384F00202C2F34002B86A5201EF
:1013500001A9FBF7D7FE07B0F0BD6FF01B00FAE75D
:1013600010B544680021E069FFF78CFFA06ABDE872
:10137000104000F056BC10B54468A06AFBF7AAFE06
:10138000E0690121BDE81040FFF77CBF38B5044695
:101390004568AB6998470121E869FFF773FF234669
:1013A00029462A69A86A00F015FC002804DB2046BB
:1013B000FFF7D6FF002038BD6FF00400FBE710B543
:1013C0004468FFF7D8FFA06A00F033FC002010BD8E
:1013D00030B543681360057A446804EBC504A34242
:1013E00002D36FF0010030BD5C798C4201D008332C
:1013F000F0E70020F7E708B50220F9F7E7FD002045
:1014000008BD08B5006990F838308B4207D990F8CC
:1014100039303BB1C9B2FCF781F8002008BD6FF04C
:101420001500FBE76FF00A00F8E71FB50023046919
:101430000393636B8A07029301F00103C3F1410335
:1014400058BF43F00803204601A9019300F050FC67
:10145000002806DB204600F05AFC0123002084F817
:10146000393004B010BD10B504692046FCF760F8AF
:10147000002815DB4FF0FF324FF0FF3304F13C0042
:10148000FCF7EEFB204600F068FC94F838200021C1
:10149000920004F1140001F073FB0020208710BDBE
:1014A0006FF00D00FBE710B54FF0FF304FF0FF314C
:1014B000FAF7A4FA044628B9EFF756F9044618B12A
:1014C000FAF7A4FA204610BDFAF7A0FA2046F8F77A
:1014D000E9FBF7E7FAF766BB10B5312200210446B5
:1014E00001F04EFB6FF03F0363712823A3730223C7
:1014F000E3736FF0080363760323A3766FF03F0373
:10150000E37678232377802384F82330012384F83B
:101510002430802384F82630402384F82D3010BDF9
:1015200008B5FDF7FDFB48B1002383F31188BFF335
:101530006F8F0423184602DF6FF0040008BD08B562
:101540004FF0FF314FF0FF30FAF758FAF6F76EFE22
:10155000BDE80840FAF75ABA684620F007018D4600
:1015600001B5F4F759F9BDE8014085467047684672
:1015700020F007018D4601B5F3F742FCBDE80140BC
:1015800085467047684620F007018D4601B5F3F7A0
:1015900029FCBDE801408546704708B5F6F746FDD1
:1015A000002008BD7047012802D10020F4F712BEC8
:1015B00070477047F4F708BC03460020184700F056
:1015C00080BC024610B5116891B1B1FA81F3C3F144
:1015D0001F000123834021EA0303D2E8EF4F8C422E
:1015E00004D1C2E8EC3FBCF1000FF6D1EBD110BD45
:1015F0006FF00B00FBE710B50368CB40DB0710D49E
:1016000001238B40026843EA0201D0E8EF4F944285
:1016100004D1C0E8EC1FBCF1000FF6D1F2D10020DC
:1016200010BD6FF01500FBE72DE9F04116461F468F
:101630004FF0010800F160404C1E0444C50BE40B60
:10164000A54201D9BDE8F08105F00701C5F3C70047
:10165000324608FA01F1B8470135F1E7F7B5164609
:10166000DDE90847019001A81D46FAF74FFF019BED
:10167000B6F1000C18BF4FF0010C00EB83000B1EFD
:1016800018BF0123002D43EA4C0314BF4FF00C0C8C
:101690004FF0000C002C43EA0C0314BF4FF4706CA5
:1016A0004FF0000C002F43EA0C0314BF4FF4403CF2
:1016B0004FF0000CD0F8802043EA0C0322EA030329
:1016C00001B109780EB13678760019430DB12D7845
:1016D000AD0031430CB12478240229430FB13F7887
:1016E0003F040C433C43C0F8804003B0F0BD1FB53D
:1016F0000DF10F03019300238DF80F101A461946C0
:101700000093FFF7ABFF05B05DF804FB10B504468E
:101710000846FAF70BFF04EB4004A08AC0F3401020
:1017200010BD10B504460846FAF700FF04EB40046C
:10173000A08AC0F3400010BD10B504460846FAF771
:10174000F5FE04EB4004A08A400B10BD70B50446C2
:1017500008461646FAF7EAFE083034F810300D460F
:10176000DA0509D5C3F3432304EBC3023146284607
:1017700054F8333052689847A3682BB13146284655
:10178000E268BDE87040184770BD10B504460846D1
:10179000FAF7CCFE00B204EB4000838ADA051DD5CF
:1017A000C3F3432123F4F853838204F1120204F1BA
:1017B000580032F8023F13F4807F03D0C3F3432371
:1017C00099420BD08242F4D1002204EBC1035A604B
:1017D00004F16000BDE81040FFF70DBF10BDF0B58B
:1017E0000446002001270546844695420AD1D4F8D4
:1017F000443133B10023C4F84431D4F8443140F4C7
:101800000030F0BDEBB29B0003F580769B0807FA31
:1018100003F3194208D054F806E0BEF1000F03D0DC
:1018200044F806C0A65918430135DEE738B504462A
:101830000D46FFF76BFFB0B12046FFF772FF90B97E
:101840002046FFF779FF012322688340C2F818334E
:10185000236800B203EB8003D3F8102522F00302C3
:10186000C3F8102538BD2846BDE838400021FFF7F1
:101870003EBF2DE9F0431746044685B00846FAF707
:1018800055FED7F800800E460546B8F1000F1FD070
:101890002046FFF746FF18B12046FFF737FF30BB61
:1018A00000230DF10F02CDE900338DF80E308DF8D5
:1018B0000F30304643460DF10E01FFF7CFFE2AB23E
:1018C00004EB4202938A23F0020343F00103938264
:1018D0007B68002B34D03146204693F80080D3F843
:1018E0000490FFF71EFF28B1B9F1000F1FD06FF071
:1018F000150028E028B204EB4000838A23F46043FB
:1019000023F020038382B9F1000F10D0B8F1030F48
:10191000EDD87B6821685B6893F800C001EB8C010F
:10192000B8F1000F12D1C1F81085C1F810852AB2A4
:1019300004EB4202938A23F01C0343EA8803938258
:10194000BB6853BB002005B0BDE8F083D1F810257B
:1019500022F00302C1F81025226802EB8C03D3F8B1
:10196000102522F4473222F47C72C3F8102541F688
:10197000F072D3F8101502EA061242EA08420A434E
:10198000C3F8102504EB4C03A3F86460838A43EA90
:101990004C3343F020038382C9E73146D3E9007812
:1019A0002046FFF7F2FE002FCCD063689F4206D09E
:1019B00004F16000FFF705FE002804DAC3E7A3681E
:1019C0009845F5D1002004EBC003C3E901782DB29E
:1019D00004EB4505AB8AC0B243EA402343F480736D
:1019E000AB82AFE7C0E90312704770B504461546F5
:1019F000FFF78CFE48B10846FAF798FD04EB400467
:101A00000020A38A5B0B2B7070BD6FF01500FBE705
:101A100090F87400003818BF01207047FAF7BCBD79
:101A20002DE9F34104461746FFF770FE0D46266880
:101A300000B32046FFF775FE8046D8B92046FFF771
:101A40007BFE05B2AD0005F5807246F80280216884
:101A5000B2582944D1F8102542F00102C1F81025EE
:101A60002FB10122216802FA00F3C1F8143302B049
:101A7000BDE8F081D6F8143328469B035CBF4FF4D1
:101A80000033C6F81433FAF751FD04EB4004A38A7F
:101A9000C3F38203042B11D0052B11D001A80195AB
:101AA000FAF734FD019BC168D94001F00101023110
:101AB000284602B0BDE8F041FFF719BE0321F7E761
:101AC0000221F5E7FFF7B2BEC9B2FBF7A5BA91F85C
:101AD00020200346032A29D8DFE802F02125190235
:101AE0008A68500504D5D3F844270869904207D185
:101AF0008A6852051AD4D3F844278969914215D0CF
:101B000000200622C3F80005C3F800257047D3F86B
:101B1000442708699042F3D1D3F80C27EDE7D3F8B6
:101B200044270969EAE7D3F80C27FAE70120704750
:101B300030B50124A2F58075AD08AC400C4207D049
:101B4000815829B10021815082581A6822431A60B5
:101B500030BD002313B50C4601934FF4947201ABD2
:101B6000FFF7E6FF21464FF48272FFF7E1FF2146BF
:101B70004FF48A72FFF7DCFF21464FF4B672FFF78D
:101B8000D7FF21464FF4A872FFF7D2FF21464FF44A
:101B90009C72FFF7CDFF4FF49A722146FFF7C8FF02
:101BA000019802B010BD10B4CC7B8A6803682CB9D0
:101BB000D1E90041C3F80046C3F80416C3F8242550
:101BC00043682BB1006810BCC0F30830F7F7DABBEC
:101BD00010BC704738B50D4690F826100446D1B9B0
:101BE000C160C0E9012380F8291080F828106DB188
:101BF000AB7B80F82B302846FBF738FA70B16B7B53
:101C00002946204684F82A30FFF7CDFF0123002023
:101C100084F8263038BD6FF07700FBE76FF01500D1
:101C2000F8E706220368C3F80025022380F826306F
:101C3000704738B504460068C0F30830F7F7B0FBCA
:101C40002046FBF747FA94F82B3063B994F82A3012
:101C50004BB92368D3F80006D3F80456FBF7E8F92C
:101C60002846FBF7E5F9002384F8263038BDF8B59F
:101C700004460D46D1E900714FF47A720023C8037F
:101C8000490CF4F7E3FE23680026C3F80C75C3F88B
:101C900004052B6803F04002C3F380132374A36888
:101CA00063B124685AB90125C4F80021D4F8003181
:101CB000C4F30830F7F766FBC4F80453F8BDC4F862
:101CC0000061D4F80031C4F804610325D4F804316C
:101CD000EEE738B5C0E90223437933B901234371F4
:101CE00009B1FFF7C4FF002038BD6FF07700FBE7B4
:101CF00008B543792BB1022B06D0FFF7B8FF0020BF
:101D000008BD6FF07600FBE76FF00F00F8E70122E7
:101D100003681A6002234371704710B5EFF3118412
:101D2000402383F31288BFF36F8F0379072B11D8F9
:101D30000B7001330371012302680978D2F808059A
:101D40008B4003430020C2F8083584F31188BFF3A9
:101D50006F8F10BD6FF00B00F7E770B5EFF31185D3
:101D6000402383F31288BFF36F8F0022012601798D
:101D7000D3B2994206D80023037185F31188BFF3CB
:101D80006F8F70BD046806FA03F3D4F808150132AA
:101D900021EA0303C4F80835E9E770B5036804468F
:101DA000D3F80414D3F8002182B10022C3F8002133
:101DB000D3F80001D3F80401D0B90125D4E90232E7
:101DC0004FF480709847AB0708D470BDD3F8041166
:101DD0000029FAD0C3F80421D3F804310123637138
:101DE0000021D4E90232BDE870404FF482701847F8
:101DF000C3F804210325D3F80431DFE707B50190C8
:101E000001A8FBF7A9FB0123019A9340436003B0AB
:101E10005DF804FB0369C26893429CBF81685B184C
:101E2000013B981A70472DE9F0410546D0E902843C
:101E30004068A8EB0406964220440F46144406D995
:101E400000F091FEBFF35F8FEC60BDE8F081324699
:101E5000A4EB080400F087FE22466868B919EFE792
:101E60002DE9F8430646894617464FF00008C56835
:101E70003369B4689D4228BF1B19641BBC4228BF4C
:101E80003C46013B5B1B9C4228BF1C467068494690
:101E90002246284400F067FEB3682544AB4208BFE1
:101EA0000025A044A1443F1BBFF35F8FF560002FC6
:101EB000DED14046BDE8F88308B5FBF741FC0020C1
:101EC00008BD08B1F7F772BE704710B54369044604
:101ED0003BB90020E2684042537843F0010353705D
:101EE00010BD98470028F4D00028B8BF4042FF2812
:101EF000A8BFFF20E3681870ECE740B1C3685878CA
:101F000010F001001EBF1878B0FA80F04009704749
:101F1000EFF31183402383F31288BFF36F8FFEE743
:101F200008B5FFF7F5FF10B400F10C04C0E9034455
:101F300010BCFEF746BC38B50446EFF311854023CC
:101F400083F31288BFF36F8FFEF7EBFB04F10C00F5
:101F500000F034FA30B1294604F11400BDE83840ED
:101F6000FCF74CBA85F31188BFF36F8F38BD40245E
:101F700008B5EFF3118384F31288BFF36F8FFEF778
:101F8000CAFDF6E790F90E308B4201D0FCF7C4B9D8
:101F900000207047D0E9003213605A600023427B72
:101FA000C0E9003322F002024273836070472DE9DA
:101FB000F843914604460D469DF8202000F108079D
:101FC000EFF31186402181F31288BFF36F8F02B1C6
:101FD0004568D4F80880474518D0B8F1000F15D0EF
:101FE0004046FFF7D7FF08F1180000F063FA00231E
:101FF0004046C8F88C30C8F8109000F090F9384688
:102000003146FCF7FBF90020BDE8F883A3B10820B6
:10201000FCF7FEFD002838D00122C0F804900260D1
:10202000016801F003015DB922680A430260626839
:1020300020606AB960600BE04846C9F80030EFE7FD
:102040002A68032A16D80160616869B9C4E90000EA
:10205000042104F1100000F0E2FA0028CFD186F349
:102060001188BFF36F8FCFE70A6802F003020243C3
:102070000A60DFE722F003020A4302602A6802F0E6
:10208000030240EA02032B60E2E76FF00B00E6E791
:1020900010B5044630B10268930703D0446809B113
:1020A00000F0DCFA204610BD0023C0E9003300F147
:1020B0000803C0E9023300F11003C0E9043370479C
:1020C000012307B5009300230A461946FFF76FFF67
:1020D00003B05DF804FB002307B50A4600931946D8
:1020E000FFF765FF03B05DF804FB00210068FFF710
:1020F000CFBF5AB18A4209D300F11003C0E90212DE
:10210000C0E90000C0E90433002070476FF01500FB
:102110007047012302688B4022EA0303036022FA1E
:1021200001F000F00100704710B5032104460C30A7
:10213000FFF7EFFF30B104F1100000F0BBF9B0FA87
:1021400080F0400910BD20B100229C30114600F003
:1021500055B9704770B5C3680446C3F340069B0782
:1021600016D4856802210C30FFF7D3FF80B1D5F873
:1021700094206AB194421DD122689EB9D5F8983056
:10218000C5F894209C4201D1C5F898200023236013
:10219000E36813F01F001EBF43F00203E36040F04A
:1021A000020070BD3260D5F89820944208BFC5F88F
:1021B0009860EBE716461268DBE773B50446EFF369
:1021C0001185402383F31288BFF36F8F0023A0F1A2
:1021D0001006032104380193FFF79BFF28B1A36980
:1021E000304601A90193FBF71DFE85F31188BFF36B
:1021F0006F8F02B070BD38B504460D461022002125
:1022000000F0BEFC656038BD13B501900846EFF3E1
:102210001184402383F31288BFF36F8F01A9FBF76A
:1022200001FE84F31188BFF36F8F02B010BD10B5AB
:10223000FFF7EAFF041E08DDEFF31180402383F36C
:102240001288BFF36F8FFCF7EBF8204610BD08B57E
:10225000B022002100F094FC08BD38B530220D46B4
:102260000021044600F08CFC4FF480736560E3604D
:1022700038BD38B50446EFF31185402383F3128847
:10228000BFF36F8FFFF750FF2046FFF763FF85F323
:102290001188BFF36F8F38BDEFF30580003818BF8A
:1022A000012070476FF057007047D0E9003213608B
:1022B0005A600023C0E90033704708B5FFF7F5FF07
:1022C000437B23F0020343730023836008BD38B5CA
:1022D00004460D46FBF77EFF637B43F00203637306
:1022E000E5B1A5602B689D4209D16B68C4E9005334
:1022F0001C606C6012E06A689A42F6D01B68002B82
:10230000F3D094F90E2093F90E108A42F3D0914243
:10231000F1DD5A68C4E9003214605C6038BD10B564
:10232000EFF31184402383F31288BFF36F8FFBF721
:102330000FFF84F31188BFF36F8F10BD08B5EFF363
:102340001181402282F31288BFF36F8F83680BB133
:10235000FFF7B3FF81F31188BFF36F8F08BD38B566
:10236000EFF31184402383F31288BFF36F8F0023B0
:1023700090F87050427B80F870302DB121B184F319
:102380001188BFF36F8F38BD12F0280FF7D1836823
:102390000BB1FFF792FF437B23F004034373FBF77A
:1023A000D7FEECE701211838FFF7D9BF10B5FFF7CA
:1023B000C5FFBDE81040183000F07CB838B50546C0
:1023C00004680020AC4200D138BD002CFCD020466F
:1023D000FFF7ECFF2046FFF7A2FF2C680120A54283
:1023E000F1E708B5C3171F3043F10003400940EA85
:1023F000C360C117FCF7BCF8400108BD38B5EFF366
:102400001185402383F31288BFF36F8F0468A042C5
:1024100013D0A4B1C4F88C1022612046FFF74DFF01
:1024200004F1180000F046F82046FBF791FE012069
:1024300085F31188BFF36F8F38BD0020F8E7204681
:10244000F6E72DE9F04105460E461746EFF31188F1
:10245000402383F31288BFF36F8F0468A0420FD12B
:10246000002088F31188BFF36F8FBDE8F0813946F3
:102470002046B0470028F4D16B68A342F0D024680E
:10248000002CF4D1ECE708B50246FCF73DFA70B138
:10249000D0E904319B1A61EBE272B3F1004F72F1A3
:1024A000000104DA002AACBF1846002008BD6FF016
:1024B0000040FBE7024638B5EFF31185402383F374
:1024C0001288BFF36F8F0368CBB1FCF71DFA044687
:1024D0001046FCF72BFA00224FF000438442C0E97B
:1024E000042306D1FCF718FAFFF7CDFF0021F9F716
:1024F000C5F9002085F31188BFF36F8F38BD6FF0E9
:102500001500F7E708B5FCF71BFB08BDB3F1FF3F6B
:1025100008BFB2F1FF3F70B506461D46144614D001
:102520001A4316D0002B08DBFCF70AFB041941EB19
:102530000501C6E90041304670BD6FF001031C1B68
:102540004FF0FF3363EB0501F3E74FF0FF34214613
:10255000EFE70024FBE7B3F1FF3F08BFB2F1FF3F15
:10256000F8B5074616461C4610D054EA020311D0AF
:10257000FCF7E6FAB0420A46A14103460AD2F31A32
:1025800064EB0204C7E900343846F8BD4FF0FF336E
:102590001C46F7E70023FBE72DE9F0418468054678
:1025A0000E46D4B16378012B22D114F8533C9A071C
:1025B00011D5A4F160073846FFF7F8FE082E0CBFCE
:1025C0006FF003030023E36214F8533CDB0602D1EF
:1025D0003846FFF7A4FE002323700020EB68A860B4
:1025E000C3F38632164366F39433EB60BDE8F081A3
:1025F000022BF0D12378002BEDD054F8048CB8F1E5
:10260000000FE8D004F11400FFF754FF0023A4F1F9
:10261000140739464046E362FFF7F6FDDBE738B5BD
:10262000EFF31185402383F31288BFF36F8F0468A3
:10263000A04211D0D4E9003213605A600023204632
:10264000C4E90033FFF7A8FF85F31188BFF36F8F4C
:10265000201E18BF012038BD0024F5E720B1011F5E
:1026600050F8040CFFF767BC704710B50446406A89
:1026700010B1A16A00F02EF80020C4E9090010BDD5
:1026800038B50546FFF7F1FF2B7F0446012B0ED02E
:10269000023B012B0ED82B6A012B18BF6FF096045A
:1026A0002C220021284600F06BFA204638BD2B6A08
:1026B000002BF2E76FF09604F2E7FCF73DBC7047A1
:1026C0000020FCF7ADBC0020FCF7E4BC002000F0CB
:1026D000CCB8704710B5044608B1FCF7CBFB2046D8
:1026E000BDE81040FCF7C0BB0A2840DCC31C22DA5E
:1026F00010F1400F47D010F13F0F2BDA10F1410FCE
:1027000044D010F1550F44D010F1490F08BF6FF0BD
:10271000840018BF6FF08600704709282AD8DFE8C8
:1027200000F00529290816293829292F6FF098006B
:10273000704700207047C31C0D2B1BD8DFE803F047
:10274000072F1A1C1A1A1A1A1A1A1D1A1A1D6FF0B4
:102750008500704710F1210F1ED00BDB10F1200F08
:102760001DD010F1100F08BF6FF09400D1E764384E
:102770000928D2D96FF0860070476FF09400704737
:102780006FF08C0070476FF0840070476FF0890025
:1027900070476FF0930070476FF0880070476FF0DC
:1027A0009200704710B501380A44914200D110BD23
:1027B00010F8013F11F8014B63400370F5E7014445
:1027C000814200D1704711F8013D1A440A70120A83
:1027D000F6E710B58B4294BFC4184418A04200D14C
:1027E00010BD00F8012BF9E700231A4682B00190D2
:1027F0008B4201D102B070470198C2540133F7E710
:102800000368D90444BF43F48063036003689A04F7
:1028100044BF43F4006303607047F7B506460D46B6
:10282000202D2F46A8BF202700216846FCF742FF35
:10283000044670B93A4631466846FCF78DFF10F100
:10284000520F044608D0431CF4D0684600F0C1F88B
:1028500034B1204603B0F0BD684600F0BAF8E3E7B3
:10286000EC1B3E44F5D02546DAE70020704707B55B
:1028700001A9FCF719FD003818BF012003B05DF86D
:1028800004FBCA0448BF41F480618B0448BF41F493
:1028900000618160704730B589B0054618220C464A
:1028A00001A8002100F06CF9012344EA052401A9E4
:1028B000BA2007940593FCF7B1FC002818BF6FF00D
:1028C000920009B030BDF7B5BA2001A9FCF7ECFCC5
:1028D000044610B1002003B0F0BD019D2F0AEDB2F7
:1028E000AC4205D1BA20FCF7C5FC0028F2D008E0C4
:1028F000E6193046FCF7BEFC30B13046FFF7B7FFB3
:1029000010B96FF09200E6E70134E9E708B5F82066
:10291000FFF7ADFF18B9F920FFF7A9FF10B16FF06D
:10292000920008BDF820FCF797FC0028F7D1F920A9
:10293000FCF792FC0028F4D0F1E738B5BFF35F8FC5
:102940004FF0A344E569BFF35F8FBFF35F8F1023A0
:102950006363BFF35F8F012000F092F8BFF35F8FD6
:1029600000236363BFF35F8FBFF35F8FE36BBFF33E
:102970005F8F5B06F8D425B1BFF35F8FE561BFF3CE
:102980005F8F38BD08B5FCF7DBFF30B9BFF35F8F51
:102990004FF0A343986ABFF35F8FBFF35F8F4FF091
:1029A000A342D36BBFF35F8F10F0240F03F0230318
:1029B00004D0FFF7C2FF6FF01F0008BD4FF0FF30DB
:1029C000002BFAD1BFF35F8F1063BFF35F8F184600
:1029D000F3E710B5037804461BB1FCF777FA002340
:1029E0002370002010BD022203689A607047C0F374
:1029F0000B03482B4B6028BF482310F4003F8B602B
:102A000008BF0023CB6010F4803308BFC1E9013355
:102A100000F47003B3F5700F14BF00238B68002817
:102A20004FF0010C4FF008028B60B8BF0023C1E9E2
:102A300005C2B8BFC1E905337047FBF755B84FF081
:102A4000FF324FF0FF33FAF7D7BF4FF0FF324FF0AE
:102A5000FF33FAF7D1BFFBF747B800F074B807B5FA
:102A60004FF0FF334FF0FF32CDE90023002200F09A
:102A700077F803B05DF804FB00F06EB800F068B8BA
:102A8000FFF7AFBC2DE9F3470446DDE90A98154688
:102A90000E4659B302F0010AFBF7F8FD0746EFF3C3
:102AA0001181402383F31288BFF36F8FA80744BFBF
:102AB0000023A360A36803EA0600BAF1000F0CD05C
:102AC00086420CD16A0744BF8343A36081F3118817
:102AD000BFF36F8F02B0BDE8F0870028F2D159EA4A
:102AE000080305D181F31188BFF36F8F0020F1E750
:102AF000C7E91A652246CDE9009804F10C00FBF7FE
:102B0000E9FB0028F2D1B86EE4E710B54B68D0E9D4
:102B10001A4212F0010F03EA040301D09C4210D1C3
:102B20007BB18366520744BF8A681A430B6848BF6B
:102B30008A6043660123086080F870301830FFF720
:102B4000B9FC002010BD0023C0E90000836070477D
:102B50004FF0FF32FCF740BF0A460021FCF73CBFB4
:102B60005200FFF78FBF0A44431E914200D17047C5
:102B700010B511F8014B914203F8014FF9D110BD86
:102B800002440346934200D1704703F8011BF9E762
:102B90000139024410B5904201D1002005E00378CC
:102BA00011F8014FA34201D0181B10BD0130F2E70C
:102BB00010B50139044632B111F8013F013A00F86D
:102BC000013B002BF7D10021FFF7DAFF204610BDB3
:102BD0000246014410B58A42134603D01C780132E4
:102BE000002CF8D1181A10BDF0B5C3F13707044610
:102BF00003F01F031046FFB2082BE6B232D0102BB1
:102C00003DD06508A40845EAC17544EA81748A0884
:102C10002D1942EB5102290941EA02716D1842EB6C
:102C20001212290A41EA02616D1842EB1222290CA4
:102C300041EA02416D1842EB1242AD1842F1000226
:102C4000EC0844EA4274D10804EB8402A6EB420586
:102C5000EDB2092D0CD90134A5F10A0541F10001AD
:102C6000EDB212E0E40806F0070544EA4174C90831
:102C7000303554EA010200F8015BBDD1F0BD2409F2
:102C800006F00F0544EA01740909092D84BFED1906
:102C9000EDB2EDE701480068704700009020002089
:102CA0000A57FF7F0100000009B600000000000085
:102CB000059B00000000000000000000482D0100FE
:102CC000B91E010000000000D5D90000000000007E
:102CD00000000000882D010000000000682D0100A8
:102CE00000000000A82D0100C1B00000000000009D
:102CF00079C20000000000009B15010000000000E8
:102D000000000000C82D010000000000E82D0100B7
:102D1000F7130100000000001D99000000000000F2
:102D200000000000082E010049860000000000009D
:102D3000ADDC00000000000000000000282E0100B3
:102D400021150100000000002E430100343B01006A
:102D500014370100B8090020E020002031AE000047
:102D6000000000000000000043430100503B010050
:102D7000C8360100BC09002034210020F5B2000053
:102D800000000000000000004F430100643B010010
:102D9000C8360100BE09002040210020F5B2000025
:102DA00000000000000000005A430100783B0100D1
:102DB000C8360100C00900204C210020F5B20000F7
:102DC00000000000000000003B4301000000000084
:102DD000C0360100BA090020000000002D100100DB
:102DE0000000000000000000784301000000000027
:102DF00004370100C4090020240900208DB9000017
:102E00000000000000000000AE43010000000000D0
:102E1000C43B0100C6090020BC210020E5BA000027
:102E2000000000000000000065430100EC080020E5
:102E3000EC360100C20900205821002009110100D0
:102E4000051101000000000000000000F30A01006D
:102E500000000000F30A010000000000F30A010076
:102E600000000000F30A010000000000F30A010066
:102E700000000000F30A010000000000F30A010056
:102E800000000000F30A010000000000F30A010046
:102E900000000000F30A010000000000F30A010036
:102EA00000000000F30A010000000000F30A010026
:102EB00000000000F30A010000000000F30A010016
:102EC00000000000F30A010000000000F30A010006
:102ED00000000000F30A010000000000F30A0100F6
:102EE00000000000F30A010000000000F30A0100E6
:102EF00000000000F30A010000000000F30A0100D6
:102F000000000000F30A010000000000F30A0100C5
:102F100000000000F30A010000000000F30A0100B5
:102F200000000000F30A010000000000D1C2000010
:102F300000000000F30A010000000000F30A010095
:102F400000000000F30A010000000000F30A010085
:102F500000000000F30A010000000000F30A010075
:102F600000000000F30A010000000000F30A010065
:102F700000000000F30A010000000000F30A010055
:102F800000000000F30A010000000000F30A010045
:102F900000000000F30A010000000000F30A010035
:102FA00000000000F30A010000000000F30A010025
:102FB00000000000F30A010000000000F30A010015
:102FC00000000000F30A010000000000F30A010005
:102FD00000000000F30A010000000000F30A0100F5
:102FE00000000000F30A010000000000F30A0100E5
:102FF00000000000F30A010000000000F30A0100D5
:1030000000000000F30A010000000000F30A0100C4
:1030100000000000F30A010000000000F30A0100B4
:1030200000000000F30A010000000000F30A0100A4
:1030300000000000F30A010000000000F30A010094
:1030400000000000F30A010000000000F30A010084
:1030500000000000F30A010000000000F30A010074
:1030600000000000F30A010000000000F30A010064
:1030700000000000F30A010000000000F30A010054
:1030800000000000F30A010000000000B1F8000099
:1030900000000000F30A010000000000F30A010034
:1030A00000000000F30A010000000000F30A010024
:1030B00000000000F30A010000000000F30A010014
:1030C00000000000F30A010000000000F30A010004
:1030D00000000000F30A010000000000F30A0100F4
:1030E00000000000F30A010000000000F30A0100E4
:1030F00000000000F30A010000000000F30A0100D4
:1031000000000000F30A010000000000F30A0100C3
:1031100000000000F30A010000000000F30A0100B3
:1031200000000000F30A010000000000F30A0100A3
:1031300000000000F30A010000000000F30A010093
:1031400000000000F30A010000000000F30A010083
:1031500000000000F30A010000000000F30A010073
:1031600000000000F30A010000000000F30A010063
:1031700000000000F30A010000000000F30A010053
:1031800000000000F30A010000000000F30A010043
:1031900000000000F30A010000000000F30A010033
:1031A00000000000F30A010000000000F30A010023
:1031B00000000000F30A010000000000F30A010013
:1031C00000000000F30A010000000000F30A010003
:1031D00000000000F30A010000000000F30A0100F3
:1031E00000000000F30A010000000000F30A0100E3
:1031F00000000000F30A010000000000F30A0100D3
:1032000000000000F30A010000000000F30A0100C2
:1032100000000000F30A010000000000F30A0100B2
:1032200000000000F30A010000000000F30A0100A2
:1032300000000000F30A010000000000F30A010092
:1032400000000000F30A010000000000F30A010082
:1032500000000000F30A010000000000F30A010072
:1032600000000000F30A010000000000F30A010062
:1032700000000000F30A010000000000F30A010052
:1032800000000000F30A010000000000F30A010042
:1032900000000000F30A010000000000F30A010032
:1032A00000000000F30A010000000000F30A010022
:1032B00000000000F30A010000000000F30A010012
:1032C00000000000F30A010000000000F30A010002
:1032D00000000000F30A010000000000F30A0100F2
:1032E00000000000F30A010000000000F30A0100E2
:1032F00000000000F30A010000000000F30A0100D2
:1033000000000000F30A010000000000F30A0100C1
:1033100000000000F30A010000000000F30A0100B1
:1033200000000000F30A010000000000F30A0100A1
:1033300000000000F30A010000000000F30A010091
:1033400000000000F30A010000000000F30A010081
:1033500000000000F30A010000000000F30A010071
:1033600000000000F30A010000000000F30A010061
:1033700000000000F30A010000000000F30A010051
:1033800000000000F30A010000000000F30A010041
:1033900000000000F30A010000000000F30A010031
:1033A00000000000F30A010000000000F30A010021
:1033B00000000000F30A010000000000F30A010011
:1033C00000000000F30A010000000000F30A010001
:1033D00000000000F30A010000000000F30A0100F1
:1033E00000000000F30A010000000000F30A0100E1
:1033F00000000000F30A010000000000F30A0100D1
:1034000000000000F30A010000000000F30A0100C0
:1034100000000000F30A010000000000F30A0100B0
:1034200000000000F30A010000000000F30A0100A0
:1034300000000000F30A010000000000F30A010090
:1034400000000000F30A010000000000F30A010080
:1034500000000000F30A010000000000F30A010070
:1034600000000000F30A010000000000F30A010060
:1034700000000000F30A010000000000F30A010050
:1034800000000000F30A010058210020BDD3000015
:1034900000000000F30A010000000000F30A010030
:1034A00000000000F30A010000000000F30A010020
:1034B00000000000F30A010000000000F30A010010
:1034C00000000000F30A010000000000F30A010000
:1034D00000000000F30A010000000000F30A0100F0
:1034E00000000000F30A010000000000F30A0100E0
:1034F00000000000F30A010000000000F30A0100D0
:1035000000000000F30A010000000000F30A0100BF
:1035100000000000F30A010000000000F30A0100AF
:1035200054080020D710010000000000F30A010039
:1035300000000000F30A010000000000F30A01008F
:1035400000000000F30A010000000000F30A01007F
:1035500000000000F30A010000000000F30A01006F
:1035600000000000F30A010069CF0000B915010056
:1035700000000000F30A010000000000F30A01004F
:1035800000000000F30A010000000000F30A01003F
:1035900000000000F30A010000000000F30A01002F
:1035A00000000000F30A010000000000F30A01001F
:1035B00000000000F30A010000000000F30A01000F
:1035C00000000000F30A010000000000F30A0100FF
:1035D00000000000F30A010000000000F30A0100EF
:1035E00000000000F30A010000000000F30A0100DF
:1035F00000000000F30A010000000000F30A0100CF
:1036000000000000F30A010000000000F30A0100BE
:1036100000000000F30A010000000000F30A0100AE
:1036200000000000F30A010000000000F30A01009E
:1036300000000000F30A010000000000F30A01008E
:1036400000000000F30A010000000000F30A01007E
:1036500000000000F30A010000000000F30A01006E
:1036600000000000F30A010000000000F30A01005E
:10367000B5150100B915010000000000F30A0100B2
:1036800000000000F30A010000000000F30A01003E
:10369000240900209B1D010000000000F30A010026
:1036A00000000000F30A010000000000F30A01001E
:1036B000DC070020D710010000000000F30A010021
:1036C000191001000000000021B100003D100100B0
:1036D000491001005D100100671001007110010028
:1036E0003DB300008510010000000000D31201006E
:1036F0000000000041110100000000000000000077
:10370000A31201002B140100671401001DB9000071
:103710000314010089AE00006F0F0100D10F0100FA
:10372000000000000B0F010000000000000000007E
:103730000000000004000000A0000000F0000000F5
:103740000000000000A0105000820D500004055041
:10375000050000000400000001000000010001005D
:103760000001010000010001000001000100000053
:1037700001000B0002000A00050009000A00080011
:10378000140007001E000600320005004B00040074
:103790006400030096000200FA000100F40100003A
:1037A00002030100F401FA00960064004B003200AD
:1037B0001E0014000A000500020001000C08021798
:1037C0000D0101020909010106020918180301018E
:1037D000090903030503020123020224091004045A
:1037E00005050B0B040B2B1B1B159A9A1C021D16AF
:1037F000130501490D150508061B1B0F0A060601D6
:10380000010000FEFEFEFEFEFEFEFEFEFEFEFEFED1
:10381000FEFEFEFE16FEFEFEFEFEFEFEFEFEFEFEB0
:103820001F1FFEFE26FEFEFEFEFEFEFEFEFEFEFE4E
:10383000FEFEFEFEFEFEFE3E3EFEFEFEFE3B3B00AC
:10384000A201B003BE05EE024806A209C405F40BAE
:1038500024120E021C045A03B4063006600C000049
:10386000941100200200000B280500200200000B2C
:10387000A01100200200000C061200200200000B24
:10388000061200200100000C041200200100000CB0
:103890000100000007000000000000000000000020
:1038A000000000000406080A0C0E10121416181C62
:1038B0001E20222426282A2C2E30323436383A3C38
:1038C0003E40424446484A4C4E021A500000000016
:1038D000280000001800000000000000F023000095
:1038E0002413000000000000400600004006000015
:1038F000000098086B03000000000000F0230000A7
:10390000241300000000000048A3000014A00000E1
:10391000000040060C03000103020000000000004C
:103920000000010101010101010101010101020287
:10393000020202020303040405050606070708083D
:10394000090A0B0C0D0E0F1011121314151617186F
:10395000191A1B0010010000D20000003001000005
:10396000D800000001000000E40000000200000098
:10397000EA00000002000000EC000000030000006C
:10398000EE00000004000000F00000000500000050
:10399000F200000006000000F40000000700000034
:1039A000F600000008000000F70000000900000019
:1039B000F80000000A000000F90000000B00000001
:1039C000FA0000000D000000FB0000000F000000E6
:1039D000FC00000011000000FD00000013000000CA
:1039E000FE00000015000000FF00000018000000AD
:1039F000000000001B000000010000001F0000008C
:103A00000200000023000000030000002800000066
:103A1000040000002D00000005000000330000003D
:103A20000600000039000000070000003F00000011
:103A30000800000000100200FA0000000000000072
:103A40000338FDD8704700000000000000000000AF
:103A50000338FDD87047000000000000000000009F
:103A60000338FDD87047000000050020000000006A
:103A700006000100020000007C3A01000000000086
:103A8000D141010006000000E04F160000000020B8
:103A9000D941010021000000E0EF0220A9990000B7
:103AA000000000009D0B01009C3A0100B83A0100A3
:103AB0004700000000000000484E00209C3A010032
:103AC000CC3A01002E000000000000002852002027
:103AD0009C3A0100E03A01000201000000000000F1
:103AE000FC5200200E03000079A600000F04000025
:103AF000B5A600003E010000319D0000FF0100005E
:103B0000F19C00003E010000119D0000100100002A
:103B1000010D01009C3A0100243B01004700000018
:103B20000000000018540020EDAD0000BDAD000005
:103B30000000000045AF0000C5AE0000FB0F010013
:103B4000F70F010000A0105000820D500004055036
:103B50001F00000000A01050DC0700200000000043
:103B600000000000FFFF000000820D5054080020FC
:103B70000000000001000000FF07000000040550E5
:103B800000000000000000000200000000800C5057
:103B9000983B010002000000B03B01000200000061
:103BA000A83B0100020100002A80000C2B80000BC2
:103BB0002A00000C2B00000B00A0105000820D50BA
:103BC000000405505DBA0000A7140100ADBC000060
:103BD00000A0105000820D500004055008000000A5
:103BE00002000000040000000100000000A01050CE
:103BF00000820D500004055000A0105000820D50AE
:103C000000040550A82C0100B02C0100102D01006B
:103C1000182D0100482D0100482D01000A44010023
:103C20000001000000000000000100000002000090
:103C30000014000000280000004000000100000007
:103C4000020000004361727269657220696E6974D6
:103C500069616C697A6174696F6E206661696C650F
:103C6000643A2025640A00564241543D2575206D72
:103C70005620564F55543D2575206D5620543D25F0
:103C8000642063432052483D257520632525204349
:103C9000313D25642066462043323D25642066463A
:103CA000204441433D25752C25750A0050726F62F2
:103CB000655141004379636C6520726573756C745E
:103CC0003D25643B207368757474696E6720646F6A
:103CD000776E0A00506F7765722073687574646F31
:103CE000776E206661696C65643D25643B20776171
:103CF0006974696E6720666F7220776174636864A7
:103D00006F67207265636F766572790A0046616934
:103D10006C656420746F207265626F6F743A2073F3
:103D200070696E6E696E6720656E646C6573736C26
:103D3000792E2E2E0A002A2A2A20426F6F74696E6D
:103D400067206E524620436F6E6E65637420534445
:103D50004B2076332E322E322D37343834356531C0
:103D60003639626532202A2A2A0A002A2A2A205550
:103D700073696E67205A6570687972204F53207698
:103D8000342E322E39392D6665346630313036386E
:103D9000303365202A2A2A0A0072302F61313A20F6
:103DA00020307825303878202072312F61323A2047
:103DB00020307825303878202072322F61333A2035
:103DC000203078253038780A0072332F61343A2059
:103DD00020307825303878207231322F69703A20BF
:103DE00020307825303878207231342F6C723A20A8
:103DF000203078253038780A0020787073723A20A5
:103E0000203078253038780A004661756C74696E08
:103E10006720696E737472756374696F6E20616474
:103E2000647265737320287231352F7063293A20CC
:103E30003078253038780A00556E68616E646C659C
:103E400064204952516E3A2025640A002A2A2A2AFF
:103E50002A205553414745204641554C54202A2A93
:103E60002A2A2A0A0020204469766973696F6E2025
:103E70006279207A65726F0A002020556E616C6944
:103E8000676E6564206D656D6F727920616363652F
:103E900073730A002020537461636B206F76657220
:103EA000666C6F772028636F6E746578742061721A
:103EB0006561206E6F742076616C6964290A002048
:103EC000204E6F20636F70726F636573736F722023
:103ED000696E737472756374696F6E730A00202063
:103EE000496C6C6567616C206C6F6164206F662043
:103EF0004558435F52455455524E20696E746F20A9
:103F000050430A002020496C6C6567616C20757312
:103F100065206F662074686520455053520A002062
:103F200020417474656D707420746F2065786563CA
:103F300075746520756E646566696E656420696E6A
:103F4000737472756374696F6E0A002A2A2A2A2AAA
:103F500020425553204641554C54202A2A2A2A2AC9
:103F60000A002020537461636B696E67206572726A
:103F70006F720A002020556E737461636B696E67FF
:103F8000206572726F720A00202050726563697337
:103F900065206461746120627573206572726F724E
:103FA0000A002020424641522041646472657373C6
:103FB0003A20307825780A002020496D70726563B8
:103FC0006973652064617461206275732065727223
:103FD0006F720A002020496E737472756374696F82
:103FE0006E20627573206572726F720A002020461F
:103FF0006C6F6174696E672D706F696E74206C618F
:104000007A79207374617465207072657365727655
:104010006174696F6E206572726F720A002A2A2AB3
:104020002A2A204D5055204641554C54202A2A2AF0
:104030002A2A0A002020537461636B696E67206529
:1040400072726F722028636F6E746578742061726B
:104050006561206D69676874206265206E6F7420E9
:1040600076616C6964290A002020446174612041F2
:1040700063636573732056696F6C6174696F6E0A50
:104080000020204D4D464152204164647265737397
:104090003A20307825780A002020496E73747275B2
:1040A0006374696F6E204163636573732056696F33
:1040B0006C6174696F6E0A0052657365727665642F
:1040C00020457863657074696F6E202800537075A1
:1040D00072696F757320696E746572727570742081
:1040E000284952512000535053454C20696E20748A
:1040F0006872656164206D6F646520646F6573200C
:104100006E6F7420696E64696361746520505350EA
:104110000A002A2A2A2A2A20484152442046415588
:104120004C54202A2A2A2A2A0A0020204275732069
:104130006661756C74206F6E20766563746F722093
:104140007461626C6520726561640A0020204465B8
:10415000627567206576656E740A00202046617579
:104160006C7420657363616C6174696F6E20287371
:1041700065652062656C6F77290A00415243485F8C
:1041800045584345505420776974682072656173BF
:104190006F6E2025780A0A002A2A2A2A2A204465D6
:1041A000627567206D6F6E69746F722065786365E4
:1041B0007074696F6E202A2A2A2A2A0A002A2A2A5B
:1041C0002A2A20257320256429202A2A2A2A2A0A15
:1041D00000464C4153485F30005352414D5F300020
:1041E00000000000000000FFFFFFFFFFFF000000D5
:1041F00000000001040002000000020000000000B6
:1042000000000500000000000000000000000000A9
:10421000000005574553545F544F504449522F7A7C
:1042200065706879722F7375627379732F626C751C
:1042300065746F6F74682F686F73742F6863695F3C
:10424000636F72652E63006576745F666C61677379
:104250002026202831554C203C3C2028302929009C
:10426000415353455254494F4E204641494C205BDF
:1042700025735D20402025733A25640A0062745F2F
:104280006863695F6576745F6765745F666C6167B4
:1042900073286864722D3E657674292026202831A3
:1042A000554C203C3C20283129290062756600735A
:1042B0007563636573730009636F6D6D616E642070
:1042C0006F70636F646520307825303478207469AE
:1042D0006D656F75740A00657272203D3D20300077
:1042E00009436F6E74726F6C6C657220756E7265C7
:1042F00073706F6E736976652C20636F6D6D616E80
:1043000064206F70636F64652030782530347820C6
:1043100074696D656F757420776974682065727251
:104320002025640A00425420525820575100636CE3
:104330006F636B40313065303030007073612D72C7
:104340006E67006770696F403130613030300067F0
:1043500070696F406438323030006770696F403583
:104360003034303000693263406338303030000020
:10437000010405020608090F7761746368646F67BA
:104380004031303930303000536F6674446576699F
:10439000636520436F6E74726F6C6C65722041535D
:1043A000534552543A2025732C2025640A00627428
:1043B0005F6863695F736463004D50534C204153E1
:1043C000534552543A2025732C2025640A004D5041
:1043D000534C20576F726B000007182323232323AD
:1043E00023232323232323230001025465726D69B1
:1043F0006E616C00000000000000545452205245D1
:1044000047474553006D61696E00737973776F722A
:104410006B7100903D6AF1A5AD641DCD273EBFFCD8
:10442000680F404099CAAC00FFFFFFFF1F00647295
:1044300061676F6F6E2F6C6962732F736368656459
:104440002F7372632F73636865645F68616C5F7458
:10445000696D65725F677274632E6300286E756C98
:0C4460006C29002A666C6F61742A000051
:10447400FFFFFFFFFF1F00001F00000000000000FF
:104484001D40000000000000FFFFFFFF1FFF0000B1
:10449400BAABBABA101010100100000000000000FE
:1044A4000050085000000000000000000C00000054
:1044B40000FF7F000000000000000000000000007A
:1044C400F9140000000000007D76000000000000E8
:1044D4000000000000000000000000007005002043
:1044E4005B80000061800000638000008980000020
:1044F40067800000938000006D8000009D800000B4
:1045040073800000A98000007F8000008380000089
:10451400758000007B80000099800000A38000006B
:10452400B805002001FF00008B8300009783000082
:104534009B830000A3830000A78300000000000009
:104544000000000000000000000000000000000067
:104554000000000000000000000000000000000057
:104564000000000000000000000000000000000047
:104574000000000000000000000000000000000037
:104584000000000000000000000000000000000027
:104594000000000000000000000000000000000017
:1045A4000000000000000000000000000000000007
:1045B40000000000000000000000000000000000F7
:1045C40000000000000000000000000000000000E7
:1045D40000000000000000000000000000000000D7
:1045E40000000000000000000000000000000000C7
:1045F40000000000000000000000000000000000B7
:10460400000000000000000055A6000000000000AB
:104614000000000000000000000000000000000096
:104624000000000000000000000000000000000086
:104634000000000000000000000000000000000076
:104644000000000000000000000000000000000066
:104654000000000000000000000000000000000056
:104664000000000000000000000000000000000046
:1046740000000000082E010000000000C9860000B0
:104684000000000000010000000000000000000025
:104694000000000000000000000000000000000016
:1046A400000000000000000000000000670000009F
:1046B40000000000000000000000000000000000F6
:1046C40000000000000000000000000000000000E6
:1046D40000000000000000000000000000000000D6
:1046E40000000000000000000000000000000000C6
:1046F40000000000000000000000000000000000B6
:1047040000000000000000000000000000000000A5
:104714000000000000000000000000000000000095
:104724000000000000000000000000000000000085
:1047340000000000000000007308010000000000F9
:10474400930B0100000000000000000000C01050A6
:104754000000000000000000000000000000000055
:104764000000000000000000000000000000000045
:104774000000000000000000000000000000000035
:104784000000000000000000000000000000000025
:104794000000000000000000000000000000000015
:1047A4000000000000000000000000000000000005
:1047B40000000000000000000000000000000000F5
:1047C4000001000000A00D500000000000000000E7
:1047D40000000000000000000000000000000000D5
:1047E40000000000000000000000000000000000C5
:1047F40000000000000000000000000000000000B5
:1048040000000000000000000000000000000000A4
:104814000000000000000000000000000000000094
:104824000000000000000000000000000000000084
:104834000000000000000000000000000000000074
:10484400470D01000000000000000000000000000F
:10485400759F000000000000000000000000000040
:10486400000000000000980100000101DB100100BD
:104874001000000069B400008C3B01006228002095
:10488400FFFF000000000000C5B5000000000000AC
:10489400FF00000000901050000000000000000025
:1048A4000000000000000000000000000000000004
:1048B40000000000000000000000000000000000F4
:1048C40000000000000000000000000000000000E4
:1048D40060090020600900200000000001000000C1
:1048E40070090020700900200090D003FF00000030
:1048F4000F000000710200008809002088090020D0
:10490400D3260100812B010067742000C809002010
:10491400F0090020DC0900204C0A0020400A002095
:104924003B2A01003F2A01000000000000000000B3
:104934000000000000000000C8090020C809002091
:1049440000000000000000000E000000DC09002050
:10495400DC09002000000000000000000E00000040
:10496400F0090020F0090020000000000000000011
:104974000E000000040A0020040A002000000000C9
:10498400000000000E000000180A0020180A002091
:1049940000000000000000000E0000002C0A0020AF
:1049A4002C0A002000000000000000000E0000009F
:1049B400400A0020400A0020000000004C0A0020A9
:1049C4004C0A00200000000000000000000000006D
:1049D400600A0020600A0020680A0020680A00209B
:1049E400030003000000000000000000BC3A0100C6
:1049F400B452002000000000000000008C0A0020D7
:104A04008C0A0020940A0020940A0020010001006E
:104A14000000000000000000143B0100605400206E
:104A24000000000000000000B80A0020B80A0020BE
:104A3400C00A0020C00A00200A000A000400000086
:104A4400399C0000A83A0100105100200000000029
:104A540000000000E40A0020E40A0020EC0A002020
:104A6400EC0A00200100010000000000000000002A
:0C4A7400D03A01000054002015E015E0CD
:00000001FF
