ISO-10303-21;
HEADER;
FILE_DESCRIPTION(('Open CASCADE Model'),'2;1');
FILE_NAME('Open CASCADE Shape Model','2026-07-30T17:11:01',('Author'),(
    'Open CASCADE'),'Open CASCADE STEP processor 7.9','Open CASCADE 7.9'
  ,'Unknown');
FILE_SCHEMA(('AUTOMOTIVE_DESIGN { 1 0 10303 214 1 1 1 1 }'));
ENDSEC;
DATA;
#1 = APPLICATION_PROTOCOL_DEFINITION('international standard',
  'automotive_design',2000,#2);
#2 = APPLICATION_CONTEXT(
  'core data for automotive mechanical design processes');
#3 = SHAPE_DEFINITION_REPRESENTATION(#4,#10);
#4 = PRODUCT_DEFINITION_SHAPE('','',#5);
#5 = PRODUCT_DEFINITION('design','',#6,#9);
#6 = PRODUCT_DEFINITION_FORMATION('','',#7);
#7 = PRODUCT('Open CASCADE STEP translator 7.9 2',
  'Open CASCADE STEP translator 7.9 2','',(#8));
#8 = PRODUCT_CONTEXT('',#2,'mechanical');
#9 = PRODUCT_DEFINITION_CONTEXT('part definition',#2,'design');
#10 = ADVANCED_BREP_SHAPE_REPRESENTATION('',(#11,#15),#11843);
#11 = AXIS2_PLACEMENT_3D('',#12,#13,#14);
#12 = CARTESIAN_POINT('',(0.,0.,0.));
#13 = DIRECTION('',(0.,0.,1.));
#14 = DIRECTION('',(1.,0.,-0.));
#15 = MANIFOLD_SOLID_BREP('',#16);
#16 = CLOSED_SHELL('',(#17,#137,#217,#297,#373,#486,#820,#859,#976,#1298
    ,#1337,#1426,#1465,#1790,#1883,#1922,#2236,#2412,#2540,#2622,#2710,
    #2819,#2947,#3056,#3184,#3266,#3354,#3463,#3579,#3687,#3815,#3897,
    #3985,#4094,#4222,#4331,#4459,#4541,#4629,#4728,#4804,#4858,#4907,
    #4961,#5010,#5064,#5113,#5167,#5216,#5266,#5315,#5369,#5418,#5445,
    #5566,#5655,#5742,#5818,#5873,#5927,#6005,#6061,#6120,#6196,#6251,
    #6305,#6387,#6443,#6498,#7397,#7518,#7602,#7649,#7725,#7780,#7807,
    #7885,#7941,#7968,#8044,#8099,#8126,#8203,#8254,#8281,#8328,#8355,
    #8362,#8438,#8493,#8520,#8602,#8658,#8685,#8761,#8816,#8843,#8921,
    #8977,#9004,#9080,#9135,#9162,#9244,#9300,#9327,#9403,#9458,#9485,
    #9567,#9623,#9650,#9726,#9781,#9808,#9886,#9942,#9969,#10045,#10100,
    #10127,#10204,#10255,#10282,#10329,#10356,#10363,#10439,#10466,
    #10542,#10591,#10645,#10699,#10794,#10889,#10986,#11014,#11042,
    #11139,#11167,#11195,#11242,#11269,#11296,#11323,#11372,#11426,
    #11453,#11480,#11527,#11554,#11561,#11610,#11660,#11687,#11714,
    #11741,#11748,#11775,#11832));
#17 = ADVANCED_FACE('',(#18),#32,.T.);
#18 = FACE_BOUND('',#19,.T.);
#19 = EDGE_LOOP('',(#20,#55,#83,#111));
#20 = ORIENTED_EDGE('',*,*,#21,.T.);
#21 = EDGE_CURVE('',#22,#24,#26,.T.);
#22 = VERTEX_POINT('',#23);
#23 = CARTESIAN_POINT('',(-2.25,16.,-16.6));
#24 = VERTEX_POINT('',#25);
#25 = CARTESIAN_POINT('',(2.25,16.,-16.6));
#26 = SURFACE_CURVE('',#27,(#31,#43),.PCURVE_S1.);
#27 = LINE('',#28,#29);
#28 = CARTESIAN_POINT('',(3.508998647206E-14,16.,-16.6));
#29 = VECTOR('',#30,1.);
#30 = DIRECTION('',(1.,0.,-3.469446951954E-17));
#31 = PCURVE('',#32,#37);
#32 = PLANE('',#33);
#33 = AXIS2_PLACEMENT_3D('',#34,#35,#36);
#34 = CARTESIAN_POINT('',(-2.25,16.,-16.6));
#35 = DIRECTION('',(3.469314846045E-17,-8.726535498374E-03,
    0.999961923064));
#36 = DIRECTION('',(-1.,0.,3.469446951954E-17));
#37 = DEFINITIONAL_REPRESENTATION('',(#38),#42);
#38 = LINE('',#39,#40);
#39 = CARTESIAN_POINT('',(-2.25,-0.));
#40 = VECTOR('',#41,1.);
#41 = DIRECTION('',(-1.,-0.));
#42 = ( GEOMETRIC_REPRESENTATION_CONTEXT(2) 
PARAMETRIC_REPRESENTATION_CONTEXT() REPRESENTATION_CONTEXT('2D SPACE',''
  ) );
#43 = PCURVE('',#44,#49);
#44 = PLANE('',#45);
#45 = AXIS2_PLACEMENT_3D('',#46,#47,#48);
#46 = CARTESIAN_POINT('',(-20.,16.,-10.));
#47 = DIRECTION('',(0.,1.,0.));
#48 = DIRECTION('',(3.469446951954E-17,0.,1.));
#49 = DEFINITIONAL_REPRESENTATION('',(#50),#54);
#50 = LINE('',#51,#52);
#51 = CARTESIAN_POINT('',(-6.6,20.));
#52 = VECTOR('',#53,1.);
#53 = DIRECTION('',(0.,1.));
#54 = ( GEOMETRIC_REPRESENTATION_CONTEXT(2) 
PARAMETRIC_REPRESENTATION_CONTEXT() REPRESENTATION_CONTEXT('2D SPACE',''
  ) );
#55 = ORIENTED_EDGE('',*,*,#56,.F.);
#56 = EDGE_CURVE('',#57,#24,#59,.T.);
#57 = VERTEX_POINT('',#58);
#58 = CARTESIAN_POINT('',(2.309037819923,19.382274438138,-16.57048333814
    ));
#59 = SURFACE_CURVE('',#60,(#64,#71),.PCURVE_S1.);
#60 = LINE('',#61,#62);
#61 = CARTESIAN_POINT('',(2.249314732569,15.96074105519,-16.60034260762)
  );
#62 = VECTOR('',#63,1.);
#63 = DIRECTION('',(-1.745174210552E-02,-0.999809635615,
    -8.72520650594E-03));
#64 = PCURVE('',#32,#65);
#65 = DEFINITIONAL_REPRESENTATION('',(#66),#70);
#66 = LINE('',#67,#68);
#67 = CARTESIAN_POINT('',(-4.499314732569,3.926043972683E-02));
#68 = VECTOR('',#69,1.);
#69 = DIRECTION('',(1.745174210552E-02,0.999847706752));
#70 = ( GEOMETRIC_REPRESENTATION_CONTEXT(2) 
PARAMETRIC_REPRESENTATION_CONTEXT() REPRESENTATION_CONTEXT('2D SPACE',''
  ) );
#71 = PCURVE('',#72,#77);
#72 = PLANE('',#73);
#73 = AXIS2_PLACEMENT_3D('',#74,#75,#76);
#74 = CARTESIAN_POINT('',(2.25,16.,-16.6));
#75 = DIRECTION('',(0.999847695156,-1.745240643728E-02,
    8.191984548324E-16));
#76 = DIRECTION('',(-8.193232417306E-16,4.52890425401E-33,1.));
#77 = DEFINITIONAL_REPRESENTATION('',(#78),#82);
#78 = LINE('',#79,#80);
#79 = CARTESIAN_POINT('',(-3.426076208974E-04,3.926492504785E-02));
#80 = VECTOR('',#81,1.);
#81 = DIRECTION('',(-8.72520650594E-03,0.999961934661));
#82 = ( GEOMETRIC_REPRESENTATION_CONTEXT(2) 
PARAMETRIC_REPRESENTATION_CONTEXT() REPRESENTATION_CONTEXT('2D SPACE',''
  ) );
#83 = ORIENTED_EDGE('',*,*,#84,.F.);
#84 = EDGE_CURVE('',#85,#57,#87,.T.);
#85 = VERTEX_POINT('',#86);
#86 = CARTESIAN_POINT('',(-2.309037819923,19.382274438138,
    -16.57048333814));
#87 = SURFACE_CURVE('',#88,(#92,#99),.PCURVE_S1.);
#88 = LINE('',#89,#90);
#89 = CARTESIAN_POINT('',(-10.,19.382274438138,-16.57048333814));
#90 = VECTOR('',#91,1.);
#91 = DIRECTION('',(1.,0.,-1.457167719821E-16));
#92 = PCURVE('',#32,#93);
#93 = DEFINITIONAL_REPRESENTATION('',(#94),#98);
#94 = LINE('',#95,#96);
#95 = CARTESIAN_POINT('',(7.75,-3.382403229688));
#96 = VECTOR('',#97,1.);
#97 = DIRECTION('',(-1.,9.688400635504E-19));
#98 = ( GEOMETRIC_REPRESENTATION_CONTEXT(2) 
PARAMETRIC_REPRESENTATION_CONTEXT() REPRESENTATION_CONTEXT('2D SPACE',''
  ) );
#99 = PCURVE('',#100,#105);
#100 = CYLINDRICAL_SURFACE('',#101,0.8);
#101 = AXIS2_PLACEMENT_3D('',#102,#103,#104);
#102 = CARTESIAN_POINT('',(-10.,18.7,-16.15274946225));
#103 = DIRECTION('',(-1.,0.,1.457167719821E-16));
#104 = DIRECTION('',(-1.021342354461E-16,0.713250449154,-0.7009092643));
#105 = DEFINITIONAL_REPRESENTATION('',(#106),#110);
#106 = LINE('',#107,#108);
#107 = CARTESIAN_POINT('',(6.055904086815,0.));
#108 = VECTOR('',#109,1.);
#109 = DIRECTION('',(0.,-1.));
#110 = ( GEOMETRIC_REPRESENTATION_CONTEXT(2) 
PARAMETRIC_REPRESENTATION_CONTEXT() REPRESENTATION_CONTEXT('2D SPACE',''
  ) );
#111 = ORIENTED_EDGE('',*,*,#112,.F.);
#112 = EDGE_CURVE('',#22,#85,#113,.T.);
#113 = SURFACE_CURVE('',#114,(#118,#125),.PCURVE_S1.);
#114 = LINE('',#115,#116);
#115 = CARTESIAN_POINT('',(-2.249901024465,15.994329695401,
    -16.60004948399));
#116 = VECTOR('',#117,1.);
#117 = DIRECTION('',(-1.745174210552E-02,0.999809635615,
    8.72520650594E-03));
#118 = PCURVE('',#32,#119);
#119 = DEFINITIONAL_REPRESENTATION('',(#120),#124);
#120 = LINE('',#121,#122);
#121 = CARTESIAN_POINT('',(-9.897553493987E-05,5.670520515336E-03));
#122 = VECTOR('',#123,1.);
#123 = DIRECTION('',(1.745174210552E-02,-0.999847706752));
#124 = ( GEOMETRIC_REPRESENTATION_CONTEXT(2) 
PARAMETRIC_REPRESENTATION_CONTEXT() REPRESENTATION_CONTEXT('2D SPACE',''
  ) );
#125 = PCURVE('',#126,#131);
#126 = PLANE('',#127);
#127 = AXIS2_PLACEMENT_3D('',#128,#129,#130);
#128 = CARTESIAN_POINT('',(-2.25,16.,-17.9));
#129 = DIRECTION('',(-0.999847695156,-1.745240643728E-02,
    1.315520645708E-15));
#130 = DIRECTION('',(-1.315721036395E-15,-1.128700349301E-31,-1.));
#131 = DEFINITIONAL_REPRESENTATION('',(#132),#136);
#132 = LINE('',#133,#134);
#133 = CARTESIAN_POINT('',(-1.299950516001,5.671168345699E-03));
#134 = VECTOR('',#135,1.);
#135 = DIRECTION('',(-8.72520650594E-03,-0.999961934661));
#136 = ( GEOMETRIC_REPRESENTATION_CONTEXT(2) 
PARAMETRIC_REPRESENTATION_CONTEXT() REPRESENTATION_CONTEXT('2D SPACE',''
  ) );
#137 = ADVANCED_FACE('',(#138),#72,.T.);
#138 = FACE_BOUND('',#139,.T.);
#139 = EDGE_LOOP('',(#140,#163,#191,#216));
#140 = ORIENTED_EDGE('',*,*,#141,.T.);
#141 = EDGE_CURVE('',#24,#142,#144,.T.);
#142 = VERTEX_POINT('',#143);
#143 = CARTESIAN_POINT('',(2.25,16.,-17.));
#144 = SURFACE_CURVE('',#145,(#149,#156),.PCURVE_S1.);
#145 = LINE('',#146,#147);
#146 = CARTESIAN_POINT('',(2.25,16.,-17.25));
#147 = VECTOR('',#148,1.);
#148 = DIRECTION('',(-1.792162097737E-14,-1.073667975236E-12,-1.));
#149 = PCURVE('',#72,#150);
#150 = DEFINITIONAL_REPRESENTATION('',(#151),#155);
#151 = LINE('',#152,#153);
#152 = CARTESIAN_POINT('',(-0.65,2.543914350478E-13));
#153 = VECTOR('',#154,1.);
#154 = DIRECTION('',(-1.,1.073831524979E-12));
#155 = ( GEOMETRIC_REPRESENTATION_CONTEXT(2) 
PARAMETRIC_REPRESENTATION_CONTEXT() REPRESENTATION_CONTEXT('2D SPACE',''
  ) );
#156 = PCURVE('',#44,#157);
#157 = DEFINITIONAL_REPRESENTATION('',(#158),#162);
#158 = LINE('',#159,#160);
#159 = CARTESIAN_POINT('',(-7.25,22.25));
#160 = VECTOR('',#161,1.);
#161 = DIRECTION('',(-1.,-1.788692650785E-14));
#162 = ( GEOMETRIC_REPRESENTATION_CONTEXT(2) 
PARAMETRIC_REPRESENTATION_CONTEXT() REPRESENTATION_CONTEXT('2D SPACE',''
  ) );
#163 = ORIENTED_EDGE('',*,*,#164,.T.);
#164 = EDGE_CURVE('',#142,#165,#167,.T.);
#165 = VERTEX_POINT('',#166);
#166 = CARTESIAN_POINT('',(2.297372381616,18.71396192515,-16.95262761838
    ));
#167 = SURFACE_CURVE('',#168,(#172,#179),.PCURVE_S1.);
#168 = LINE('',#169,#170);
#169 = CARTESIAN_POINT('',(2.249718343285,15.983863897614,
    -17.00028165671));
#170 = VECTOR('',#171,1.);
#171 = DIRECTION('',(1.744974916068E-02,0.999695459882,
    1.744974916068E-02));
#172 = PCURVE('',#72,#173);
#173 = DEFINITIONAL_REPRESENTATION('',(#174),#178);
#174 = LINE('',#175,#176);
#175 = CARTESIAN_POINT('',(-0.400281656715,1.613856036702E-02));
#176 = VECTOR('',#177,1.);
#177 = DIRECTION('',(1.744974916068E-02,-0.999847741536));
#178 = ( GEOMETRIC_REPRESENTATION_CONTEXT(2) 
PARAMETRIC_REPRESENTATION_CONTEXT() REPRESENTATION_CONTEXT('2D SPACE',''
  ) );
#179 = PCURVE('',#180,#185);
#180 = PLANE('',#181);
#181 = AXIS2_PLACEMENT_3D('',#182,#183,#184);
#182 = CARTESIAN_POINT('',(3.159645731612E-14,16.,-17.));
#183 = DIRECTION('',(-1.456945786119E-16,1.745240643728E-02,
    -0.999847695156));
#184 = DIRECTION('',(-1.,6.227871620498E-33,1.457167719821E-16));
#185 = DEFINITIONAL_REPRESENTATION('',(#186),#190);
#186 = LINE('',#187,#188);
#187 = CARTESIAN_POINT('',(-2.249718343285,-1.613856036702E-02));
#188 = VECTOR('',#189,1.);
#189 = DIRECTION('',(-1.744974916068E-02,0.999847741536));
#190 = ( GEOMETRIC_REPRESENTATION_CONTEXT(2) 
PARAMETRIC_REPRESENTATION_CONTEXT() REPRESENTATION_CONTEXT('2D SPACE',''
  ) );
#191 = ORIENTED_EDGE('',*,*,#192,.F.);
#192 = EDGE_CURVE('',#57,#165,#193,.T.);
#193 = SURFACE_CURVE('',#194,(#199,#210),.PCURVE_S1.);
#194 = ELLIPSE('',#195,0.800121862435,0.8);
#195 = AXIS2_PLACEMENT_3D('',#196,#197,#198);
#196 = CARTESIAN_POINT('',(2.297128675306,18.7,-16.15274946225));
#197 = DIRECTION('',(-0.999847695156,1.745240643728E-02,
    -8.191984548324E-16));
#198 = DIRECTION('',(1.745240643728E-02,0.999847695156,
    -6.764996651821E-15));
#199 = PCURVE('',#72,#200);
#200 = DEFINITIONAL_REPRESENTATION('',(#201),#209);
#201 = ( BOUNDED_CURVE() B_SPLINE_CURVE(2,(#202,#203,#204,#205,#206,#207
,#208),.UNSPECIFIED.,.T.,.F.) B_SPLINE_CURVE_WITH_KNOTS((1,2,2,2,2,1),(
    -2.094395102393,0.,2.094395102393,4.188790204786,6.28318530718,
8.377580409573),.UNSPECIFIED.) CURVE() GEOMETRIC_REPRESENTATION_ITEM() 
RATIONAL_B_SPLINE_CURVE((1.,0.5,1.,0.5,1.,0.5,1.)) REPRESENTATION_ITEM(
  '') );
#202 = CARTESIAN_POINT('',(0.447250537741,-3.500533148154));
#203 = CARTESIAN_POINT('',(-0.938390108314,-3.500533148154));
#204 = CARTESIAN_POINT('',(-0.245569785286,-2.300350354501));
#205 = CARTESIAN_POINT('',(0.447250537741,-1.100167560848));
#206 = CARTESIAN_POINT('',(1.140070860769,-2.300350354501));
#207 = CARTESIAN_POINT('',(1.832891183796,-3.500533148154));
#208 = CARTESIAN_POINT('',(0.447250537741,-3.500533148154));
#209 = ( GEOMETRIC_REPRESENTATION_CONTEXT(2) 
PARAMETRIC_REPRESENTATION_CONTEXT() REPRESENTATION_CONTEXT('2D SPACE',''
  ) );
#210 = PCURVE('',#100,#211);
#211 = DEFINITIONAL_REPRESENTATION('',(#212),#215);
#212 = B_SPLINE_CURVE_WITH_KNOTS('',1,(#213,#214),.UNSPECIFIED.,.F.,.F.,
  (2,2),(0.549390296773,1.553343034275),.PIECEWISE_BEZIER_KNOTS.);
#213 = CARTESIAN_POINT('',(6.055904086815,-12.30903781992));
#214 = CARTESIAN_POINT('',(7.059856824317,-12.29737238161));
#215 = ( GEOMETRIC_REPRESENTATION_CONTEXT(2) 
PARAMETRIC_REPRESENTATION_CONTEXT() REPRESENTATION_CONTEXT('2D SPACE',''
  ) );
#216 = ORIENTED_EDGE('',*,*,#56,.T.);
#217 = ADVANCED_FACE('',(#218),#126,.T.);
#218 = FACE_BOUND('',#219,.T.);
#219 = EDGE_LOOP('',(#220,#243,#244,#271));
#220 = ORIENTED_EDGE('',*,*,#221,.T.);
#221 = EDGE_CURVE('',#222,#22,#224,.T.);
#222 = VERTEX_POINT('',#223);
#223 = CARTESIAN_POINT('',(-2.25,16.,-17.));
#224 = SURFACE_CURVE('',#225,(#229,#236),.PCURVE_S1.);
#225 = LINE('',#226,#227);
#226 = CARTESIAN_POINT('',(-2.25,16.,-17.25));
#227 = VECTOR('',#228,1.);
#228 = DIRECTION('',(2.116362640692E-15,-4.586872679015E-14,1.));
#229 = PCURVE('',#126,#230);
#230 = DEFINITIONAL_REPRESENTATION('',(#231),#235);
#231 = LINE('',#232,#233);
#232 = CARTESIAN_POINT('',(-0.65,-3.180909775688E-14));
#233 = VECTOR('',#234,1.);
#234 = DIRECTION('',(-1.,4.587571388358E-14));
#235 = ( GEOMETRIC_REPRESENTATION_CONTEXT(2) 
PARAMETRIC_REPRESENTATION_CONTEXT() REPRESENTATION_CONTEXT('2D SPACE',''
  ) );
#236 = PCURVE('',#44,#237);
#237 = DEFINITIONAL_REPRESENTATION('',(#238),#242);
#238 = LINE('',#239,#240);
#239 = CARTESIAN_POINT('',(-7.25,17.75));
#240 = VECTOR('',#241,1.);
#241 = DIRECTION('',(1.,2.081668171172E-15));
#242 = ( GEOMETRIC_REPRESENTATION_CONTEXT(2) 
PARAMETRIC_REPRESENTATION_CONTEXT() REPRESENTATION_CONTEXT('2D SPACE',''
  ) );
#243 = ORIENTED_EDGE('',*,*,#112,.T.);
#244 = ORIENTED_EDGE('',*,*,#245,.F.);
#245 = EDGE_CURVE('',#246,#85,#248,.T.);
#246 = VERTEX_POINT('',#247);
#247 = CARTESIAN_POINT('',(-2.297372381616,18.71396192515,
    -16.95262761838));
#248 = SURFACE_CURVE('',#249,(#254,#265),.PCURVE_S1.);
#249 = ELLIPSE('',#250,0.800121862435,0.8);
#250 = AXIS2_PLACEMENT_3D('',#251,#252,#253);
#251 = CARTESIAN_POINT('',(-2.297128675306,18.7,-16.15274946225));
#252 = DIRECTION('',(0.999847695156,1.745240643728E-02,
    -1.315520645708E-15));
#253 = DIRECTION('',(-1.745240643728E-02,0.999847695156,
    -6.763785647854E-15));
#254 = PCURVE('',#126,#255);
#255 = DEFINITIONAL_REPRESENTATION('',(#256),#264);
#256 = ( BOUNDED_CURVE() B_SPLINE_CURVE(2,(#257,#258,#259,#260,#261,#262
,#263),.UNSPECIFIED.,.T.,.F.) B_SPLINE_CURVE_WITH_KNOTS((1,2,2,2,2,1),(
    -2.094395102393,0.,2.094395102393,4.188790204786,6.28318530718,
8.377580409573),.UNSPECIFIED.) CURVE() GEOMETRIC_REPRESENTATION_ITEM() 
RATIONAL_B_SPLINE_CURVE((1.,0.5,1.,0.5,1.,0.5,1.)) REPRESENTATION_ITEM(
  '') );
#257 = CARTESIAN_POINT('',(-1.747250537741,-3.500533148154));
#258 = CARTESIAN_POINT('',(-3.132891183796,-3.500533148154));
#259 = CARTESIAN_POINT('',(-2.440070860769,-2.300350354501));
#260 = CARTESIAN_POINT('',(-1.747250537741,-1.100167560848));
#261 = CARTESIAN_POINT('',(-1.054430214714,-2.300350354501));
#262 = CARTESIAN_POINT('',(-0.361609891686,-3.500533148154));
#263 = CARTESIAN_POINT('',(-1.747250537741,-3.500533148154));
#264 = ( GEOMETRIC_REPRESENTATION_CONTEXT(2) 
PARAMETRIC_REPRESENTATION_CONTEXT() REPRESENTATION_CONTEXT('2D SPACE',''
  ) );
#265 = PCURVE('',#100,#266);
#266 = DEFINITIONAL_REPRESENTATION('',(#267),#270);
#267 = B_SPLINE_CURVE_WITH_KNOTS('',1,(#268,#269),.UNSPECIFIED.,.F.,.F.,
  (2,2),(4.729842272905,5.733795010406),.PIECEWISE_BEZIER_KNOTS.);
#268 = CARTESIAN_POINT('',(7.059856824317,-7.702627618384));
#269 = CARTESIAN_POINT('',(6.055904086815,-7.690962180077));
#270 = ( GEOMETRIC_REPRESENTATION_CONTEXT(2) 
PARAMETRIC_REPRESENTATION_CONTEXT() REPRESENTATION_CONTEXT('2D SPACE',''
  ) );
#271 = ORIENTED_EDGE('',*,*,#272,.T.);
#272 = EDGE_CURVE('',#246,#222,#273,.T.);
#273 = SURFACE_CURVE('',#274,(#278,#285),.PCURVE_S1.);
#274 = LINE('',#275,#276);
#275 = CARTESIAN_POINT('',(-2.24952042235,15.972525014856,
    -17.00047957765));
#276 = VECTOR('',#277,1.);
#277 = DIRECTION('',(1.744974916068E-02,-0.999695459882,
    -1.744974916068E-02));
#278 = PCURVE('',#126,#279);
#279 = DEFINITIONAL_REPRESENTATION('',(#280),#284);
#280 = LINE('',#281,#282);
#281 = CARTESIAN_POINT('',(-0.89952042235,2.747917035466E-02));
#282 = VECTOR('',#283,1.);
#283 = DIRECTION('',(1.744974916068E-02,0.999847741536));
#284 = ( GEOMETRIC_REPRESENTATION_CONTEXT(2) 
PARAMETRIC_REPRESENTATION_CONTEXT() REPRESENTATION_CONTEXT('2D SPACE',''
  ) );
#285 = PCURVE('',#286,#291);
#286 = PLANE('',#287);
#287 = AXIS2_PLACEMENT_3D('',#288,#289,#290);
#288 = CARTESIAN_POINT('',(3.159645731612E-14,16.,-17.));
#289 = DIRECTION('',(-1.456945786119E-16,1.745240643728E-02,
    -0.999847695156));
#290 = DIRECTION('',(-1.,6.227871620498E-33,1.457167719821E-16));
#291 = DEFINITIONAL_REPRESENTATION('',(#292),#296);
#292 = LINE('',#293,#294);
#293 = CARTESIAN_POINT('',(2.24952042235,-2.747917035466E-02));
#294 = VECTOR('',#295,1.);
#295 = DIRECTION('',(-1.744974916068E-02,-0.999847741536));
#296 = ( GEOMETRIC_REPRESENTATION_CONTEXT(2) 
PARAMETRIC_REPRESENTATION_CONTEXT() REPRESENTATION_CONTEXT('2D SPACE',''
  ) );
#297 = ADVANCED_FACE('',(#298),#286,.F.);
#298 = FACE_BOUND('',#299,.T.);
#299 = EDGE_LOOP('',(#300,#301,#324,#352));
#300 = ORIENTED_EDGE('',*,*,#272,.F.);
#301 = ORIENTED_EDGE('',*,*,#302,.F.);
#302 = EDGE_CURVE('',#303,#246,#305,.T.);
#303 = VERTEX_POINT('',#304);
#304 = CARTESIAN_POINT('',(-29.5,18.71396192515,-16.95262761838));
#305 = SURFACE_CURVE('',#306,(#310,#317),.PCURVE_S1.);
#306 = LINE('',#307,#308);
#307 = CARTESIAN_POINT('',(-10.,18.71396192515,-16.95262761838));
#308 = VECTOR('',#309,1.);
#309 = DIRECTION('',(1.,0.,-1.457167719821E-16));
#310 = PCURVE('',#286,#311);
#311 = DEFINITIONAL_REPRESENTATION('',(#312),#316);
#312 = LINE('',#313,#314);
#313 = CARTESIAN_POINT('',(10.,2.714375337661));
#314 = VECTOR('',#315,1.);
#315 = DIRECTION('',(-1.,0.));
#316 = ( GEOMETRIC_REPRESENTATION_CONTEXT(2) 
PARAMETRIC_REPRESENTATION_CONTEXT() REPRESENTATION_CONTEXT('2D SPACE',''
  ) );
#317 = PCURVE('',#100,#318);
#318 = DEFINITIONAL_REPRESENTATION('',(#319),#323);
#319 = LINE('',#320,#321);
#320 = CARTESIAN_POINT('',(7.059856824317,0.));
#321 = VECTOR('',#322,1.);
#322 = DIRECTION('',(-6.530092843677E-17,-1.));
#323 = ( GEOMETRIC_REPRESENTATION_CONTEXT(2) 
PARAMETRIC_REPRESENTATION_CONTEXT() REPRESENTATION_CONTEXT('2D SPACE',''
  ) );
#324 = ORIENTED_EDGE('',*,*,#325,.F.);
#325 = EDGE_CURVE('',#326,#303,#328,.T.);
#326 = VERTEX_POINT('',#327);
#327 = CARTESIAN_POINT('',(-29.5,16.,-17.));
#328 = SURFACE_CURVE('',#329,(#333,#340),.PCURVE_S1.);
#329 = LINE('',#330,#331);
#330 = CARTESIAN_POINT('',(-29.5,16.,-17.));
#331 = VECTOR('',#332,1.);
#332 = DIRECTION('',(2.54310832936E-18,0.999847695156,1.745240643728E-02
    ));
#333 = PCURVE('',#286,#334);
#334 = DEFINITIONAL_REPRESENTATION('',(#335),#339);
#335 = LINE('',#336,#337);
#336 = CARTESIAN_POINT('',(29.5,-5.229796136968E-17));
#337 = VECTOR('',#338,1.);
#338 = DIRECTION('',(3.851859888774E-34,1.));
#339 = ( GEOMETRIC_REPRESENTATION_CONTEXT(2) 
PARAMETRIC_REPRESENTATION_CONTEXT() REPRESENTATION_CONTEXT('2D SPACE',''
  ) );
#340 = PCURVE('',#341,#346);
#341 = CONICAL_SURFACE('',#342,1.,1.745329251994E-02);
#342 = AXIS2_PLACEMENT_3D('',#343,#344,#345);
#343 = CARTESIAN_POINT('',(-29.5,16.,-16.));
#344 = DIRECTION('',(0.,-1.,0.));
#345 = DIRECTION('',(-0.707106781187,-0.,-0.707106781187));
#346 = DEFINITIONAL_REPRESENTATION('',(#347),#351);
#347 = LINE('',#348,#349);
#348 = CARTESIAN_POINT('',(0.785398163397,7.749244957389E-18));
#349 = VECTOR('',#350,1.);
#350 = DIRECTION('',(-9.408801696792E-16,-1.));
#351 = ( GEOMETRIC_REPRESENTATION_CONTEXT(2) 
PARAMETRIC_REPRESENTATION_CONTEXT() REPRESENTATION_CONTEXT('2D SPACE',''
  ) );
#352 = ORIENTED_EDGE('',*,*,#353,.F.);
#353 = EDGE_CURVE('',#222,#326,#354,.T.);
#354 = SURFACE_CURVE('',#355,(#359,#366),.PCURVE_S1.);
#355 = LINE('',#356,#357);
#356 = CARTESIAN_POINT('',(-10.,16.,-17.));
#357 = VECTOR('',#358,1.);
#358 = DIRECTION('',(-1.,0.,1.457167719821E-16));
#359 = PCURVE('',#286,#360);
#360 = DEFINITIONAL_REPRESENTATION('',(#361),#365);
#361 = LINE('',#362,#363);
#362 = CARTESIAN_POINT('',(10.,-3.874622523641E-17));
#363 = VECTOR('',#364,1.);
#364 = DIRECTION('',(1.,0.));
#365 = ( GEOMETRIC_REPRESENTATION_CONTEXT(2) 
PARAMETRIC_REPRESENTATION_CONTEXT() REPRESENTATION_CONTEXT('2D SPACE',''
  ) );
#366 = PCURVE('',#44,#367);
#367 = DEFINITIONAL_REPRESENTATION('',(#368),#372);
#368 = LINE('',#369,#370);
#369 = CARTESIAN_POINT('',(-7.,10.));
#370 = VECTOR('',#371,1.);
#371 = DIRECTION('',(1.110223024625E-16,-1.));
#372 = ( GEOMETRIC_REPRESENTATION_CONTEXT(2) 
PARAMETRIC_REPRESENTATION_CONTEXT() REPRESENTATION_CONTEXT('2D SPACE',''
  ) );
#373 = ADVANCED_FACE('',(#374),#389,.F.);
#374 = FACE_BOUND('',#375,.F.);
#375 = EDGE_LOOP('',(#376,#412,#436,#463,#464));
#376 = ORIENTED_EDGE('',*,*,#377,.F.);
#377 = EDGE_CURVE('',#378,#380,#382,.T.);
#378 = VERTEX_POINT('',#379);
#379 = CARTESIAN_POINT('',(35.75,19.486911525846,12.815807537681));
#380 = VERTEX_POINT('',#381);
#381 = CARTESIAN_POINT('',(35.75,19.486911525846,18.684192462319));
#382 = SURFACE_CURVE('',#383,(#388,#400),.PCURVE_S1.);
#383 = CIRCLE('',#384,2.934192462319);
#384 = AXIS2_PLACEMENT_3D('',#385,#386,#387);
#385 = CARTESIAN_POINT('',(35.75,19.486911525846,15.75));
#386 = DIRECTION('',(0.,1.,0.));
#387 = DIRECTION('',(-3.469446951954E-17,0.,-1.));
#388 = PCURVE('',#389,#394);
#389 = TOROIDAL_SURFACE('',#390,2.434363799832,0.5);
#390 = AXIS2_PLACEMENT_3D('',#391,#392,#393);
#391 = CARTESIAN_POINT('',(35.75,19.5,15.75));
#392 = DIRECTION('',(0.,1.,0.));
#393 = DIRECTION('',(3.469446951954E-17,0.,1.));
#394 = DEFINITIONAL_REPRESENTATION('',(#395),#399);
#395 = LINE('',#396,#397);
#396 = CARTESIAN_POINT('',(-3.14159265359,6.2570053684));
#397 = VECTOR('',#398,1.);
#398 = DIRECTION('',(1.,0.));
#399 = ( GEOMETRIC_REPRESENTATION_CONTEXT(2) 
PARAMETRIC_REPRESENTATION_CONTEXT() REPRESENTATION_CONTEXT('2D SPACE',''
  ) );
#400 = PCURVE('',#401,#406);
#401 = CONICAL_SURFACE('',#402,3.,2.617993877991E-02);
#402 = AXIS2_PLACEMENT_3D('',#403,#404,#405);
#403 = CARTESIAN_POINT('',(35.75,22.,15.75));
#404 = DIRECTION('',(0.,1.,0.));
#405 = DIRECTION('',(3.326995702247E-16,0.,-1.));
#406 = DEFINITIONAL_REPRESENTATION('',(#407),#411);
#407 = LINE('',#408,#409);
#408 = CARTESIAN_POINT('',(6.28318530718,-2.513088474154));
#409 = VECTOR('',#410,1.);
#410 = DIRECTION('',(1.,0.));
#411 = ( GEOMETRIC_REPRESENTATION_CONTEXT(2) 
PARAMETRIC_REPRESENTATION_CONTEXT() REPRESENTATION_CONTEXT('2D SPACE',''
  ) );
#412 = ORIENTED_EDGE('',*,*,#413,.T.);
#413 = EDGE_CURVE('',#378,#414,#416,.T.);
#414 = VERTEX_POINT('',#415);
#415 = CARTESIAN_POINT('',(35.75,19.,13.315636200168));
#416 = SEAM_CURVE('',#417,(#422,#429),.PCURVE_S1.);
#417 = CIRCLE('',#418,0.5);
#418 = AXIS2_PLACEMENT_3D('',#419,#420,#421);
#419 = CARTESIAN_POINT('',(35.75,19.5,13.315636200168));
#420 = DIRECTION('',(-1.,0.,3.469446951954E-17));
#421 = DIRECTION('',(-3.469446951954E-17,0.,-1.));
#422 = PCURVE('',#389,#423);
#423 = DEFINITIONAL_REPRESENTATION('',(#424),#428);
#424 = LINE('',#425,#426);
#425 = CARTESIAN_POINT('',(-3.14159265359,6.28318530718));
#426 = VECTOR('',#427,1.);
#427 = DIRECTION('',(0.,-1.));
#428 = ( GEOMETRIC_REPRESENTATION_CONTEXT(2) 
PARAMETRIC_REPRESENTATION_CONTEXT() REPRESENTATION_CONTEXT('2D SPACE',''
  ) );
#429 = PCURVE('',#389,#430);
#430 = DEFINITIONAL_REPRESENTATION('',(#431),#435);
#431 = LINE('',#432,#433);
#432 = CARTESIAN_POINT('',(3.14159265359,6.28318530718));
#433 = VECTOR('',#434,1.);
#434 = DIRECTION('',(0.,-1.));
#435 = ( GEOMETRIC_REPRESENTATION_CONTEXT(2) 
PARAMETRIC_REPRESENTATION_CONTEXT() REPRESENTATION_CONTEXT('2D SPACE',''
  ) );
#436 = ORIENTED_EDGE('',*,*,#437,.F.);
#437 = EDGE_CURVE('',#414,#414,#438,.T.);
#438 = SURFACE_CURVE('',#439,(#444,#451),.PCURVE_S1.);
#439 = CIRCLE('',#440,2.434363799832);
#440 = AXIS2_PLACEMENT_3D('',#441,#442,#443);
#441 = CARTESIAN_POINT('',(35.75,19.,15.75));
#442 = DIRECTION('',(0.,-1.,-0.));
#443 = DIRECTION('',(-3.469446951954E-17,0.,-1.));
#444 = PCURVE('',#389,#445);
#445 = DEFINITIONAL_REPRESENTATION('',(#446),#450);
#446 = LINE('',#447,#448);
#447 = CARTESIAN_POINT('',(3.14159265359,4.712388980385));
#448 = VECTOR('',#449,1.);
#449 = DIRECTION('',(-1.,0.));
#450 = ( GEOMETRIC_REPRESENTATION_CONTEXT(2) 
PARAMETRIC_REPRESENTATION_CONTEXT() REPRESENTATION_CONTEXT('2D SPACE',''
  ) );
#451 = PCURVE('',#452,#457);
#452 = PLANE('',#453);
#453 = AXIS2_PLACEMENT_3D('',#454,#455,#456);
#454 = CARTESIAN_POINT('',(35.75,19.,13.375067402608));
#455 = DIRECTION('',(0.,-1.,0.));
#456 = DIRECTION('',(-3.326995702247E-16,0.,1.));
#457 = DEFINITIONAL_REPRESENTATION('',(#458),#462);
#458 = CIRCLE('',#459,2.434363799832);
#459 = AXIS2_PLACEMENT_2D('',#460,#461);
#460 = CARTESIAN_POINT('',(2.374932597392,-8.725360810762E-16));
#461 = DIRECTION('',(-1.,3.673940397442E-16));
#462 = ( GEOMETRIC_REPRESENTATION_CONTEXT(2) 
PARAMETRIC_REPRESENTATION_CONTEXT() REPRESENTATION_CONTEXT('2D SPACE',''
  ) );
#463 = ORIENTED_EDGE('',*,*,#413,.F.);
#464 = ORIENTED_EDGE('',*,*,#465,.F.);
#465 = EDGE_CURVE('',#380,#378,#466,.T.);
#466 = SURFACE_CURVE('',#467,(#472,#479),.PCURVE_S1.);
#467 = CIRCLE('',#468,2.934192462319);
#468 = AXIS2_PLACEMENT_3D('',#469,#470,#471);
#469 = CARTESIAN_POINT('',(35.75,19.486911525846,15.75));
#470 = DIRECTION('',(0.,1.,0.));
#471 = DIRECTION('',(-3.469446951954E-17,0.,-1.));
#472 = PCURVE('',#389,#473);
#473 = DEFINITIONAL_REPRESENTATION('',(#474),#478);
#474 = LINE('',#475,#476);
#475 = CARTESIAN_POINT('',(-3.14159265359,6.2570053684));
#476 = VECTOR('',#477,1.);
#477 = DIRECTION('',(1.,0.));
#478 = ( GEOMETRIC_REPRESENTATION_CONTEXT(2) 
PARAMETRIC_REPRESENTATION_CONTEXT() REPRESENTATION_CONTEXT('2D SPACE',''
  ) );
#479 = PCURVE('',#401,#480);
#480 = DEFINITIONAL_REPRESENTATION('',(#481),#485);
#481 = LINE('',#482,#483);
#482 = CARTESIAN_POINT('',(0.,-2.513088474154));
#483 = VECTOR('',#484,1.);
#484 = DIRECTION('',(1.,0.));
#485 = ( GEOMETRIC_REPRESENTATION_CONTEXT(2) 
PARAMETRIC_REPRESENTATION_CONTEXT() REPRESENTATION_CONTEXT('2D SPACE',''
  ) );
#486 = ADVANCED_FACE('',(#487),#401,.F.);
#487 = FACE_BOUND('',#488,.F.);
#488 = EDGE_LOOP('',(#489,#490,#513,#588,#621,#698,#775,#818,#819));
#489 = ORIENTED_EDGE('',*,*,#377,.T.);
#490 = ORIENTED_EDGE('',*,*,#491,.T.);
#491 = EDGE_CURVE('',#380,#492,#494,.T.);
#492 = VERTEX_POINT('',#493);
#493 = CARTESIAN_POINT('',(35.75,21.94384444185,18.748529514959));
#494 = SEAM_CURVE('',#495,(#499,#506),.PCURVE_S1.);
#495 = LINE('',#496,#497);
#496 = CARTESIAN_POINT('',(35.75,22.,18.75));
#497 = VECTOR('',#498,1.);
#498 = DIRECTION('',(-5.503307856155E-18,0.999657324976,
    2.617694830787E-02));
#499 = PCURVE('',#401,#500);
#500 = DEFINITIONAL_REPRESENTATION('',(#501),#505);
#501 = LINE('',#502,#503);
#502 = CARTESIAN_POINT('',(9.424777960769,0.));
#503 = VECTOR('',#504,1.);
#504 = DIRECTION('',(0.,1.));
#505 = ( GEOMETRIC_REPRESENTATION_CONTEXT(2) 
PARAMETRIC_REPRESENTATION_CONTEXT() REPRESENTATION_CONTEXT('2D SPACE',''
  ) );
#506 = PCURVE('',#401,#507);
#507 = DEFINITIONAL_REPRESENTATION('',(#508),#512);
#508 = LINE('',#509,#510);
#509 = CARTESIAN_POINT('',(3.14159265359,0.));
#510 = VECTOR('',#511,1.);
#511 = DIRECTION('',(0.,1.));
#512 = ( GEOMETRIC_REPRESENTATION_CONTEXT(2) 
PARAMETRIC_REPRESENTATION_CONTEXT() REPRESENTATION_CONTEXT('2D SPACE',''
  ) );
#513 = ORIENTED_EDGE('',*,*,#514,.F.);
#514 = EDGE_CURVE('',#515,#492,#517,.T.);
#515 = VERTEX_POINT('',#516);
#516 = CARTESIAN_POINT('',(34.239425432548,22.,18.341942220839));
#517 = SURFACE_CURVE('',#518,(#525,#554),.PCURVE_S1.);
#518 = B_SPLINE_CURVE_WITH_KNOTS('',3,(#519,#520,#521,#522,#523,#524),
  .UNSPECIFIED.,.F.,.F.,(4,2,4),(1.088188951896,1.142562926253,
    1.238928743559),.UNSPECIFIED.);
#519 = CARTESIAN_POINT('',(34.239425432548,22.,18.341942220839));
#520 = CARTESIAN_POINT('',(34.402765188599,22.,18.437136040887));
#521 = CARTESIAN_POINT('',(34.578821009119,21.990964961185,
    18.518429694279));
#522 = CARTESIAN_POINT('',(35.084432770076,21.962491374241,
    18.694185649176));
#523 = CARTESIAN_POINT('',(35.428780608981,21.94384444185,
    18.748529514959));
#524 = CARTESIAN_POINT('',(35.75,21.94384444185,18.748529514959));
#525 = PCURVE('',#401,#526);
#526 = DEFINITIONAL_REPRESENTATION('',(#527),#553);
#527 = B_SPLINE_CURVE_WITH_KNOTS('',3,(#528,#529,#530,#531,#532,#533,
    #534,#535,#536,#537,#538,#539,#540,#541,#542,#543,#544,#545,#546,
    #547,#548,#549,#550,#551,#552),.UNSPECIFIED.,.F.,.F.,(4,1,1,1,1,1,1,
    1,1,1,1,1,1,1,1,1,1,1,1,1,1,1,4),(1.088188951896,1.095040760608,
    1.10189256932,1.108744378032,1.115596186744,1.122447995456,
    1.129299804168,1.13615161288,1.143003421592,1.149855230304,
    1.156707039015,1.163558847727,1.170410656439,1.177262465151,
    1.184114273863,1.190966082575,1.197817891287,1.204669699999,
    1.211521508711,1.218373317423,1.225225126135,1.232076934847,
    1.238928743559),.QUASI_UNIFORM_KNOTS.);
#528 = CARTESIAN_POINT('',(8.897104227459,2.556601680014E-16));
#529 = CARTESIAN_POINT('',(8.905045312781,-1.197587031608E-08));
#530 = CARTESIAN_POINT('',(8.920969758059,-2.87180984817E-04));
#531 = CARTESIAN_POINT('',(8.94496748752,-1.485398343028E-03));
#532 = CARTESIAN_POINT('',(8.969060566765,-3.357013777038E-03));
#533 = CARTESIAN_POINT('',(8.993233106934,-5.808292065442E-03));
#534 = CARTESIAN_POINT('',(9.017469292059,-8.745139033125E-03));
#535 = CARTESIAN_POINT('',(9.041753335847,-1.207543928256E-02));
#536 = CARTESIAN_POINT('',(9.066070149096,-1.5700395261E-02));
#537 = CARTESIAN_POINT('',(9.090403465433,-1.954682947426E-02));
#538 = CARTESIAN_POINT('',(9.114743496673,-2.344537089238E-02));
#539 = CARTESIAN_POINT('',(9.13908022824,-2.730461715624E-02));
#540 = CARTESIAN_POINT('',(9.163398525046,-3.109576298713E-02));
#541 = CARTESIAN_POINT('',(9.187683259352,-3.477340993183E-02));
#542 = CARTESIAN_POINT('',(9.21191809633,-3.829679125996E-02));
#543 = CARTESIAN_POINT('',(9.236085985141,-4.16240897682E-02));
#544 = CARTESIAN_POINT('',(9.260169197632,-4.471396432274E-02));
#545 = CARTESIAN_POINT('',(9.284149491205,-4.752514382995E-02));
#546 = CARTESIAN_POINT('',(9.308008239126,-5.00165378694E-02));
#547 = CARTESIAN_POINT('',(9.331726569428,-5.214720824867E-02));
#548 = CARTESIAN_POINT('',(9.355285494683,-5.387637515937E-02));
#549 = CARTESIAN_POINT('',(9.378666052205,-5.516341897756E-02));
#550 = CARTESIAN_POINT('',(9.40184938402,-5.596785994506E-02));
#551 = CARTESIAN_POINT('',(9.417161134547,-5.615557058075E-02));
#552 = CARTESIAN_POINT('',(9.424777960769,-5.615555815025E-02));
#553 = ( GEOMETRIC_REPRESENTATION_CONTEXT(2) 
PARAMETRIC_REPRESENTATION_CONTEXT() REPRESENTATION_CONTEXT('2D SPACE',''
  ) );
#554 = PCURVE('',#555,#560);
#555 = CYLINDRICAL_SURFACE('',#556,1.5);
#556 = AXIS2_PLACEMENT_3D('',#557,#558,#559);
#557 = CARTESIAN_POINT('',(-10.,20.5,18.341942220839));
#558 = DIRECTION('',(1.,0.,7.632783294298E-17));
#559 = DIRECTION('',(-5.302176805284E-17,0.719339800339,0.694658370459)
  );
#560 = DEFINITIONAL_REPRESENTATION('',(#561),#587);
#561 = B_SPLINE_CURVE_WITH_KNOTS('',3,(#562,#563,#564,#565,#566,#567,
    #568,#569,#570,#571,#572,#573,#574,#575,#576,#577,#578,#579,#580,
    #581,#582,#583,#584,#585,#586),.UNSPECIFIED.,.F.,.F.,(4,1,1,1,1,1,1,
    1,1,1,1,1,1,1,1,1,1,1,1,1,1,1,4),(1.088188951896,1.095040760608,
    1.10189256932,1.108744378032,1.115596186744,1.122447995456,
    1.129299804168,1.13615161288,1.143003421592,1.149855230304,
    1.156707039015,1.163558847727,1.170410656439,1.177262465151,
    1.184114273863,1.190966082575,1.197817891287,1.204669699999,
    1.211521508711,1.218373317423,1.225225126135,1.232076934847,
    1.238928743559),.QUASI_UNIFORM_KNOTS.);
#562 = CARTESIAN_POINT('',(5.515240436302,44.239425432548));
#563 = CARTESIAN_POINT('',(5.523237288734,44.260008308395));
#564 = CARTESIAN_POINT('',(5.538937577487,44.301577902046));
#565 = CARTESIAN_POINT('',(5.561584969062,44.3650670905));
#566 = CARTESIAN_POINT('',(5.583307567626,44.429614362984));
#567 = CARTESIAN_POINT('',(5.604079975544,44.495142956752));
#568 = CARTESIAN_POINT('',(5.623874312806,44.561576290307));
#569 = CARTESIAN_POINT('',(5.642661044837,44.628837105959));
#570 = CARTESIAN_POINT('',(5.660405298048,44.696850669536));
#571 = CARTESIAN_POINT('',(5.677081551802,44.765532828985));
#572 = CARTESIAN_POINT('',(5.692618755775,44.834835045129));
#573 = CARTESIAN_POINT('',(5.706996824367,44.904680102324));
#574 = CARTESIAN_POINT('',(5.720223942704,44.974967694114));
#575 = CARTESIAN_POINT('',(5.732300640177,45.045603701207));
#576 = CARTESIAN_POINT('',(5.743229143089,45.116492346464));
#577 = CARTESIAN_POINT('',(5.753010656036,45.187538296967));
#578 = CARTESIAN_POINT('',(5.761645937457,45.258646100767));
#579 = CARTESIAN_POINT('',(5.769135050893,45.32972033781));
#580 = CARTESIAN_POINT('',(5.775477394368,45.400665579498));
#581 = CARTESIAN_POINT('',(5.780671712266,45.47138639952));
#582 = CARTESIAN_POINT('',(5.78471616747,45.541787370952));
#583 = CARTESIAN_POINT('',(5.78760845809,45.611773067036));
#584 = CARTESIAN_POINT('',(5.789345965495,45.681248060968));
#585 = CARTESIAN_POINT('',(5.789732659058,45.727160637627));
#586 = CARTESIAN_POINT('',(5.789732650461,45.75));
#587 = ( GEOMETRIC_REPRESENTATION_CONTEXT(2) 
PARAMETRIC_REPRESENTATION_CONTEXT() REPRESENTATION_CONTEXT('2D SPACE',''
  ) );
#588 = ORIENTED_EDGE('',*,*,#589,.T.);
#589 = EDGE_CURVE('',#515,#590,#592,.T.);
#590 = VERTEX_POINT('',#591);
#591 = CARTESIAN_POINT('',(38.341942220839,22.,14.239425432548));
#592 = SURFACE_CURVE('',#593,(#598,#605),.PCURVE_S1.);
#593 = CIRCLE('',#594,3.);
#594 = AXIS2_PLACEMENT_3D('',#595,#596,#597);
#595 = CARTESIAN_POINT('',(35.75,22.,15.75));
#596 = DIRECTION('',(0.,-1.,0.));
#597 = DIRECTION('',(3.326995702247E-16,0.,-1.));
#598 = PCURVE('',#401,#599);
#599 = DEFINITIONAL_REPRESENTATION('',(#600),#604);
#600 = LINE('',#601,#602);
#601 = CARTESIAN_POINT('',(12.566370614359,-1.746633717962E-16));
#602 = VECTOR('',#603,1.);
#603 = DIRECTION('',(-1.,2.859914227182E-17));
#604 = ( GEOMETRIC_REPRESENTATION_CONTEXT(2) 
PARAMETRIC_REPRESENTATION_CONTEXT() REPRESENTATION_CONTEXT('2D SPACE',''
  ) );
#605 = PCURVE('',#606,#611);
#606 = PLANE('',#607);
#607 = AXIS2_PLACEMENT_3D('',#608,#609,#610);
#608 = CARTESIAN_POINT('',(-20.,22.,-10.));
#609 = DIRECTION('',(0.,1.,0.));
#610 = DIRECTION('',(3.469446951954E-17,0.,1.));
#611 = DEFINITIONAL_REPRESENTATION('',(#612),#620);
#612 = ( BOUNDED_CURVE() B_SPLINE_CURVE(2,(#613,#614,#615,#616,#617,#618
,#619),.UNSPECIFIED.,.T.,.F.) B_SPLINE_CURVE_WITH_KNOTS((1,2,2,2,2,1),(
    -2.094395102393,0.,2.094395102393,4.188790204786,6.28318530718,
8.377580409573),.UNSPECIFIED.) CURVE() GEOMETRIC_REPRESENTATION_ITEM() 
RATIONAL_B_SPLINE_CURVE((1.,0.5,1.,0.5,1.,0.5,1.)) REPRESENTATION_ITEM(
  '') );
#613 = CARTESIAN_POINT('',(22.75,55.75));
#614 = CARTESIAN_POINT('',(22.75,60.946152422707));
#615 = CARTESIAN_POINT('',(27.25,58.348076211353));
#616 = CARTESIAN_POINT('',(31.75,55.75));
#617 = CARTESIAN_POINT('',(27.25,53.151923788647));
#618 = CARTESIAN_POINT('',(22.75,50.553847577293));
#619 = CARTESIAN_POINT('',(22.75,55.75));
#620 = ( GEOMETRIC_REPRESENTATION_CONTEXT(2) 
PARAMETRIC_REPRESENTATION_CONTEXT() REPRESENTATION_CONTEXT('2D SPACE',''
  ) );
#621 = ORIENTED_EDGE('',*,*,#622,.F.);
#622 = EDGE_CURVE('',#623,#590,#625,.T.);
#623 = VERTEX_POINT('',#624);
#624 = CARTESIAN_POINT('',(38.65385077788,21.967212681258,16.5));
#625 = SURFACE_CURVE('',#626,(#635,#664),.PCURVE_S1.);
#626 = B_SPLINE_CURVE_WITH_KNOTS('',3,(#627,#628,#629,#630,#631,#632,
    #633,#634),.UNSPECIFIED.,.F.,.F.,(4,2,2,4),(1.165994756335,
    1.238928743559,1.335294560865,1.389668535222),.UNSPECIFIED.);
#627 = CARTESIAN_POINT('',(38.653850777881,21.967212681258,
    16.499999999997));
#628 = CARTESIAN_POINT('',(38.718125124349,21.953548868971,16.2497117302
    ));
#629 = CARTESIAN_POINT('',(38.748529514959,21.94384444185,
    15.993113290747));
#630 = CARTESIAN_POINT('',(38.748529514959,21.94384444185,
    15.428780608981));
#631 = CARTESIAN_POINT('',(38.694185649176,21.962491374241,
    15.084432770076));
#632 = CARTESIAN_POINT('',(38.518429694279,21.990964961185,
    14.578821009119));
#633 = CARTESIAN_POINT('',(38.437136040887,22.,14.402765188599));
#634 = CARTESIAN_POINT('',(38.341942220839,22.,14.239425432548));
#635 = PCURVE('',#401,#636);
#636 = DEFINITIONAL_REPRESENTATION('',(#637),#663);
#637 = B_SPLINE_CURVE_WITH_KNOTS('',3,(#638,#639,#640,#641,#642,#643,
    #644,#645,#646,#647,#648,#649,#650,#651,#652,#653,#654,#655,#656,
    #657,#658,#659,#660,#661,#662),.UNSPECIFIED.,.F.,.F.,(4,1,1,1,1,1,1,
    1,1,1,1,1,1,1,1,1,1,1,1,1,1,1,4),(1.165994756335,1.176161746285,
    1.186328736234,1.196495726183,1.206662716133,1.216829706082,
    1.226996696032,1.237163685981,1.24733067593,1.25749766588,
    1.267664655829,1.277831645779,1.287998635728,1.298165625678,
    1.308332615627,1.318499605576,1.328666595526,1.338833585475,
    1.349000575425,1.359167565374,1.369334555324,1.379501545273,
    1.389668535222),.QUASI_UNIFORM_KNOTS.);
#638 = CARTESIAN_POINT('',(4.459634809775,-3.278731874206E-02));
#639 = CARTESIAN_POINT('',(4.471645259961,-3.469211436648E-02));
#640 = CARTESIAN_POINT('',(4.495638260932,-3.834869140602E-02));
#641 = CARTESIAN_POINT('',(4.53148796765,-4.327957678084E-02));
#642 = CARTESIAN_POINT('',(4.567142813165,-4.756134264453E-02));
#643 = CARTESIAN_POINT('',(4.602544125755,-5.109955586566E-02));
#644 = CARTESIAN_POINT('',(4.637623359147,-5.380171958749E-02));
#645 = CARTESIAN_POINT('',(4.672337826811,-5.557154781865E-02));
#646 = CARTESIAN_POINT('',(4.706540028051,-5.633068282518E-02));
#647 = CARTESIAN_POINT('',(4.740470409457,-5.59375394504E-02));
#648 = CARTESIAN_POINT('',(4.77505524937,-5.438655342379E-02));
#649 = CARTESIAN_POINT('',(4.809994430606,-5.184331473169E-02));
#650 = CARTESIAN_POINT('',(4.845290000728,-4.843148182465E-02));
#651 = CARTESIAN_POINT('',(4.880862864889,-4.42870052813E-02));
#652 = CARTESIAN_POINT('',(4.916656651704,-3.954315447334E-02));
#653 = CARTESIAN_POINT('',(4.952611177338,-3.433622170779E-02));
#654 = CARTESIAN_POINT('',(4.988670565154,-2.879766022425E-02));
#655 = CARTESIAN_POINT('',(5.024783206964,-2.307975565393E-02));
#656 = CARTESIAN_POINT('',(5.060899613251,-1.726067730911E-02));
#657 = CARTESIAN_POINT('',(5.096991092267,-1.178748286187E-02));
#658 = CARTESIAN_POINT('',(5.133008937522,-6.991241670179E-03));
#659 = CARTESIAN_POINT('',(5.168902402459,-3.170220439897E-03));
#660 = CARTESIAN_POINT('',(5.204619733992,-6.323061241543E-04));
#661 = CARTESIAN_POINT('',(5.228279437265,-5.836690769818E-08));
#662 = CARTESIAN_POINT('',(5.240062713696,4.532157523662E-16));
#663 = ( GEOMETRIC_REPRESENTATION_CONTEXT(2) 
PARAMETRIC_REPRESENTATION_CONTEXT() REPRESENTATION_CONTEXT('2D SPACE',''
  ) );
#664 = PCURVE('',#665,#670);
#665 = CYLINDRICAL_SURFACE('',#666,1.5);
#666 = AXIS2_PLACEMENT_3D('',#667,#668,#669);
#667 = CARTESIAN_POINT('',(38.341942220839,20.5,-15.));
#668 = DIRECTION('',(-4.020885092637E-16,0.,-1.));
#669 = DIRECTION('',(0.694658370459,0.719339800339,-2.793141486254E-16)
  );
#670 = DEFINITIONAL_REPRESENTATION('',(#671),#697);
#671 = B_SPLINE_CURVE_WITH_KNOTS('',3,(#672,#673,#674,#675,#676,#677,
    #678,#679,#680,#681,#682,#683,#684,#685,#686,#687,#688,#689,#690,
    #691,#692,#693,#694,#695,#696),.UNSPECIFIED.,.F.,.F.,(4,1,1,1,1,1,1,
    1,1,1,1,1,1,1,1,1,1,1,1,1,1,1,4),(1.165994756335,1.176161746285,
    1.186328736234,1.196495726183,1.206662716133,1.216829706082,
    1.226996696032,1.237163685981,1.24733067593,1.25749766588,
    1.267664655829,1.277831645779,1.287998635728,1.298165625678,
    1.308332615627,1.318499605576,1.328666595526,1.338833585475,
    1.349000575425,1.359167565374,1.369334555324,1.379501545273,
    1.389668535222),.QUASI_UNIFORM_KNOTS.);
#672 = CARTESIAN_POINT('',(5.724707904788,-31.49999999999));
#673 = CARTESIAN_POINT('',(5.730814584764,-31.46510984219));
#674 = CARTESIAN_POINT('',(5.742148291566,-31.39508433183));
#675 = CARTESIAN_POINT('',(5.756535184192,-31.28963178845));
#676 = CARTESIAN_POINT('',(5.768334143072,-31.18408799616));
#677 = CARTESIAN_POINT('',(5.777569355185,-31.07876995501));
#678 = CARTESIAN_POINT('',(5.784263705178,-30.9740170581));
#679 = CARTESIAN_POINT('',(5.788436253164,-30.87008515512));
#680 = CARTESIAN_POINT('',(5.7901118363,-30.76754187646));
#681 = CARTESIAN_POINT('',(5.789288030717,-30.66579127307));
#682 = CARTESIAN_POINT('',(5.785903740264,-30.56218834895));
#683 = CARTESIAN_POINT('',(5.779984630327,-30.45776163106));
#684 = CARTESIAN_POINT('',(5.771533796033,-30.35263084016));
#685 = CARTESIAN_POINT('',(5.760557713726,-30.24715917548));
#686 = CARTESIAN_POINT('',(5.747058053777,-30.14164472856));
#687 = CARTESIAN_POINT('',(5.731034379109,-30.0364025433));
#688 = CARTESIAN_POINT('',(5.712480311602,-29.93174496181));
#689 = CARTESIAN_POINT('',(5.691397814998,-29.82797818093));
#690 = CARTESIAN_POINT('',(5.667748467245,-29.7254356805));
#691 = CARTESIAN_POINT('',(5.64168476009,-29.6243150495));
#692 = CARTESIAN_POINT('',(5.613339077754,-29.5248572096));
#693 = CARTESIAN_POINT('',(5.582810094082,-29.42731543773));
#694 = CARTESIAN_POINT('',(5.550192550951,-29.3319396991));
#695 = CARTESIAN_POINT('',(5.527105740903,-29.26996713338));
#696 = CARTESIAN_POINT('',(5.515240436302,-29.23942543254));
#697 = ( GEOMETRIC_REPRESENTATION_CONTEXT(2) 
PARAMETRIC_REPRESENTATION_CONTEXT() REPRESENTATION_CONTEXT('2D SPACE',''
  ) );
#698 = ORIENTED_EDGE('',*,*,#699,.F.);
#699 = EDGE_CURVE('',#700,#623,#702,.T.);
#700 = VERTEX_POINT('',#701);
#701 = CARTESIAN_POINT('',(36.5,21.967212681258,18.65385077788));
#702 = SURFACE_CURVE('',#703,(#712,#741),.PCURVE_S1.);
#703 = B_SPLINE_CURVE_WITH_KNOTS('',3,(#704,#705,#706,#707,#708,#709,
    #710,#711),.UNSPECIFIED.,.F.,.F.,(4,2,2,4),(-0.489566918837,
    -0.422694533558,-0.352628303032,-0.295381395754),.UNSPECIFIED.);
#704 = CARTESIAN_POINT('',(36.499999999422,21.967212681227,
    18.653850778028));
#705 = CARTESIAN_POINT('',(36.858344936864,21.986775555534,
    18.561827341756));
#706 = CARTESIAN_POINT('',(37.196180620699,21.992664869217,
    18.403983738377));
#707 = CARTESIAN_POINT('',(37.810790013499,21.9979747928,17.964129494417
    ));
#708 = CARTESIAN_POINT('',(38.078092151131,21.997881537188,
    17.680654703002));
#709 = CARTESIAN_POINT('',(38.451852410542,21.990411929887,
    17.090572264325));
#710 = CARTESIAN_POINT('',(38.576410535189,21.983675375906,
    16.801557081802));
#711 = CARTESIAN_POINT('',(38.653850777881,21.967212681258,
    16.499999999997));
#712 = PCURVE('',#401,#713);
#713 = DEFINITIONAL_REPRESENTATION('',(#714),#740);
#714 = B_SPLINE_CURVE_WITH_KNOTS('',3,(#715,#716,#717,#718,#719,#720,
    #721,#722,#723,#724,#725,#726,#727,#728,#729,#730,#731,#732,#733,
    #734,#735,#736,#737,#738,#739),.UNSPECIFIED.,.F.,.F.,(4,1,1,1,1,1,1,
    1,1,1,1,1,1,1,1,1,1,1,1,1,1,1,4),(-0.489566918837,-0.480740304152,
    -0.471913689466,-0.463087074781,-0.454260460095,-0.445433845409,
    -0.436607230724,-0.427780616038,-0.418954001352,-0.410127386667,
    -0.401300771981,-0.392474157296,-0.38364754261,-0.374820927924,
    -0.365994313239,-0.357167698553,-0.348341083867,-0.339514469182,
    -0.330687854496,-0.321861239811,-0.313034625125,-0.304208010439,
    -0.295381395754),.QUASI_UNIFORM_KNOTS.);
#715 = CARTESIAN_POINT('',(3.394346824001,-3.278731877346E-02));
#716 = CARTESIAN_POINT('',(3.410629110284,-3.020517742272E-02));
#717 = CARTESIAN_POINT('',(3.443152534927,-2.551737007873E-02));
#718 = CARTESIAN_POINT('',(3.491843255991,-1.9771846063E-02));
#719 = CARTESIAN_POINT('',(3.540469063846,-1.516926719961E-02));
#720 = CARTESIAN_POINT('',(3.58905779929,-1.156640135558E-02));
#721 = CARTESIAN_POINT('',(3.637635693982,-8.820072645988E-03));
#722 = CARTESIAN_POINT('',(3.686232015186,-6.787043934743E-03));
#723 = CARTESIAN_POINT('',(3.734863222625,-5.324484167746E-03));
#724 = CARTESIAN_POINT('',(3.783594510888,-4.288223160084E-03));
#725 = CARTESIAN_POINT('',(3.832191042927,-3.509802390129E-03));
#726 = CARTESIAN_POINT('',(3.880691188414,-3.023933443497E-03));
#727 = CARTESIAN_POINT('',(3.929117946167,-2.839543135082E-03));
#728 = CARTESIAN_POINT('',(3.977496875449,-2.972373684916E-03));
#729 = CARTESIAN_POINT('',(4.025851132328,-3.436981755109E-03));
#730 = CARTESIAN_POINT('',(4.074206327256,-4.246223189189E-03));
#731 = CARTESIAN_POINT('',(4.122579065851,-5.421358264737E-03));
#732 = CARTESIAN_POINT('',(4.171020965557,-6.952151375161E-03));
#733 = CARTESIAN_POINT('',(4.219304709772,-9.030680392744E-03));
#734 = CARTESIAN_POINT('',(4.267482733247,-1.179896671437E-02));
#735 = CARTESIAN_POINT('',(4.315576781084,-1.539594560076E-02));
#736 = CARTESIAN_POINT('',(4.363615464351,-1.996139188363E-02));
#737 = CARTESIAN_POINT('',(4.411624702984,-2.563488093903E-02));
#738 = CARTESIAN_POINT('',(4.44362885466,-3.024902068596E-02));
#739 = CARTESIAN_POINT('',(4.459634809775,-3.278731874203E-02));
#740 = ( GEOMETRIC_REPRESENTATION_CONTEXT(2) 
PARAMETRIC_REPRESENTATION_CONTEXT() REPRESENTATION_CONTEXT('2D SPACE',''
  ) );
#741 = PCURVE('',#742,#747);
#742 = TOROIDAL_SURFACE('',#743,1.841942220839,1.5);
#743 = AXIS2_PLACEMENT_3D('',#744,#745,#746);
#744 = CARTESIAN_POINT('',(36.5,20.5,16.5));
#745 = DIRECTION('',(0.,-1.,0.));
#746 = DIRECTION('',(-3.469446951954E-17,0.,-1.));
#747 = DEFINITIONAL_REPRESENTATION('',(#748),#774);
#748 = B_SPLINE_CURVE_WITH_KNOTS('',3,(#749,#750,#751,#752,#753,#754,
    #755,#756,#757,#758,#759,#760,#761,#762,#763,#764,#765,#766,#767,
    #768,#769,#770,#771,#772,#773),.UNSPECIFIED.,.F.,.F.,(4,1,1,1,1,1,1,
    1,1,1,1,1,1,1,1,1,1,1,1,1,1,1,4),(-0.489566918837,-0.480740304152,
    -0.471913689466,-0.463087074781,-0.454260460095,-0.445433845409,
    -0.436607230724,-0.427780616038,-0.418954001352,-0.410127386667,
    -0.401300771981,-0.392474157296,-0.38364754261,-0.374820927924,
    -0.365994313239,-0.357167698553,-0.348341083867,-0.339514469182,
    -0.330687854496,-0.321861239811,-0.313034625125,-0.304208010439,
    -0.295381395754),.QUASI_UNIFORM_KNOTS.);
#749 = CARTESIAN_POINT('',(3.141592653858,4.921856448971));
#750 = CARTESIAN_POINT('',(3.119634125861,4.91357834838));
#751 = CARTESIAN_POINT('',(3.075300138785,4.897622961717));
#752 = CARTESIAN_POINT('',(3.007564436871,4.875581215979));
#753 = CARTESIAN_POINT('',(2.938602780336,4.855518281202));
#754 = CARTESIAN_POINT('',(2.868449504306,4.837526583065));
#755 = CARTESIAN_POINT('',(2.797158633629,4.821698762102));
#756 = CARTESIAN_POINT('',(2.724799631118,4.808125347555));
#757 = CARTESIAN_POINT('',(2.651481517678,4.796893752647));
#758 = CARTESIAN_POINT('',(2.577257316006,4.78807972524));
#759 = CARTESIAN_POINT('',(2.502659249618,4.781784635899));
#760 = CARTESIAN_POINT('',(2.427820254492,4.778039357683));
#761 = CARTESIAN_POINT('',(2.352902464661,4.776863044517));
#762 = CARTESIAN_POINT('',(2.278067509149,4.778256834915));
#763 = CARTESIAN_POINT('',(2.203479233588,4.782205080441));
#764 = CARTESIAN_POINT('',(2.129292233807,4.788675799595));
#765 = CARTESIAN_POINT('',(2.055664610177,4.797618465672));
#766 = CARTESIAN_POINT('',(1.982689897461,4.808975037176));
#767 = CARTESIAN_POINT('',(1.910860236648,4.82261341896));
#768 = CARTESIAN_POINT('',(1.840219262179,4.838436861626));
#769 = CARTESIAN_POINT('',(1.770837873513,4.856344009749));
#770 = CARTESIAN_POINT('',(1.702755905776,4.876234454156));
#771 = CARTESIAN_POINT('',(1.636000086454,4.898008942155));
#772 = CARTESIAN_POINT('',(1.592382179658,4.913718915752));
#773 = CARTESIAN_POINT('',(1.570796326794,4.92185644887));
#774 = ( GEOMETRIC_REPRESENTATION_CONTEXT(2) 
PARAMETRIC_REPRESENTATION_CONTEXT() REPRESENTATION_CONTEXT('2D SPACE',''
  ) );
#775 = ORIENTED_EDGE('',*,*,#776,.F.);
#776 = EDGE_CURVE('',#492,#700,#777,.T.);
#777 = SURFACE_CURVE('',#778,(#783,#789),.PCURVE_S1.);
#778 = B_SPLINE_CURVE_WITH_KNOTS('',3,(#779,#780,#781,#782),
  .UNSPECIFIED.,.F.,.F.,(4,4),(1.238928743559,1.311862730783),
  .PIECEWISE_BEZIER_KNOTS.);
#779 = CARTESIAN_POINT('',(35.75,21.94384444185,18.748529514959));
#780 = CARTESIAN_POINT('',(35.993113290748,21.94384444185,
    18.748529514959));
#781 = CARTESIAN_POINT('',(36.249711730203,21.953548868971,
    18.718125124349));
#782 = CARTESIAN_POINT('',(36.5,21.967212681258,18.65385077788));
#783 = PCURVE('',#401,#784);
#784 = DEFINITIONAL_REPRESENTATION('',(#785),#788);
#785 = B_SPLINE_CURVE_WITH_KNOTS('',1,(#786,#787),.UNSPECIFIED.,.F.,.F.,
  (2,2),(1.238928743559,1.311862730783),.PIECEWISE_BEZIER_KNOTS.);
#786 = CARTESIAN_POINT('',(3.14159265359,-5.615555815025E-02));
#787 = CARTESIAN_POINT('',(3.3943468242,-3.278731874189E-02));
#788 = ( GEOMETRIC_REPRESENTATION_CONTEXT(2) 
PARAMETRIC_REPRESENTATION_CONTEXT() REPRESENTATION_CONTEXT('2D SPACE',''
  ) );
#789 = PCURVE('',#555,#790);
#790 = DEFINITIONAL_REPRESENTATION('',(#791),#817);
#791 = B_SPLINE_CURVE_WITH_KNOTS('',3,(#792,#793,#794,#795,#796,#797,
    #798,#799,#800,#801,#802,#803,#804,#805,#806,#807,#808,#809,#810,
    #811,#812,#813,#814,#815,#816),.UNSPECIFIED.,.F.,.F.,(4,1,1,1,1,1,1,
    1,1,1,1,1,1,1,1,1,1,1,1,1,1,1,4),(1.238928743559,1.242243924797,
    1.245559106034,1.248874287272,1.252189468509,1.255504649746,
    1.258819830984,1.262135012221,1.265450193459,1.268765374696,
    1.272080555934,1.275395737171,1.278710918409,1.282026099646,
    1.285341280884,1.288656462121,1.291971643359,1.295286824596,
    1.298602005834,1.301917187071,1.305232368309,1.308547549546,
    1.311862730783),.QUASI_UNIFORM_KNOTS.);
#792 = CARTESIAN_POINT('',(5.789732650461,45.75));
#793 = CARTESIAN_POINT('',(5.78973265106,45.761050604125));
#794 = CARTESIAN_POINT('',(5.78964478039,45.78320753613));
#795 = CARTESIAN_POINT('',(5.789248705041,45.816598951015));
#796 = CARTESIAN_POINT('',(5.788587705084,45.850135228392));
#797 = CARTESIAN_POINT('',(5.787661130615,45.883805213873));
#798 = CARTESIAN_POINT('',(5.786468328733,45.917597753073));
#799 = CARTESIAN_POINT('',(5.785008639961,45.951501691604));
#800 = CARTESIAN_POINT('',(5.783281394084,45.985505875079));
#801 = CARTESIAN_POINT('',(5.781285906871,46.019599149111));
#802 = CARTESIAN_POINT('',(5.779021477279,46.053770359315));
#803 = CARTESIAN_POINT('',(5.776487385272,46.088008351303));
#804 = CARTESIAN_POINT('',(5.773682890233,46.122301970688));
#805 = CARTESIAN_POINT('',(5.770607229981,46.156640063084));
#806 = CARTESIAN_POINT('',(5.767259620415,46.191011474103));
#807 = CARTESIAN_POINT('',(5.763639255782,46.22540504936));
#808 = CARTESIAN_POINT('',(5.759745309601,46.259809634467));
#809 = CARTESIAN_POINT('',(5.755576936239,46.294214075038));
#810 = CARTESIAN_POINT('',(5.751133273167,46.328607216686));
#811 = CARTESIAN_POINT('',(5.746413443921,46.362977905024));
#812 = CARTESIAN_POINT('',(5.741416561669,46.397314985665));
#813 = CARTESIAN_POINT('',(5.736141733932,46.431607304223));
#814 = CARTESIAN_POINT('',(5.730588066401,46.46584370631));
#815 = CARTESIAN_POINT('',(5.726699137901,46.488623260464));
#816 = CARTESIAN_POINT('',(5.724707904787,46.5));
#817 = ( GEOMETRIC_REPRESENTATION_CONTEXT(2) 
PARAMETRIC_REPRESENTATION_CONTEXT() REPRESENTATION_CONTEXT('2D SPACE',''
  ) );
#818 = ORIENTED_EDGE('',*,*,#491,.F.);
#819 = ORIENTED_EDGE('',*,*,#465,.T.);
#820 = ADVANCED_FACE('',(#821,#824),#452,.F.);
#821 = FACE_BOUND('',#822,.T.);
#822 = EDGE_LOOP('',(#823));
#823 = ORIENTED_EDGE('',*,*,#437,.F.);
#824 = FACE_BOUND('',#825,.T.);
#825 = EDGE_LOOP('',(#826));
#826 = ORIENTED_EDGE('',*,*,#827,.F.);
#827 = EDGE_CURVE('',#828,#828,#830,.T.);
#828 = VERTEX_POINT('',#829);
#829 = CARTESIAN_POINT('',(35.75,19.,17.499865194785));
#830 = SURFACE_CURVE('',#831,(#836,#847),.PCURVE_S1.);
#831 = CIRCLE('',#832,1.749865194785);
#832 = AXIS2_PLACEMENT_3D('',#833,#834,#835);
#833 = CARTESIAN_POINT('',(35.75,19.,15.75));
#834 = DIRECTION('',(0.,1.,0.));
#835 = DIRECTION('',(3.326995702247E-16,0.,-1.));
#836 = PCURVE('',#452,#837);
#837 = DEFINITIONAL_REPRESENTATION('',(#838),#846);
#838 = ( BOUNDED_CURVE() B_SPLINE_CURVE(2,(#839,#840,#841,#842,#843,#844
,#845),.UNSPECIFIED.,.T.,.F.) B_SPLINE_CURVE_WITH_KNOTS((1,2,2,2,2,1),(
    -2.094395102393,0.,2.094395102393,4.188790204786,6.28318530718,
8.377580409573),.UNSPECIFIED.) CURVE() GEOMETRIC_REPRESENTATION_ITEM() 
RATIONAL_B_SPLINE_CURVE((1.,0.5,1.,0.5,1.,0.5,1.)) REPRESENTATION_ITEM(
  '') );
#839 = CARTESIAN_POINT('',(0.625067402608,-8.725360810762E-16));
#840 = CARTESIAN_POINT('',(0.625067402608,3.030855423763));
#841 = CARTESIAN_POINT('',(3.249865194785,1.515427711882));
#842 = CARTESIAN_POINT('',(5.874662986962,-4.439427191297E-16));
#843 = CARTESIAN_POINT('',(3.249865194785,-1.515427711882));
#844 = CARTESIAN_POINT('',(0.625067402608,-3.030855423763));
#845 = CARTESIAN_POINT('',(0.625067402608,-8.725360810762E-16));
#846 = ( GEOMETRIC_REPRESENTATION_CONTEXT(2) 
PARAMETRIC_REPRESENTATION_CONTEXT() REPRESENTATION_CONTEXT('2D SPACE',''
  ) );
#847 = PCURVE('',#848,#853);
#848 = CONICAL_SURFACE('',#849,1.723682597392,1.745329251994E-02);
#849 = AXIS2_PLACEMENT_3D('',#850,#851,#852);
#850 = CARTESIAN_POINT('',(35.75,17.5,15.75));
#851 = DIRECTION('',(0.,1.,0.));
#852 = DIRECTION('',(3.326995702247E-16,0.,-1.));
#853 = DEFINITIONAL_REPRESENTATION('',(#854),#858);
#854 = LINE('',#855,#856);
#855 = CARTESIAN_POINT('',(0.,1.5));
#856 = VECTOR('',#857,1.);
#857 = DIRECTION('',(1.,0.));
#858 = ( GEOMETRIC_REPRESENTATION_CONTEXT(2) 
PARAMETRIC_REPRESENTATION_CONTEXT() REPRESENTATION_CONTEXT('2D SPACE',''
  ) );
#859 = ADVANCED_FACE('',(#860),#875,.F.);
#860 = FACE_BOUND('',#861,.F.);
#861 = EDGE_LOOP('',(#862,#893,#922,#944,#945));
#862 = ORIENTED_EDGE('',*,*,#863,.T.);
#863 = EDGE_CURVE('',#864,#866,#868,.T.);
#864 = VERTEX_POINT('',#865);
#865 = CARTESIAN_POINT('',(35.75,19.,-13.31563620016));
#866 = VERTEX_POINT('',#867);
#867 = CARTESIAN_POINT('',(35.75,19.486911525846,-12.81580753768));
#868 = SEAM_CURVE('',#869,(#874,#886),.PCURVE_S1.);
#869 = CIRCLE('',#870,0.5);
#870 = AXIS2_PLACEMENT_3D('',#871,#872,#873);
#871 = CARTESIAN_POINT('',(35.75,19.5,-13.31563620016));
#872 = DIRECTION('',(-1.,0.,3.469446951954E-17));
#873 = DIRECTION('',(3.469446951954E-17,0.,1.));
#874 = PCURVE('',#875,#880);
#875 = TOROIDAL_SURFACE('',#876,2.434363799832,0.5);
#876 = AXIS2_PLACEMENT_3D('',#877,#878,#879);
#877 = CARTESIAN_POINT('',(35.75,19.5,-15.75));
#878 = DIRECTION('',(0.,-1.,0.));
#879 = DIRECTION('',(-3.469446951954E-17,0.,-1.));
#880 = DEFINITIONAL_REPRESENTATION('',(#881),#885);
#881 = LINE('',#882,#883);
#882 = CARTESIAN_POINT('',(3.14159265359,6.28318530718));
#883 = VECTOR('',#884,1.);
#884 = DIRECTION('',(0.,-1.));
#885 = ( GEOMETRIC_REPRESENTATION_CONTEXT(2) 
PARAMETRIC_REPRESENTATION_CONTEXT() REPRESENTATION_CONTEXT('2D SPACE',''
  ) );
#886 = PCURVE('',#875,#887);
#887 = DEFINITIONAL_REPRESENTATION('',(#888),#892);
#888 = LINE('',#889,#890);
#889 = CARTESIAN_POINT('',(9.424777960769,6.28318530718));
#890 = VECTOR('',#891,1.);
#891 = DIRECTION('',(0.,-1.));
#892 = ( GEOMETRIC_REPRESENTATION_CONTEXT(2) 
PARAMETRIC_REPRESENTATION_CONTEXT() REPRESENTATION_CONTEXT('2D SPACE',''
  ) );
#893 = ORIENTED_EDGE('',*,*,#894,.F.);
#894 = EDGE_CURVE('',#895,#866,#897,.T.);
#895 = VERTEX_POINT('',#896);
#896 = CARTESIAN_POINT('',(35.75,19.486911525846,-18.68419246231));
#897 = SURFACE_CURVE('',#898,(#903,#910),.PCURVE_S1.);
#898 = CIRCLE('',#899,2.934192462319);
#899 = AXIS2_PLACEMENT_3D('',#900,#901,#902);
#900 = CARTESIAN_POINT('',(35.75,19.486911525846,-15.75));
#901 = DIRECTION('',(-0.,1.,0.));
#902 = DIRECTION('',(3.469446951954E-17,0.,1.));
#903 = PCURVE('',#875,#904);
#904 = DEFINITIONAL_REPRESENTATION('',(#905),#909);
#905 = LINE('',#906,#907);
#906 = CARTESIAN_POINT('',(9.424777960769,2.617993877992E-02));
#907 = VECTOR('',#908,1.);
#908 = DIRECTION('',(-1.,0.));
#909 = ( GEOMETRIC_REPRESENTATION_CONTEXT(2) 
PARAMETRIC_REPRESENTATION_CONTEXT() REPRESENTATION_CONTEXT('2D SPACE',''
  ) );
#910 = PCURVE('',#911,#916);
#911 = CONICAL_SURFACE('',#912,3.,2.617993877991E-02);
#912 = AXIS2_PLACEMENT_3D('',#913,#914,#915);
#913 = CARTESIAN_POINT('',(35.75,22.,-15.75));
#914 = DIRECTION('',(0.,1.,0.));
#915 = DIRECTION('',(4.020885092637E-16,0.,1.));
#916 = DEFINITIONAL_REPRESENTATION('',(#917),#921);
#917 = LINE('',#918,#919);
#918 = CARTESIAN_POINT('',(-6.28318530718,-2.513088474154));
#919 = VECTOR('',#920,1.);
#920 = DIRECTION('',(1.,0.));
#921 = ( GEOMETRIC_REPRESENTATION_CONTEXT(2) 
PARAMETRIC_REPRESENTATION_CONTEXT() REPRESENTATION_CONTEXT('2D SPACE',''
  ) );
#922 = ORIENTED_EDGE('',*,*,#923,.F.);
#923 = EDGE_CURVE('',#866,#895,#924,.T.);
#924 = SURFACE_CURVE('',#925,(#930,#937),.PCURVE_S1.);
#925 = CIRCLE('',#926,2.934192462319);
#926 = AXIS2_PLACEMENT_3D('',#927,#928,#929);
#927 = CARTESIAN_POINT('',(35.75,19.486911525846,-15.75));
#928 = DIRECTION('',(-0.,1.,0.));
#929 = DIRECTION('',(3.469446951954E-17,0.,1.));
#930 = PCURVE('',#875,#931);
#931 = DEFINITIONAL_REPRESENTATION('',(#932),#936);
#932 = LINE('',#933,#934);
#933 = CARTESIAN_POINT('',(9.424777960769,2.617993877992E-02));
#934 = VECTOR('',#935,1.);
#935 = DIRECTION('',(-1.,0.));
#936 = ( GEOMETRIC_REPRESENTATION_CONTEXT(2) 
PARAMETRIC_REPRESENTATION_CONTEXT() REPRESENTATION_CONTEXT('2D SPACE',''
  ) );
#937 = PCURVE('',#911,#938);
#938 = DEFINITIONAL_REPRESENTATION('',(#939),#943);
#939 = LINE('',#940,#941);
#940 = CARTESIAN_POINT('',(0.,-2.513088474154));
#941 = VECTOR('',#942,1.);
#942 = DIRECTION('',(1.,0.));
#943 = ( GEOMETRIC_REPRESENTATION_CONTEXT(2) 
PARAMETRIC_REPRESENTATION_CONTEXT() REPRESENTATION_CONTEXT('2D SPACE',''
  ) );
#944 = ORIENTED_EDGE('',*,*,#863,.F.);
#945 = ORIENTED_EDGE('',*,*,#946,.F.);
#946 = EDGE_CURVE('',#864,#864,#947,.T.);
#947 = SURFACE_CURVE('',#948,(#953,#960),.PCURVE_S1.);
#948 = CIRCLE('',#949,2.434363799832);
#949 = AXIS2_PLACEMENT_3D('',#950,#951,#952);
#950 = CARTESIAN_POINT('',(35.75,19.,-15.75));
#951 = DIRECTION('',(0.,-1.,0.));
#952 = DIRECTION('',(3.469446951954E-17,0.,1.));
#953 = PCURVE('',#875,#954);
#954 = DEFINITIONAL_REPRESENTATION('',(#955),#959);
#955 = LINE('',#956,#957);
#956 = CARTESIAN_POINT('',(3.14159265359,1.570796326795));
#957 = VECTOR('',#958,1.);
#958 = DIRECTION('',(1.,0.));
#959 = ( GEOMETRIC_REPRESENTATION_CONTEXT(2) 
PARAMETRIC_REPRESENTATION_CONTEXT() REPRESENTATION_CONTEXT('2D SPACE',''
  ) );
#960 = PCURVE('',#961,#966);
#961 = PLANE('',#962);
#962 = AXIS2_PLACEMENT_3D('',#963,#964,#965);
#963 = CARTESIAN_POINT('',(35.75,19.,-13.3750674026));
#964 = DIRECTION('',(0.,1.,0.));
#965 = DIRECTION('',(-4.020885092637E-16,0.,-1.));
#966 = DEFINITIONAL_REPRESENTATION('',(#967),#975);
#967 = ( BOUNDED_CURVE() B_SPLINE_CURVE(2,(#968,#969,#970,#971,#972,#973
,#974),.UNSPECIFIED.,.T.,.F.) B_SPLINE_CURVE_WITH_KNOTS((1,2,2,2,2,1),(
    -2.094395102393,0.,2.094395102393,4.188790204786,6.28318530718,
8.377580409573),.UNSPECIFIED.) CURVE() GEOMETRIC_REPRESENTATION_ITEM() 
RATIONAL_B_SPLINE_CURVE((1.,0.5,1.,0.5,1.,0.5,1.)) REPRESENTATION_ITEM(
  '') );
#968 = CARTESIAN_POINT('',(-5.94312024393E-02,2.183466955103E-17));
#969 = CARTESIAN_POINT('',(-5.94312024393E-02,4.216441785415));
#970 = CARTESIAN_POINT('',(3.592114497308,2.108220892707));
#971 = CARTESIAN_POINT('',(7.243660197055,-2.065030415246E-15));
#972 = CARTESIAN_POINT('',(3.592114497308,-2.108220892707));
#973 = CARTESIAN_POINT('',(-5.94312024393E-02,-4.216441785415));
#974 = CARTESIAN_POINT('',(-5.94312024393E-02,2.183466955103E-17));
#975 = ( GEOMETRIC_REPRESENTATION_CONTEXT(2) 
PARAMETRIC_REPRESENTATION_CONTEXT() REPRESENTATION_CONTEXT('2D SPACE',''
  ) );
#976 = ADVANCED_FACE('',(#977),#911,.F.);
#977 = FACE_BOUND('',#978,.F.);
#978 = EDGE_LOOP('',(#979,#1005,#1080,#1101,#1102,#1103,#1104,#1149,
    #1228));
#979 = ORIENTED_EDGE('',*,*,#980,.F.);
#980 = EDGE_CURVE('',#981,#983,#985,.T.);
#981 = VERTEX_POINT('',#982);
#982 = CARTESIAN_POINT('',(34.239425432548,22.,-18.34194222083));
#983 = VERTEX_POINT('',#984);
#984 = CARTESIAN_POINT('',(38.341942220839,22.,-14.23942543254));
#985 = SURFACE_CURVE('',#986,(#991,#998),.PCURVE_S1.);
#986 = CIRCLE('',#987,3.);
#987 = AXIS2_PLACEMENT_3D('',#988,#989,#990);
#988 = CARTESIAN_POINT('',(35.75,22.,-15.75));
#989 = DIRECTION('',(-0.,1.,0.));
#990 = DIRECTION('',(4.020885092637E-16,0.,1.));
#991 = PCURVE('',#911,#992);
#992 = DEFINITIONAL_REPRESENTATION('',(#993),#997);
#993 = LINE('',#994,#995);
#994 = CARTESIAN_POINT('',(-6.28318530718,-1.97944052016E-16));
#995 = VECTOR('',#996,1.);
#996 = DIRECTION('',(1.,3.177682474646E-17));
#997 = ( GEOMETRIC_REPRESENTATION_CONTEXT(2) 
PARAMETRIC_REPRESENTATION_CONTEXT() REPRESENTATION_CONTEXT('2D SPACE',''
  ) );
#998 = PCURVE('',#606,#999);
#999 = DEFINITIONAL_REPRESENTATION('',(#1000),#1004);
#1000 = CIRCLE('',#1001,3.);
#1001 = AXIS2_PLACEMENT_2D('',#1002,#1003);
#1002 = CARTESIAN_POINT('',(-5.75,55.75));
#1003 = DIRECTION('',(1.,3.673940397442E-16));
#1004 = ( GEOMETRIC_REPRESENTATION_CONTEXT(2) 
PARAMETRIC_REPRESENTATION_CONTEXT() REPRESENTATION_CONTEXT('2D SPACE',''
  ) );
#1005 = ORIENTED_EDGE('',*,*,#1006,.F.);
#1006 = EDGE_CURVE('',#1007,#981,#1009,.T.);
#1007 = VERTEX_POINT('',#1008);
#1008 = CARTESIAN_POINT('',(35.75,21.94384444185,-18.74852951495));
#1009 = SURFACE_CURVE('',#1010,(#1017,#1046),.PCURVE_S1.);
#1010 = B_SPLINE_CURVE_WITH_KNOTS('',3,(#1011,#1012,#1013,#1014,#1015,
    #1016),.UNSPECIFIED.,.F.,.F.,(4,2,4),(0.417861173474,0.514742590349,
    0.568643725241),.UNSPECIFIED.);
#1011 = CARTESIAN_POINT('',(35.75,21.94384444185,-18.74852951495));
#1012 = CARTESIAN_POINT('',(35.427061943751,21.94384444185,
    -18.74852951495));
#1013 = CARTESIAN_POINT('',(35.080980940071,21.962717274994,
    -18.6936059275));
#1014 = CARTESIAN_POINT('',(34.575738434095,21.991120666473,
    -18.51700585062));
#1015 = CARTESIAN_POINT('',(34.401371639759,22.,-18.43632388565));
#1016 = CARTESIAN_POINT('',(34.239425432548,22.,-18.34194222083));
#1017 = PCURVE('',#911,#1018);
#1018 = DEFINITIONAL_REPRESENTATION('',(#1019),#1045);
#1019 = B_SPLINE_CURVE_WITH_KNOTS('',3,(#1020,#1021,#1022,#1023,#1024,
    #1025,#1026,#1027,#1028,#1029,#1030,#1031,#1032,#1033,#1034,#1035,
    #1036,#1037,#1038,#1039,#1040,#1041,#1042,#1043,#1044),
  .UNSPECIFIED.,.F.,.F.,(4,1,1,1,1,1,1,1,1,1,1,1,1,1,1,1,1,1,1,1,1,1,4),
  (0.417861173474,0.424714925827,0.43156867818,0.438422430533,
    0.445276182886,0.45212993524,0.458983687593,0.465837439946,
    0.472691192299,0.479544944652,0.486398697005,0.493252449358,
    0.500106201711,0.506959954064,0.513813706417,0.52066745877,
    0.527521211123,0.534374963476,0.541228715829,0.548082468182,
    0.554936220535,0.561789972888,0.568643725241),
  .QUASI_UNIFORM_KNOTS.);
#1020 = CARTESIAN_POINT('',(-3.14159265359,-5.615555815025E-02));
#1021 = CARTESIAN_POINT('',(-3.133973666831,-5.615557045559E-02));
#1022 = CARTESIAN_POINT('',(-3.118658330498,-5.596749431756E-02));
#1023 = CARTESIAN_POINT('',(-3.095471585842,-5.516165284164E-02));
#1024 = CARTESIAN_POINT('',(-3.072089340615,-5.387260035904E-02));
#1025 = CARTESIAN_POINT('',(-3.048530214842,-5.214105863459E-02));
#1026 = CARTESIAN_POINT('',(-3.024812936417,-5.000788783345E-02));
#1027 = CARTESIAN_POINT('',(-3.000956262519,-4.751410679941E-02));
#1028 = CARTESIAN_POINT('',(-2.976978840695,-4.470089063758E-02));
#1029 = CARTESIAN_POINT('',(-2.95289908033,-4.16095669894E-02));
#1030 = CARTESIAN_POINT('',(-2.92873501558,-3.828163536896E-02));
#1031 = CARTESIAN_POINT('',(-2.90450417476,-3.475869060807E-02));
#1032 = CARTESIAN_POINT('',(-2.880223425062,-3.108270182947E-02));
#1033 = CARTESIAN_POINT('',(-2.855908911785,-2.729496026835E-02));
#1034 = CARTESIAN_POINT('',(-2.831575655591,-2.343999135227E-02));
#1035 = CARTESIAN_POINT('',(-2.807238442768,-1.955093624797E-02));
#1036 = CARTESIAN_POINT('',(-2.782907912221,-1.570408685501E-02));
#1037 = CARTESIAN_POINT('',(-2.758592766001,-1.207936731704E-02));
#1038 = CARTESIAN_POINT('',(-2.734309188369,-8.748498755936E-03));
#1039 = CARTESIAN_POINT('',(-2.710071982584,-5.81088613409E-03));
#1040 = CARTESIAN_POINT('',(-2.685896701693,-3.358697033741E-03));
#1041 = CARTESIAN_POINT('',(-2.661798914248,-1.486224323706E-03));
#1042 = CARTESIAN_POINT('',(-2.637794266691,-2.873606096575E-04));
#1043 = CARTESIAN_POINT('',(-2.621863576402,-1.183921780108E-08));
#1044 = CARTESIAN_POINT('',(-2.613918920279,2.556601680014E-16));
#1045 = ( GEOMETRIC_REPRESENTATION_CONTEXT(2) 
PARAMETRIC_REPRESENTATION_CONTEXT() REPRESENTATION_CONTEXT('2D SPACE',''
  ) );
#1046 = PCURVE('',#1047,#1052);
#1047 = CYLINDRICAL_SURFACE('',#1048,1.5);
#1048 = AXIS2_PLACEMENT_3D('',#1049,#1050,#1051);
#1049 = CARTESIAN_POINT('',(-10.,20.5,-18.34194222083));
#1050 = DIRECTION('',(1.,0.,-1.457167719821E-16));
#1051 = DIRECTION('',(-1.012233753736E-16,0.719339800339,-0.694658370459
    ));
#1052 = DEFINITIONAL_REPRESENTATION('',(#1053),#1079);
#1053 = B_SPLINE_CURVE_WITH_KNOTS('',3,(#1054,#1055,#1056,#1057,#1058,
    #1059,#1060,#1061,#1062,#1063,#1064,#1065,#1066,#1067,#1068,#1069,
    #1070,#1071,#1072,#1073,#1074,#1075,#1076,#1077,#1078),
  .UNSPECIFIED.,.F.,.F.,(4,1,1,1,1,1,1,1,1,1,1,1,1,1,1,1,1,1,1,1,1,1,4),
  (0.417861173474,0.424714925827,0.43156867818,0.438422430533,
    0.445276182886,0.45212993524,0.458983687593,0.465837439946,
    0.472691192299,0.479544944652,0.486398697005,0.493252449358,
    0.500106201711,0.506959954064,0.513813706417,0.52066745877,
    0.527521211123,0.534374963476,0.541228715829,0.548082468182,
    0.554936220535,0.561789972888,0.568643725241),
  .QUASI_UNIFORM_KNOTS.);
#1054 = CARTESIAN_POINT('',(0.493452656719,45.75));
#1055 = CARTESIAN_POINT('',(0.493452647932,45.727154158823));
#1056 = CARTESIAN_POINT('',(0.493839586408,45.681230830623));
#1057 = CARTESIAN_POINT('',(0.495578007469,45.611745630549));
#1058 = CARTESIAN_POINT('',(0.498471569004,45.541754952463));
#1059 = CARTESIAN_POINT('',(0.502517461389,45.471353526137));
#1060 = CARTESIAN_POINT('',(0.507713192189,45.400636081311));
#1061 = CARTESIAN_POINT('',(0.514056735114,45.329697347839));
#1062 = CARTESIAN_POINT('',(0.521546648447,45.25863205515));
#1063 = CARTESIAN_POINT('',(0.530182147333,45.18753493426));
#1064 = CARTESIAN_POINT('',(0.53996312158,45.116500710265));
#1065 = CARTESIAN_POINT('',(0.550890150125,45.045624130348));
#1066 = CARTESIAN_POINT('',(0.562964316,44.974999859274));
#1067 = CARTESIAN_POINT('',(0.576187553212,44.904722869385));
#1068 = CARTESIAN_POINT('',(0.590560791967,44.83488698513));
#1069 = CARTESIAN_POINT('',(0.606090099291,44.765590314959));
#1070 = CARTESIAN_POINT('',(0.622762753533,44.696914979213));
#1071 = CARTESIAN_POINT('',(0.640503985811,44.62890497489));
#1072 = CARTESIAN_POINT('',(0.659289099956,44.561644544375));
#1073 = CARTESIAN_POINT('',(0.679083362232,44.495207699053));
#1074 = CARTESIAN_POINT('',(0.699857571543,44.429671191702));
#1075 = CARTESIAN_POINT('',(0.721584138936,44.365111040529));
#1076 = CARTESIAN_POINT('',(0.744237976936,44.301603460635));
#1077 = CARTESIAN_POINT('',(0.75994442298,44.260017562954));
#1078 = CARTESIAN_POINT('',(0.767944870878,44.239425432548));
#1079 = ( GEOMETRIC_REPRESENTATION_CONTEXT(2) 
PARAMETRIC_REPRESENTATION_CONTEXT() REPRESENTATION_CONTEXT('2D SPACE',''
  ) );
#1080 = ORIENTED_EDGE('',*,*,#1081,.T.);
#1081 = EDGE_CURVE('',#1007,#895,#1082,.T.);
#1082 = SEAM_CURVE('',#1083,(#1087,#1094),.PCURVE_S1.);
#1083 = LINE('',#1084,#1085);
#1084 = CARTESIAN_POINT('',(35.75,22.,-18.75));
#1085 = VECTOR('',#1086,1.);
#1086 = DIRECTION('',(7.319698526518E-18,-0.999657324976,
    2.617694830787E-02));
#1087 = PCURVE('',#911,#1088);
#1088 = DEFINITIONAL_REPRESENTATION('',(#1089),#1093);
#1089 = LINE('',#1090,#1091);
#1090 = CARTESIAN_POINT('',(-3.14159265359,4.855561282788E-17));
#1091 = VECTOR('',#1092,1.);
#1092 = DIRECTION('',(0.,-1.));
#1093 = ( GEOMETRIC_REPRESENTATION_CONTEXT(2) 
PARAMETRIC_REPRESENTATION_CONTEXT() REPRESENTATION_CONTEXT('2D SPACE',''
  ) );
#1094 = PCURVE('',#911,#1095);
#1095 = DEFINITIONAL_REPRESENTATION('',(#1096),#1100);
#1096 = LINE('',#1097,#1098);
#1097 = CARTESIAN_POINT('',(3.14159265359,4.855561282788E-17));
#1098 = VECTOR('',#1099,1.);
#1099 = DIRECTION('',(0.,-1.));
#1100 = ( GEOMETRIC_REPRESENTATION_CONTEXT(2) 
PARAMETRIC_REPRESENTATION_CONTEXT() REPRESENTATION_CONTEXT('2D SPACE',''
  ) );
#1101 = ORIENTED_EDGE('',*,*,#894,.T.);
#1102 = ORIENTED_EDGE('',*,*,#923,.T.);
#1103 = ORIENTED_EDGE('',*,*,#1081,.F.);
#1104 = ORIENTED_EDGE('',*,*,#1105,.F.);
#1105 = EDGE_CURVE('',#1106,#1007,#1108,.T.);
#1106 = VERTEX_POINT('',#1107);
#1107 = CARTESIAN_POINT('',(36.5,21.967212681258,-18.65385077788));
#1108 = SURFACE_CURVE('',#1109,(#1114,#1120),.PCURVE_S1.);
#1109 = B_SPLINE_CURVE_WITH_KNOTS('',3,(#1110,#1111,#1112,#1113),
  .UNSPECIFIED.,.F.,.F.,(4,4),(0.34490408743,0.417861173474),
  .PIECEWISE_BEZIER_KNOTS.);
#1110 = CARTESIAN_POINT('',(36.499999999992,21.967212681258,
    -18.65385077788));
#1111 = CARTESIAN_POINT('',(36.249744990415,21.953550684723,
    -18.71811658308));
#1112 = CARTESIAN_POINT('',(35.993190286813,21.94384444185,
    -18.74852951495));
#1113 = CARTESIAN_POINT('',(35.75,21.94384444185,-18.74852951495));
#1114 = PCURVE('',#911,#1115);
#1115 = DEFINITIONAL_REPRESENTATION('',(#1116),#1119);
#1116 = B_SPLINE_CURVE_WITH_KNOTS('',1,(#1117,#1118),.UNSPECIFIED.,.F.,
  .F.,(2,2),(0.34490408743,0.417861173474),.PIECEWISE_BEZIER_KNOTS.);
#1117 = CARTESIAN_POINT('',(2.888838482982,-3.278731874235E-02));
#1118 = CARTESIAN_POINT('',(3.14159265359,-5.615555815025E-02));
#1119 = ( GEOMETRIC_REPRESENTATION_CONTEXT(2) 
PARAMETRIC_REPRESENTATION_CONTEXT() REPRESENTATION_CONTEXT('2D SPACE',''
  ) );
#1120 = PCURVE('',#1047,#1121);
#1121 = DEFINITIONAL_REPRESENTATION('',(#1122),#1148);
#1122 = B_SPLINE_CURVE_WITH_KNOTS('',3,(#1123,#1124,#1125,#1126,#1127,
    #1128,#1129,#1130,#1131,#1132,#1133,#1134,#1135,#1136,#1137,#1138,
    #1139,#1140,#1141,#1142,#1143,#1144,#1145,#1146,#1147),
  .UNSPECIFIED.,.F.,.F.,(4,1,1,1,1,1,1,1,1,1,1,1,1,1,1,1,1,1,1,1,1,1,4),
  (0.34490408743,0.348220318614,0.351536549798,0.354852780982,
    0.358169012166,0.361485243349,0.364801474533,0.368117705717,
    0.371433936901,0.374750168085,0.378066399268,0.381382630452,
    0.384698861636,0.38801509282,0.391331324004,0.394647555188,
    0.397963786371,0.401280017555,0.404596248739,0.407912479923,
    0.411228711107,0.41454494229,0.417861173474),.QUASI_UNIFORM_KNOTS.);
#1123 = CARTESIAN_POINT('',(0.558477402391,46.499999999992));
#1124 = CARTESIAN_POINT('',(0.556486433891,46.488624772284));
#1125 = CARTESIAN_POINT('',(0.552597986494,46.465848285074));
#1126 = CARTESIAN_POINT('',(0.547044906052,46.431616539332));
#1127 = CARTESIAN_POINT('',(0.541770540638,46.397328859116));
#1128 = CARTESIAN_POINT('',(0.53677400579,46.362996324879));
#1129 = CARTESIAN_POINT('',(0.532054418894,46.328630017074));
#1130 = CARTESIAN_POINT('',(0.527610902997,46.294241016154));
#1131 = CARTESIAN_POINT('',(0.52344259152,46.259840402573));
#1132 = CARTESIAN_POINT('',(0.519548631813,46.225439256783));
#1133 = CARTESIAN_POINT('',(0.515928188122,46.191048659237));
#1134 = CARTESIAN_POINT('',(0.512580443833,46.156679690389));
#1135 = CARTESIAN_POINT('',(0.509504603055,46.122343430692));
#1136 = CARTESIAN_POINT('',(0.506699891531,46.088050960599));
#1137 = CARTESIAN_POINT('',(0.504165556921,46.053813360563));
#1138 = CARTESIAN_POINT('',(0.501900868434,46.019641711037));
#1139 = CARTESIAN_POINT('',(0.499905115855,45.985547092474));
#1140 = CARTESIAN_POINT('',(0.498177607954,45.951540585327));
#1141 = CARTESIAN_POINT('',(0.496717670307,45.917633270051));
#1142 = CARTESIAN_POINT('',(0.495524642508,45.883836227096));
#1143 = CARTESIAN_POINT('',(0.494597874885,45.850160536918));
#1144 = CARTESIAN_POINT('',(0.493936724345,45.816617279968));
#1145 = CARTESIAN_POINT('',(0.493540550794,45.783217536701));
#1146 = CARTESIAN_POINT('',(0.493452656119,45.761054103946));
#1147 = CARTESIAN_POINT('',(0.493452656719,45.75));
#1148 = ( GEOMETRIC_REPRESENTATION_CONTEXT(2) 
PARAMETRIC_REPRESENTATION_CONTEXT() REPRESENTATION_CONTEXT('2D SPACE',''
  ) );
#1149 = ORIENTED_EDGE('',*,*,#1150,.F.);
#1150 = EDGE_CURVE('',#1151,#1106,#1153,.T.);
#1151 = VERTEX_POINT('',#1152);
#1152 = CARTESIAN_POINT('',(38.65385077788,21.967212681258,-16.5));
#1153 = SURFACE_CURVE('',#1154,(#1165,#1194),.PCURVE_S1.);
#1154 = B_SPLINE_CURVE_WITH_KNOTS('',3,(#1155,#1156,#1157,#1158,#1159,
    #1160,#1161,#1162,#1163,#1164),.UNSPECIFIED.,.F.,.F.,(4,2,2,2,4),(
    -1.25375542632,-1.238432925282,-1.167522238883,-1.099637252776,
    -1.062373478212),.UNSPECIFIED.);
#1155 = CARTESIAN_POINT('',(38.65385077788,21.967212681258,-16.5));
#1156 = CARTESIAN_POINT('',(38.632837008523,21.971679909876,
    -16.58182891407));
#1157 = CARTESIAN_POINT('',(38.608294511047,21.975434062791,
    -16.66297164134));
#1158 = CARTESIAN_POINT('',(38.450344458535,21.993268261342,
    -17.11447815964));
#1159 = CARTESIAN_POINT('',(38.247802293384,21.99589756303,
    -17.45793956831));
#1160 = CARTESIAN_POINT('',(37.730546094271,21.997429676865,
    -18.03487701794));
#1161 = CARTESIAN_POINT('',(37.425530799927,21.996756004672,
    -18.26730840515));
#1162 = CARTESIAN_POINT('',(36.897627434425,21.984836654958,
    -18.52924204722));
#1163 = CARTESIAN_POINT('',(36.701622365336,21.978219709894,
    -18.60207389766));
#1164 = CARTESIAN_POINT('',(36.5,21.967212681258,-18.65385077788));
#1165 = PCURVE('',#911,#1166);
#1166 = DEFINITIONAL_REPRESENTATION('',(#1167),#1193);
#1167 = B_SPLINE_CURVE_WITH_KNOTS('',3,(#1168,#1169,#1170,#1171,#1172,
    #1173,#1174,#1175,#1176,#1177,#1178,#1179,#1180,#1181,#1182,#1183,
    #1184,#1185,#1186,#1187,#1188,#1189,#1190,#1191,#1192),
  .UNSPECIFIED.,.F.,.F.,(4,1,1,1,1,1,1,1,1,1,1,1,1,1,1,1,1,1,1,1,1,1,4),
  (-1.25375542632,-1.245056246861,-1.236357067401,-1.227657887942,
    -1.218958708482,-1.210259529023,-1.201560349563,-1.192861170104,
    -1.184161990644,-1.175462811185,-1.166763631726,-1.158064452266,
    -1.149365272807,-1.140666093347,-1.131966913888,-1.123267734428,
    -1.114568554969,-1.105869375509,-1.09717019605,-1.08847101659,
    -1.079771837131,-1.071072657671,-1.062373478212),
  .QUASI_UNIFORM_KNOTS.);
#1168 = CARTESIAN_POINT('',(1.823550497405,-3.278731874189E-02));
#1169 = CARTESIAN_POINT('',(1.839524767968,-3.024884731657E-02));
#1170 = CARTESIAN_POINT('',(1.871573833496,-2.563812876915E-02));
#1171 = CARTESIAN_POINT('',(1.919812015161,-1.996207401427E-02));
#1172 = CARTESIAN_POINT('',(1.968038650781,-1.535226406606E-02));
#1173 = CARTESIAN_POINT('',(2.016214599494,-1.168787012184E-02));
#1174 = CARTESIAN_POINT('',(2.064383576857,-8.858024631945E-03));
#1175 = CARTESIAN_POINT('',(2.112566633886,-6.749255027976E-03));
#1176 = CARTESIAN_POINT('',(2.160789652495,-5.248783644873E-03));
#1177 = CARTESIAN_POINT('',(2.20908162817,-4.243908207584E-03));
#1178 = CARTESIAN_POINT('',(2.257456778331,-3.621158197248E-03));
#1179 = CARTESIAN_POINT('',(2.305990510454,-3.270231459859E-03));
#1180 = CARTESIAN_POINT('',(2.354530905767,-3.068516712863E-03));
#1181 = CARTESIAN_POINT('',(2.403002513722,-3.083214739466E-03));
#1182 = CARTESIAN_POINT('',(2.451457943395,-3.385823396263E-03));
#1183 = CARTESIAN_POINT('',(2.499915153911,-4.046599290177E-03));
#1184 = CARTESIAN_POINT('',(2.54840020233,-5.136773400561E-03));
#1185 = CARTESIAN_POINT('',(2.596941865996,-6.725240066421E-03));
#1186 = CARTESIAN_POINT('',(2.64555330363,-8.889561246308E-03));
#1187 = CARTESIAN_POINT('',(2.694313637977,-1.167519900301E-02));
#1188 = CARTESIAN_POINT('',(2.743008008121,-1.527116707556E-02));
#1189 = CARTESIAN_POINT('',(2.791637383062,-1.984937518066E-02));
#1190 = CARTESIAN_POINT('',(2.840237449353,-2.555704911056E-02));
#1191 = CARTESIAN_POINT('',(2.872635304803,-3.021774403913E-02));
#1192 = CARTESIAN_POINT('',(2.888838482979,-3.278731874189E-02));
#1193 = ( GEOMETRIC_REPRESENTATION_CONTEXT(2) 
PARAMETRIC_REPRESENTATION_CONTEXT() REPRESENTATION_CONTEXT('2D SPACE',''
  ) );
#1194 = PCURVE('',#1195,#1200);
#1195 = TOROIDAL_SURFACE('',#1196,1.841942220839,1.5);
#1196 = AXIS2_PLACEMENT_3D('',#1197,#1198,#1199);
#1197 = CARTESIAN_POINT('',(36.5,20.5,-16.5));
#1198 = DIRECTION('',(0.,1.,0.));
#1199 = DIRECTION('',(3.469446951954E-17,0.,1.));
#1200 = DEFINITIONAL_REPRESENTATION('',(#1201),#1227);
#1201 = B_SPLINE_CURVE_WITH_KNOTS('',3,(#1202,#1203,#1204,#1205,#1206,
    #1207,#1208,#1209,#1210,#1211,#1212,#1213,#1214,#1215,#1216,#1217,
    #1218,#1219,#1220,#1221,#1222,#1223,#1224,#1225,#1226),
  .UNSPECIFIED.,.F.,.F.,(4,1,1,1,1,1,1,1,1,1,1,1,1,1,1,1,1,1,1,1,1,1,4),
  (-1.25375542632,-1.245056246861,-1.236357067401,-1.227657887942,
    -1.218958708482,-1.210259529023,-1.201560349563,-1.192861170104,
    -1.184161990644,-1.175462811185,-1.166763631726,-1.158064452266,
    -1.149365272807,-1.140666093347,-1.131966913888,-1.123267734428,
    -1.114568554969,-1.105869375509,-1.09717019605,-1.08847101659,
    -1.079771837131,-1.071072657671,-1.062373478212),
  .QUASI_UNIFORM_KNOTS.);
#1202 = CARTESIAN_POINT('',(1.570796326795,1.36132885831));
#1203 = CARTESIAN_POINT('',(1.592337793943,1.369452673539));
#1204 = CARTESIAN_POINT('',(1.6360174755,1.385182613726));
#1205 = CARTESIAN_POINT('',(1.703093943097,1.407054405933));
#1206 = CARTESIAN_POINT('',(1.771451974499,1.427013253163));
#1207 = CARTESIAN_POINT('',(1.84096348552,1.444938557268));
#1208 = CARTESIAN_POINT('',(1.911603006704,1.460742064851));
#1209 = CARTESIAN_POINT('',(1.983292861196,1.47433026914));
#1210 = CARTESIAN_POINT('',(2.055942955984,1.485617087562));
#1211 = CARTESIAN_POINT('',(2.129449387217,1.494523194848));
#1212 = CARTESIAN_POINT('',(2.203668016822,1.500977871483));
#1213 = CARTESIAN_POINT('',(2.278534298547,1.504923388167));
#1214 = CARTESIAN_POINT('',(2.353619860221,1.506305666933));
#1215 = CARTESIAN_POINT('',(2.42860598617,1.505114209544));
#1216 = CARTESIAN_POINT('',(2.503373093539,1.501360595593));
#1217 = CARTESIAN_POINT('',(2.57775303138,1.495071371658));
#1218 = CARTESIAN_POINT('',(2.651599449872,1.486288856573));
#1219 = CARTESIAN_POINT('',(2.724782321096,1.475067350244));
#1220 = CARTESIAN_POINT('',(2.797164462564,1.461478329954));
#1221 = CARTESIAN_POINT('',(2.868721195266,1.445582989961));
#1222 = CARTESIAN_POINT('',(2.939020152645,1.427541508725));
#1223 = CARTESIAN_POINT('',(3.007978558022,1.407468078304));
#1224 = CARTESIAN_POINT('',(3.075580610906,1.385461952012));
#1225 = CARTESIAN_POINT('',(3.119740861101,1.369566576247));
#1226 = CARTESIAN_POINT('',(3.14159265359,1.36132885831));
#1227 = ( GEOMETRIC_REPRESENTATION_CONTEXT(2) 
PARAMETRIC_REPRESENTATION_CONTEXT() REPRESENTATION_CONTEXT('2D SPACE',''
  ) );
#1228 = ORIENTED_EDGE('',*,*,#1229,.F.);
#1229 = EDGE_CURVE('',#983,#1151,#1230,.T.);
#1230 = SURFACE_CURVE('',#1231,(#1240,#1269),.PCURVE_S1.);
#1231 = B_SPLINE_CURVE_WITH_KNOTS('',3,(#1232,#1233,#1234,#1235,#1236,
    #1237,#1238,#1239),.UNSPECIFIED.,.F.,.F.,(4,2,2,4),(0.267078621707,
    0.3209797566,0.417861173474,0.490818259519),.UNSPECIFIED.);
#1232 = CARTESIAN_POINT('',(38.341942220839,22.,-14.23942543254));
#1233 = CARTESIAN_POINT('',(38.436323885654,22.,-14.40137163975));
#1234 = CARTESIAN_POINT('',(38.51700585062,21.991120666473,
    -14.57573843409));
#1235 = CARTESIAN_POINT('',(38.693605927509,21.962717274994,
    -15.08098094007));
#1236 = CARTESIAN_POINT('',(38.748529514959,21.94384444185,
    -15.42706194375));
#1237 = CARTESIAN_POINT('',(38.748529514959,21.94384444185,
    -15.99319028681));
#1238 = CARTESIAN_POINT('',(38.718116583083,21.953550684723,
    -16.24974499042));
#1239 = CARTESIAN_POINT('',(38.65385077788,21.967212681258,-16.5));
#1240 = PCURVE('',#911,#1241);
#1241 = DEFINITIONAL_REPRESENTATION('',(#1242),#1268);
#1242 = B_SPLINE_CURVE_WITH_KNOTS('',3,(#1243,#1244,#1245,#1246,#1247,
    #1248,#1249,#1250,#1251,#1252,#1253,#1254,#1255,#1256,#1257,#1258,
    #1259,#1260,#1261,#1262,#1263,#1264,#1265,#1266,#1267),
  .UNSPECIFIED.,.F.,.F.,(4,1,1,1,1,1,1,1,1,1,1,1,1,1,1,1,1,1,1,1,1,1,4),
  (0.267078621707,0.277248605244,0.287418588781,0.297588572318,
    0.307758555855,0.317928539392,0.328098522929,0.338268506465,
    0.348438490002,0.358608473539,0.368778457076,0.378948440613,
    0.38911842415,0.399288407687,0.409458391224,0.419628374761,
    0.429798358298,0.439968341835,0.450138325371,0.460308308908,
    0.470478292445,0.480648275982,0.490818259519),
  .QUASI_UNIFORM_KNOTS.);
#1243 = CARTESIAN_POINT('',(1.043122593484,4.532157523662E-16));
#1244 = CARTESIAN_POINT('',(1.054911296103,-5.769551629161E-08));
#1245 = CARTESIAN_POINT('',(1.078579876878,-6.327256069445E-04));
#1246 = CARTESIAN_POINT('',(1.114305395554,-3.171895210451E-03));
#1247 = CARTESIAN_POINT('',(1.150202687785,-6.994516362319E-03));
#1248 = CARTESIAN_POINT('',(1.186220861653,-1.179116514569E-02));
#1249 = CARTESIAN_POINT('',(1.222309733297,-1.726665529263E-02));
#1250 = CARTESIAN_POINT('',(1.25842224807,-2.307573388581E-02));
#1251 = CARTESIAN_POINT('',(1.294530095602,-2.87864439111E-02));
#1252 = CARTESIAN_POINT('',(1.330583980784,-3.43218569925E-02));
#1253 = CARTESIAN_POINT('',(1.366532927523,-3.952840270681E-02));
#1254 = CARTESIAN_POINT('',(1.402321650543,-4.427401170544E-02));
#1255 = CARTESIAN_POINT('',(1.437890650305,-4.842158355325E-02));
#1256 = CARTESIAN_POINT('',(1.473184221879,-5.183709514978E-02));
#1257 = CARTESIAN_POINT('',(1.508124170507,-5.438377035321E-02));
#1258 = CARTESIAN_POINT('',(1.542712723591,-5.593731134297E-02));
#1259 = CARTESIAN_POINT('',(1.576652731143,-5.633076938821E-02));
#1260 = CARTESIAN_POINT('',(1.610862404354,-5.557122638106E-02));
#1261 = CARTESIAN_POINT('',(1.645579801781,-5.38010859121E-02));
#1262 = CARTESIAN_POINT('',(1.680658978421,-5.109861069093E-02));
#1263 = CARTESIAN_POINT('',(1.71605774493,-4.756022741465E-02));
#1264 = CARTESIAN_POINT('',(1.751708322533,-4.327850088315E-02));
#1265 = CARTESIAN_POINT('',(1.787552714159,-3.834794278288E-02));
#1266 = CARTESIAN_POINT('',(1.811541907494,-3.469181823792E-02));
#1267 = CARTESIAN_POINT('',(1.823550497405,-3.278731874189E-02));
#1268 = ( GEOMETRIC_REPRESENTATION_CONTEXT(2) 
PARAMETRIC_REPRESENTATION_CONTEXT() REPRESENTATION_CONTEXT('2D SPACE',''
  ) );
#1269 = PCURVE('',#665,#1270);
#1270 = DEFINITIONAL_REPRESENTATION('',(#1271),#1297);
#1271 = B_SPLINE_CURVE_WITH_KNOTS('',3,(#1272,#1273,#1274,#1275,#1276,
    #1277,#1278,#1279,#1280,#1281,#1282,#1283,#1284,#1285,#1286,#1287,
    #1288,#1289,#1290,#1291,#1292,#1293,#1294,#1295,#1296),
  .UNSPECIFIED.,.F.,.F.,(4,1,1,1,1,1,1,1,1,1,1,1,1,1,1,1,1,1,1,1,1,1,4),
  (0.267078621707,0.277248605244,0.287418588781,0.297588572318,
    0.307758555855,0.317928539392,0.328098522929,0.338268506465,
    0.348438490002,0.358608473539,0.368778457076,0.378948440613,
    0.38911842415,0.399288407687,0.409458391224,0.419628374761,
    0.429798358298,0.439968341835,0.450138325371,0.460308308908,
    0.470478292445,0.480648275982,0.490818259519),
  .QUASI_UNIFORM_KNOTS.);
#1272 = CARTESIAN_POINT('',(5.515240436302,-0.760574567452));
#1273 = CARTESIAN_POINT('',(5.527111202607,-0.730018805231));
#1274 = CARTESIAN_POINT('',(5.550206654519,-0.668022956537));
#1275 = CARTESIAN_POINT('',(5.582831278644,-0.572624988015));
#1276 = CARTESIAN_POINT('',(5.613362591711,-0.475071987318));
#1277 = CARTESIAN_POINT('',(5.641706396211,-0.375611766668));
#1278 = CARTESIAN_POINT('',(5.667766566387,-0.274497156596));
#1279 = CARTESIAN_POINT('',(5.69140561702,-0.171962265479));
#1280 = CARTESIAN_POINT('',(5.712480772676,-6.820799720419E-02));
#1281 = CARTESIAN_POINT('',(5.731030436484,3.643365031983E-02));
#1282 = CARTESIAN_POINT('',(5.747052073028,0.141658960214));
#1283 = CARTESIAN_POINT('',(5.760551560856,0.247157792217));
#1284 = CARTESIAN_POINT('',(5.771528760035,0.352617418565));
#1285 = CARTESIAN_POINT('',(5.779981410629,0.457741884893));
#1286 = CARTESIAN_POINT('',(5.785902400042,0.562170730739));
#1287 = CARTESIAN_POINT('',(5.7892880866,0.665784746627));
#1288 = CARTESIAN_POINT('',(5.790111895269,0.767564225237));
#1289 = CARTESIAN_POINT('',(5.788435498681,0.870129895892));
#1290 = CARTESIAN_POINT('',(5.784261980387,0.974070554952));
#1291 = CARTESIAN_POINT('',(5.777566686604,1.078823219594));
#1292 = CARTESIAN_POINT('',(5.768330868517,1.184133525843));
#1293 = CARTESIAN_POINT('',(5.756531919543,1.289664413516));
#1294 = CARTESIAN_POINT('',(5.742145941144,1.395100988421));
#1295 = CARTESIAN_POINT('',(5.73081363722,1.465115255208));
#1296 = CARTESIAN_POINT('',(5.724707904787,1.5));
#1297 = ( GEOMETRIC_REPRESENTATION_CONTEXT(2) 
PARAMETRIC_REPRESENTATION_CONTEXT() REPRESENTATION_CONTEXT('2D SPACE',''
  ) );
#1298 = ADVANCED_FACE('',(#1299,#1302),#961,.T.);
#1299 = FACE_BOUND('',#1300,.T.);
#1300 = EDGE_LOOP('',(#1301));
#1301 = ORIENTED_EDGE('',*,*,#946,.F.);
#1302 = FACE_BOUND('',#1303,.T.);
#1303 = EDGE_LOOP('',(#1304));
#1304 = ORIENTED_EDGE('',*,*,#1305,.T.);
#1305 = EDGE_CURVE('',#1306,#1306,#1308,.T.);
#1306 = VERTEX_POINT('',#1307);
#1307 = CARTESIAN_POINT('',(35.75,19.,-17.49986519478));
#1308 = SURFACE_CURVE('',#1309,(#1314,#1325),.PCURVE_S1.);
#1309 = CIRCLE('',#1310,1.749865194785);
#1310 = AXIS2_PLACEMENT_3D('',#1311,#1312,#1313);
#1311 = CARTESIAN_POINT('',(35.75,19.,-15.75));
#1312 = DIRECTION('',(0.,-1.,0.));
#1313 = DIRECTION('',(4.020885092637E-16,0.,1.));
#1314 = PCURVE('',#961,#1315);
#1315 = DEFINITIONAL_REPRESENTATION('',(#1316),#1324);
#1316 = ( BOUNDED_CURVE() B_SPLINE_CURVE(2,(#1317,#1318,#1319,#1320,
#1321,#1322,#1323),.UNSPECIFIED.,.T.,.F.) B_SPLINE_CURVE_WITH_KNOTS((1,2
    ,2,2,2,1),(-2.094395102393,0.,2.094395102393,4.188790204786,
6.28318530718,8.377580409573),.UNSPECIFIED.) CURVE() 
GEOMETRIC_REPRESENTATION_ITEM() RATIONAL_B_SPLINE_CURVE((1.,0.5,1.,0.5,
1.,0.5,1.)) REPRESENTATION_ITEM('') );
#1317 = CARTESIAN_POINT('',(0.625067402608,-8.725360810762E-16));
#1318 = CARTESIAN_POINT('',(0.625067402608,3.030855423763));
#1319 = CARTESIAN_POINT('',(3.249865194785,1.515427711882));
#1320 = CARTESIAN_POINT('',(5.874662986962,-4.439427191297E-16));
#1321 = CARTESIAN_POINT('',(3.249865194785,-1.515427711882));
#1322 = CARTESIAN_POINT('',(0.625067402608,-3.030855423763));
#1323 = CARTESIAN_POINT('',(0.625067402608,-8.725360810762E-16));
#1324 = ( GEOMETRIC_REPRESENTATION_CONTEXT(2) 
PARAMETRIC_REPRESENTATION_CONTEXT() REPRESENTATION_CONTEXT('2D SPACE',''
  ) );
#1325 = PCURVE('',#1326,#1331);
#1326 = CONICAL_SURFACE('',#1327,1.723682597392,1.745329251994E-02);
#1327 = AXIS2_PLACEMENT_3D('',#1328,#1329,#1330);
#1328 = CARTESIAN_POINT('',(35.75,17.5,-15.75));
#1329 = DIRECTION('',(0.,1.,0.));
#1330 = DIRECTION('',(4.020885092637E-16,0.,1.));
#1331 = DEFINITIONAL_REPRESENTATION('',(#1332),#1336);
#1332 = LINE('',#1333,#1334);
#1333 = CARTESIAN_POINT('',(6.28318530718,1.5));
#1334 = VECTOR('',#1335,1.);
#1335 = DIRECTION('',(-1.,0.));
#1336 = ( GEOMETRIC_REPRESENTATION_CONTEXT(2) 
PARAMETRIC_REPRESENTATION_CONTEXT() REPRESENTATION_CONTEXT('2D SPACE',''
  ) );
#1337 = ADVANCED_FACE('',(#1338),#1353,.F.);
#1338 = FACE_BOUND('',#1339,.F.);
#1339 = EDGE_LOOP('',(#1340,#1371,#1398,#1399));
#1340 = ORIENTED_EDGE('',*,*,#1341,.T.);
#1341 = EDGE_CURVE('',#1342,#1344,#1346,.T.);
#1342 = VERTEX_POINT('',#1343);
#1343 = CARTESIAN_POINT('',(-35.75,19.486911525846,-18.68419246231));
#1344 = VERTEX_POINT('',#1345);
#1345 = CARTESIAN_POINT('',(-35.75,19.,-18.18436379983));
#1346 = SEAM_CURVE('',#1347,(#1352,#1364),.PCURVE_S1.);
#1347 = CIRCLE('',#1348,0.5);
#1348 = AXIS2_PLACEMENT_3D('',#1349,#1350,#1351);
#1349 = CARTESIAN_POINT('',(-35.75,19.5,-18.18436379983));
#1350 = DIRECTION('',(-1.,0.,3.469446951954E-17));
#1351 = DIRECTION('',(-3.469446951954E-17,0.,-1.));
#1352 = PCURVE('',#1353,#1358);
#1353 = TOROIDAL_SURFACE('',#1354,2.434363799832,0.5);
#1354 = AXIS2_PLACEMENT_3D('',#1355,#1356,#1357);
#1355 = CARTESIAN_POINT('',(-35.75,19.5,-15.75));
#1356 = DIRECTION('',(0.,1.,0.));
#1357 = DIRECTION('',(3.469446951954E-17,0.,1.));
#1358 = DEFINITIONAL_REPRESENTATION('',(#1359),#1363);
#1359 = LINE('',#1360,#1361);
#1360 = CARTESIAN_POINT('',(3.14159265359,6.28318530718));
#1361 = VECTOR('',#1362,1.);
#1362 = DIRECTION('',(0.,-1.));
#1363 = ( GEOMETRIC_REPRESENTATION_CONTEXT(2) 
PARAMETRIC_REPRESENTATION_CONTEXT() REPRESENTATION_CONTEXT('2D SPACE',''
  ) );
#1364 = PCURVE('',#1353,#1365);
#1365 = DEFINITIONAL_REPRESENTATION('',(#1366),#1370);
#1366 = LINE('',#1367,#1368);
#1367 = CARTESIAN_POINT('',(9.424777960769,6.28318530718));
#1368 = VECTOR('',#1369,1.);
#1369 = DIRECTION('',(0.,-1.));
#1370 = ( GEOMETRIC_REPRESENTATION_CONTEXT(2) 
PARAMETRIC_REPRESENTATION_CONTEXT() REPRESENTATION_CONTEXT('2D SPACE',''
  ) );
#1371 = ORIENTED_EDGE('',*,*,#1372,.F.);
#1372 = EDGE_CURVE('',#1344,#1344,#1373,.T.);
#1373 = SURFACE_CURVE('',#1374,(#1379,#1386),.PCURVE_S1.);
#1374 = CIRCLE('',#1375,2.434363799832);
#1375 = AXIS2_PLACEMENT_3D('',#1376,#1377,#1378);
#1376 = CARTESIAN_POINT('',(-35.75,19.,-15.75));
#1377 = DIRECTION('',(0.,-1.,0.));
#1378 = DIRECTION('',(3.469446951954E-17,0.,1.));
#1379 = PCURVE('',#1353,#1380);
#1380 = DEFINITIONAL_REPRESENTATION('',(#1381),#1385);
#1381 = LINE('',#1382,#1383);
#1382 = CARTESIAN_POINT('',(12.566370614359,4.712388980385));
#1383 = VECTOR('',#1384,1.);
#1384 = DIRECTION('',(-1.,0.));
#1385 = ( GEOMETRIC_REPRESENTATION_CONTEXT(2) 
PARAMETRIC_REPRESENTATION_CONTEXT() REPRESENTATION_CONTEXT('2D SPACE',''
  ) );
#1386 = PCURVE('',#1387,#1392);
#1387 = PLANE('',#1388);
#1388 = AXIS2_PLACEMENT_3D('',#1389,#1390,#1391);
#1389 = CARTESIAN_POINT('',(-35.75,19.,-13.3750674026));
#1390 = DIRECTION('',(0.,-1.,0.));
#1391 = DIRECTION('',(-3.469446951954E-17,0.,-1.));
#1392 = DEFINITIONAL_REPRESENTATION('',(#1393),#1397);
#1393 = CIRCLE('',#1394,2.434363799832);
#1394 = AXIS2_PLACEMENT_2D('',#1395,#1396);
#1395 = CARTESIAN_POINT('',(2.374932597392,0.));
#1396 = DIRECTION('',(-1.,0.));
#1397 = ( GEOMETRIC_REPRESENTATION_CONTEXT(2) 
PARAMETRIC_REPRESENTATION_CONTEXT() REPRESENTATION_CONTEXT('2D SPACE',''
  ) );
#1398 = ORIENTED_EDGE('',*,*,#1341,.F.);
#1399 = ORIENTED_EDGE('',*,*,#1400,.F.);
#1400 = EDGE_CURVE('',#1342,#1342,#1401,.T.);
#1401 = SURFACE_CURVE('',#1402,(#1407,#1414),.PCURVE_S1.);
#1402 = CIRCLE('',#1403,2.934192462319);
#1403 = AXIS2_PLACEMENT_3D('',#1404,#1405,#1406);
#1404 = CARTESIAN_POINT('',(-35.75,19.486911525846,-15.75));
#1405 = DIRECTION('',(-0.,1.,0.));
#1406 = DIRECTION('',(3.469446951954E-17,0.,1.));
#1407 = PCURVE('',#1353,#1408);
#1408 = DEFINITIONAL_REPRESENTATION('',(#1409),#1413);
#1409 = LINE('',#1410,#1411);
#1410 = CARTESIAN_POINT('',(0.,6.2570053684));
#1411 = VECTOR('',#1412,1.);
#1412 = DIRECTION('',(1.,0.));
#1413 = ( GEOMETRIC_REPRESENTATION_CONTEXT(2) 
PARAMETRIC_REPRESENTATION_CONTEXT() REPRESENTATION_CONTEXT('2D SPACE',''
  ) );
#1414 = PCURVE('',#1415,#1420);
#1415 = CONICAL_SURFACE('',#1416,3.,2.617993877991E-02);
#1416 = AXIS2_PLACEMENT_3D('',#1417,#1418,#1419);
#1417 = CARTESIAN_POINT('',(-35.75,22.,-15.75));
#1418 = DIRECTION('',(0.,1.,0.));
#1419 = DIRECTION('',(3.469446951954E-17,0.,1.));
#1420 = DEFINITIONAL_REPRESENTATION('',(#1421),#1425);
#1421 = LINE('',#1422,#1423);
#1422 = CARTESIAN_POINT('',(0.,-2.513088474154));
#1423 = VECTOR('',#1424,1.);
#1424 = DIRECTION('',(1.,0.));
#1425 = ( GEOMETRIC_REPRESENTATION_CONTEXT(2) 
PARAMETRIC_REPRESENTATION_CONTEXT() REPRESENTATION_CONTEXT('2D SPACE',''
  ) );
#1426 = ADVANCED_FACE('',(#1427,#1430),#1387,.F.);
#1427 = FACE_BOUND('',#1428,.T.);
#1428 = EDGE_LOOP('',(#1429));
#1429 = ORIENTED_EDGE('',*,*,#1372,.F.);
#1430 = FACE_BOUND('',#1431,.T.);
#1431 = EDGE_LOOP('',(#1432));
#1432 = ORIENTED_EDGE('',*,*,#1433,.F.);
#1433 = EDGE_CURVE('',#1434,#1434,#1436,.T.);
#1434 = VERTEX_POINT('',#1435);
#1435 = CARTESIAN_POINT('',(-35.75,19.,-17.49986519478));
#1436 = SURFACE_CURVE('',#1437,(#1442,#1453),.PCURVE_S1.);
#1437 = CIRCLE('',#1438,1.749865194785);
#1438 = AXIS2_PLACEMENT_3D('',#1439,#1440,#1441);
#1439 = CARTESIAN_POINT('',(-35.75,19.,-15.75));
#1440 = DIRECTION('',(-0.,1.,0.));
#1441 = DIRECTION('',(3.469446951954E-17,0.,1.));
#1442 = PCURVE('',#1387,#1443);
#1443 = DEFINITIONAL_REPRESENTATION('',(#1444),#1452);
#1444 = ( BOUNDED_CURVE() B_SPLINE_CURVE(2,(#1445,#1446,#1447,#1448,
#1449,#1450,#1451),.UNSPECIFIED.,.T.,.F.) B_SPLINE_CURVE_WITH_KNOTS((1,2
    ,2,2,2,1),(-2.094395102393,0.,2.094395102393,4.188790204786,
6.28318530718,8.377580409573),.UNSPECIFIED.) CURVE() 
GEOMETRIC_REPRESENTATION_ITEM() RATIONAL_B_SPLINE_CURVE((1.,0.5,1.,0.5,
1.,0.5,1.)) REPRESENTATION_ITEM('') );
#1445 = CARTESIAN_POINT('',(0.625067402608,0.));
#1446 = CARTESIAN_POINT('',(0.625067402608,3.030855423763));
#1447 = CARTESIAN_POINT('',(3.249865194785,1.515427711882));
#1448 = CARTESIAN_POINT('',(5.874662986962,4.285933619465E-16));
#1449 = CARTESIAN_POINT('',(3.249865194785,-1.515427711882));
#1450 = CARTESIAN_POINT('',(0.625067402608,-3.030855423763));
#1451 = CARTESIAN_POINT('',(0.625067402608,0.));
#1452 = ( GEOMETRIC_REPRESENTATION_CONTEXT(2) 
PARAMETRIC_REPRESENTATION_CONTEXT() REPRESENTATION_CONTEXT('2D SPACE',''
  ) );
#1453 = PCURVE('',#1454,#1459);
#1454 = CONICAL_SURFACE('',#1455,1.723682597392,1.745329251994E-02);
#1455 = AXIS2_PLACEMENT_3D('',#1456,#1457,#1458);
#1456 = CARTESIAN_POINT('',(-35.75,17.5,-15.75));
#1457 = DIRECTION('',(0.,1.,0.));
#1458 = DIRECTION('',(3.469446951954E-17,0.,1.));
#1459 = DEFINITIONAL_REPRESENTATION('',(#1460),#1464);
#1460 = LINE('',#1461,#1462);
#1461 = CARTESIAN_POINT('',(0.,1.5));
#1462 = VECTOR('',#1463,1.);
#1463 = DIRECTION('',(1.,0.));
#1464 = ( GEOMETRIC_REPRESENTATION_CONTEXT(2) 
PARAMETRIC_REPRESENTATION_CONTEXT() REPRESENTATION_CONTEXT('2D SPACE',''
  ) );
#1465 = ADVANCED_FACE('',(#1466),#1415,.F.);
#1466 = FACE_BOUND('',#1467,.F.);
#1467 = EDGE_LOOP('',(#1468,#1491,#1561,#1589,#1666,#1745,#1788,#1789));
#1468 = ORIENTED_EDGE('',*,*,#1469,.T.);
#1469 = EDGE_CURVE('',#1342,#1470,#1472,.T.);
#1470 = VERTEX_POINT('',#1471);
#1471 = CARTESIAN_POINT('',(-35.75,21.94384444185,-18.74852951495));
#1472 = SEAM_CURVE('',#1473,(#1477,#1484),.PCURVE_S1.);
#1473 = LINE('',#1474,#1475);
#1474 = CARTESIAN_POINT('',(-35.75,22.,-18.75));
#1475 = VECTOR('',#1476,1.);
#1476 = DIRECTION('',(-4.11394693085E-18,0.999657324976,
    -2.617694830787E-02));
#1477 = PCURVE('',#1415,#1478);
#1478 = DEFINITIONAL_REPRESENTATION('',(#1479),#1483);
#1479 = LINE('',#1480,#1481);
#1480 = CARTESIAN_POINT('',(9.424777960769,0.));
#1481 = VECTOR('',#1482,1.);
#1482 = DIRECTION('',(0.,1.));
#1483 = ( GEOMETRIC_REPRESENTATION_CONTEXT(2) 
PARAMETRIC_REPRESENTATION_CONTEXT() REPRESENTATION_CONTEXT('2D SPACE',''
  ) );
#1484 = PCURVE('',#1415,#1485);
#1485 = DEFINITIONAL_REPRESENTATION('',(#1486),#1490);
#1486 = LINE('',#1487,#1488);
#1487 = CARTESIAN_POINT('',(3.14159265359,0.));
#1488 = VECTOR('',#1489,1.);
#1489 = DIRECTION('',(0.,1.));
#1490 = ( GEOMETRIC_REPRESENTATION_CONTEXT(2) 
PARAMETRIC_REPRESENTATION_CONTEXT() REPRESENTATION_CONTEXT('2D SPACE',''
  ) );
#1491 = ORIENTED_EDGE('',*,*,#1492,.F.);
#1492 = EDGE_CURVE('',#1493,#1470,#1495,.T.);
#1493 = VERTEX_POINT('',#1494);
#1494 = CARTESIAN_POINT('',(-34.23942543254,22.,-18.34194222083));
#1495 = SURFACE_CURVE('',#1496,(#1503,#1532),.PCURVE_S1.);
#1496 = B_SPLINE_CURVE_WITH_KNOTS('',3,(#1497,#1498,#1499,#1500,#1501,
    #1502),.UNSPECIFIED.,.F.,.F.,(4,2,4),(1.088188951896,1.142562926253,
    1.238928743559),.UNSPECIFIED.);
#1497 = CARTESIAN_POINT('',(-34.23942543254,22.,-18.34194222083));
#1498 = CARTESIAN_POINT('',(-34.40276518859,22.,-18.43713604088));
#1499 = CARTESIAN_POINT('',(-34.57882100911,21.990964961185,
    -18.51842969427));
#1500 = CARTESIAN_POINT('',(-35.08443277007,21.962491374241,
    -18.69418564917));
#1501 = CARTESIAN_POINT('',(-35.42878060898,21.94384444185,
    -18.74852951495));
#1502 = CARTESIAN_POINT('',(-35.75,21.94384444185,-18.74852951495));
#1503 = PCURVE('',#1415,#1504);
#1504 = DEFINITIONAL_REPRESENTATION('',(#1505),#1531);
#1505 = B_SPLINE_CURVE_WITH_KNOTS('',3,(#1506,#1507,#1508,#1509,#1510,
    #1511,#1512,#1513,#1514,#1515,#1516,#1517,#1518,#1519,#1520,#1521,
    #1522,#1523,#1524,#1525,#1526,#1527,#1528,#1529,#1530),
  .UNSPECIFIED.,.F.,.F.,(4,1,1,1,1,1,1,1,1,1,1,1,1,1,1,1,1,1,1,1,1,1,4),
  (1.088188951896,1.095040760608,1.10189256932,1.108744378032,
    1.115596186744,1.122447995456,1.129299804168,1.13615161288,
    1.143003421592,1.149855230304,1.156707039015,1.163558847727,
    1.170410656439,1.177262465151,1.184114273863,1.190966082575,
    1.197817891287,1.204669699999,1.211521508711,1.218373317423,
    1.225225126135,1.232076934847,1.238928743559),
  .QUASI_UNIFORM_KNOTS.);
#1506 = CARTESIAN_POINT('',(8.897104227459,3.021438349108E-16));
#1507 = CARTESIAN_POINT('',(8.905045312781,-1.197587026947E-08));
#1508 = CARTESIAN_POINT('',(8.920969758059,-2.871809848169E-04));
#1509 = CARTESIAN_POINT('',(8.94496748752,-1.485398343028E-03));
#1510 = CARTESIAN_POINT('',(8.969060566765,-3.357013777038E-03));
#1511 = CARTESIAN_POINT('',(8.993233106934,-5.808292065442E-03));
#1512 = CARTESIAN_POINT('',(9.017469292059,-8.745139033125E-03));
#1513 = CARTESIAN_POINT('',(9.041753335847,-1.207543928256E-02));
#1514 = CARTESIAN_POINT('',(9.066070149096,-1.5700395261E-02));
#1515 = CARTESIAN_POINT('',(9.090403465433,-1.954682947426E-02));
#1516 = CARTESIAN_POINT('',(9.114743496673,-2.344537089238E-02));
#1517 = CARTESIAN_POINT('',(9.13908022824,-2.730461715624E-02));
#1518 = CARTESIAN_POINT('',(9.163398525046,-3.109576298713E-02));
#1519 = CARTESIAN_POINT('',(9.187683259352,-3.477340993183E-02));
#1520 = CARTESIAN_POINT('',(9.21191809633,-3.829679125996E-02));
#1521 = CARTESIAN_POINT('',(9.236085985141,-4.16240897682E-02));
#1522 = CARTESIAN_POINT('',(9.260169197632,-4.471396432274E-02));
#1523 = CARTESIAN_POINT('',(9.284149491205,-4.752514382995E-02));
#1524 = CARTESIAN_POINT('',(9.308008239126,-5.00165378694E-02));
#1525 = CARTESIAN_POINT('',(9.331726569428,-5.214720824867E-02));
#1526 = CARTESIAN_POINT('',(9.355285494683,-5.387637515937E-02));
#1527 = CARTESIAN_POINT('',(9.378666052205,-5.516341897756E-02));
#1528 = CARTESIAN_POINT('',(9.40184938402,-5.596785994506E-02));
#1529 = CARTESIAN_POINT('',(9.417161134547,-5.615557058075E-02));
#1530 = CARTESIAN_POINT('',(9.424777960769,-5.615555815025E-02));
#1531 = ( GEOMETRIC_REPRESENTATION_CONTEXT(2) 
PARAMETRIC_REPRESENTATION_CONTEXT() REPRESENTATION_CONTEXT('2D SPACE',''
  ) );
#1532 = PCURVE('',#1047,#1533);
#1533 = DEFINITIONAL_REPRESENTATION('',(#1534),#1560);
#1534 = B_SPLINE_CURVE_WITH_KNOTS('',3,(#1535,#1536,#1537,#1538,#1539,
    #1540,#1541,#1542,#1543,#1544,#1545,#1546,#1547,#1548,#1549,#1550,
    #1551,#1552,#1553,#1554,#1555,#1556,#1557,#1558,#1559),
  .UNSPECIFIED.,.F.,.F.,(4,1,1,1,1,1,1,1,1,1,1,1,1,1,1,1,1,1,1,1,1,1,4),
  (1.088188951896,1.095040760608,1.10189256932,1.108744378032,
    1.115596186744,1.122447995456,1.129299804168,1.13615161288,
    1.143003421592,1.149855230304,1.156707039015,1.163558847727,
    1.170410656439,1.177262465151,1.184114273863,1.190966082575,
    1.197817891287,1.204669699999,1.211521508711,1.218373317423,
    1.225225126135,1.232076934847,1.238928743559),
  .QUASI_UNIFORM_KNOTS.);
#1535 = CARTESIAN_POINT('',(0.767944870878,-24.23942543254));
#1536 = CARTESIAN_POINT('',(0.759948018445,-24.26000830839));
#1537 = CARTESIAN_POINT('',(0.744247729692,-24.30157790204));
#1538 = CARTESIAN_POINT('',(0.721600338118,-24.3650670905));
#1539 = CARTESIAN_POINT('',(0.699877739554,-24.42961436298));
#1540 = CARTESIAN_POINT('',(0.679105331636,-24.49514295675));
#1541 = CARTESIAN_POINT('',(0.659310994374,-24.5615762903));
#1542 = CARTESIAN_POINT('',(0.640524262343,-24.62883710595));
#1543 = CARTESIAN_POINT('',(0.622780009132,-24.69685066953));
#1544 = CARTESIAN_POINT('',(0.606103755378,-24.76553282898));
#1545 = CARTESIAN_POINT('',(0.590566551405,-24.83483504512));
#1546 = CARTESIAN_POINT('',(0.576188482812,-24.90468010232));
#1547 = CARTESIAN_POINT('',(0.562961364475,-24.97496769411));
#1548 = CARTESIAN_POINT('',(0.550884667003,-25.0456037012));
#1549 = CARTESIAN_POINT('',(0.53995616409,-25.11649234646));
#1550 = CARTESIAN_POINT('',(0.530174651144,-25.18753829696));
#1551 = CARTESIAN_POINT('',(0.521539369723,-25.25864610076));
#1552 = CARTESIAN_POINT('',(0.514050256287,-25.32972033781));
#1553 = CARTESIAN_POINT('',(0.507707912812,-25.40066557949));
#1554 = CARTESIAN_POINT('',(0.502513594914,-25.47138639952));
#1555 = CARTESIAN_POINT('',(0.49846913971,-25.54178737095));
#1556 = CARTESIAN_POINT('',(0.49557684909,-25.61177306703));
#1557 = CARTESIAN_POINT('',(0.493839341685,-25.68124806096));
#1558 = CARTESIAN_POINT('',(0.493452648122,-25.72716063762));
#1559 = CARTESIAN_POINT('',(0.493452656719,-25.75));
#1560 = ( GEOMETRIC_REPRESENTATION_CONTEXT(2) 
PARAMETRIC_REPRESENTATION_CONTEXT() REPRESENTATION_CONTEXT('2D SPACE',''
  ) );
#1561 = ORIENTED_EDGE('',*,*,#1562,.T.);
#1562 = EDGE_CURVE('',#1493,#1563,#1565,.T.);
#1563 = VERTEX_POINT('',#1564);
#1564 = CARTESIAN_POINT('',(-38.34194222083,22.,-14.23942543254));
#1565 = SURFACE_CURVE('',#1566,(#1571,#1578),.PCURVE_S1.);
#1566 = CIRCLE('',#1567,3.);
#1567 = AXIS2_PLACEMENT_3D('',#1568,#1569,#1570);
#1568 = CARTESIAN_POINT('',(-35.75,22.,-15.75));
#1569 = DIRECTION('',(0.,-1.,0.));
#1570 = DIRECTION('',(3.469446951954E-17,0.,1.));
#1571 = PCURVE('',#1415,#1572);
#1572 = DEFINITIONAL_REPRESENTATION('',(#1573),#1577);
#1573 = LINE('',#1574,#1575);
#1574 = CARTESIAN_POINT('',(12.566370614359,-8.150180415186E-17));
#1575 = VECTOR('',#1576,1.);
#1576 = DIRECTION('',(-1.,1.271072989858E-17));
#1577 = ( GEOMETRIC_REPRESENTATION_CONTEXT(2) 
PARAMETRIC_REPRESENTATION_CONTEXT() REPRESENTATION_CONTEXT('2D SPACE',''
  ) );
#1578 = PCURVE('',#606,#1579);
#1579 = DEFINITIONAL_REPRESENTATION('',(#1580),#1588);
#1580 = ( BOUNDED_CURVE() B_SPLINE_CURVE(2,(#1581,#1582,#1583,#1584,
#1585,#1586,#1587),.UNSPECIFIED.,.T.,.F.) B_SPLINE_CURVE_WITH_KNOTS((1,2
    ,2,2,2,1),(-2.094395102393,0.,2.094395102393,4.188790204786,
6.28318530718,8.377580409573),.UNSPECIFIED.) CURVE() 
GEOMETRIC_REPRESENTATION_ITEM() RATIONAL_B_SPLINE_CURVE((1.,0.5,1.,0.5,
1.,0.5,1.)) REPRESENTATION_ITEM('') );
#1581 = CARTESIAN_POINT('',(-2.75,-15.75));
#1582 = CARTESIAN_POINT('',(-2.75,-20.9461524227));
#1583 = CARTESIAN_POINT('',(-7.25,-18.34807621135));
#1584 = CARTESIAN_POINT('',(-11.75,-15.75));
#1585 = CARTESIAN_POINT('',(-7.25,-13.15192378864));
#1586 = CARTESIAN_POINT('',(-2.75,-10.55384757729));
#1587 = CARTESIAN_POINT('',(-2.75,-15.75));
#1588 = ( GEOMETRIC_REPRESENTATION_CONTEXT(2) 
PARAMETRIC_REPRESENTATION_CONTEXT() REPRESENTATION_CONTEXT('2D SPACE',''
  ) );
#1589 = ORIENTED_EDGE('',*,*,#1590,.F.);
#1590 = EDGE_CURVE('',#1591,#1563,#1593,.T.);
#1591 = VERTEX_POINT('',#1592);
#1592 = CARTESIAN_POINT('',(-38.65385077788,21.967212681258,-16.5));
#1593 = SURFACE_CURVE('',#1594,(#1603,#1632),.PCURVE_S1.);
#1594 = B_SPLINE_CURVE_WITH_KNOTS('',3,(#1595,#1596,#1597,#1598,#1599,
    #1600,#1601,#1602),.UNSPECIFIED.,.F.,.F.,(4,2,2,4),(1.165994756335,
    1.238928743559,1.335294560865,1.389668535222),.UNSPECIFIED.);
#1595 = CARTESIAN_POINT('',(-38.65385077788,21.967212681258,
    -16.49999999999));
#1596 = CARTESIAN_POINT('',(-38.71812512434,21.953548868971,
    -16.2497117302));
#1597 = CARTESIAN_POINT('',(-38.74852951495,21.94384444185,
    -15.99311329074));
#1598 = CARTESIAN_POINT('',(-38.74852951495,21.94384444185,
    -15.42878060898));
#1599 = CARTESIAN_POINT('',(-38.69418564917,21.962491374241,
    -15.08443277007));
#1600 = CARTESIAN_POINT('',(-38.51842969427,21.990964961185,
    -14.57882100911));
#1601 = CARTESIAN_POINT('',(-38.43713604088,22.,-14.40276518859));
#1602 = CARTESIAN_POINT('',(-38.34194222083,22.,-14.23942543254));
#1603 = PCURVE('',#1415,#1604);
#1604 = DEFINITIONAL_REPRESENTATION('',(#1605),#1631);
#1605 = B_SPLINE_CURVE_WITH_KNOTS('',3,(#1606,#1607,#1608,#1609,#1610,
    #1611,#1612,#1613,#1614,#1615,#1616,#1617,#1618,#1619,#1620,#1621,
    #1622,#1623,#1624,#1625,#1626,#1627,#1628,#1629,#1630),
  .UNSPECIFIED.,.F.,.F.,(4,1,1,1,1,1,1,1,1,1,1,1,1,1,1,1,1,1,1,1,1,1,4),
  (1.165994756335,1.176161746285,1.186328736234,1.196495726183,
    1.206662716133,1.216829706082,1.226996696032,1.237163685981,
    1.24733067593,1.25749766588,1.267664655829,1.277831645779,
    1.287998635728,1.298165625678,1.308332615627,1.318499605576,
    1.328666595526,1.338833585475,1.349000575425,1.359167565374,
    1.369334555324,1.379501545273,1.389668535222),
  .QUASI_UNIFORM_KNOTS.);
#1606 = CARTESIAN_POINT('',(4.459634809775,-3.278731874207E-02));
#1607 = CARTESIAN_POINT('',(4.471645259961,-3.469211436649E-02));
#1608 = CARTESIAN_POINT('',(4.495638260932,-3.834869140603E-02));
#1609 = CARTESIAN_POINT('',(4.53148796765,-4.327957678085E-02));
#1610 = CARTESIAN_POINT('',(4.567142813165,-4.756134264453E-02));
#1611 = CARTESIAN_POINT('',(4.602544125755,-5.109955586566E-02));
#1612 = CARTESIAN_POINT('',(4.637623359147,-5.380171958749E-02));
#1613 = CARTESIAN_POINT('',(4.672337826811,-5.557154781866E-02));
#1614 = CARTESIAN_POINT('',(4.706540028051,-5.633068282519E-02));
#1615 = CARTESIAN_POINT('',(4.740470409457,-5.593753945041E-02));
#1616 = CARTESIAN_POINT('',(4.77505524937,-5.438655342379E-02));
#1617 = CARTESIAN_POINT('',(4.809994430606,-5.18433147317E-02));
#1618 = CARTESIAN_POINT('',(4.845290000728,-4.843148182465E-02));
#1619 = CARTESIAN_POINT('',(4.880862864889,-4.428700528131E-02));
#1620 = CARTESIAN_POINT('',(4.916656651704,-3.954315447335E-02));
#1621 = CARTESIAN_POINT('',(4.952611177338,-3.433622170779E-02));
#1622 = CARTESIAN_POINT('',(4.988670565154,-2.879766022425E-02));
#1623 = CARTESIAN_POINT('',(5.024783206964,-2.307975565394E-02));
#1624 = CARTESIAN_POINT('',(5.060899613251,-1.726067730911E-02));
#1625 = CARTESIAN_POINT('',(5.096991092267,-1.178748286187E-02));
#1626 = CARTESIAN_POINT('',(5.133008937522,-6.991241670179E-03));
#1627 = CARTESIAN_POINT('',(5.168902402459,-3.170220439897E-03));
#1628 = CARTESIAN_POINT('',(5.204619733992,-6.323061241543E-04));
#1629 = CARTESIAN_POINT('',(5.228279437265,-5.836690772468E-08));
#1630 = CARTESIAN_POINT('',(5.240062713696,4.183530021842E-16));
#1631 = ( GEOMETRIC_REPRESENTATION_CONTEXT(2) 
PARAMETRIC_REPRESENTATION_CONTEXT() REPRESENTATION_CONTEXT('2D SPACE',''
  ) );
#1632 = PCURVE('',#1633,#1638);
#1633 = CYLINDRICAL_SURFACE('',#1634,1.5);
#1634 = AXIS2_PLACEMENT_3D('',#1635,#1636,#1637);
#1635 = CARTESIAN_POINT('',(-38.34194222083,20.5,-15.));
#1636 = DIRECTION('',(3.469446951954E-17,0.,1.));
#1637 = DIRECTION('',(-0.694658370459,0.719339800339,2.410080366038E-17)
  );
#1638 = DEFINITIONAL_REPRESENTATION('',(#1639),#1665);
#1639 = B_SPLINE_CURVE_WITH_KNOTS('',3,(#1640,#1641,#1642,#1643,#1644,
    #1645,#1646,#1647,#1648,#1649,#1650,#1651,#1652,#1653,#1654,#1655,
    #1656,#1657,#1658,#1659,#1660,#1661,#1662,#1663,#1664),
  .UNSPECIFIED.,.F.,.F.,(4,1,1,1,1,1,1,1,1,1,1,1,1,1,1,1,1,1,1,1,1,1,4),
  (1.165994756335,1.176161746285,1.186328736234,1.196495726183,
    1.206662716133,1.216829706082,1.226996696032,1.237163685981,
    1.24733067593,1.25749766588,1.267664655829,1.277831645779,
    1.287998635728,1.298165625678,1.308332615627,1.318499605576,
    1.328666595526,1.338833585475,1.349000575425,1.359167565374,
    1.369334555324,1.379501545273,1.389668535222),
  .QUASI_UNIFORM_KNOTS.);
#1640 = CARTESIAN_POINT('',(5.724707904788,-1.499999999997));
#1641 = CARTESIAN_POINT('',(5.730814584764,-1.465109842193));
#1642 = CARTESIAN_POINT('',(5.742148291566,-1.395084331838));
#1643 = CARTESIAN_POINT('',(5.756535184192,-1.289631788456));
#1644 = CARTESIAN_POINT('',(5.768334143072,-1.184087996169));
#1645 = CARTESIAN_POINT('',(5.777569355185,-1.07876995501));
#1646 = CARTESIAN_POINT('',(5.784263705178,-0.974017058106));
#1647 = CARTESIAN_POINT('',(5.788436253164,-0.870085155125));
#1648 = CARTESIAN_POINT('',(5.7901118363,-0.767541876469));
#1649 = CARTESIAN_POINT('',(5.789288030717,-0.66579127307));
#1650 = CARTESIAN_POINT('',(5.785903740264,-0.562188348954));
#1651 = CARTESIAN_POINT('',(5.779984630327,-0.457761631063));
#1652 = CARTESIAN_POINT('',(5.771533796033,-0.352630840161));
#1653 = CARTESIAN_POINT('',(5.760557713726,-0.247159175487));
#1654 = CARTESIAN_POINT('',(5.747058053777,-0.141644728568));
#1655 = CARTESIAN_POINT('',(5.731034379109,-3.640254330084E-02));
#1656 = CARTESIAN_POINT('',(5.712480311602,6.82550381823E-02));
#1657 = CARTESIAN_POINT('',(5.691397814998,0.172021819066));
#1658 = CARTESIAN_POINT('',(5.667748467245,0.2745643195));
#1659 = CARTESIAN_POINT('',(5.64168476009,0.375684950497));
#1660 = CARTESIAN_POINT('',(5.613339077754,0.475142790394));
#1661 = CARTESIAN_POINT('',(5.582810094082,0.572684562263));
#1662 = CARTESIAN_POINT('',(5.550192550951,0.668060300898));
#1663 = CARTESIAN_POINT('',(5.527105740903,0.730032866616));
#1664 = CARTESIAN_POINT('',(5.515240436302,0.760574567452));
#1665 = ( GEOMETRIC_REPRESENTATION_CONTEXT(2) 
PARAMETRIC_REPRESENTATION_CONTEXT() REPRESENTATION_CONTEXT('2D SPACE',''
  ) );
#1666 = ORIENTED_EDGE('',*,*,#1667,.F.);
#1667 = EDGE_CURVE('',#1668,#1591,#1670,.T.);
#1668 = VERTEX_POINT('',#1669);
#1669 = CARTESIAN_POINT('',(-36.5,21.967212681258,-18.65385077788));
#1670 = SURFACE_CURVE('',#1671,(#1682,#1711),.PCURVE_S1.);
#1671 = B_SPLINE_CURVE_WITH_KNOTS('',3,(#1672,#1673,#1674,#1675,#1676,
    #1677,#1678,#1679,#1680,#1681),.UNSPECIFIED.,.F.,.F.,(4,2,2,2,4),(
    -1.253755426316,-1.238432925278,-1.167522238879,-1.099637252772,
    -1.062373478208),.UNSPECIFIED.);
#1672 = CARTESIAN_POINT('',(-36.5,21.967212681258,-18.65385077788));
#1673 = CARTESIAN_POINT('',(-36.58182891407,21.971679909876,
    -18.63283700852));
#1674 = CARTESIAN_POINT('',(-36.66297164134,21.975434062791,
    -18.60829451104));
#1675 = CARTESIAN_POINT('',(-37.11447815964,21.993268261342,
    -18.45034445853));
#1676 = CARTESIAN_POINT('',(-37.45793956831,21.99589756303,
    -18.24780229338));
#1677 = CARTESIAN_POINT('',(-38.03487701794,21.997429676865,
    -17.73054609427));
#1678 = CARTESIAN_POINT('',(-38.26730840515,21.996756004672,
    -17.42553079992));
#1679 = CARTESIAN_POINT('',(-38.52924204722,21.984836654958,
    -16.89762743442));
#1680 = CARTESIAN_POINT('',(-38.60207389766,21.978219709894,
    -16.70162236533));
#1681 = CARTESIAN_POINT('',(-38.65385077788,21.967212681258,-16.5));
#1682 = PCURVE('',#1415,#1683);
#1683 = DEFINITIONAL_REPRESENTATION('',(#1684),#1710);
#1684 = B_SPLINE_CURVE_WITH_KNOTS('',3,(#1685,#1686,#1687,#1688,#1689,
    #1690,#1691,#1692,#1693,#1694,#1695,#1696,#1697,#1698,#1699,#1700,
    #1701,#1702,#1703,#1704,#1705,#1706,#1707,#1708,#1709),
  .UNSPECIFIED.,.F.,.F.,(4,1,1,1,1,1,1,1,1,1,1,1,1,1,1,1,1,1,1,1,1,1,4),
  (-1.253755426316,-1.245056246857,-1.236357067397,-1.227657887938,
    -1.218958708478,-1.210259529019,-1.201560349559,-1.1928611701,
    -1.18416199064,-1.175462811181,-1.166763631721,-1.158064452262,
    -1.149365272803,-1.140666093343,-1.131966913884,-1.123267734424,
    -1.114568554965,-1.105869375505,-1.097170196046,-1.088471016586,
    -1.079771837127,-1.071072657667,-1.062373478208),
  .QUASI_UNIFORM_KNOTS.);
#1685 = CARTESIAN_POINT('',(3.3943468242,-3.278731874189E-02));
#1686 = CARTESIAN_POINT('',(3.410321094763,-3.024884731658E-02));
#1687 = CARTESIAN_POINT('',(3.442370160291,-2.563812876915E-02));
#1688 = CARTESIAN_POINT('',(3.490608341956,-1.996207401427E-02));
#1689 = CARTESIAN_POINT('',(3.538834977576,-1.535226406606E-02));
#1690 = CARTESIAN_POINT('',(3.587010926289,-1.168787012183E-02));
#1691 = CARTESIAN_POINT('',(3.635179903652,-8.858024631944E-03));
#1692 = CARTESIAN_POINT('',(3.683362960681,-6.749255027969E-03));
#1693 = CARTESIAN_POINT('',(3.73158597929,-5.248783644872E-03));
#1694 = CARTESIAN_POINT('',(3.779877954964,-4.243908207584E-03));
#1695 = CARTESIAN_POINT('',(3.828253105126,-3.621158197248E-03));
#1696 = CARTESIAN_POINT('',(3.876786837249,-3.270231459858E-03));
#1697 = CARTESIAN_POINT('',(3.925327232562,-3.068516712865E-03));
#1698 = CARTESIAN_POINT('',(3.973798840516,-3.083214739468E-03));
#1699 = CARTESIAN_POINT('',(4.02225427019,-3.385823396262E-03));
#1700 = CARTESIAN_POINT('',(4.070711480706,-4.046599290175E-03));
#1701 = CARTESIAN_POINT('',(4.119196529124,-5.13677340056E-03));
#1702 = CARTESIAN_POINT('',(4.16773819279,-6.725240066421E-03));
#1703 = CARTESIAN_POINT('',(4.216349630425,-8.889561246305E-03));
#1704 = CARTESIAN_POINT('',(4.265109964772,-1.167519900301E-02));
#1705 = CARTESIAN_POINT('',(4.313804334916,-1.527116707556E-02));
#1706 = CARTESIAN_POINT('',(4.362433709857,-1.984937518066E-02));
#1707 = CARTESIAN_POINT('',(4.411033776148,-2.555704911056E-02));
#1708 = CARTESIAN_POINT('',(4.443431631598,-3.021774403913E-02));
#1709 = CARTESIAN_POINT('',(4.459634809774,-3.278731874189E-02));
#1710 = ( GEOMETRIC_REPRESENTATION_CONTEXT(2) 
PARAMETRIC_REPRESENTATION_CONTEXT() REPRESENTATION_CONTEXT('2D SPACE',''
  ) );
#1711 = PCURVE('',#1712,#1717);
#1712 = TOROIDAL_SURFACE('',#1713,1.841942220839,1.5);
#1713 = AXIS2_PLACEMENT_3D('',#1714,#1715,#1716);
#1714 = CARTESIAN_POINT('',(-36.5,20.5,-16.5));
#1715 = DIRECTION('',(0.,-1.,0.));
#1716 = DIRECTION('',(-3.469446951954E-17,0.,-1.));
#1717 = DEFINITIONAL_REPRESENTATION('',(#1718),#1744);
#1718 = B_SPLINE_CURVE_WITH_KNOTS('',3,(#1719,#1720,#1721,#1722,#1723,
    #1724,#1725,#1726,#1727,#1728,#1729,#1730,#1731,#1732,#1733,#1734,
    #1735,#1736,#1737,#1738,#1739,#1740,#1741,#1742,#1743),
  .UNSPECIFIED.,.F.,.F.,(4,1,1,1,1,1,1,1,1,1,1,1,1,1,1,1,1,1,1,1,1,1,4),
  (-1.253755426316,-1.245056246857,-1.236357067397,-1.227657887938,
    -1.218958708478,-1.210259529019,-1.201560349559,-1.1928611701,
    -1.18416199064,-1.175462811181,-1.166763631721,-1.158064452262,
    -1.149365272803,-1.140666093343,-1.131966913884,-1.123267734424,
    -1.114568554965,-1.105869375505,-1.097170196046,-1.088471016586,
    -1.079771837127,-1.071072657667,-1.062373478208),
  .QUASI_UNIFORM_KNOTS.);
#1719 = CARTESIAN_POINT('',(6.28318530718,4.92185644887));
#1720 = CARTESIAN_POINT('',(6.261643840031,4.913732633641));
#1721 = CARTESIAN_POINT('',(6.217964158474,4.898002693454));
#1722 = CARTESIAN_POINT('',(6.150887690878,4.876130901246));
#1723 = CARTESIAN_POINT('',(6.082529659476,4.856172054017));
#1724 = CARTESIAN_POINT('',(6.013018148455,4.838246749911));
#1725 = CARTESIAN_POINT('',(5.94237862727,4.822443242328));
#1726 = CARTESIAN_POINT('',(5.870688772779,4.80885503804));
#1727 = CARTESIAN_POINT('',(5.79803867799,4.797568219617));
#1728 = CARTESIAN_POINT('',(5.724532246758,4.788662112331));
#1729 = CARTESIAN_POINT('',(5.650313617152,4.782207435697));
#1730 = CARTESIAN_POINT('',(5.575447335427,4.778261919013));
#1731 = CARTESIAN_POINT('',(5.500361773753,4.776879640246));
#1732 = CARTESIAN_POINT('',(5.425375647805,4.778071097635));
#1733 = CARTESIAN_POINT('',(5.350608540435,4.781824711586));
#1734 = CARTESIAN_POINT('',(5.276228602595,4.788113935522));
#1735 = CARTESIAN_POINT('',(5.202382184103,4.796896450606));
#1736 = CARTESIAN_POINT('',(5.129199312879,4.808117956935));
#1737 = CARTESIAN_POINT('',(5.056817171411,4.821706977226));
#1738 = CARTESIAN_POINT('',(4.985260438709,4.837602317219));
#1739 = CARTESIAN_POINT('',(4.91496148133,4.855643798454));
#1740 = CARTESIAN_POINT('',(4.846003075952,4.875717228876));
#1741 = CARTESIAN_POINT('',(4.778401023069,4.897723355167));
#1742 = CARTESIAN_POINT('',(4.734240772873,4.913618730932));
#1743 = CARTESIAN_POINT('',(4.712388980385,4.92185644887));
#1744 = ( GEOMETRIC_REPRESENTATION_CONTEXT(2) 
PARAMETRIC_REPRESENTATION_CONTEXT() REPRESENTATION_CONTEXT('2D SPACE',''
  ) );
#1745 = ORIENTED_EDGE('',*,*,#1746,.F.);
#1746 = EDGE_CURVE('',#1470,#1668,#1747,.T.);
#1747 = SURFACE_CURVE('',#1748,(#1753,#1759),.PCURVE_S1.);
#1748 = B_SPLINE_CURVE_WITH_KNOTS('',3,(#1749,#1750,#1751,#1752),
  .UNSPECIFIED.,.F.,.F.,(4,4),(1.238928743559,1.311862730783),
  .PIECEWISE_BEZIER_KNOTS.);
#1749 = CARTESIAN_POINT('',(-35.75,21.94384444185,-18.74852951495));
#1750 = CARTESIAN_POINT('',(-35.99311329074,21.94384444185,
    -18.74852951495));
#1751 = CARTESIAN_POINT('',(-36.2497117302,21.953548868971,
    -18.71812512434));
#1752 = CARTESIAN_POINT('',(-36.5,21.967212681258,-18.65385077788));
#1753 = PCURVE('',#1415,#1754);
#1754 = DEFINITIONAL_REPRESENTATION('',(#1755),#1758);
#1755 = B_SPLINE_CURVE_WITH_KNOTS('',1,(#1756,#1757),.UNSPECIFIED.,.F.,
  .F.,(2,2),(1.238928743559,1.311862730783),.PIECEWISE_BEZIER_KNOTS.);
#1756 = CARTESIAN_POINT('',(3.14159265359,-5.615555815025E-02));
#1757 = CARTESIAN_POINT('',(3.3943468242,-3.278731874189E-02));
#1758 = ( GEOMETRIC_REPRESENTATION_CONTEXT(2) 
PARAMETRIC_REPRESENTATION_CONTEXT() REPRESENTATION_CONTEXT('2D SPACE',''
  ) );
#1759 = PCURVE('',#1047,#1760);
#1760 = DEFINITIONAL_REPRESENTATION('',(#1761),#1787);
#1761 = B_SPLINE_CURVE_WITH_KNOTS('',3,(#1762,#1763,#1764,#1765,#1766,
    #1767,#1768,#1769,#1770,#1771,#1772,#1773,#1774,#1775,#1776,#1777,
    #1778,#1779,#1780,#1781,#1782,#1783,#1784,#1785,#1786),
  .UNSPECIFIED.,.F.,.F.,(4,1,1,1,1,1,1,1,1,1,1,1,1,1,1,1,1,1,1,1,1,1,4),
  (1.238928743559,1.242243924797,1.245559106034,1.248874287272,
    1.252189468509,1.255504649746,1.258819830984,1.262135012221,
    1.265450193459,1.268765374696,1.272080555934,1.275395737171,
    1.278710918409,1.282026099646,1.285341280884,1.288656462121,
    1.291971643359,1.295286824596,1.298602005834,1.301917187071,
    1.305232368309,1.308547549546,1.311862730783),
  .QUASI_UNIFORM_KNOTS.);
#1762 = CARTESIAN_POINT('',(0.493452656719,-25.75));
#1763 = CARTESIAN_POINT('',(0.493452656119,-25.76105060412));
#1764 = CARTESIAN_POINT('',(0.49354052679,-25.78320753613));
#1765 = CARTESIAN_POINT('',(0.493936602139,-25.81659895101));
#1766 = CARTESIAN_POINT('',(0.494597602095,-25.85013522839));
#1767 = CARTESIAN_POINT('',(0.495524176564,-25.88380521387));
#1768 = CARTESIAN_POINT('',(0.496716978446,-25.91759775307));
#1769 = CARTESIAN_POINT('',(0.498176667219,-25.9515016916));
#1770 = CARTESIAN_POINT('',(0.499903913096,-25.98550587507));
#1771 = CARTESIAN_POINT('',(0.501899400308,-26.01959914911));
#1772 = CARTESIAN_POINT('',(0.504163829901,-26.05377035931));
#1773 = CARTESIAN_POINT('',(0.506697921907,-26.0880083513));
#1774 = CARTESIAN_POINT('',(0.509502416947,-26.12230197068));
#1775 = CARTESIAN_POINT('',(0.512578077198,-26.15664006308));
#1776 = CARTESIAN_POINT('',(0.515925686765,-26.1910114741));
#1777 = CARTESIAN_POINT('',(0.519546051398,-26.22540504936));
#1778 = CARTESIAN_POINT('',(0.523439997579,-26.25980963446));
#1779 = CARTESIAN_POINT('',(0.52760837094,-26.29421407503));
#1780 = CARTESIAN_POINT('',(0.532052034013,-26.32860721668));
#1781 = CARTESIAN_POINT('',(0.536771863259,-26.36297790502));
#1782 = CARTESIAN_POINT('',(0.541768745511,-26.39731498566));
#1783 = CARTESIAN_POINT('',(0.547043573248,-26.43160730422));
#1784 = CARTESIAN_POINT('',(0.552597240779,-26.46584370631));
#1785 = CARTESIAN_POINT('',(0.556486169279,-26.48862326046));
#1786 = CARTESIAN_POINT('',(0.558477402393,-26.5));
#1787 = ( GEOMETRIC_REPRESENTATION_CONTEXT(2) 
PARAMETRIC_REPRESENTATION_CONTEXT() REPRESENTATION_CONTEXT('2D SPACE',''
  ) );
#1788 = ORIENTED_EDGE('',*,*,#1469,.F.);
#1789 = ORIENTED_EDGE('',*,*,#1400,.T.);
#1790 = ADVANCED_FACE('',(#1791),#1806,.F.);
#1791 = FACE_BOUND('',#1792,.F.);
#1792 = EDGE_LOOP('',(#1793,#1824,#1851,#1852));
#1793 = ORIENTED_EDGE('',*,*,#1794,.T.);
#1794 = EDGE_CURVE('',#1795,#1797,#1799,.T.);
#1795 = VERTEX_POINT('',#1796);
#1796 = CARTESIAN_POINT('',(-35.75,19.,18.184363799832));
#1797 = VERTEX_POINT('',#1798);
#1798 = CARTESIAN_POINT('',(-35.75,19.486911525846,18.684192462319));
#1799 = SEAM_CURVE('',#1800,(#1805,#1817),.PCURVE_S1.);
#1800 = CIRCLE('',#1801,0.5);
#1801 = AXIS2_PLACEMENT_3D('',#1802,#1803,#1804);
#1802 = CARTESIAN_POINT('',(-35.75,19.5,18.184363799832));
#1803 = DIRECTION('',(-1.,0.,3.469446951954E-17));
#1804 = DIRECTION('',(3.469446951954E-17,0.,1.));
#1805 = PCURVE('',#1806,#1811);
#1806 = TOROIDAL_SURFACE('',#1807,2.434363799832,0.5);
#1807 = AXIS2_PLACEMENT_3D('',#1808,#1809,#1810);
#1808 = CARTESIAN_POINT('',(-35.75,19.5,15.75));
#1809 = DIRECTION('',(0.,-1.,0.));
#1810 = DIRECTION('',(-3.469446951954E-17,0.,-1.));
#1811 = DEFINITIONAL_REPRESENTATION('',(#1812),#1816);
#1812 = LINE('',#1813,#1814);
#1813 = CARTESIAN_POINT('',(3.14159265359,6.28318530718));
#1814 = VECTOR('',#1815,1.);
#1815 = DIRECTION('',(0.,-1.));
#1816 = ( GEOMETRIC_REPRESENTATION_CONTEXT(2) 
PARAMETRIC_REPRESENTATION_CONTEXT() REPRESENTATION_CONTEXT('2D SPACE',''
  ) );
#1817 = PCURVE('',#1806,#1818);
#1818 = DEFINITIONAL_REPRESENTATION('',(#1819),#1823);
#1819 = LINE('',#1820,#1821);
#1820 = CARTESIAN_POINT('',(9.424777960769,6.28318530718));
#1821 = VECTOR('',#1822,1.);
#1822 = DIRECTION('',(0.,-1.));
#1823 = ( GEOMETRIC_REPRESENTATION_CONTEXT(2) 
PARAMETRIC_REPRESENTATION_CONTEXT() REPRESENTATION_CONTEXT('2D SPACE',''
  ) );
#1824 = ORIENTED_EDGE('',*,*,#1825,.F.);
#1825 = EDGE_CURVE('',#1797,#1797,#1826,.T.);
#1826 = SURFACE_CURVE('',#1827,(#1832,#1839),.PCURVE_S1.);
#1827 = CIRCLE('',#1828,2.934192462319);
#1828 = AXIS2_PLACEMENT_3D('',#1829,#1830,#1831);
#1829 = CARTESIAN_POINT('',(-35.75,19.486911525846,15.75));
#1830 = DIRECTION('',(0.,1.,0.));
#1831 = DIRECTION('',(-3.469446951954E-17,0.,-1.));
#1832 = PCURVE('',#1806,#1833);
#1833 = DEFINITIONAL_REPRESENTATION('',(#1834),#1838);
#1834 = LINE('',#1835,#1836);
#1835 = CARTESIAN_POINT('',(12.566370614359,2.617993877992E-02));
#1836 = VECTOR('',#1837,1.);
#1837 = DIRECTION('',(-1.,0.));
#1838 = ( GEOMETRIC_REPRESENTATION_CONTEXT(2) 
PARAMETRIC_REPRESENTATION_CONTEXT() REPRESENTATION_CONTEXT('2D SPACE',''
  ) );
#1839 = PCURVE('',#1840,#1845);
#1840 = CONICAL_SURFACE('',#1841,3.,2.617993877991E-02);
#1841 = AXIS2_PLACEMENT_3D('',#1842,#1843,#1844);
#1842 = CARTESIAN_POINT('',(-35.75,22.,15.75));
#1843 = DIRECTION('',(0.,1.,0.));
#1844 = DIRECTION('',(-3.469446951954E-17,0.,-1.));
#1845 = DEFINITIONAL_REPRESENTATION('',(#1846),#1850);
#1846 = LINE('',#1847,#1848);
#1847 = CARTESIAN_POINT('',(0.,-2.513088474154));
#1848 = VECTOR('',#1849,1.);
#1849 = DIRECTION('',(1.,0.));
#1850 = ( GEOMETRIC_REPRESENTATION_CONTEXT(2) 
PARAMETRIC_REPRESENTATION_CONTEXT() REPRESENTATION_CONTEXT('2D SPACE',''
  ) );
#1851 = ORIENTED_EDGE('',*,*,#1794,.F.);
#1852 = ORIENTED_EDGE('',*,*,#1853,.F.);
#1853 = EDGE_CURVE('',#1795,#1795,#1854,.T.);
#1854 = SURFACE_CURVE('',#1855,(#1860,#1867),.PCURVE_S1.);
#1855 = CIRCLE('',#1856,2.434363799832);
#1856 = AXIS2_PLACEMENT_3D('',#1857,#1858,#1859);
#1857 = CARTESIAN_POINT('',(-35.75,19.,15.75));
#1858 = DIRECTION('',(0.,-1.,-0.));
#1859 = DIRECTION('',(-3.469446951954E-17,0.,-1.));
#1860 = PCURVE('',#1806,#1861);
#1861 = DEFINITIONAL_REPRESENTATION('',(#1862),#1866);
#1862 = LINE('',#1863,#1864);
#1863 = CARTESIAN_POINT('',(0.,1.570796326795));
#1864 = VECTOR('',#1865,1.);
#1865 = DIRECTION('',(1.,0.));
#1866 = ( GEOMETRIC_REPRESENTATION_CONTEXT(2) 
PARAMETRIC_REPRESENTATION_CONTEXT() REPRESENTATION_CONTEXT('2D SPACE',''
  ) );
#1867 = PCURVE('',#1868,#1873);
#1868 = PLANE('',#1869);
#1869 = AXIS2_PLACEMENT_3D('',#1870,#1871,#1872);
#1870 = CARTESIAN_POINT('',(-35.75,19.,13.375067402608));
#1871 = DIRECTION('',(0.,1.,0.));
#1872 = DIRECTION('',(3.469446951954E-17,0.,1.));
#1873 = DEFINITIONAL_REPRESENTATION('',(#1874),#1882);
#1874 = ( BOUNDED_CURVE() B_SPLINE_CURVE(2,(#1875,#1876,#1877,#1878,
#1879,#1880,#1881),.UNSPECIFIED.,.T.,.F.) B_SPLINE_CURVE_WITH_KNOTS((1,2
    ,2,2,2,1),(-2.094395102393,0.,2.094395102393,4.188790204786,
6.28318530718,8.377580409573),.UNSPECIFIED.) CURVE() 
GEOMETRIC_REPRESENTATION_ITEM() RATIONAL_B_SPLINE_CURVE((1.,0.5,1.,0.5,
1.,0.5,1.)) REPRESENTATION_ITEM('') );
#1875 = CARTESIAN_POINT('',(-5.94312024393E-02,0.));
#1876 = CARTESIAN_POINT('',(-5.94312024393E-02,4.216441785415));
#1877 = CARTESIAN_POINT('',(3.592114497308,2.108220892707));
#1878 = CARTESIAN_POINT('',(7.243660197055,5.962471670848E-16));
#1879 = CARTESIAN_POINT('',(3.592114497308,-2.108220892707));
#1880 = CARTESIAN_POINT('',(-5.94312024393E-02,-4.216441785415));
#1881 = CARTESIAN_POINT('',(-5.94312024393E-02,0.));
#1882 = ( GEOMETRIC_REPRESENTATION_CONTEXT(2) 
PARAMETRIC_REPRESENTATION_CONTEXT() REPRESENTATION_CONTEXT('2D SPACE',''
  ) );
#1883 = ADVANCED_FACE('',(#1884,#1887),#1868,.T.);
#1884 = FACE_BOUND('',#1885,.T.);
#1885 = EDGE_LOOP('',(#1886));
#1886 = ORIENTED_EDGE('',*,*,#1853,.F.);
#1887 = FACE_BOUND('',#1888,.T.);
#1888 = EDGE_LOOP('',(#1889));
#1889 = ORIENTED_EDGE('',*,*,#1890,.T.);
#1890 = EDGE_CURVE('',#1891,#1891,#1893,.T.);
#1891 = VERTEX_POINT('',#1892);
#1892 = CARTESIAN_POINT('',(-35.75,19.,17.499865194785));
#1893 = SURFACE_CURVE('',#1894,(#1899,#1910),.PCURVE_S1.);
#1894 = CIRCLE('',#1895,1.749865194785);
#1895 = AXIS2_PLACEMENT_3D('',#1896,#1897,#1898);
#1896 = CARTESIAN_POINT('',(-35.75,19.,15.75));
#1897 = DIRECTION('',(0.,-1.,-0.));
#1898 = DIRECTION('',(-3.469446951954E-17,0.,-1.));
#1899 = PCURVE('',#1868,#1900);
#1900 = DEFINITIONAL_REPRESENTATION('',(#1901),#1909);
#1901 = ( BOUNDED_CURVE() B_SPLINE_CURVE(2,(#1902,#1903,#1904,#1905,
#1906,#1907,#1908),.UNSPECIFIED.,.T.,.F.) B_SPLINE_CURVE_WITH_KNOTS((1,2
    ,2,2,2,1),(-2.094395102393,0.,2.094395102393,4.188790204786,
6.28318530718,8.377580409573),.UNSPECIFIED.) CURVE() 
GEOMETRIC_REPRESENTATION_ITEM() RATIONAL_B_SPLINE_CURVE((1.,0.5,1.,0.5,
1.,0.5,1.)) REPRESENTATION_ITEM('') );
#1902 = CARTESIAN_POINT('',(0.625067402608,0.));
#1903 = CARTESIAN_POINT('',(0.625067402608,3.030855423763));
#1904 = CARTESIAN_POINT('',(3.249865194785,1.515427711882));
#1905 = CARTESIAN_POINT('',(5.874662986962,4.285933619465E-16));
#1906 = CARTESIAN_POINT('',(3.249865194785,-1.515427711882));
#1907 = CARTESIAN_POINT('',(0.625067402608,-3.030855423763));
#1908 = CARTESIAN_POINT('',(0.625067402608,0.));
#1909 = ( GEOMETRIC_REPRESENTATION_CONTEXT(2) 
PARAMETRIC_REPRESENTATION_CONTEXT() REPRESENTATION_CONTEXT('2D SPACE',''
  ) );
#1910 = PCURVE('',#1911,#1916);
#1911 = CONICAL_SURFACE('',#1912,1.723682597392,1.745329251994E-02);
#1912 = AXIS2_PLACEMENT_3D('',#1913,#1914,#1915);
#1913 = CARTESIAN_POINT('',(-35.75,17.5,15.75));
#1914 = DIRECTION('',(0.,1.,0.));
#1915 = DIRECTION('',(-3.469446951954E-17,0.,-1.));
#1916 = DEFINITIONAL_REPRESENTATION('',(#1917),#1921);
#1917 = LINE('',#1918,#1919);
#1918 = CARTESIAN_POINT('',(6.28318530718,1.5));
#1919 = VECTOR('',#1920,1.);
#1920 = DIRECTION('',(-1.,0.));
#1921 = ( GEOMETRIC_REPRESENTATION_CONTEXT(2) 
PARAMETRIC_REPRESENTATION_CONTEXT() REPRESENTATION_CONTEXT('2D SPACE',''
  ) );
#1922 = ADVANCED_FACE('',(#1923),#1840,.F.);
#1923 = FACE_BOUND('',#1924,.F.);
#1924 = EDGE_LOOP('',(#1925,#1948,#1949,#1950,#1995,#2072,#2144,#2168));
#1925 = ORIENTED_EDGE('',*,*,#1926,.T.);
#1926 = EDGE_CURVE('',#1927,#1797,#1929,.T.);
#1927 = VERTEX_POINT('',#1928);
#1928 = CARTESIAN_POINT('',(-35.75,21.94384444185,18.748529514959));
#1929 = SEAM_CURVE('',#1930,(#1934,#1941),.PCURVE_S1.);
#1930 = LINE('',#1931,#1932);
#1931 = CARTESIAN_POINT('',(-35.75,22.,18.75));
#1932 = VECTOR('',#1933,1.);
#1933 = DIRECTION('',(2.297556260486E-18,-0.999657324976,
    -2.617694830787E-02));
#1934 = PCURVE('',#1840,#1935);
#1935 = DEFINITIONAL_REPRESENTATION('',(#1936),#1940);
#1936 = LINE('',#1937,#1938);
#1937 = CARTESIAN_POINT('',(3.14159265359,9.711122565577E-17));
#1938 = VECTOR('',#1939,1.);
#1939 = DIRECTION('',(0.,-1.));
#1940 = ( GEOMETRIC_REPRESENTATION_CONTEXT(2) 
PARAMETRIC_REPRESENTATION_CONTEXT() REPRESENTATION_CONTEXT('2D SPACE',''
  ) );
#1941 = PCURVE('',#1840,#1942);
#1942 = DEFINITIONAL_REPRESENTATION('',(#1943),#1947);
#1943 = LINE('',#1944,#1945);
#1944 = CARTESIAN_POINT('',(9.424777960769,9.711122565577E-17));
#1945 = VECTOR('',#1946,1.);
#1946 = DIRECTION('',(0.,-1.));
#1947 = ( GEOMETRIC_REPRESENTATION_CONTEXT(2) 
PARAMETRIC_REPRESENTATION_CONTEXT() REPRESENTATION_CONTEXT('2D SPACE',''
  ) );
#1948 = ORIENTED_EDGE('',*,*,#1825,.T.);
#1949 = ORIENTED_EDGE('',*,*,#1926,.F.);
#1950 = ORIENTED_EDGE('',*,*,#1951,.F.);
#1951 = EDGE_CURVE('',#1952,#1927,#1954,.T.);
#1952 = VERTEX_POINT('',#1953);
#1953 = CARTESIAN_POINT('',(-36.5,21.967212681258,18.65385077788));
#1954 = SURFACE_CURVE('',#1955,(#1960,#1966),.PCURVE_S1.);
#1955 = B_SPLINE_CURVE_WITH_KNOTS('',3,(#1956,#1957,#1958,#1959),
  .UNSPECIFIED.,.F.,.F.,(4,4),(0.34490408743,0.417861173474),
  .PIECEWISE_BEZIER_KNOTS.);
#1956 = CARTESIAN_POINT('',(-36.49999999999,21.967212681258,
    18.653850777882));
#1957 = CARTESIAN_POINT('',(-36.24974499041,21.953550684723,
    18.718116583083));
#1958 = CARTESIAN_POINT('',(-35.99319028681,21.94384444185,
    18.748529514959));
#1959 = CARTESIAN_POINT('',(-35.75,21.94384444185,18.748529514959));
#1960 = PCURVE('',#1840,#1961);
#1961 = DEFINITIONAL_REPRESENTATION('',(#1962),#1965);
#1962 = B_SPLINE_CURVE_WITH_KNOTS('',1,(#1963,#1964),.UNSPECIFIED.,.F.,
  .F.,(2,2),(0.34490408743,0.417861173474),.PIECEWISE_BEZIER_KNOTS.);
#1963 = CARTESIAN_POINT('',(9.172023790162,-3.278731874234E-02));
#1964 = CARTESIAN_POINT('',(9.424777960769,-5.615555815025E-02));
#1965 = ( GEOMETRIC_REPRESENTATION_CONTEXT(2) 
PARAMETRIC_REPRESENTATION_CONTEXT() REPRESENTATION_CONTEXT('2D SPACE',''
  ) );
#1966 = PCURVE('',#555,#1967);
#1967 = DEFINITIONAL_REPRESENTATION('',(#1968),#1994);
#1968 = B_SPLINE_CURVE_WITH_KNOTS('',3,(#1969,#1970,#1971,#1972,#1973,
    #1974,#1975,#1976,#1977,#1978,#1979,#1980,#1981,#1982,#1983,#1984,
    #1985,#1986,#1987,#1988,#1989,#1990,#1991,#1992,#1993),
  .UNSPECIFIED.,.F.,.F.,(4,1,1,1,1,1,1,1,1,1,1,1,1,1,1,1,1,1,1,1,1,1,4),
  (0.34490408743,0.348220318614,0.351536549798,0.354852780982,
    0.358169012166,0.361485243349,0.364801474533,0.368117705717,
    0.371433936901,0.374750168085,0.378066399268,0.381382630452,
    0.384698861636,0.38801509282,0.391331324004,0.394647555188,
    0.397963786371,0.401280017555,0.404596248739,0.407912479923,
    0.411228711107,0.41454494229,0.417861173474),.QUASI_UNIFORM_KNOTS.);
#1969 = CARTESIAN_POINT('',(5.724707904788,-26.49999999999));
#1970 = CARTESIAN_POINT('',(5.726698873288,-26.48862477228));
#1971 = CARTESIAN_POINT('',(5.730587320686,-26.46584828507));
#1972 = CARTESIAN_POINT('',(5.736140401128,-26.43161653933));
#1973 = CARTESIAN_POINT('',(5.741414766542,-26.39732885911));
#1974 = CARTESIAN_POINT('',(5.74641130139,-26.36299632487));
#1975 = CARTESIAN_POINT('',(5.751130888285,-26.32863001707));
#1976 = CARTESIAN_POINT('',(5.755574404182,-26.29424101615));
#1977 = CARTESIAN_POINT('',(5.75974271566,-26.25984040257));
#1978 = CARTESIAN_POINT('',(5.763636675367,-26.22543925678));
#1979 = CARTESIAN_POINT('',(5.767257119058,-26.19104865923));
#1980 = CARTESIAN_POINT('',(5.770604863346,-26.15667969038));
#1981 = CARTESIAN_POINT('',(5.773680704125,-26.12234343069));
#1982 = CARTESIAN_POINT('',(5.776485415648,-26.08805096059));
#1983 = CARTESIAN_POINT('',(5.779019750258,-26.05381336056));
#1984 = CARTESIAN_POINT('',(5.781284438745,-26.01964171103));
#1985 = CARTESIAN_POINT('',(5.783280191324,-25.98554709247));
#1986 = CARTESIAN_POINT('',(5.785007699226,-25.95154058532));
#1987 = CARTESIAN_POINT('',(5.786467636873,-25.91763327005));
#1988 = CARTESIAN_POINT('',(5.787660664671,-25.88383622709));
#1989 = CARTESIAN_POINT('',(5.788587432294,-25.85016053691));
#1990 = CARTESIAN_POINT('',(5.789248582834,-25.81661727996));
#1991 = CARTESIAN_POINT('',(5.789644756385,-25.7832175367));
#1992 = CARTESIAN_POINT('',(5.78973265106,-25.76105410394));
#1993 = CARTESIAN_POINT('',(5.789732650461,-25.75));
#1994 = ( GEOMETRIC_REPRESENTATION_CONTEXT(2) 
PARAMETRIC_REPRESENTATION_CONTEXT() REPRESENTATION_CONTEXT('2D SPACE',''
  ) );
#1995 = ORIENTED_EDGE('',*,*,#1996,.F.);
#1996 = EDGE_CURVE('',#1997,#1952,#1999,.T.);
#1997 = VERTEX_POINT('',#1998);
#1998 = CARTESIAN_POINT('',(-38.65385077788,21.967212681258,16.5));
#1999 = SURFACE_CURVE('',#2000,(#2009,#2038),.PCURVE_S1.);
#2000 = B_SPLINE_CURVE_WITH_KNOTS('',3,(#2001,#2002,#2003,#2004,#2005,
    #2006,#2007,#2008),.UNSPECIFIED.,.F.,.F.,(4,2,2,4),(-0.489566918835,
    -0.422694533556,-0.352628303031,-0.295381395753),.UNSPECIFIED.);
#2001 = CARTESIAN_POINT('',(-38.65385077802,21.967212681227,
    16.499999999422));
#2002 = CARTESIAN_POINT('',(-38.56182734175,21.986775555534,
    16.858344936864));
#2003 = CARTESIAN_POINT('',(-38.40398373837,21.992664869217,
    17.196180620699));
#2004 = CARTESIAN_POINT('',(-37.96412949441,21.9979747928,
    17.810790013499));
#2005 = CARTESIAN_POINT('',(-37.680654703,21.997881537188,
    18.078092151131));
#2006 = CARTESIAN_POINT('',(-37.09057226432,21.990411929887,
    18.451852410542));
#2007 = CARTESIAN_POINT('',(-36.8015570818,21.983675375906,
    18.576410535189));
#2008 = CARTESIAN_POINT('',(-36.49999999999,21.967212681258,
    18.653850777881));
#2009 = PCURVE('',#1840,#2010);
#2010 = DEFINITIONAL_REPRESENTATION('',(#2011),#2037);
#2011 = B_SPLINE_CURVE_WITH_KNOTS('',3,(#2012,#2013,#2014,#2015,#2016,
    #2017,#2018,#2019,#2020,#2021,#2022,#2023,#2024,#2025,#2026,#2027,
    #2028,#2029,#2030,#2031,#2032,#2033,#2034,#2035,#2036),
  .UNSPECIFIED.,.F.,.F.,(4,1,1,1,1,1,1,1,1,1,1,1,1,1,1,1,1,1,1,1,1,1,4),
  (-0.489566918835,-0.48074030415,-0.471913689464,-0.463087074779,
    -0.454260460093,-0.445433845408,-0.436607230722,-0.427780616036,
    -0.418954001351,-0.410127386665,-0.40130077198,-0.392474157294,
    -0.383647542608,-0.374820927923,-0.365994313237,-0.357167698552,
    -0.348341083866,-0.339514469181,-0.330687854495,-0.321861239809,
    -0.313034625124,-0.304208010438,-0.295381395753),
  .QUASI_UNIFORM_KNOTS.);
#2012 = CARTESIAN_POINT('',(8.106735804386,-3.278731877346E-02));
#2013 = CARTESIAN_POINT('',(8.123018090668,-3.020517742272E-02));
#2014 = CARTESIAN_POINT('',(8.155541515311,-2.551737007873E-02));
#2015 = CARTESIAN_POINT('',(8.204232236376,-1.977184606299E-02));
#2016 = CARTESIAN_POINT('',(8.252858044231,-1.516926719961E-02));
#2017 = CARTESIAN_POINT('',(8.301446779674,-1.156640135557E-02));
#2018 = CARTESIAN_POINT('',(8.350024674367,-8.820072645985E-03));
#2019 = CARTESIAN_POINT('',(8.398620995571,-6.787043934743E-03));
#2020 = CARTESIAN_POINT('',(8.44725220301,-5.324484167744E-03));
#2021 = CARTESIAN_POINT('',(8.495983491273,-4.288223160084E-03));
#2022 = CARTESIAN_POINT('',(8.544580023311,-3.509802390129E-03));
#2023 = CARTESIAN_POINT('',(8.593080168799,-3.023933443498E-03));
#2024 = CARTESIAN_POINT('',(8.641506926552,-2.839543135083E-03));
#2025 = CARTESIAN_POINT('',(8.689885855833,-2.972373684915E-03));
#2026 = CARTESIAN_POINT('',(8.738240112713,-3.43698175511E-03));
#2027 = CARTESIAN_POINT('',(8.786595307641,-4.246223189191E-03));
#2028 = CARTESIAN_POINT('',(8.834968046236,-5.421358264739E-03));
#2029 = CARTESIAN_POINT('',(8.883409945942,-6.952151375163E-03));
#2030 = CARTESIAN_POINT('',(8.931693690157,-9.030680392745E-03));
#2031 = CARTESIAN_POINT('',(8.979871713632,-1.179896671437E-02));
#2032 = CARTESIAN_POINT('',(9.027965761468,-1.539594560076E-02));
#2033 = CARTESIAN_POINT('',(9.076004444735,-1.996139188363E-02));
#2034 = CARTESIAN_POINT('',(9.124013683368,-2.563488093903E-02));
#2035 = CARTESIAN_POINT('',(9.156017835045,-3.024902068596E-02));
#2036 = CARTESIAN_POINT('',(9.17202379016,-3.278731874203E-02));
#2037 = ( GEOMETRIC_REPRESENTATION_CONTEXT(2) 
PARAMETRIC_REPRESENTATION_CONTEXT() REPRESENTATION_CONTEXT('2D SPACE',''
  ) );
#2038 = PCURVE('',#2039,#2044);
#2039 = TOROIDAL_SURFACE('',#2040,1.841942220839,1.5);
#2040 = AXIS2_PLACEMENT_3D('',#2041,#2042,#2043);
#2041 = CARTESIAN_POINT('',(-36.5,20.5,16.5));
#2042 = DIRECTION('',(0.,1.,0.));
#2043 = DIRECTION('',(3.469446951954E-17,0.,1.));
#2044 = DEFINITIONAL_REPRESENTATION('',(#2045),#2071);
#2045 = B_SPLINE_CURVE_WITH_KNOTS('',3,(#2046,#2047,#2048,#2049,#2050,
    #2051,#2052,#2053,#2054,#2055,#2056,#2057,#2058,#2059,#2060,#2061,
    #2062,#2063,#2064,#2065,#2066,#2067,#2068,#2069,#2070),
  .UNSPECIFIED.,.F.,.F.,(4,1,1,1,1,1,1,1,1,1,1,1,1,1,1,1,1,1,1,1,1,1,4),
  (-0.489566918835,-0.48074030415,-0.471913689464,-0.463087074779,
    -0.454260460093,-0.445433845408,-0.436607230722,-0.427780616036,
    -0.418954001351,-0.410127386665,-0.40130077198,-0.392474157294,
    -0.383647542608,-0.374820927923,-0.365994313237,-0.357167698552,
    -0.348341083866,-0.339514469181,-0.330687854495,-0.321861239809,
    -0.313034625124,-0.304208010438,-0.295381395753),
  .QUASI_UNIFORM_KNOTS.);
#2046 = CARTESIAN_POINT('',(4.712388980116,1.361328858209));
#2047 = CARTESIAN_POINT('',(4.734347508113,1.3696069588));
#2048 = CARTESIAN_POINT('',(4.77868149519,1.385562345462));
#2049 = CARTESIAN_POINT('',(4.846417197104,1.4076040912));
#2050 = CARTESIAN_POINT('',(4.915378853638,1.427667025977));
#2051 = CARTESIAN_POINT('',(4.985532129669,1.445658724115));
#2052 = CARTESIAN_POINT('',(5.056823000345,1.461486545078));
#2053 = CARTESIAN_POINT('',(5.129182002857,1.475059959625));
#2054 = CARTESIAN_POINT('',(5.202500116297,1.486291554533));
#2055 = CARTESIAN_POINT('',(5.276724317969,1.49510558194));
#2056 = CARTESIAN_POINT('',(5.351322384357,1.501400671281));
#2057 = CARTESIAN_POINT('',(5.426161379483,1.505145949496));
#2058 = CARTESIAN_POINT('',(5.501079169314,1.506322262663));
#2059 = CARTESIAN_POINT('',(5.575914124825,1.504928472265));
#2060 = CARTESIAN_POINT('',(5.650502400387,1.500980226738));
#2061 = CARTESIAN_POINT('',(5.724689400167,1.494509507585));
#2062 = CARTESIAN_POINT('',(5.798317023798,1.485566841508));
#2063 = CARTESIAN_POINT('',(5.871291736514,1.474210270004));
#2064 = CARTESIAN_POINT('',(5.943121397327,1.460571888219));
#2065 = CARTESIAN_POINT('',(6.013762371796,1.444748445553));
#2066 = CARTESIAN_POINT('',(6.083143760462,1.426841297431));
#2067 = CARTESIAN_POINT('',(6.151225728199,1.406950853024));
#2068 = CARTESIAN_POINT('',(6.21798154752,1.385176365025));
#2069 = CARTESIAN_POINT('',(6.261599454316,1.369466391428));
#2070 = CARTESIAN_POINT('',(6.28318530718,1.36132885831));
#2071 = ( GEOMETRIC_REPRESENTATION_CONTEXT(2) 
PARAMETRIC_REPRESENTATION_CONTEXT() REPRESENTATION_CONTEXT('2D SPACE',''
  ) );
#2072 = ORIENTED_EDGE('',*,*,#2073,.F.);
#2073 = EDGE_CURVE('',#2074,#1997,#2076,.T.);
#2074 = VERTEX_POINT('',#2075);
#2075 = CARTESIAN_POINT('',(-38.34194222083,22.,14.239425432548));
#2076 = SURFACE_CURVE('',#2077,(#2086,#2115),.PCURVE_S1.);
#2077 = B_SPLINE_CURVE_WITH_KNOTS('',3,(#2078,#2079,#2080,#2081,#2082,
    #2083,#2084,#2085),.UNSPECIFIED.,.F.,.F.,(4,2,2,4),(0.267078621707,
    0.3209797566,0.417861173474,0.490818259519),.UNSPECIFIED.);
#2078 = CARTESIAN_POINT('',(-38.34194222083,22.,14.239425432548));
#2079 = CARTESIAN_POINT('',(-38.43632388565,22.,14.401371639758));
#2080 = CARTESIAN_POINT('',(-38.51700585061,21.991120666473,
    14.575738434095));
#2081 = CARTESIAN_POINT('',(-38.6936059275,21.962717274994,
    15.080980940071));
#2082 = CARTESIAN_POINT('',(-38.74852951495,21.94384444185,
    15.427061943751));
#2083 = CARTESIAN_POINT('',(-38.74852951495,21.94384444185,
    15.993190286816));
#2084 = CARTESIAN_POINT('',(-38.71811658308,21.953550684723,
    16.24974499042));
#2085 = CARTESIAN_POINT('',(-38.65385077788,21.967212681258,16.5));
#2086 = PCURVE('',#1840,#2087);
#2087 = DEFINITIONAL_REPRESENTATION('',(#2088),#2114);
#2088 = B_SPLINE_CURVE_WITH_KNOTS('',3,(#2089,#2090,#2091,#2092,#2093,
    #2094,#2095,#2096,#2097,#2098,#2099,#2100,#2101,#2102,#2103,#2104,
    #2105,#2106,#2107,#2108,#2109,#2110,#2111,#2112,#2113),
  .UNSPECIFIED.,.F.,.F.,(4,1,1,1,1,1,1,1,1,1,1,1,1,1,1,1,1,1,1,1,1,1,4),
  (0.267078621707,0.277248605244,0.287418588781,0.297588572318,
    0.307758555855,0.317928539392,0.328098522929,0.338268506465,
    0.348438490002,0.358608473539,0.368778457076,0.378948440613,
    0.38911842415,0.399288407687,0.409458391224,0.419628374761,
    0.429798358298,0.439968341835,0.450138325371,0.460308308908,
    0.470478292445,0.480648275982,0.490818259519),
  .QUASI_UNIFORM_KNOTS.);
#2089 = CARTESIAN_POINT('',(7.326307900664,4.299739189115E-16));
#2090 = CARTESIAN_POINT('',(7.338096603283,-5.769551543253E-08));
#2091 = CARTESIAN_POINT('',(7.361765184057,-6.327256069431E-04));
#2092 = CARTESIAN_POINT('',(7.397490702734,-3.171895210451E-03));
#2093 = CARTESIAN_POINT('',(7.433387994965,-6.994516362319E-03));
#2094 = CARTESIAN_POINT('',(7.469406168832,-1.179116514569E-02));
#2095 = CARTESIAN_POINT('',(7.505495040477,-1.726665529263E-02));
#2096 = CARTESIAN_POINT('',(7.54160755525,-2.307573388581E-02));
#2097 = CARTESIAN_POINT('',(7.577715402781,-2.87864439111E-02));
#2098 = CARTESIAN_POINT('',(7.613769287964,-3.43218569925E-02));
#2099 = CARTESIAN_POINT('',(7.649718234703,-3.952840270681E-02));
#2100 = CARTESIAN_POINT('',(7.685506957723,-4.427401170544E-02));
#2101 = CARTESIAN_POINT('',(7.721075957485,-4.842158355325E-02));
#2102 = CARTESIAN_POINT('',(7.756369529058,-5.183709514978E-02));
#2103 = CARTESIAN_POINT('',(7.791309477687,-5.438377035321E-02));
#2104 = CARTESIAN_POINT('',(7.82589803077,-5.593731134297E-02));
#2105 = CARTESIAN_POINT('',(7.859838038322,-5.633076938821E-02));
#2106 = CARTESIAN_POINT('',(7.894047711533,-5.557122638106E-02));
#2107 = CARTESIAN_POINT('',(7.928765108961,-5.38010859121E-02));
#2108 = CARTESIAN_POINT('',(7.963844285601,-5.109861069093E-02));
#2109 = CARTESIAN_POINT('',(7.999243052109,-4.756022741465E-02));
#2110 = CARTESIAN_POINT('',(8.034893629713,-4.327850088315E-02));
#2111 = CARTESIAN_POINT('',(8.070738021339,-3.834794278288E-02));
#2112 = CARTESIAN_POINT('',(8.094727214673,-3.469181823792E-02));
#2113 = CARTESIAN_POINT('',(8.106735804585,-3.278731874189E-02));
#2114 = ( GEOMETRIC_REPRESENTATION_CONTEXT(2) 
PARAMETRIC_REPRESENTATION_CONTEXT() REPRESENTATION_CONTEXT('2D SPACE',''
  ) );
#2115 = PCURVE('',#1633,#2116);
#2116 = DEFINITIONAL_REPRESENTATION('',(#2117),#2143);
#2117 = B_SPLINE_CURVE_WITH_KNOTS('',3,(#2118,#2119,#2120,#2121,#2122,
    #2123,#2124,#2125,#2126,#2127,#2128,#2129,#2130,#2131,#2132,#2133,
    #2134,#2135,#2136,#2137,#2138,#2139,#2140,#2141,#2142),
  .UNSPECIFIED.,.F.,.F.,(4,1,1,1,1,1,1,1,1,1,1,1,1,1,1,1,1,1,1,1,1,1,4),
  (0.267078621707,0.277248605244,0.287418588781,0.297588572318,
    0.307758555855,0.317928539392,0.328098522929,0.338268506465,
    0.348438490002,0.358608473539,0.368778457076,0.378948440613,
    0.38911842415,0.399288407687,0.409458391224,0.419628374761,
    0.429798358298,0.439968341835,0.450138325371,0.460308308908,
    0.470478292445,0.480648275982,0.490818259519),
  .QUASI_UNIFORM_KNOTS.);
#2118 = CARTESIAN_POINT('',(5.515240436302,29.239425432548));
#2119 = CARTESIAN_POINT('',(5.527111202607,29.269981194769));
#2120 = CARTESIAN_POINT('',(5.550206654519,29.331977043463));
#2121 = CARTESIAN_POINT('',(5.582831278644,29.427375011985));
#2122 = CARTESIAN_POINT('',(5.613362591711,29.524928012682));
#2123 = CARTESIAN_POINT('',(5.641706396211,29.624388233332));
#2124 = CARTESIAN_POINT('',(5.667766566387,29.725502843404));
#2125 = CARTESIAN_POINT('',(5.69140561702,29.828037734521));
#2126 = CARTESIAN_POINT('',(5.712480772676,29.931792002796));
#2127 = CARTESIAN_POINT('',(5.731030436484,30.03643365032));
#2128 = CARTESIAN_POINT('',(5.747052073028,30.141658960214));
#2129 = CARTESIAN_POINT('',(5.760551560856,30.247157792217));
#2130 = CARTESIAN_POINT('',(5.771528760035,30.352617418565));
#2131 = CARTESIAN_POINT('',(5.779981410629,30.457741884893));
#2132 = CARTESIAN_POINT('',(5.785902400042,30.562170730739));
#2133 = CARTESIAN_POINT('',(5.7892880866,30.665784746627));
#2134 = CARTESIAN_POINT('',(5.790111895269,30.767564225237));
#2135 = CARTESIAN_POINT('',(5.788435498681,30.870129895892));
#2136 = CARTESIAN_POINT('',(5.784261980387,30.974070554952));
#2137 = CARTESIAN_POINT('',(5.777566686604,31.078823219594));
#2138 = CARTESIAN_POINT('',(5.768330868517,31.184133525843));
#2139 = CARTESIAN_POINT('',(5.756531919543,31.289664413516));
#2140 = CARTESIAN_POINT('',(5.742145941144,31.395100988421));
#2141 = CARTESIAN_POINT('',(5.73081363722,31.465115255208));
#2142 = CARTESIAN_POINT('',(5.724707904787,31.5));
#2143 = ( GEOMETRIC_REPRESENTATION_CONTEXT(2) 
PARAMETRIC_REPRESENTATION_CONTEXT() REPRESENTATION_CONTEXT('2D SPACE',''
  ) );
#2144 = ORIENTED_EDGE('',*,*,#2145,.F.);
#2145 = EDGE_CURVE('',#2146,#2074,#2148,.T.);
#2146 = VERTEX_POINT('',#2147);
#2147 = CARTESIAN_POINT('',(-34.23942543254,22.,18.341942220839));
#2148 = SURFACE_CURVE('',#2149,(#2154,#2161),.PCURVE_S1.);
#2149 = CIRCLE('',#2150,3.);
#2150 = AXIS2_PLACEMENT_3D('',#2151,#2152,#2153);
#2151 = CARTESIAN_POINT('',(-35.75,22.,15.75));
#2152 = DIRECTION('',(0.,1.,0.));
#2153 = DIRECTION('',(-3.469446951954E-17,0.,-1.));
#2154 = PCURVE('',#1840,#2155);
#2155 = DEFINITIONAL_REPRESENTATION('',(#2156),#2160);
#2156 = LINE('',#2157,#2158);
#2157 = CARTESIAN_POINT('',(0.,-8.150180415186E-17));
#2158 = VECTOR('',#2159,1.);
#2159 = DIRECTION('',(1.,1.271072989858E-17));
#2160 = ( GEOMETRIC_REPRESENTATION_CONTEXT(2) 
PARAMETRIC_REPRESENTATION_CONTEXT() REPRESENTATION_CONTEXT('2D SPACE',''
  ) );
#2161 = PCURVE('',#606,#2162);
#2162 = DEFINITIONAL_REPRESENTATION('',(#2163),#2167);
#2163 = CIRCLE('',#2164,3.);
#2164 = AXIS2_PLACEMENT_2D('',#2165,#2166);
#2165 = CARTESIAN_POINT('',(25.75,-15.75));
#2166 = DIRECTION('',(-1.,0.));
#2167 = ( GEOMETRIC_REPRESENTATION_CONTEXT(2) 
PARAMETRIC_REPRESENTATION_CONTEXT() REPRESENTATION_CONTEXT('2D SPACE',''
  ) );
#2168 = ORIENTED_EDGE('',*,*,#2169,.F.);
#2169 = EDGE_CURVE('',#1927,#2146,#2170,.T.);
#2170 = SURFACE_CURVE('',#2171,(#2178,#2207),.PCURVE_S1.);
#2171 = B_SPLINE_CURVE_WITH_KNOTS('',3,(#2172,#2173,#2174,#2175,#2176,
    #2177),.UNSPECIFIED.,.F.,.F.,(4,2,4),(0.417861173474,0.514742590349,
    0.568643725241),.UNSPECIFIED.);
#2172 = CARTESIAN_POINT('',(-35.75,21.94384444185,18.748529514959));
#2173 = CARTESIAN_POINT('',(-35.42706194375,21.94384444185,
    18.748529514959));
#2174 = CARTESIAN_POINT('',(-35.08098094007,21.962717274994,
    18.693605927509));
#2175 = CARTESIAN_POINT('',(-34.57573843409,21.991120666473,
    18.517005850619));
#2176 = CARTESIAN_POINT('',(-34.40137163975,22.,18.436323885654));
#2177 = CARTESIAN_POINT('',(-34.23942543254,22.,18.341942220839));
#2178 = PCURVE('',#1840,#2179);
#2179 = DEFINITIONAL_REPRESENTATION('',(#2180),#2206);
#2180 = B_SPLINE_CURVE_WITH_KNOTS('',3,(#2181,#2182,#2183,#2184,#2185,
    #2186,#2187,#2188,#2189,#2190,#2191,#2192,#2193,#2194,#2195,#2196,
    #2197,#2198,#2199,#2200,#2201,#2202,#2203,#2204,#2205),
  .UNSPECIFIED.,.F.,.F.,(4,1,1,1,1,1,1,1,1,1,1,1,1,1,1,1,1,1,1,1,1,1,4),
  (0.417861173474,0.424714925827,0.43156867818,0.438422430533,
    0.445276182886,0.45212993524,0.458983687593,0.465837439946,
    0.472691192299,0.479544944652,0.486398697005,0.493252449358,
    0.500106201711,0.506959954064,0.513813706417,0.52066745877,
    0.527521211123,0.534374963476,0.541228715829,0.548082468182,
    0.554936220535,0.561789972888,0.568643725241),
  .QUASI_UNIFORM_KNOTS.);
#2181 = CARTESIAN_POINT('',(3.14159265359,-5.615555815025E-02));
#2182 = CARTESIAN_POINT('',(3.149211640349,-5.615557045558E-02));
#2183 = CARTESIAN_POINT('',(3.164526976681,-5.596749431756E-02));
#2184 = CARTESIAN_POINT('',(3.187713721338,-5.516165284164E-02));
#2185 = CARTESIAN_POINT('',(3.211095966565,-5.387260035904E-02));
#2186 = CARTESIAN_POINT('',(3.234655092338,-5.214105863459E-02));
#2187 = CARTESIAN_POINT('',(3.258372370763,-5.000788783344E-02));
#2188 = CARTESIAN_POINT('',(3.28222904466,-4.751410679941E-02));
#2189 = CARTESIAN_POINT('',(3.306206466485,-4.470089063757E-02));
#2190 = CARTESIAN_POINT('',(3.33028622685,-4.16095669894E-02));
#2191 = CARTESIAN_POINT('',(3.354450291599,-3.828163536896E-02));
#2192 = CARTESIAN_POINT('',(3.378681132419,-3.475869060806E-02));
#2193 = CARTESIAN_POINT('',(3.402961882118,-3.108270182947E-02));
#2194 = CARTESIAN_POINT('',(3.427276395395,-2.729496026834E-02));
#2195 = CARTESIAN_POINT('',(3.451609651588,-2.343999135226E-02));
#2196 = CARTESIAN_POINT('',(3.475946864411,-1.955093624797E-02));
#2197 = CARTESIAN_POINT('',(3.500277394959,-1.570408685501E-02));
#2198 = CARTESIAN_POINT('',(3.524592541178,-1.207936731704E-02));
#2199 = CARTESIAN_POINT('',(3.548876118811,-8.748498755931E-03));
#2200 = CARTESIAN_POINT('',(3.573113324596,-5.810886134086E-03));
#2201 = CARTESIAN_POINT('',(3.597288605487,-3.35869703374E-03));
#2202 = CARTESIAN_POINT('',(3.621386392932,-1.486224323704E-03));
#2203 = CARTESIAN_POINT('',(3.645391040489,-2.873606096565E-04));
#2204 = CARTESIAN_POINT('',(3.661321730778,-1.183921737256E-08));
#2205 = CARTESIAN_POINT('',(3.669266386901,3.021438349108E-16));
#2206 = ( GEOMETRIC_REPRESENTATION_CONTEXT(2) 
PARAMETRIC_REPRESENTATION_CONTEXT() REPRESENTATION_CONTEXT('2D SPACE',''
  ) );
#2207 = PCURVE('',#555,#2208);
#2208 = DEFINITIONAL_REPRESENTATION('',(#2209),#2235);
#2209 = B_SPLINE_CURVE_WITH_KNOTS('',3,(#2210,#2211,#2212,#2213,#2214,
    #2215,#2216,#2217,#2218,#2219,#2220,#2221,#2222,#2223,#2224,#2225,
    #2226,#2227,#2228,#2229,#2230,#2231,#2232,#2233,#2234),
  .UNSPECIFIED.,.F.,.F.,(4,1,1,1,1,1,1,1,1,1,1,1,1,1,1,1,1,1,1,1,1,1,4),
  (0.417861173474,0.424714925827,0.43156867818,0.438422430533,
    0.445276182886,0.45212993524,0.458983687593,0.465837439946,
    0.472691192299,0.479544944652,0.486398697005,0.493252449358,
    0.500106201711,0.506959954064,0.513813706417,0.52066745877,
    0.527521211123,0.534374963476,0.541228715829,0.548082468182,
    0.554936220535,0.561789972888,0.568643725241),
  .QUASI_UNIFORM_KNOTS.);
#2210 = CARTESIAN_POINT('',(5.789732650461,-25.75));
#2211 = CARTESIAN_POINT('',(5.789732659248,-25.72715415882));
#2212 = CARTESIAN_POINT('',(5.789345720772,-25.68123083062));
#2213 = CARTESIAN_POINT('',(5.787607299711,-25.61174563054));
#2214 = CARTESIAN_POINT('',(5.784713738175,-25.54175495246));
#2215 = CARTESIAN_POINT('',(5.78066784579,-25.47135352613));
#2216 = CARTESIAN_POINT('',(5.775472114991,-25.40063608131));
#2217 = CARTESIAN_POINT('',(5.769128572066,-25.32969734783));
#2218 = CARTESIAN_POINT('',(5.761638658732,-25.25863205515));
#2219 = CARTESIAN_POINT('',(5.753003159847,-25.18753493426));
#2220 = CARTESIAN_POINT('',(5.743222185599,-25.11650071026));
#2221 = CARTESIAN_POINT('',(5.732295157054,-25.04562413034));
#2222 = CARTESIAN_POINT('',(5.72022099118,-24.97499985927));
#2223 = CARTESIAN_POINT('',(5.706997753967,-24.90472286938));
#2224 = CARTESIAN_POINT('',(5.692624515212,-24.83488698513));
#2225 = CARTESIAN_POINT('',(5.677095207889,-24.76559031495));
#2226 = CARTESIAN_POINT('',(5.660422553646,-24.69691497921));
#2227 = CARTESIAN_POINT('',(5.642681321369,-24.62890497489));
#2228 = CARTESIAN_POINT('',(5.623896207223,-24.56164454437));
#2229 = CARTESIAN_POINT('',(5.604101944948,-24.49520769905));
#2230 = CARTESIAN_POINT('',(5.583327735636,-24.4296711917));
#2231 = CARTESIAN_POINT('',(5.561601168243,-24.36511104052));
#2232 = CARTESIAN_POINT('',(5.538947330243,-24.30160346063));
#2233 = CARTESIAN_POINT('',(5.5232408842,-24.26001756295));
#2234 = CARTESIAN_POINT('',(5.515240436302,-24.23942543254));
#2235 = ( GEOMETRIC_REPRESENTATION_CONTEXT(2) 
PARAMETRIC_REPRESENTATION_CONTEXT() REPRESENTATION_CONTEXT('2D SPACE',''
  ) );
#2236 = ADVANCED_FACE('',(#2237),#2251,.F.);
#2237 = FACE_BOUND('',#2238,.F.);
#2238 = EDGE_LOOP('',(#2239,#2274,#2330,#2358));
#2239 = ORIENTED_EDGE('',*,*,#2240,.F.);
#2240 = EDGE_CURVE('',#2241,#2243,#2245,.T.);
#2241 = VERTEX_POINT('',#2242);
#2242 = CARTESIAN_POINT('',(-29.5,19.5,16.152749462259));
#2243 = VERTEX_POINT('',#2244);
#2244 = CARTESIAN_POINT('',(29.5,19.5,16.152749462259));
#2245 = SURFACE_CURVE('',#2246,(#2250,#2262),.PCURVE_S1.);
#2246 = LINE('',#2247,#2248);
#2247 = CARTESIAN_POINT('',(-10.,19.5,16.152749462259));
#2248 = VECTOR('',#2249,1.);
#2249 = DIRECTION('',(1.,0.,7.632783294298E-17));
#2250 = PCURVE('',#2251,#2256);
#2251 = CYLINDRICAL_SURFACE('',#2252,0.8);
#2252 = AXIS2_PLACEMENT_3D('',#2253,#2254,#2255);
#2253 = CARTESIAN_POINT('',(-10.,18.7,16.152749462259));
#2254 = DIRECTION('',(-1.,0.,-7.632783294298E-17));
#2255 = DIRECTION('',(-5.349888523367E-17,0.713250449154,0.7009092643));
#2256 = DEFINITIONAL_REPRESENTATION('',(#2257),#2261);
#2257 = LINE('',#2258,#2259);
#2258 = CARTESIAN_POINT('',(0.776671517137,0.));
#2259 = VECTOR('',#2260,1.);
#2260 = DIRECTION('',(-2.63442751606E-17,-1.));
#2261 = ( GEOMETRIC_REPRESENTATION_CONTEXT(2) 
PARAMETRIC_REPRESENTATION_CONTEXT() REPRESENTATION_CONTEXT('2D SPACE',''
  ) );
#2262 = PCURVE('',#2263,#2268);
#2263 = PLANE('',#2264);
#2264 = AXIS2_PLACEMENT_3D('',#2265,#2266,#2267);
#2265 = CARTESIAN_POINT('',(-20.,19.5,-10.));
#2266 = DIRECTION('',(0.,1.,0.));
#2267 = DIRECTION('',(3.469446951954E-17,0.,1.));
#2268 = DEFINITIONAL_REPRESENTATION('',(#2269),#2273);
#2269 = LINE('',#2270,#2271);
#2270 = CARTESIAN_POINT('',(26.152749462259,10.));
#2271 = VECTOR('',#2272,1.);
#2272 = DIRECTION('',(1.110223024625E-16,1.));
#2273 = ( GEOMETRIC_REPRESENTATION_CONTEXT(2) 
PARAMETRIC_REPRESENTATION_CONTEXT() REPRESENTATION_CONTEXT('2D SPACE',''
  ) );
#2274 = ORIENTED_EDGE('',*,*,#2275,.F.);
#2275 = EDGE_CURVE('',#2276,#2241,#2278,.T.);
#2276 = VERTEX_POINT('',#2277);
#2277 = CARTESIAN_POINT('',(-29.5,18.71396192515,16.952627618384));
#2278 = SURFACE_CURVE('',#2279,(#2284,#2291),.PCURVE_S1.);
#2279 = CIRCLE('',#2280,0.8);
#2280 = AXIS2_PLACEMENT_3D('',#2281,#2282,#2283);
#2281 = CARTESIAN_POINT('',(-29.5,18.7,16.152749462259));
#2282 = DIRECTION('',(-1.,-4.846065974908E-35,3.469446951954E-17));
#2283 = DIRECTION('',(3.468918538378E-17,1.745240643728E-02,
    0.999847695156));
#2284 = PCURVE('',#2251,#2285);
#2285 = DEFINITIONAL_REPRESENTATION('',(#2286),#2290);
#2286 = LINE('',#2287,#2288);
#2287 = CARTESIAN_POINT('',(-0.776671517137,19.5));
#2288 = VECTOR('',#2289,1.);
#2289 = DIRECTION('',(1.,0.));
#2290 = ( GEOMETRIC_REPRESENTATION_CONTEXT(2) 
PARAMETRIC_REPRESENTATION_CONTEXT() REPRESENTATION_CONTEXT('2D SPACE',''
  ) );
#2291 = PCURVE('',#2292,#2302);
#2292 = ( BOUNDED_SURFACE() B_SPLINE_SURFACE(2,2,(
    (#2293,#2294,#2295)
    ,(#2296,#2297,#2298)
    ,(#2299,#2300,#2301
)),.UNSPECIFIED.,.F.,.F.,.F.) B_SPLINE_SURFACE_WITH_KNOTS((3,3),(3,3),(
    -1.570796326795,-1.745329251994E-02),(-3.14159265359,-1.570796326795
),.PIECEWISE_BEZIER_KNOTS.) GEOMETRIC_REPRESENTATION_ITEM() 
RATIONAL_B_SPLINE_SURFACE((
    (1.,0.707106781187,1.)
    ,(0.713250449154,0.504344229281,0.713250449154)
,(1.,0.707106781187,1.))) REPRESENTATION_ITEM('') SURFACE() );
#2293 = CARTESIAN_POINT('',(-29.5,19.5,16.152749462259));
#2294 = CARTESIAN_POINT('',(-29.65274946225,19.5,16.152749462259));
#2295 = CARTESIAN_POINT('',(-29.65274946225,19.5,16.));
#2296 = CARTESIAN_POINT('',(-29.5,19.5,16.938907272751));
#2297 = CARTESIAN_POINT('',(-30.43890727275,19.5,16.938907272751));
#2298 = CARTESIAN_POINT('',(-30.43890727275,19.5,16.));
#2299 = CARTESIAN_POINT('',(-29.5,18.71396192515,16.952627618384));
#2300 = CARTESIAN_POINT('',(-30.45262761838,18.71396192515,
    16.952627618384));
#2301 = CARTESIAN_POINT('',(-30.45262761838,18.71396192515,16.));
#2302 = DEFINITIONAL_REPRESENTATION('',(#2303),#2329);
#2303 = B_SPLINE_CURVE_WITH_KNOTS('',3,(#2304,#2305,#2306,#2307,#2308,
    #2309,#2310,#2311,#2312,#2313,#2314,#2315,#2316,#2317,#2318,#2319,
    #2320,#2321,#2322,#2323,#2324,#2325,#2326,#2327,#2328),
  .UNSPECIFIED.,.F.,.F.,(4,1,1,1,1,1,1,1,1,1,1,1,1,1,1,1,1,1,1,1,1,1,4),
  (0.,7.060650155795E-02,0.141213003116,0.211819504674,0.282426006232,
    0.35303250779,0.423639009348,0.494245510906,0.564852012464,
    0.635458514022,0.70606501558,0.776671517137,0.847278018695,
    0.917884520253,0.988491021811,1.059097523369,1.129704024927,
    1.200310526485,1.270917028043,1.341523529601,1.412130031159,
    1.482736532717,1.553343034275),.QUASI_UNIFORM_KNOTS.);
#2304 = CARTESIAN_POINT('',(-1.745329251994E-02,-3.14159265359));
#2305 = CARTESIAN_POINT('',(-4.353085852513E-02,-3.14159265359));
#2306 = CARTESIAN_POINT('',(-9.494006212657E-02,-3.14159265359));
#2307 = CARTESIAN_POINT('',(-0.170070154233,-3.14159265359));
#2308 = CARTESIAN_POINT('',(-0.243478758564,-3.14159265359));
#2309 = CARTESIAN_POINT('',(-0.315399563074,-3.14159265359));
#2310 = CARTESIAN_POINT('',(-0.386051828275,-3.14159265359));
#2311 = CARTESIAN_POINT('',(-0.455640331378,-3.14159265359));
#2312 = CARTESIAN_POINT('',(-0.524358662335,-3.14159265359));
#2313 = CARTESIAN_POINT('',(-0.592391268864,-3.14159265359));
#2314 = CARTESIAN_POINT('',(-0.659915560181,-3.14159265359));
#2315 = CARTESIAN_POINT('',(-0.727103783879,-3.14159265359));
#2316 = CARTESIAN_POINT('',(-0.794124809657,-3.14159265359));
#2317 = CARTESIAN_POINT('',(-0.861145835435,-3.14159265359));
#2318 = CARTESIAN_POINT('',(-0.928334059134,-3.14159265359));
#2319 = CARTESIAN_POINT('',(-0.995858350451,-3.14159265359));
#2320 = CARTESIAN_POINT('',(-1.06389095698,-3.14159265359));
#2321 = CARTESIAN_POINT('',(-1.132609287937,-3.14159265359));
#2322 = CARTESIAN_POINT('',(-1.20219779104,-3.14159265359));
#2323 = CARTESIAN_POINT('',(-1.272850056241,-3.14159265359));
#2324 = CARTESIAN_POINT('',(-1.34477086075,-3.14159265359));
#2325 = CARTESIAN_POINT('',(-1.418179465082,-3.14159265359));
#2326 = CARTESIAN_POINT('',(-1.493309557188,-3.14159265359));
#2327 = CARTESIAN_POINT('',(-1.54471876079,-3.14159265359));
#2328 = CARTESIAN_POINT('',(-1.570796326795,-3.14159265359));
#2329 = ( GEOMETRIC_REPRESENTATION_CONTEXT(2) 
PARAMETRIC_REPRESENTATION_CONTEXT() REPRESENTATION_CONTEXT('2D SPACE',''
  ) );
#2330 = ORIENTED_EDGE('',*,*,#2331,.F.);
#2331 = EDGE_CURVE('',#2332,#2276,#2334,.T.);
#2332 = VERTEX_POINT('',#2333);
#2333 = CARTESIAN_POINT('',(29.5,18.71396192515,16.952627618384));
#2334 = SURFACE_CURVE('',#2335,(#2339,#2346),.PCURVE_S1.);
#2335 = LINE('',#2336,#2337);
#2336 = CARTESIAN_POINT('',(-10.,18.71396192515,16.952627618384));
#2337 = VECTOR('',#2338,1.);
#2338 = DIRECTION('',(-1.,0.,-7.632783294298E-17));
#2339 = PCURVE('',#2251,#2340);
#2340 = DEFINITIONAL_REPRESENTATION('',(#2341),#2345);
#2341 = LINE('',#2342,#2343);
#2342 = CARTESIAN_POINT('',(-0.776671517137,0.));
#2343 = VECTOR('',#2344,1.);
#2344 = DIRECTION('',(-3.010774304068E-17,1.));
#2345 = ( GEOMETRIC_REPRESENTATION_CONTEXT(2) 
PARAMETRIC_REPRESENTATION_CONTEXT() REPRESENTATION_CONTEXT('2D SPACE',''
  ) );
#2346 = PCURVE('',#2347,#2352);
#2347 = PLANE('',#2348);
#2348 = AXIS2_PLACEMENT_3D('',#2349,#2350,#2351);
#2349 = CARTESIAN_POINT('',(3.277606927978E-14,16.,17.));
#2350 = DIRECTION('',(7.631620784432E-17,-1.745240643728E-02,
    -0.999847695156));
#2351 = DIRECTION('',(-1.,6.227871620498E-33,-7.632783294298E-17));
#2352 = DEFINITIONAL_REPRESENTATION('',(#2353),#2357);
#2353 = LINE('',#2354,#2355);
#2354 = CARTESIAN_POINT('',(10.,2.714375337661));
#2355 = VECTOR('',#2356,1.);
#2356 = DIRECTION('',(1.,0.));
#2357 = ( GEOMETRIC_REPRESENTATION_CONTEXT(2) 
PARAMETRIC_REPRESENTATION_CONTEXT() REPRESENTATION_CONTEXT('2D SPACE',''
  ) );
#2358 = ORIENTED_EDGE('',*,*,#2359,.F.);
#2359 = EDGE_CURVE('',#2243,#2332,#2360,.T.);
#2360 = SURFACE_CURVE('',#2361,(#2366,#2373),.PCURVE_S1.);
#2361 = CIRCLE('',#2362,0.8);
#2362 = AXIS2_PLACEMENT_3D('',#2363,#2364,#2365);
#2363 = CARTESIAN_POINT('',(29.5,18.7,16.152749462259));
#2364 = DIRECTION('',(1.,0.,-3.469446951954E-17));
#2365 = DIRECTION('',(0.,1.,0.));
#2366 = PCURVE('',#2251,#2367);
#2367 = DEFINITIONAL_REPRESENTATION('',(#2368),#2372);
#2368 = LINE('',#2369,#2370);
#2369 = CARTESIAN_POINT('',(0.776671517137,-39.5));
#2370 = VECTOR('',#2371,1.);
#2371 = DIRECTION('',(-1.,0.));
#2372 = ( GEOMETRIC_REPRESENTATION_CONTEXT(2) 
PARAMETRIC_REPRESENTATION_CONTEXT() REPRESENTATION_CONTEXT('2D SPACE',''
  ) );
#2373 = PCURVE('',#2374,#2384);
#2374 = ( BOUNDED_SURFACE() B_SPLINE_SURFACE(2,2,(
    (#2375,#2376,#2377)
    ,(#2378,#2379,#2380)
    ,(#2381,#2382,#2383
)),.UNSPECIFIED.,.F.,.F.,.F.) B_SPLINE_SURFACE_WITH_KNOTS((3,3),(3,3),(
    -1.570796326795,-1.745329251994E-02),(1.570796326795,3.14159265359),
.PIECEWISE_BEZIER_KNOTS.) GEOMETRIC_REPRESENTATION_ITEM() 
RATIONAL_B_SPLINE_SURFACE((
    (1.,0.707106781187,1.)
    ,(0.713250449154,0.504344229281,0.713250449154)
,(1.,0.707106781187,1.))) REPRESENTATION_ITEM('') SURFACE() );
#2375 = CARTESIAN_POINT('',(29.652749462259,19.5,16.));
#2376 = CARTESIAN_POINT('',(29.652749462259,19.5,16.152749462259));
#2377 = CARTESIAN_POINT('',(29.5,19.5,16.152749462259));
#2378 = CARTESIAN_POINT('',(30.438907272751,19.5,16.));
#2379 = CARTESIAN_POINT('',(30.438907272751,19.5,16.938907272751));
#2380 = CARTESIAN_POINT('',(29.5,19.5,16.938907272751));
#2381 = CARTESIAN_POINT('',(30.452627618384,18.71396192515,16.));
#2382 = CARTESIAN_POINT('',(30.452627618384,18.71396192515,
    16.952627618384));
#2383 = CARTESIAN_POINT('',(29.5,18.71396192515,16.952627618384));
#2384 = DEFINITIONAL_REPRESENTATION('',(#2385),#2411);
#2385 = B_SPLINE_CURVE_WITH_KNOTS('',3,(#2386,#2387,#2388,#2389,#2390,
    #2391,#2392,#2393,#2394,#2395,#2396,#2397,#2398,#2399,#2400,#2401,
    #2402,#2403,#2404,#2405,#2406,#2407,#2408,#2409,#2410),
  .UNSPECIFIED.,.F.,.F.,(4,1,1,1,1,1,1,1,1,1,1,1,1,1,1,1,1,1,1,1,1,1,4),
  (0.,7.060650155795E-02,0.141213003116,0.211819504674,0.282426006232,
    0.35303250779,0.423639009348,0.494245510906,0.564852012464,
    0.635458514022,0.70606501558,0.776671517137,0.847278018695,
    0.917884520253,0.988491021811,1.059097523369,1.129704024927,
    1.200310526485,1.270917028043,1.341523529601,1.412130031159,
    1.482736532717,1.553343034275),.QUASI_UNIFORM_KNOTS.);
#2386 = CARTESIAN_POINT('',(-1.570796326795,3.14159265359));
#2387 = CARTESIAN_POINT('',(-1.54471876079,3.14159265359));
#2388 = CARTESIAN_POINT('',(-1.493309557188,3.14159265359));
#2389 = CARTESIAN_POINT('',(-1.418179465082,3.14159265359));
#2390 = CARTESIAN_POINT('',(-1.34477086075,3.14159265359));
#2391 = CARTESIAN_POINT('',(-1.272850056241,3.14159265359));
#2392 = CARTESIAN_POINT('',(-1.20219779104,3.14159265359));
#2393 = CARTESIAN_POINT('',(-1.132609287937,3.14159265359));
#2394 = CARTESIAN_POINT('',(-1.06389095698,3.14159265359));
#2395 = CARTESIAN_POINT('',(-0.995858350451,3.14159265359));
#2396 = CARTESIAN_POINT('',(-0.928334059134,3.14159265359));
#2397 = CARTESIAN_POINT('',(-0.861145835435,3.14159265359));
#2398 = CARTESIAN_POINT('',(-0.794124809657,3.14159265359));
#2399 = CARTESIAN_POINT('',(-0.727103783879,3.14159265359));
#2400 = CARTESIAN_POINT('',(-0.659915560181,3.14159265359));
#2401 = CARTESIAN_POINT('',(-0.592391268864,3.14159265359));
#2402 = CARTESIAN_POINT('',(-0.524358662335,3.14159265359));
#2403 = CARTESIAN_POINT('',(-0.455640331378,3.14159265359));
#2404 = CARTESIAN_POINT('',(-0.386051828275,3.14159265359));
#2405 = CARTESIAN_POINT('',(-0.315399563074,3.14159265359));
#2406 = CARTESIAN_POINT('',(-0.243478758564,3.14159265359));
#2407 = CARTESIAN_POINT('',(-0.170070154233,3.14159265359));
#2408 = CARTESIAN_POINT('',(-9.494006212658E-02,3.14159265359));
#2409 = CARTESIAN_POINT('',(-4.353085852513E-02,3.14159265359));
#2410 = CARTESIAN_POINT('',(-1.745329251994E-02,3.14159265359));
#2411 = ( GEOMETRIC_REPRESENTATION_CONTEXT(2) 
PARAMETRIC_REPRESENTATION_CONTEXT() REPRESENTATION_CONTEXT('2D SPACE',''
  ) );
#2412 = ADVANCED_FACE('',(#2413),#2292,.T.);
#2413 = FACE_BOUND('',#2414,.T.);
#2414 = EDGE_LOOP('',(#2415,#2468,#2490,#2491));
#2415 = ORIENTED_EDGE('',*,*,#2416,.T.);
#2416 = EDGE_CURVE('',#2417,#2419,#2421,.T.);
#2417 = VERTEX_POINT('',#2418);
#2418 = CARTESIAN_POINT('',(-30.45262761838,18.71396192515,16.));
#2419 = VERTEX_POINT('',#2420);
#2420 = CARTESIAN_POINT('',(-29.65274946225,19.5,16.));
#2421 = SURFACE_CURVE('',#2422,(#2427,#2456),.PCURVE_S1.);
#2422 = CIRCLE('',#2423,0.8);
#2423 = AXIS2_PLACEMENT_3D('',#2424,#2425,#2426);
#2424 = CARTESIAN_POINT('',(-29.65274946225,18.7,16.));
#2425 = DIRECTION('',(-2.810674826337E-15,-1.469098078856E-33,-1.));
#2426 = DIRECTION('',(-0.999847695156,1.745240643728E-02,
    2.810246746947E-15));
#2427 = PCURVE('',#2292,#2428);
#2428 = DEFINITIONAL_REPRESENTATION('',(#2429),#2455);
#2429 = B_SPLINE_CURVE_WITH_KNOTS('',3,(#2430,#2431,#2432,#2433,#2434,
    #2435,#2436,#2437,#2438,#2439,#2440,#2441,#2442,#2443,#2444,#2445,
    #2446,#2447,#2448,#2449,#2450,#2451,#2452,#2453,#2454),
  .UNSPECIFIED.,.F.,.F.,(4,1,1,1,1,1,1,1,1,1,1,1,1,1,1,1,1,1,1,1,1,1,4),
  (0.,7.060650155795E-02,0.141213003116,0.211819504674,0.282426006232,
    0.35303250779,0.423639009348,0.494245510906,0.564852012464,
    0.635458514022,0.70606501558,0.776671517137,0.847278018695,
    0.917884520253,0.988491021811,1.059097523369,1.129704024927,
    1.200310526485,1.270917028043,1.341523529601,1.412130031159,
    1.482736532717,1.553343034275),.QUASI_UNIFORM_KNOTS.);
#2430 = CARTESIAN_POINT('',(-1.745329251994E-02,-1.570796326795));
#2431 = CARTESIAN_POINT('',(-4.353085852513E-02,-1.570796326795));
#2432 = CARTESIAN_POINT('',(-9.494006212657E-02,-1.570796326795));
#2433 = CARTESIAN_POINT('',(-0.170070154233,-1.570796326795));
#2434 = CARTESIAN_POINT('',(-0.243478758564,-1.570796326795));
#2435 = CARTESIAN_POINT('',(-0.315399563074,-1.570796326795));
#2436 = CARTESIAN_POINT('',(-0.386051828275,-1.570796326795));
#2437 = CARTESIAN_POINT('',(-0.455640331378,-1.570796326795));
#2438 = CARTESIAN_POINT('',(-0.524358662335,-1.570796326795));
#2439 = CARTESIAN_POINT('',(-0.592391268864,-1.570796326795));
#2440 = CARTESIAN_POINT('',(-0.659915560181,-1.570796326795));
#2441 = CARTESIAN_POINT('',(-0.727103783879,-1.570796326795));
#2442 = CARTESIAN_POINT('',(-0.794124809657,-1.570796326795));
#2443 = CARTESIAN_POINT('',(-0.861145835435,-1.570796326795));
#2444 = CARTESIAN_POINT('',(-0.928334059134,-1.570796326795));
#2445 = CARTESIAN_POINT('',(-0.995858350451,-1.570796326795));
#2446 = CARTESIAN_POINT('',(-1.06389095698,-1.570796326795));
#2447 = CARTESIAN_POINT('',(-1.132609287937,-1.570796326795));
#2448 = CARTESIAN_POINT('',(-1.20219779104,-1.570796326795));
#2449 = CARTESIAN_POINT('',(-1.272850056241,-1.570796326795));
#2450 = CARTESIAN_POINT('',(-1.34477086075,-1.570796326795));
#2451 = CARTESIAN_POINT('',(-1.418179465082,-1.570796326795));
#2452 = CARTESIAN_POINT('',(-1.493309557188,-1.570796326795));
#2453 = CARTESIAN_POINT('',(-1.54471876079,-1.570796326795));
#2454 = CARTESIAN_POINT('',(-1.570796326795,-1.570796326795));
#2455 = ( GEOMETRIC_REPRESENTATION_CONTEXT(2) 
PARAMETRIC_REPRESENTATION_CONTEXT() REPRESENTATION_CONTEXT('2D SPACE',''
  ) );
#2456 = PCURVE('',#2457,#2462);
#2457 = CYLINDRICAL_SURFACE('',#2458,0.8);
#2458 = AXIS2_PLACEMENT_3D('',#2459,#2460,#2461);
#2459 = CARTESIAN_POINT('',(-29.65274946225,18.7,2.875));
#2460 = DIRECTION('',(3.469446951954E-17,0.,1.));
#2461 = DIRECTION('',(-0.7009092643,0.713250449154,2.431767510621E-17));
#2462 = DEFINITIONAL_REPRESENTATION('',(#2463),#2467);
#2463 = LINE('',#2464,#2465);
#2464 = CARTESIAN_POINT('',(7.059856824317,13.125));
#2465 = VECTOR('',#2466,1.);
#2466 = DIRECTION('',(-1.,-2.287140445097E-15));
#2467 = ( GEOMETRIC_REPRESENTATION_CONTEXT(2) 
PARAMETRIC_REPRESENTATION_CONTEXT() REPRESENTATION_CONTEXT('2D SPACE',''
  ) );
#2468 = ORIENTED_EDGE('',*,*,#2469,.T.);
#2469 = EDGE_CURVE('',#2419,#2241,#2470,.T.);
#2470 = SURFACE_CURVE('',#2471,(#2476,#2483),.PCURVE_S1.);
#2471 = CIRCLE('',#2472,0.152749462259);
#2472 = AXIS2_PLACEMENT_3D('',#2473,#2474,#2475);
#2473 = CARTESIAN_POINT('',(-29.5,19.5,16.));
#2474 = DIRECTION('',(0.,1.,-0.));
#2475 = DIRECTION('',(-0.707106781187,0.,0.707106781187));
#2476 = PCURVE('',#2292,#2477);
#2477 = DEFINITIONAL_REPRESENTATION('',(#2478),#2482);
#2478 = LINE('',#2479,#2480);
#2479 = CARTESIAN_POINT('',(-1.570796326795,3.926990816987));
#2480 = VECTOR('',#2481,1.);
#2481 = DIRECTION('',(5.088887490342E-15,-1.));
#2482 = ( GEOMETRIC_REPRESENTATION_CONTEXT(2) 
PARAMETRIC_REPRESENTATION_CONTEXT() REPRESENTATION_CONTEXT('2D SPACE',''
  ) );
#2483 = PCURVE('',#2263,#2484);
#2484 = DEFINITIONAL_REPRESENTATION('',(#2485),#2489);
#2485 = CIRCLE('',#2486,0.152749462259);
#2486 = AXIS2_PLACEMENT_2D('',#2487,#2488);
#2487 = CARTESIAN_POINT('',(26.,-9.5));
#2488 = DIRECTION('',(0.707106781187,-0.707106781187));
#2489 = ( GEOMETRIC_REPRESENTATION_CONTEXT(2) 
PARAMETRIC_REPRESENTATION_CONTEXT() REPRESENTATION_CONTEXT('2D SPACE',''
  ) );
#2490 = ORIENTED_EDGE('',*,*,#2275,.F.);
#2491 = ORIENTED_EDGE('',*,*,#2492,.T.);
#2492 = EDGE_CURVE('',#2276,#2417,#2493,.T.);
#2493 = SURFACE_CURVE('',#2494,(#2499,#2528),.PCURVE_S1.);
#2494 = CIRCLE('',#2495,0.952627618384);
#2495 = AXIS2_PLACEMENT_3D('',#2496,#2497,#2498);
#2496 = CARTESIAN_POINT('',(-29.5,18.71396192515,16.));
#2497 = DIRECTION('',(0.,-1.,0.));
#2498 = DIRECTION('',(-0.707106781187,0.,0.707106781187));
#2499 = PCURVE('',#2292,#2500);
#2500 = DEFINITIONAL_REPRESENTATION('',(#2501),#2527);
#2501 = B_SPLINE_CURVE_WITH_KNOTS('',3,(#2502,#2503,#2504,#2505,#2506,
    #2507,#2508,#2509,#2510,#2511,#2512,#2513,#2514,#2515,#2516,#2517,
    #2518,#2519,#2520,#2521,#2522,#2523,#2524,#2525,#2526),
  .UNSPECIFIED.,.F.,.F.,(4,1,1,1,1,1,1,1,1,1,1,1,1,1,1,1,1,1,1,1,1,1,4),
  (5.497787143782,5.569186976818,5.640586809854,5.711986642891,
    5.783386475927,5.854786308963,5.926186141999,5.997585975035,
    6.068985808071,6.140385641107,6.211785474143,6.28318530718,
    6.354585140216,6.425984973252,6.497384806288,6.568784639324,
    6.64018447236,6.711584305396,6.782984138433,6.854383971469,
    6.925783804505,6.997183637541,7.068583470577),
  .QUASI_UNIFORM_KNOTS.);
#2502 = CARTESIAN_POINT('',(-1.745329251994E-02,-3.14159265359));
#2503 = CARTESIAN_POINT('',(-1.745329251994E-02,-3.115159605062));
#2504 = CARTESIAN_POINT('',(-1.745329251994E-02,-3.063067440961));
#2505 = CARTESIAN_POINT('',(-1.745329251994E-02,-2.986986199037));
#2506 = CARTESIAN_POINT('',(-1.745329251994E-02,-2.912688495409));
#2507 = CARTESIAN_POINT('',(-1.745329251994E-02,-2.839931213656));
#2508 = CARTESIAN_POINT('',(-1.745329251994E-02,-2.768486547351));
#2509 = CARTESIAN_POINT('',(-1.745329251994E-02,-2.698142049645));
#2510 = CARTESIAN_POINT('',(-1.745329251994E-02,-2.628697122557));
#2511 = CARTESIAN_POINT('',(-1.745329251994E-02,-2.559960843422));
#2512 = CARTESIAN_POINT('',(-1.745329251994E-02,-2.491749732825));
#2513 = CARTESIAN_POINT('',(-1.745329251994E-02,-2.423885766815));
#2514 = CARTESIAN_POINT('',(-1.745329251994E-02,-2.356194490192));
#2515 = CARTESIAN_POINT('',(-1.745329251994E-02,-2.28850321357));
#2516 = CARTESIAN_POINT('',(-1.745329251994E-02,-2.22063924756));
#2517 = CARTESIAN_POINT('',(-1.745329251994E-02,-2.152428136962));
#2518 = CARTESIAN_POINT('',(-1.745329251994E-02,-2.083691857827));
#2519 = CARTESIAN_POINT('',(-1.745329251994E-02,-2.014246930739));
#2520 = CARTESIAN_POINT('',(-1.745329251994E-02,-1.943902433034));
#2521 = CARTESIAN_POINT('',(-1.745329251994E-02,-1.872457766729));
#2522 = CARTESIAN_POINT('',(-1.745329251994E-02,-1.799700484976));
#2523 = CARTESIAN_POINT('',(-1.745329251994E-02,-1.725402781348));
#2524 = CARTESIAN_POINT('',(-1.745329251994E-02,-1.649321539424));
#2525 = CARTESIAN_POINT('',(-1.745329251994E-02,-1.597229375323));
#2526 = CARTESIAN_POINT('',(-1.745329251994E-02,-1.570796326795));
#2527 = ( GEOMETRIC_REPRESENTATION_CONTEXT(2) 
PARAMETRIC_REPRESENTATION_CONTEXT() REPRESENTATION_CONTEXT('2D SPACE',''
  ) );
#2528 = PCURVE('',#2529,#2534);
#2529 = CONICAL_SURFACE('',#2530,1.,1.745329251994E-02);
#2530 = AXIS2_PLACEMENT_3D('',#2531,#2532,#2533);
#2531 = CARTESIAN_POINT('',(-29.5,16.,16.));
#2532 = DIRECTION('',(0.,-1.,0.));
#2533 = DIRECTION('',(-0.707106781187,0.,0.707106781187));
#2534 = DEFINITIONAL_REPRESENTATION('',(#2535),#2539);
#2535 = LINE('',#2536,#2537);
#2536 = CARTESIAN_POINT('',(-9.769962616701E-15,-2.71396192515));
#2537 = VECTOR('',#2538,1.);
#2538 = DIRECTION('',(1.,0.));
#2539 = ( GEOMETRIC_REPRESENTATION_CONTEXT(2) 
PARAMETRIC_REPRESENTATION_CONTEXT() REPRESENTATION_CONTEXT('2D SPACE',''
  ) );
#2540 = ADVANCED_FACE('',(#2541),#2457,.F.);
#2541 = FACE_BOUND('',#2542,.F.);
#2542 = EDGE_LOOP('',(#2543,#2571,#2572,#2595));
#2543 = ORIENTED_EDGE('',*,*,#2544,.F.);
#2544 = EDGE_CURVE('',#2417,#2545,#2547,.T.);
#2545 = VERTEX_POINT('',#2546);
#2546 = CARTESIAN_POINT('',(-30.45262761838,18.71396192515,15.75));
#2547 = SURFACE_CURVE('',#2548,(#2552,#2559),.PCURVE_S1.);
#2548 = LINE('',#2549,#2550);
#2549 = CARTESIAN_POINT('',(-30.45262761838,18.71396192515,2.875));
#2550 = VECTOR('',#2551,1.);
#2551 = DIRECTION('',(-3.469446951954E-17,0.,-1.));
#2552 = PCURVE('',#2457,#2553);
#2553 = DEFINITIONAL_REPRESENTATION('',(#2554),#2558);
#2554 = LINE('',#2555,#2556);
#2555 = CARTESIAN_POINT('',(7.059856824317,0.));
#2556 = VECTOR('',#2557,1.);
#2557 = DIRECTION('',(0.,-1.));
#2558 = ( GEOMETRIC_REPRESENTATION_CONTEXT(2) 
PARAMETRIC_REPRESENTATION_CONTEXT() REPRESENTATION_CONTEXT('2D SPACE',''
  ) );
#2559 = PCURVE('',#2560,#2565);
#2560 = PLANE('',#2561);
#2561 = AXIS2_PLACEMENT_3D('',#2562,#2563,#2564);
#2562 = CARTESIAN_POINT('',(-30.5,16.,15.75));
#2563 = DIRECTION('',(-0.999847695156,1.745240643728E-02,
    3.468918538378E-17));
#2564 = DIRECTION('',(3.469446951954E-17,0.,1.));
#2565 = DEFINITIONAL_REPRESENTATION('',(#2566),#2570);
#2566 = LINE('',#2567,#2568);
#2567 = CARTESIAN_POINT('',(-12.875,2.714375337661));
#2568 = VECTOR('',#2569,1.);
#2569 = DIRECTION('',(-1.,0.));
#2570 = ( GEOMETRIC_REPRESENTATION_CONTEXT(2) 
PARAMETRIC_REPRESENTATION_CONTEXT() REPRESENTATION_CONTEXT('2D SPACE',''
  ) );
#2571 = ORIENTED_EDGE('',*,*,#2416,.T.);
#2572 = ORIENTED_EDGE('',*,*,#2573,.F.);
#2573 = EDGE_CURVE('',#2574,#2419,#2576,.T.);
#2574 = VERTEX_POINT('',#2575);
#2575 = CARTESIAN_POINT('',(-29.65274946225,19.5,15.75));
#2576 = SURFACE_CURVE('',#2577,(#2581,#2588),.PCURVE_S1.);
#2577 = LINE('',#2578,#2579);
#2578 = CARTESIAN_POINT('',(-29.65274946225,19.5,2.875));
#2579 = VECTOR('',#2580,1.);
#2580 = DIRECTION('',(3.469446951954E-17,0.,1.));
#2581 = PCURVE('',#2457,#2582);
#2582 = DEFINITIONAL_REPRESENTATION('',(#2583),#2587);
#2583 = LINE('',#2584,#2585);
#2584 = CARTESIAN_POINT('',(5.506513790042,0.));
#2585 = VECTOR('',#2586,1.);
#2586 = DIRECTION('',(0.,1.));
#2587 = ( GEOMETRIC_REPRESENTATION_CONTEXT(2) 
PARAMETRIC_REPRESENTATION_CONTEXT() REPRESENTATION_CONTEXT('2D SPACE',''
  ) );
#2588 = PCURVE('',#2263,#2589);
#2589 = DEFINITIONAL_REPRESENTATION('',(#2590),#2594);
#2590 = LINE('',#2591,#2592);
#2591 = CARTESIAN_POINT('',(12.875,-9.652749462259));
#2592 = VECTOR('',#2593,1.);
#2593 = DIRECTION('',(1.,0.));
#2594 = ( GEOMETRIC_REPRESENTATION_CONTEXT(2) 
PARAMETRIC_REPRESENTATION_CONTEXT() REPRESENTATION_CONTEXT('2D SPACE',''
  ) );
#2595 = ORIENTED_EDGE('',*,*,#2596,.F.);
#2596 = EDGE_CURVE('',#2545,#2574,#2597,.T.);
#2597 = SURFACE_CURVE('',#2598,(#2603,#2610),.PCURVE_S1.);
#2598 = CIRCLE('',#2599,0.8);
#2599 = AXIS2_PLACEMENT_3D('',#2600,#2601,#2602);
#2600 = CARTESIAN_POINT('',(-29.65274946225,18.7,15.75));
#2601 = DIRECTION('',(-3.469446951954E-17,1.431585510214E-35,-1.));
#2602 = DIRECTION('',(-0.999847695156,1.745240643728E-02,
    3.468918538378E-17));
#2603 = PCURVE('',#2457,#2604);
#2604 = DEFINITIONAL_REPRESENTATION('',(#2605),#2609);
#2605 = LINE('',#2606,#2607);
#2606 = CARTESIAN_POINT('',(7.059856824317,12.875));
#2607 = VECTOR('',#2608,1.);
#2608 = DIRECTION('',(-1.,0.));
#2609 = ( GEOMETRIC_REPRESENTATION_CONTEXT(2) 
PARAMETRIC_REPRESENTATION_CONTEXT() REPRESENTATION_CONTEXT('2D SPACE',''
  ) );
#2610 = PCURVE('',#2611,#2616);
#2611 = TOROIDAL_SURFACE('',#2612,6.097250537741,0.8);
#2612 = AXIS2_PLACEMENT_3D('',#2613,#2614,#2615);
#2613 = CARTESIAN_POINT('',(-35.75,18.7,15.75));
#2614 = DIRECTION('',(0.,-1.,0.));
#2615 = DIRECTION('',(-3.469446951954E-17,0.,-1.));
#2616 = DEFINITIONAL_REPRESENTATION('',(#2617),#2621);
#2617 = LINE('',#2618,#2619);
#2618 = CARTESIAN_POINT('',(1.570796326795,3.15904594611));
#2619 = VECTOR('',#2620,1.);
#2620 = DIRECTION('',(0.,1.));
#2621 = ( GEOMETRIC_REPRESENTATION_CONTEXT(2) 
PARAMETRIC_REPRESENTATION_CONTEXT() REPRESENTATION_CONTEXT('2D SPACE',''
  ) );
#2622 = ADVANCED_FACE('',(#2623),#2611,.F.);
#2623 = FACE_BOUND('',#2624,.F.);
#2624 = EDGE_LOOP('',(#2625,#2654,#2655,#2683));
#2625 = ORIENTED_EDGE('',*,*,#2626,.F.);
#2626 = EDGE_CURVE('',#2545,#2627,#2629,.T.);
#2627 = VERTEX_POINT('',#2628);
#2628 = CARTESIAN_POINT('',(-35.75,18.71396192515,10.452627618384));
#2629 = SURFACE_CURVE('',#2630,(#2635,#2642),.PCURVE_S1.);
#2630 = CIRCLE('',#2631,5.297372381616);
#2631 = AXIS2_PLACEMENT_3D('',#2632,#2633,#2634);
#2632 = CARTESIAN_POINT('',(-35.75,18.71396192515,15.75));
#2633 = DIRECTION('',(0.,1.,0.));
#2634 = DIRECTION('',(0.707106781187,0.,-0.707106781187));
#2635 = PCURVE('',#2611,#2636);
#2636 = DEFINITIONAL_REPRESENTATION('',(#2637),#2641);
#2637 = LINE('',#2638,#2639);
#2638 = CARTESIAN_POINT('',(7.068583470577,3.15904594611));
#2639 = VECTOR('',#2640,1.);
#2640 = DIRECTION('',(-1.,0.));
#2641 = ( GEOMETRIC_REPRESENTATION_CONTEXT(2) 
PARAMETRIC_REPRESENTATION_CONTEXT() REPRESENTATION_CONTEXT('2D SPACE',''
  ) );
#2642 = PCURVE('',#2643,#2648);
#2643 = CONICAL_SURFACE('',#2644,5.25,1.745329251994E-02);
#2644 = AXIS2_PLACEMENT_3D('',#2645,#2646,#2647);
#2645 = CARTESIAN_POINT('',(-35.75,16.,15.75));
#2646 = DIRECTION('',(0.,1.,0.));
#2647 = DIRECTION('',(1.,0.,3.882476350996E-16));
#2648 = DEFINITIONAL_REPRESENTATION('',(#2649),#2653);
#2649 = LINE('',#2650,#2651);
#2650 = CARTESIAN_POINT('',(-5.497787143782,2.71396192515));
#2651 = VECTOR('',#2652,1.);
#2652 = DIRECTION('',(1.,0.));
#2653 = ( GEOMETRIC_REPRESENTATION_CONTEXT(2) 
PARAMETRIC_REPRESENTATION_CONTEXT() REPRESENTATION_CONTEXT('2D SPACE',''
  ) );
#2654 = ORIENTED_EDGE('',*,*,#2596,.T.);
#2655 = ORIENTED_EDGE('',*,*,#2656,.F.);
#2656 = EDGE_CURVE('',#2657,#2574,#2659,.T.);
#2657 = VERTEX_POINT('',#2658);
#2658 = CARTESIAN_POINT('',(-35.75,19.5,9.652749462259));
#2659 = SURFACE_CURVE('',#2660,(#2665,#2672),.PCURVE_S1.);
#2660 = CIRCLE('',#2661,6.097250537741);
#2661 = AXIS2_PLACEMENT_3D('',#2662,#2663,#2664);
#2662 = CARTESIAN_POINT('',(-35.75,19.5,15.75));
#2663 = DIRECTION('',(0.,-1.,0.));
#2664 = DIRECTION('',(0.707106781187,0.,-0.707106781187));
#2665 = PCURVE('',#2611,#2666);
#2666 = DEFINITIONAL_REPRESENTATION('',(#2667),#2671);
#2667 = LINE('',#2668,#2669);
#2668 = CARTESIAN_POINT('',(-5.497787143782,4.712388980385));
#2669 = VECTOR('',#2670,1.);
#2670 = DIRECTION('',(1.,0.));
#2671 = ( GEOMETRIC_REPRESENTATION_CONTEXT(2) 
PARAMETRIC_REPRESENTATION_CONTEXT() REPRESENTATION_CONTEXT('2D SPACE',''
  ) );
#2672 = PCURVE('',#2263,#2673);
#2673 = DEFINITIONAL_REPRESENTATION('',(#2674),#2682);
#2674 = ( BOUNDED_CURVE() B_SPLINE_CURVE(2,(#2675,#2676,#2677,#2678,
#2679,#2680,#2681),.UNSPECIFIED.,.T.,.F.) B_SPLINE_CURVE_WITH_KNOTS((1,2
    ,2,2,2,1),(-2.094395102393,0.,2.094395102393,4.188790204786,
6.28318530718,8.377580409573),.UNSPECIFIED.) CURVE() 
GEOMETRIC_REPRESENTATION_ITEM() RATIONAL_B_SPLINE_CURVE((1.,0.5,1.,0.5,
1.,0.5,1.)) REPRESENTATION_ITEM('') );
#2675 = CARTESIAN_POINT('',(21.43859279817,-11.43859279817));
#2676 = CARTESIAN_POINT('',(28.906169123858,-3.971016472482));
#2677 = CARTESIAN_POINT('',(31.639491763759,-14.17191543807));
#2678 = CARTESIAN_POINT('',(34.37281440366,-24.37281440366));
#2679 = CARTESIAN_POINT('',(24.171915438071,-21.63949176375));
#2680 = CARTESIAN_POINT('',(13.971016472482,-18.90616912385));
#2681 = CARTESIAN_POINT('',(21.43859279817,-11.43859279817));
#2682 = ( GEOMETRIC_REPRESENTATION_CONTEXT(2) 
PARAMETRIC_REPRESENTATION_CONTEXT() REPRESENTATION_CONTEXT('2D SPACE',''
  ) );
#2683 = ORIENTED_EDGE('',*,*,#2684,.F.);
#2684 = EDGE_CURVE('',#2627,#2657,#2685,.T.);
#2685 = SURFACE_CURVE('',#2686,(#2691,#2698),.PCURVE_S1.);
#2686 = CIRCLE('',#2687,0.8);
#2687 = AXIS2_PLACEMENT_3D('',#2688,#2689,#2690);
#2688 = CARTESIAN_POINT('',(-35.75,18.7,9.652749462259));
#2689 = DIRECTION('',(-1.,-4.529271239208E-35,3.469446951954E-17));
#2690 = DIRECTION('',(3.468918538378E-17,1.745240643728E-02,
    0.999847695156));
#2691 = PCURVE('',#2611,#2692);
#2692 = DEFINITIONAL_REPRESENTATION('',(#2693),#2697);
#2693 = LINE('',#2694,#2695);
#2694 = CARTESIAN_POINT('',(0.,3.15904594611));
#2695 = VECTOR('',#2696,1.);
#2696 = DIRECTION('',(0.,1.));
#2697 = ( GEOMETRIC_REPRESENTATION_CONTEXT(2) 
PARAMETRIC_REPRESENTATION_CONTEXT() REPRESENTATION_CONTEXT('2D SPACE',''
  ) );
#2698 = PCURVE('',#2699,#2704);
#2699 = CYLINDRICAL_SURFACE('',#2700,0.8);
#2700 = AXIS2_PLACEMENT_3D('',#2701,#2702,#2703);
#2701 = CARTESIAN_POINT('',(-28.5,18.7,9.652749462259));
#2702 = DIRECTION('',(1.,0.,1.741662369881E-15));
#2703 = DIRECTION('',(-1.220747290332E-15,0.713250449154,0.7009092643));
#2704 = DEFINITIONAL_REPRESENTATION('',(#2705),#2709);
#2705 = LINE('',#2706,#2707);
#2706 = CARTESIAN_POINT('',(0.776671517137,-7.25));
#2707 = VECTOR('',#2708,1.);
#2708 = DIRECTION('',(-1.,-4.574280890195E-15));
#2709 = ( GEOMETRIC_REPRESENTATION_CONTEXT(2) 
PARAMETRIC_REPRESENTATION_CONTEXT() REPRESENTATION_CONTEXT('2D SPACE',''
  ) );
#2710 = ADVANCED_FACE('',(#2711),#2699,.F.);
#2711 = FACE_BOUND('',#2712,.F.);
#2712 = EDGE_LOOP('',(#2713,#2741,#2742,#2765));
#2713 = ORIENTED_EDGE('',*,*,#2714,.F.);
#2714 = EDGE_CURVE('',#2627,#2715,#2717,.T.);
#2715 = VERTEX_POINT('',#2716);
#2716 = CARTESIAN_POINT('',(-36.,18.71396192515,10.452627618384));
#2717 = SURFACE_CURVE('',#2718,(#2722,#2729),.PCURVE_S1.);
#2718 = LINE('',#2719,#2720);
#2719 = CARTESIAN_POINT('',(-28.5,18.71396192515,10.452627618384));
#2720 = VECTOR('',#2721,1.);
#2721 = DIRECTION('',(-1.,0.,-1.741662369881E-15));
#2722 = PCURVE('',#2699,#2723);
#2723 = DEFINITIONAL_REPRESENTATION('',(#2724),#2728);
#2724 = LINE('',#2725,#2726);
#2725 = CARTESIAN_POINT('',(0.776671517138,3.552713678801E-15));
#2726 = VECTOR('',#2727,1.);
#2727 = DIRECTION('',(-6.217248937901E-15,-1.));
#2728 = ( GEOMETRIC_REPRESENTATION_CONTEXT(2) 
PARAMETRIC_REPRESENTATION_CONTEXT() REPRESENTATION_CONTEXT('2D SPACE',''
  ) );
#2729 = PCURVE('',#2730,#2735);
#2730 = PLANE('',#2731);
#2731 = AXIS2_PLACEMENT_3D('',#2732,#2733,#2734);
#2732 = CARTESIAN_POINT('',(-37.,16.,10.5));
#2733 = DIRECTION('',(-1.741397106266E-15,1.745240643728E-02,
    0.999847695156));
#2734 = DIRECTION('',(1.,-2.570619313167E-32,1.741662369881E-15));
#2735 = DEFINITIONAL_REPRESENTATION('',(#2736),#2740);
#2736 = LINE('',#2737,#2738);
#2737 = CARTESIAN_POINT('',(8.5,2.714375337661));
#2738 = VECTOR('',#2739,1.);
#2739 = DIRECTION('',(-1.,-3.603923740805E-33));
#2740 = ( GEOMETRIC_REPRESENTATION_CONTEXT(2) 
PARAMETRIC_REPRESENTATION_CONTEXT() REPRESENTATION_CONTEXT('2D SPACE',''
  ) );
#2741 = ORIENTED_EDGE('',*,*,#2684,.T.);
#2742 = ORIENTED_EDGE('',*,*,#2743,.F.);
#2743 = EDGE_CURVE('',#2744,#2657,#2746,.T.);
#2744 = VERTEX_POINT('',#2745);
#2745 = CARTESIAN_POINT('',(-36.,19.5,9.652749462259));
#2746 = SURFACE_CURVE('',#2747,(#2751,#2758),.PCURVE_S1.);
#2747 = LINE('',#2748,#2749);
#2748 = CARTESIAN_POINT('',(-28.5,19.5,9.652749462259));
#2749 = VECTOR('',#2750,1.);
#2750 = DIRECTION('',(1.,0.,1.741662369881E-15));
#2751 = PCURVE('',#2699,#2752);
#2752 = DEFINITIONAL_REPRESENTATION('',(#2753),#2757);
#2753 = LINE('',#2754,#2755);
#2754 = CARTESIAN_POINT('',(-0.776671517138,-3.552713678801E-15));
#2755 = VECTOR('',#2756,1.);
#2756 = DIRECTION('',(-3.552713678801E-15,1.));
#2757 = ( GEOMETRIC_REPRESENTATION_CONTEXT(2) 
PARAMETRIC_REPRESENTATION_CONTEXT() REPRESENTATION_CONTEXT('2D SPACE',''
  ) );
#2758 = PCURVE('',#2263,#2759);
#2759 = DEFINITIONAL_REPRESENTATION('',(#2760),#2764);
#2760 = LINE('',#2761,#2762);
#2761 = CARTESIAN_POINT('',(19.652749462259,-8.5));
#2762 = VECTOR('',#2763,1.);
#2763 = DIRECTION('',(1.7763568394E-15,1.));
#2764 = ( GEOMETRIC_REPRESENTATION_CONTEXT(2) 
PARAMETRIC_REPRESENTATION_CONTEXT() REPRESENTATION_CONTEXT('2D SPACE',''
  ) );
#2765 = ORIENTED_EDGE('',*,*,#2766,.F.);
#2766 = EDGE_CURVE('',#2715,#2744,#2767,.T.);
#2767 = SURFACE_CURVE('',#2768,(#2773,#2780),.PCURVE_S1.);
#2768 = CIRCLE('',#2769,0.8);
#2769 = AXIS2_PLACEMENT_3D('',#2770,#2771,#2772);
#2770 = CARTESIAN_POINT('',(-36.,18.7,9.652749462259));
#2771 = DIRECTION('',(-1.,-4.846065974908E-35,3.469446951954E-17));
#2772 = DIRECTION('',(3.468918538378E-17,1.745240643728E-02,
    0.999847695156));
#2773 = PCURVE('',#2699,#2774);
#2774 = DEFINITIONAL_REPRESENTATION('',(#2775),#2779);
#2775 = LINE('',#2776,#2777);
#2776 = CARTESIAN_POINT('',(0.776671517137,-7.5));
#2777 = VECTOR('',#2778,1.);
#2778 = DIRECTION('',(-1.,-4.574280890195E-15));
#2779 = ( GEOMETRIC_REPRESENTATION_CONTEXT(2) 
PARAMETRIC_REPRESENTATION_CONTEXT() REPRESENTATION_CONTEXT('2D SPACE',''
  ) );
#2780 = PCURVE('',#2781,#2791);
#2781 = ( BOUNDED_SURFACE() B_SPLINE_SURFACE(2,2,(
    (#2782,#2783,#2784)
    ,(#2785,#2786,#2787)
    ,(#2788,#2789,#2790
)),.UNSPECIFIED.,.F.,.F.,.F.) B_SPLINE_SURFACE_WITH_KNOTS((3,3),(3,3),(
    -1.570796326795,-1.745329251994E-02),(-3.14159265359,-1.570796326795
),.PIECEWISE_BEZIER_KNOTS.) GEOMETRIC_REPRESENTATION_ITEM() 
RATIONAL_B_SPLINE_SURFACE((
    (1.,0.707106781187,1.)
    ,(0.713250449154,0.504344229281,0.713250449154)
,(1.,0.707106781187,1.))) REPRESENTATION_ITEM('') SURFACE() );
#2782 = CARTESIAN_POINT('',(-36.,19.5,9.652749462259));
#2783 = CARTESIAN_POINT('',(-36.15274946225,19.5,9.652749462259));
#2784 = CARTESIAN_POINT('',(-36.15274946225,19.5,9.5));
#2785 = CARTESIAN_POINT('',(-36.,19.5,10.438907272751));
#2786 = CARTESIAN_POINT('',(-36.93890727275,19.5,10.438907272751));
#2787 = CARTESIAN_POINT('',(-36.93890727275,19.5,9.5));
#2788 = CARTESIAN_POINT('',(-36.,18.71396192515,10.452627618384));
#2789 = CARTESIAN_POINT('',(-36.95262761838,18.71396192515,
    10.452627618384));
#2790 = CARTESIAN_POINT('',(-36.95262761838,18.71396192515,9.5));
#2791 = DEFINITIONAL_REPRESENTATION('',(#2792),#2818);
#2792 = B_SPLINE_CURVE_WITH_KNOTS('',3,(#2793,#2794,#2795,#2796,#2797,
    #2798,#2799,#2800,#2801,#2802,#2803,#2804,#2805,#2806,#2807,#2808,
    #2809,#2810,#2811,#2812,#2813,#2814,#2815,#2816,#2817),
  .UNSPECIFIED.,.F.,.F.,(4,1,1,1,1,1,1,1,1,1,1,1,1,1,1,1,1,1,1,1,1,1,4),
  (0.,7.060650155795E-02,0.141213003116,0.211819504674,0.282426006232,
    0.35303250779,0.423639009348,0.494245510906,0.564852012464,
    0.635458514022,0.70606501558,0.776671517137,0.847278018695,
    0.917884520253,0.988491021811,1.059097523369,1.129704024927,
    1.200310526485,1.270917028043,1.341523529601,1.412130031159,
    1.482736532717,1.553343034275),.QUASI_UNIFORM_KNOTS.);
#2793 = CARTESIAN_POINT('',(-1.745329251994E-02,-3.14159265359));
#2794 = CARTESIAN_POINT('',(-4.353085852513E-02,-3.14159265359));
#2795 = CARTESIAN_POINT('',(-9.494006212658E-02,-3.14159265359));
#2796 = CARTESIAN_POINT('',(-0.170070154233,-3.14159265359));
#2797 = CARTESIAN_POINT('',(-0.243478758564,-3.14159265359));
#2798 = CARTESIAN_POINT('',(-0.315399563074,-3.14159265359));
#2799 = CARTESIAN_POINT('',(-0.386051828275,-3.14159265359));
#2800 = CARTESIAN_POINT('',(-0.455640331378,-3.14159265359));
#2801 = CARTESIAN_POINT('',(-0.524358662335,-3.14159265359));
#2802 = CARTESIAN_POINT('',(-0.592391268864,-3.14159265359));
#2803 = CARTESIAN_POINT('',(-0.659915560181,-3.14159265359));
#2804 = CARTESIAN_POINT('',(-0.727103783879,-3.14159265359));
#2805 = CARTESIAN_POINT('',(-0.794124809657,-3.14159265359));
#2806 = CARTESIAN_POINT('',(-0.861145835435,-3.14159265359));
#2807 = CARTESIAN_POINT('',(-0.928334059134,-3.14159265359));
#2808 = CARTESIAN_POINT('',(-0.995858350451,-3.14159265359));
#2809 = CARTESIAN_POINT('',(-1.06389095698,-3.14159265359));
#2810 = CARTESIAN_POINT('',(-1.132609287937,-3.14159265359));
#2811 = CARTESIAN_POINT('',(-1.20219779104,-3.14159265359));
#2812 = CARTESIAN_POINT('',(-1.272850056241,-3.14159265359));
#2813 = CARTESIAN_POINT('',(-1.34477086075,-3.14159265359));
#2814 = CARTESIAN_POINT('',(-1.418179465082,-3.14159265359));
#2815 = CARTESIAN_POINT('',(-1.493309557188,-3.14159265359));
#2816 = CARTESIAN_POINT('',(-1.54471876079,-3.14159265359));
#2817 = CARTESIAN_POINT('',(-1.570796326795,-3.14159265359));
#2818 = ( GEOMETRIC_REPRESENTATION_CONTEXT(2) 
PARAMETRIC_REPRESENTATION_CONTEXT() REPRESENTATION_CONTEXT('2D SPACE',''
  ) );
#2819 = ADVANCED_FACE('',(#2820),#2781,.T.);
#2820 = FACE_BOUND('',#2821,.T.);
#2821 = EDGE_LOOP('',(#2822,#2875,#2897,#2898));
#2822 = ORIENTED_EDGE('',*,*,#2823,.T.);
#2823 = EDGE_CURVE('',#2824,#2826,#2828,.T.);
#2824 = VERTEX_POINT('',#2825);
#2825 = CARTESIAN_POINT('',(-36.95262761838,18.71396192515,9.5));
#2826 = VERTEX_POINT('',#2827);
#2827 = CARTESIAN_POINT('',(-36.15274946225,19.5,9.5));
#2828 = SURFACE_CURVE('',#2829,(#2834,#2863),.PCURVE_S1.);
#2829 = CIRCLE('',#2830,0.8);
#2830 = AXIS2_PLACEMENT_3D('',#2831,#2832,#2833);
#2831 = CARTESIAN_POINT('',(-36.15274946225,18.7,9.5));
#2832 = DIRECTION('',(-2.810674826337E-15,-1.469098078856E-33,-1.));
#2833 = DIRECTION('',(-0.999847695156,1.745240643728E-02,
    2.810246746947E-15));
#2834 = PCURVE('',#2781,#2835);
#2835 = DEFINITIONAL_REPRESENTATION('',(#2836),#2862);
#2836 = B_SPLINE_CURVE_WITH_KNOTS('',3,(#2837,#2838,#2839,#2840,#2841,
    #2842,#2843,#2844,#2845,#2846,#2847,#2848,#2849,#2850,#2851,#2852,
    #2853,#2854,#2855,#2856,#2857,#2858,#2859,#2860,#2861),
  .UNSPECIFIED.,.F.,.F.,(4,1,1,1,1,1,1,1,1,1,1,1,1,1,1,1,1,1,1,1,1,1,4),
  (0.,7.060650155795E-02,0.141213003116,0.211819504674,0.282426006232,
    0.35303250779,0.423639009348,0.494245510906,0.564852012464,
    0.635458514022,0.70606501558,0.776671517137,0.847278018695,
    0.917884520253,0.988491021811,1.059097523369,1.129704024927,
    1.200310526485,1.270917028043,1.341523529601,1.412130031159,
    1.482736532717,1.553343034275),.QUASI_UNIFORM_KNOTS.);
#2837 = CARTESIAN_POINT('',(-1.745329251994E-02,-1.570796326795));
#2838 = CARTESIAN_POINT('',(-4.353085852513E-02,-1.570796326795));
#2839 = CARTESIAN_POINT('',(-9.494006212658E-02,-1.570796326795));
#2840 = CARTESIAN_POINT('',(-0.170070154233,-1.570796326795));
#2841 = CARTESIAN_POINT('',(-0.243478758564,-1.570796326795));
#2842 = CARTESIAN_POINT('',(-0.315399563074,-1.570796326795));
#2843 = CARTESIAN_POINT('',(-0.386051828275,-1.570796326795));
#2844 = CARTESIAN_POINT('',(-0.455640331378,-1.570796326795));
#2845 = CARTESIAN_POINT('',(-0.524358662335,-1.570796326795));
#2846 = CARTESIAN_POINT('',(-0.592391268864,-1.570796326795));
#2847 = CARTESIAN_POINT('',(-0.659915560181,-1.570796326795));
#2848 = CARTESIAN_POINT('',(-0.727103783879,-1.570796326795));
#2849 = CARTESIAN_POINT('',(-0.794124809657,-1.570796326795));
#2850 = CARTESIAN_POINT('',(-0.861145835435,-1.570796326795));
#2851 = CARTESIAN_POINT('',(-0.928334059134,-1.570796326795));
#2852 = CARTESIAN_POINT('',(-0.995858350451,-1.570796326795));
#2853 = CARTESIAN_POINT('',(-1.06389095698,-1.570796326795));
#2854 = CARTESIAN_POINT('',(-1.132609287937,-1.570796326795));
#2855 = CARTESIAN_POINT('',(-1.20219779104,-1.570796326795));
#2856 = CARTESIAN_POINT('',(-1.272850056241,-1.570796326795));
#2857 = CARTESIAN_POINT('',(-1.34477086075,-1.570796326795));
#2858 = CARTESIAN_POINT('',(-1.418179465082,-1.570796326795));
#2859 = CARTESIAN_POINT('',(-1.493309557188,-1.570796326795));
#2860 = CARTESIAN_POINT('',(-1.54471876079,-1.570796326795));
#2861 = CARTESIAN_POINT('',(-1.570796326795,-1.570796326795));
#2862 = ( GEOMETRIC_REPRESENTATION_CONTEXT(2) 
PARAMETRIC_REPRESENTATION_CONTEXT() REPRESENTATION_CONTEXT('2D SPACE',''
  ) );
#2863 = PCURVE('',#2864,#2869);
#2864 = CYLINDRICAL_SURFACE('',#2865,0.8);
#2865 = AXIS2_PLACEMENT_3D('',#2866,#2867,#2868);
#2866 = CARTESIAN_POINT('',(-36.15274946225,18.7,-15.));
#2867 = DIRECTION('',(-3.469446951954E-17,0.,-1.));
#2868 = DIRECTION('',(-0.7009092643,0.713250449154,2.431767510621E-17));
#2869 = DEFINITIONAL_REPRESENTATION('',(#2870),#2874);
#2870 = LINE('',#2871,#2872);
#2871 = CARTESIAN_POINT('',(-0.776671517137,-24.5));
#2872 = VECTOR('',#2873,1.);
#2873 = DIRECTION('',(1.,0.));
#2874 = ( GEOMETRIC_REPRESENTATION_CONTEXT(2) 
PARAMETRIC_REPRESENTATION_CONTEXT() REPRESENTATION_CONTEXT('2D SPACE',''
  ) );
#2875 = ORIENTED_EDGE('',*,*,#2876,.T.);
#2876 = EDGE_CURVE('',#2826,#2744,#2877,.T.);
#2877 = SURFACE_CURVE('',#2878,(#2883,#2890),.PCURVE_S1.);
#2878 = CIRCLE('',#2879,0.152749462259);
#2879 = AXIS2_PLACEMENT_3D('',#2880,#2881,#2882);
#2880 = CARTESIAN_POINT('',(-36.,19.5,9.5));
#2881 = DIRECTION('',(0.,1.,-0.));
#2882 = DIRECTION('',(-0.707106781187,0.,0.707106781187));
#2883 = PCURVE('',#2781,#2884);
#2884 = DEFINITIONAL_REPRESENTATION('',(#2885),#2889);
#2885 = LINE('',#2886,#2887);
#2886 = CARTESIAN_POINT('',(-1.570796326795,3.926990816987));
#2887 = VECTOR('',#2888,1.);
#2888 = DIRECTION('',(1.668024232945E-14,-1.));
#2889 = ( GEOMETRIC_REPRESENTATION_CONTEXT(2) 
PARAMETRIC_REPRESENTATION_CONTEXT() REPRESENTATION_CONTEXT('2D SPACE',''
  ) );
#2890 = PCURVE('',#2263,#2891);
#2891 = DEFINITIONAL_REPRESENTATION('',(#2892),#2896);
#2892 = CIRCLE('',#2893,0.152749462259);
#2893 = AXIS2_PLACEMENT_2D('',#2894,#2895);
#2894 = CARTESIAN_POINT('',(19.5,-16.));
#2895 = DIRECTION('',(0.707106781187,-0.707106781187));
#2896 = ( GEOMETRIC_REPRESENTATION_CONTEXT(2) 
PARAMETRIC_REPRESENTATION_CONTEXT() REPRESENTATION_CONTEXT('2D SPACE',''
  ) );
#2897 = ORIENTED_EDGE('',*,*,#2766,.F.);
#2898 = ORIENTED_EDGE('',*,*,#2899,.T.);
#2899 = EDGE_CURVE('',#2715,#2824,#2900,.T.);
#2900 = SURFACE_CURVE('',#2901,(#2906,#2935),.PCURVE_S1.);
#2901 = CIRCLE('',#2902,0.952627618384);
#2902 = AXIS2_PLACEMENT_3D('',#2903,#2904,#2905);
#2903 = CARTESIAN_POINT('',(-36.,18.71396192515,9.5));
#2904 = DIRECTION('',(-4.120425516708E-16,-1.,-4.120425516708E-16));
#2905 = DIRECTION('',(-0.707106781187,-7.461980558562E-31,0.707106781187
    ));
#2906 = PCURVE('',#2781,#2907);
#2907 = DEFINITIONAL_REPRESENTATION('',(#2908),#2934);
#2908 = B_SPLINE_CURVE_WITH_KNOTS('',3,(#2909,#2910,#2911,#2912,#2913,
    #2914,#2915,#2916,#2917,#2918,#2919,#2920,#2921,#2922,#2923,#2924,
    #2925,#2926,#2927,#2928,#2929,#2930,#2931,#2932,#2933),
  .UNSPECIFIED.,.F.,.F.,(4,1,1,1,1,1,1,1,1,1,1,1,1,1,1,1,1,1,1,1,1,1,4),
  (5.497787143782,5.569186976818,5.640586809854,5.711986642891,
    5.783386475927,5.854786308963,5.926186141999,5.997585975035,
    6.068985808071,6.140385641107,6.211785474143,6.28318530718,
    6.354585140216,6.425984973252,6.497384806288,6.568784639324,
    6.64018447236,6.711584305396,6.782984138433,6.854383971469,
    6.925783804505,6.997183637541,7.068583470577),
  .QUASI_UNIFORM_KNOTS.);
#2909 = CARTESIAN_POINT('',(-1.745329251994E-02,-3.14159265359));
#2910 = CARTESIAN_POINT('',(-1.745329251994E-02,-3.115159605062));
#2911 = CARTESIAN_POINT('',(-1.745329251994E-02,-3.063067440961));
#2912 = CARTESIAN_POINT('',(-1.745329251994E-02,-2.986986199037));
#2913 = CARTESIAN_POINT('',(-1.745329251994E-02,-2.912688495409));
#2914 = CARTESIAN_POINT('',(-1.745329251994E-02,-2.839931213656));
#2915 = CARTESIAN_POINT('',(-1.745329251994E-02,-2.768486547351));
#2916 = CARTESIAN_POINT('',(-1.745329251994E-02,-2.698142049645));
#2917 = CARTESIAN_POINT('',(-1.745329251994E-02,-2.628697122557));
#2918 = CARTESIAN_POINT('',(-1.745329251994E-02,-2.559960843422));
#2919 = CARTESIAN_POINT('',(-1.745329251994E-02,-2.491749732825));
#2920 = CARTESIAN_POINT('',(-1.745329251994E-02,-2.423885766815));
#2921 = CARTESIAN_POINT('',(-1.745329251994E-02,-2.356194490192));
#2922 = CARTESIAN_POINT('',(-1.745329251994E-02,-2.28850321357));
#2923 = CARTESIAN_POINT('',(-1.745329251994E-02,-2.22063924756));
#2924 = CARTESIAN_POINT('',(-1.745329251994E-02,-2.152428136962));
#2925 = CARTESIAN_POINT('',(-1.745329251994E-02,-2.083691857827));
#2926 = CARTESIAN_POINT('',(-1.745329251994E-02,-2.014246930739));
#2927 = CARTESIAN_POINT('',(-1.745329251994E-02,-1.943902433034));
#2928 = CARTESIAN_POINT('',(-1.745329251994E-02,-1.872457766729));
#2929 = CARTESIAN_POINT('',(-1.745329251994E-02,-1.799700484976));
#2930 = CARTESIAN_POINT('',(-1.745329251994E-02,-1.725402781348));
#2931 = CARTESIAN_POINT('',(-1.745329251994E-02,-1.649321539424));
#2932 = CARTESIAN_POINT('',(-1.745329251994E-02,-1.597229375323));
#2933 = CARTESIAN_POINT('',(-1.745329251994E-02,-1.570796326795));
#2934 = ( GEOMETRIC_REPRESENTATION_CONTEXT(2) 
PARAMETRIC_REPRESENTATION_CONTEXT() REPRESENTATION_CONTEXT('2D SPACE',''
  ) );
#2935 = PCURVE('',#2936,#2941);
#2936 = CONICAL_SURFACE('',#2937,1.,1.745329251994E-02);
#2937 = AXIS2_PLACEMENT_3D('',#2938,#2939,#2940);
#2938 = CARTESIAN_POINT('',(-36.,16.,9.5));
#2939 = DIRECTION('',(0.,-1.,0.));
#2940 = DIRECTION('',(-0.707106781187,0.,0.707106781187));
#2941 = DEFINITIONAL_REPRESENTATION('',(#2942),#2946);
#2942 = LINE('',#2943,#2944);
#2943 = CARTESIAN_POINT('',(-1.59872115546E-14,-2.71396192515));
#2944 = VECTOR('',#2945,1.);
#2945 = DIRECTION('',(1.,-5.653458253476E-16));
#2946 = ( GEOMETRIC_REPRESENTATION_CONTEXT(2) 
PARAMETRIC_REPRESENTATION_CONTEXT() REPRESENTATION_CONTEXT('2D SPACE',''
  ) );
#2947 = ADVANCED_FACE('',(#2948),#2864,.F.);
#2948 = FACE_BOUND('',#2949,.F.);
#2949 = EDGE_LOOP('',(#2950,#2978,#2979,#3002));
#2950 = ORIENTED_EDGE('',*,*,#2951,.F.);
#2951 = EDGE_CURVE('',#2824,#2952,#2954,.T.);
#2952 = VERTEX_POINT('',#2953);
#2953 = CARTESIAN_POINT('',(-36.95262761838,18.71396192515,-9.5));
#2954 = SURFACE_CURVE('',#2955,(#2959,#2966),.PCURVE_S1.);
#2955 = LINE('',#2956,#2957);
#2956 = CARTESIAN_POINT('',(-36.95262761838,18.71396192515,-15.));
#2957 = VECTOR('',#2958,1.);
#2958 = DIRECTION('',(-3.469446951954E-17,0.,-1.));
#2959 = PCURVE('',#2864,#2960);
#2960 = DEFINITIONAL_REPRESENTATION('',(#2961),#2965);
#2961 = LINE('',#2962,#2963);
#2962 = CARTESIAN_POINT('',(-0.776671517137,0.));
#2963 = VECTOR('',#2964,1.);
#2964 = DIRECTION('',(0.,1.));
#2965 = ( GEOMETRIC_REPRESENTATION_CONTEXT(2) 
PARAMETRIC_REPRESENTATION_CONTEXT() REPRESENTATION_CONTEXT('2D SPACE',''
  ) );
#2966 = PCURVE('',#2967,#2972);
#2967 = PLANE('',#2968);
#2968 = AXIS2_PLACEMENT_3D('',#2969,#2970,#2971);
#2969 = CARTESIAN_POINT('',(-37.,16.,-20.));
#2970 = DIRECTION('',(-0.999847695156,1.745240643728E-02,
    3.468918538378E-17));
#2971 = DIRECTION('',(3.469446951954E-17,0.,1.));
#2972 = DEFINITIONAL_REPRESENTATION('',(#2973),#2977);
#2973 = LINE('',#2974,#2975);
#2974 = CARTESIAN_POINT('',(5.,2.714375337661));
#2975 = VECTOR('',#2976,1.);
#2976 = DIRECTION('',(-1.,0.));
#2977 = ( GEOMETRIC_REPRESENTATION_CONTEXT(2) 
PARAMETRIC_REPRESENTATION_CONTEXT() REPRESENTATION_CONTEXT('2D SPACE',''
  ) );
#2978 = ORIENTED_EDGE('',*,*,#2823,.T.);
#2979 = ORIENTED_EDGE('',*,*,#2980,.F.);
#2980 = EDGE_CURVE('',#2981,#2826,#2983,.T.);
#2981 = VERTEX_POINT('',#2982);
#2982 = CARTESIAN_POINT('',(-36.15274946225,19.5,-9.5));
#2983 = SURFACE_CURVE('',#2984,(#2988,#2995),.PCURVE_S1.);
#2984 = LINE('',#2985,#2986);
#2985 = CARTESIAN_POINT('',(-36.15274946225,19.5,-15.));
#2986 = VECTOR('',#2987,1.);
#2987 = DIRECTION('',(3.469446951954E-17,0.,1.));
#2988 = PCURVE('',#2864,#2989);
#2989 = DEFINITIONAL_REPRESENTATION('',(#2990),#2994);
#2990 = LINE('',#2991,#2992);
#2991 = CARTESIAN_POINT('',(0.776671517137,0.));
#2992 = VECTOR('',#2993,1.);
#2993 = DIRECTION('',(0.,-1.));
#2994 = ( GEOMETRIC_REPRESENTATION_CONTEXT(2) 
PARAMETRIC_REPRESENTATION_CONTEXT() REPRESENTATION_CONTEXT('2D SPACE',''
  ) );
#2995 = PCURVE('',#2263,#2996);
#2996 = DEFINITIONAL_REPRESENTATION('',(#2997),#3001);
#2997 = LINE('',#2998,#2999);
#2998 = CARTESIAN_POINT('',(-5.,-16.15274946225));
#2999 = VECTOR('',#3000,1.);
#3000 = DIRECTION('',(1.,0.));
#3001 = ( GEOMETRIC_REPRESENTATION_CONTEXT(2) 
PARAMETRIC_REPRESENTATION_CONTEXT() REPRESENTATION_CONTEXT('2D SPACE',''
  ) );
#3002 = ORIENTED_EDGE('',*,*,#3003,.F.);
#3003 = EDGE_CURVE('',#2952,#2981,#3004,.T.);
#3004 = SURFACE_CURVE('',#3005,(#3010,#3017),.PCURVE_S1.);
#3005 = CIRCLE('',#3006,0.8);
#3006 = AXIS2_PLACEMENT_3D('',#3007,#3008,#3009);
#3007 = CARTESIAN_POINT('',(-36.15274946225,18.7,-9.5));
#3008 = DIRECTION('',(-3.469446951954E-17,1.431585510214E-35,-1.));
#3009 = DIRECTION('',(-0.999847695156,1.745240643728E-02,
    3.468918538378E-17));
#3010 = PCURVE('',#2864,#3011);
#3011 = DEFINITIONAL_REPRESENTATION('',(#3012),#3016);
#3012 = LINE('',#3013,#3014);
#3013 = CARTESIAN_POINT('',(-0.776671517137,-5.5));
#3014 = VECTOR('',#3015,1.);
#3015 = DIRECTION('',(1.,0.));
#3016 = ( GEOMETRIC_REPRESENTATION_CONTEXT(2) 
PARAMETRIC_REPRESENTATION_CONTEXT() REPRESENTATION_CONTEXT('2D SPACE',''
  ) );
#3017 = PCURVE('',#3018,#3028);
#3018 = ( BOUNDED_SURFACE() B_SPLINE_SURFACE(2,2,(
    (#3019,#3020,#3021)
    ,(#3022,#3023,#3024)
    ,(#3025,#3026,#3027
)),.UNSPECIFIED.,.F.,.F.,.F.) B_SPLINE_SURFACE_WITH_KNOTS((3,3),(3,3),(
    -1.570796326795,-1.745329251994E-02),(-1.570796326795,
    6.032577334301E-16),.PIECEWISE_BEZIER_KNOTS.) 
GEOMETRIC_REPRESENTATION_ITEM() RATIONAL_B_SPLINE_SURFACE((
    (1.,0.707106781187,1.)
    ,(0.713250449154,0.504344229281,0.713250449154)
,(1.,0.707106781187,1.))) REPRESENTATION_ITEM('') SURFACE() );
#3019 = CARTESIAN_POINT('',(-36.15274946225,19.5,-9.5));
#3020 = CARTESIAN_POINT('',(-36.15274946225,19.5,-9.652749462259));
#3021 = CARTESIAN_POINT('',(-36.,19.5,-9.652749462259));
#3022 = CARTESIAN_POINT('',(-36.93890727275,19.5,-9.5));
#3023 = CARTESIAN_POINT('',(-36.93890727275,19.5,-10.43890727275));
#3024 = CARTESIAN_POINT('',(-36.,19.5,-10.43890727275));
#3025 = CARTESIAN_POINT('',(-36.95262761838,18.71396192515,-9.5));
#3026 = CARTESIAN_POINT('',(-36.95262761838,18.71396192515,
    -10.45262761838));
#3027 = CARTESIAN_POINT('',(-36.,18.71396192515,-10.45262761838));
#3028 = DEFINITIONAL_REPRESENTATION('',(#3029),#3055);
#3029 = B_SPLINE_CURVE_WITH_KNOTS('',3,(#3030,#3031,#3032,#3033,#3034,
    #3035,#3036,#3037,#3038,#3039,#3040,#3041,#3042,#3043,#3044,#3045,
    #3046,#3047,#3048,#3049,#3050,#3051,#3052,#3053,#3054),
  .UNSPECIFIED.,.F.,.F.,(4,1,1,1,1,1,1,1,1,1,1,1,1,1,1,1,1,1,1,1,1,1,4),
  (0.,7.060650155795E-02,0.141213003116,0.211819504674,0.282426006232,
    0.35303250779,0.423639009348,0.494245510906,0.564852012464,
    0.635458514022,0.70606501558,0.776671517137,0.847278018695,
    0.917884520253,0.988491021811,1.059097523369,1.129704024927,
    1.200310526485,1.270917028043,1.341523529601,1.412130031159,
    1.482736532717,1.553343034275),.QUASI_UNIFORM_KNOTS.);
#3030 = CARTESIAN_POINT('',(-1.745329251994E-02,-1.570796326795));
#3031 = CARTESIAN_POINT('',(-4.353085852513E-02,-1.570796326795));
#3032 = CARTESIAN_POINT('',(-9.494006212657E-02,-1.570796326795));
#3033 = CARTESIAN_POINT('',(-0.170070154233,-1.570796326795));
#3034 = CARTESIAN_POINT('',(-0.243478758564,-1.570796326795));
#3035 = CARTESIAN_POINT('',(-0.315399563074,-1.570796326795));
#3036 = CARTESIAN_POINT('',(-0.386051828275,-1.570796326795));
#3037 = CARTESIAN_POINT('',(-0.455640331378,-1.570796326795));
#3038 = CARTESIAN_POINT('',(-0.524358662335,-1.570796326795));
#3039 = CARTESIAN_POINT('',(-0.592391268864,-1.570796326795));
#3040 = CARTESIAN_POINT('',(-0.659915560181,-1.570796326795));
#3041 = CARTESIAN_POINT('',(-0.727103783879,-1.570796326795));
#3042 = CARTESIAN_POINT('',(-0.794124809657,-1.570796326795));
#3043 = CARTESIAN_POINT('',(-0.861145835435,-1.570796326795));
#3044 = CARTESIAN_POINT('',(-0.928334059134,-1.570796326795));
#3045 = CARTESIAN_POINT('',(-0.995858350451,-1.570796326795));
#3046 = CARTESIAN_POINT('',(-1.06389095698,-1.570796326795));
#3047 = CARTESIAN_POINT('',(-1.132609287937,-1.570796326795));
#3048 = CARTESIAN_POINT('',(-1.20219779104,-1.570796326795));
#3049 = CARTESIAN_POINT('',(-1.272850056241,-1.570796326795));
#3050 = CARTESIAN_POINT('',(-1.34477086075,-1.570796326795));
#3051 = CARTESIAN_POINT('',(-1.418179465082,-1.570796326795));
#3052 = CARTESIAN_POINT('',(-1.493309557188,-1.570796326795));
#3053 = CARTESIAN_POINT('',(-1.54471876079,-1.570796326795));
#3054 = CARTESIAN_POINT('',(-1.570796326795,-1.570796326795));
#3055 = ( GEOMETRIC_REPRESENTATION_CONTEXT(2) 
PARAMETRIC_REPRESENTATION_CONTEXT() REPRESENTATION_CONTEXT('2D SPACE',''
  ) );
#3056 = ADVANCED_FACE('',(#3057),#3018,.T.);
#3057 = FACE_BOUND('',#3058,.T.);
#3058 = EDGE_LOOP('',(#3059,#3112,#3134,#3135));
#3059 = ORIENTED_EDGE('',*,*,#3060,.T.);
#3060 = EDGE_CURVE('',#3061,#3063,#3065,.T.);
#3061 = VERTEX_POINT('',#3062);
#3062 = CARTESIAN_POINT('',(-36.,18.71396192515,-10.45262761838));
#3063 = VERTEX_POINT('',#3064);
#3064 = CARTESIAN_POINT('',(-36.,19.5,-9.652749462259));
#3065 = SURFACE_CURVE('',#3066,(#3071,#3100),.PCURVE_S1.);
#3066 = CIRCLE('',#3067,0.8);
#3067 = AXIS2_PLACEMENT_3D('',#3068,#3069,#3070);
#3068 = CARTESIAN_POINT('',(-36.,18.7,-9.652749462259));
#3069 = DIRECTION('',(1.,-2.157456623625E-33,5.517266244114E-15));
#3070 = DIRECTION('',(5.516425937742E-15,1.745240643728E-02,
    -0.999847695156));
#3071 = PCURVE('',#3018,#3072);
#3072 = DEFINITIONAL_REPRESENTATION('',(#3073),#3099);
#3073 = B_SPLINE_CURVE_WITH_KNOTS('',3,(#3074,#3075,#3076,#3077,#3078,
    #3079,#3080,#3081,#3082,#3083,#3084,#3085,#3086,#3087,#3088,#3089,
    #3090,#3091,#3092,#3093,#3094,#3095,#3096,#3097,#3098),
  .UNSPECIFIED.,.F.,.F.,(4,1,1,1,1,1,1,1,1,1,1,1,1,1,1,1,1,1,1,1,1,1,4),
  (0.,7.060650155795E-02,0.141213003116,0.211819504674,0.282426006232,
    0.35303250779,0.423639009348,0.494245510906,0.564852012464,
    0.635458514022,0.70606501558,0.776671517137,0.847278018695,
    0.917884520253,0.988491021811,1.059097523369,1.129704024927,
    1.200310526485,1.270917028043,1.341523529601,1.412130031159,
    1.482736532717,1.553343034275),.QUASI_UNIFORM_KNOTS.);
#3074 = CARTESIAN_POINT('',(-1.745329251994E-02,6.032577334301E-16));
#3075 = CARTESIAN_POINT('',(-4.353085852513E-02,6.032577334301E-16));
#3076 = CARTESIAN_POINT('',(-9.494006212657E-02,6.032577334301E-16));
#3077 = CARTESIAN_POINT('',(-0.170070154233,6.032577334301E-16));
#3078 = CARTESIAN_POINT('',(-0.243478758564,6.032577334301E-16));
#3079 = CARTESIAN_POINT('',(-0.315399563074,6.032577334301E-16));
#3080 = CARTESIAN_POINT('',(-0.386051828275,6.032577334301E-16));
#3081 = CARTESIAN_POINT('',(-0.455640331378,6.032577334301E-16));
#3082 = CARTESIAN_POINT('',(-0.524358662335,6.032577334301E-16));
#3083 = CARTESIAN_POINT('',(-0.592391268864,6.032577334301E-16));
#3084 = CARTESIAN_POINT('',(-0.659915560181,6.032577334301E-16));
#3085 = CARTESIAN_POINT('',(-0.727103783879,6.032577334301E-16));
#3086 = CARTESIAN_POINT('',(-0.794124809657,6.032577334301E-16));
#3087 = CARTESIAN_POINT('',(-0.861145835435,6.032577334301E-16));
#3088 = CARTESIAN_POINT('',(-0.928334059134,6.032577334301E-16));
#3089 = CARTESIAN_POINT('',(-0.995858350451,6.032577334301E-16));
#3090 = CARTESIAN_POINT('',(-1.06389095698,6.032577334301E-16));
#3091 = CARTESIAN_POINT('',(-1.132609287937,6.032577334301E-16));
#3092 = CARTESIAN_POINT('',(-1.20219779104,6.032577334301E-16));
#3093 = CARTESIAN_POINT('',(-1.272850056241,6.032577334301E-16));
#3094 = CARTESIAN_POINT('',(-1.34477086075,6.032577334301E-16));
#3095 = CARTESIAN_POINT('',(-1.418179465082,6.032577334301E-16));
#3096 = CARTESIAN_POINT('',(-1.493309557188,6.032577334301E-16));
#3097 = CARTESIAN_POINT('',(-1.54471876079,6.032577334301E-16));
#3098 = CARTESIAN_POINT('',(-1.570796326795,6.032577334301E-16));
#3099 = ( GEOMETRIC_REPRESENTATION_CONTEXT(2) 
PARAMETRIC_REPRESENTATION_CONTEXT() REPRESENTATION_CONTEXT('2D SPACE',''
  ) );
#3100 = PCURVE('',#3101,#3106);
#3101 = CYLINDRICAL_SURFACE('',#3102,0.8);
#3102 = AXIS2_PLACEMENT_3D('',#3103,#3104,#3105);
#3103 = CARTESIAN_POINT('',(-28.5,18.7,-9.652749462259));
#3104 = DIRECTION('',(1.,0.,-1.81105130892E-15));
#3105 = DIRECTION('',(-1.269382640544E-15,0.713250449154,-0.7009092643)
  );
#3106 = DEFINITIONAL_REPRESENTATION('',(#3107),#3111);
#3107 = LINE('',#3108,#3109);
#3108 = CARTESIAN_POINT('',(5.506513790042,-7.5));
#3109 = VECTOR('',#3110,1.);
#3110 = DIRECTION('',(1.,-9.148561780389E-15));
#3111 = ( GEOMETRIC_REPRESENTATION_CONTEXT(2) 
PARAMETRIC_REPRESENTATION_CONTEXT() REPRESENTATION_CONTEXT('2D SPACE',''
  ) );
#3112 = ORIENTED_EDGE('',*,*,#3113,.T.);
#3113 = EDGE_CURVE('',#3063,#2981,#3114,.T.);
#3114 = SURFACE_CURVE('',#3115,(#3120,#3127),.PCURVE_S1.);
#3115 = CIRCLE('',#3116,0.152749462259);
#3116 = AXIS2_PLACEMENT_3D('',#3117,#3118,#3119);
#3117 = CARTESIAN_POINT('',(-36.,19.5,-9.5));
#3118 = DIRECTION('',(0.,1.,0.));
#3119 = DIRECTION('',(-0.707106781187,0.,-0.707106781187));
#3120 = PCURVE('',#3018,#3121);
#3121 = DEFINITIONAL_REPRESENTATION('',(#3122),#3126);
#3122 = LINE('',#3123,#3124);
#3123 = CARTESIAN_POINT('',(-1.570796326795,5.497787143782));
#3124 = VECTOR('',#3125,1.);
#3125 = DIRECTION('',(-2.459628953665E-14,-1.));
#3126 = ( GEOMETRIC_REPRESENTATION_CONTEXT(2) 
PARAMETRIC_REPRESENTATION_CONTEXT() REPRESENTATION_CONTEXT('2D SPACE',''
  ) );
#3127 = PCURVE('',#2263,#3128);
#3128 = DEFINITIONAL_REPRESENTATION('',(#3129),#3133);
#3129 = CIRCLE('',#3130,0.152749462259);
#3130 = AXIS2_PLACEMENT_2D('',#3131,#3132);
#3131 = CARTESIAN_POINT('',(0.5,-16.));
#3132 = DIRECTION('',(-0.707106781187,-0.707106781187));
#3133 = ( GEOMETRIC_REPRESENTATION_CONTEXT(2) 
PARAMETRIC_REPRESENTATION_CONTEXT() REPRESENTATION_CONTEXT('2D SPACE',''
  ) );
#3134 = ORIENTED_EDGE('',*,*,#3003,.F.);
#3135 = ORIENTED_EDGE('',*,*,#3136,.T.);
#3136 = EDGE_CURVE('',#2952,#3061,#3137,.T.);
#3137 = SURFACE_CURVE('',#3138,(#3143,#3172),.PCURVE_S1.);
#3138 = CIRCLE('',#3139,0.952627618384);
#3139 = AXIS2_PLACEMENT_3D('',#3140,#3141,#3142);
#3140 = CARTESIAN_POINT('',(-36.,18.71396192515,-9.5));
#3141 = DIRECTION('',(-4.120425516708E-16,-1.,4.120425516708E-16));
#3142 = DIRECTION('',(-0.707106781187,-1.408011581805E-31,
    -0.707106781187));
#3143 = PCURVE('',#3018,#3144);
#3144 = DEFINITIONAL_REPRESENTATION('',(#3145),#3171);
#3145 = B_SPLINE_CURVE_WITH_KNOTS('',3,(#3146,#3147,#3148,#3149,#3150,
    #3151,#3152,#3153,#3154,#3155,#3156,#3157,#3158,#3159,#3160,#3161,
    #3162,#3163,#3164,#3165,#3166,#3167,#3168,#3169,#3170),
  .UNSPECIFIED.,.F.,.F.,(4,1,1,1,1,1,1,1,1,1,1,1,1,1,1,1,1,1,1,1,1,1,4),
  (5.497787143782,5.569186976818,5.640586809854,5.711986642891,
    5.783386475927,5.854786308963,5.926186141999,5.997585975035,
    6.068985808071,6.140385641107,6.211785474143,6.28318530718,
    6.354585140216,6.425984973252,6.497384806288,6.568784639324,
    6.64018447236,6.711584305396,6.782984138432,6.854383971469,
    6.925783804505,6.997183637541,7.068583470577),
  .QUASI_UNIFORM_KNOTS.);
#3146 = CARTESIAN_POINT('',(-1.745329251994E-02,-1.570796326795));
#3147 = CARTESIAN_POINT('',(-1.745329251994E-02,-1.544363278267));
#3148 = CARTESIAN_POINT('',(-1.745329251994E-02,-1.492271114166));
#3149 = CARTESIAN_POINT('',(-1.745329251994E-02,-1.416189872242));
#3150 = CARTESIAN_POINT('',(-1.745329251994E-02,-1.341892168614));
#3151 = CARTESIAN_POINT('',(-1.745329251994E-02,-1.269134886861));
#3152 = CARTESIAN_POINT('',(-1.745329251994E-02,-1.197690220556));
#3153 = CARTESIAN_POINT('',(-1.745329251994E-02,-1.12734572285));
#3154 = CARTESIAN_POINT('',(-1.745329251994E-02,-1.057900795762));
#3155 = CARTESIAN_POINT('',(-1.745329251994E-02,-0.989164516627));
#3156 = CARTESIAN_POINT('',(-1.745329251994E-02,-0.92095340603));
#3157 = CARTESIAN_POINT('',(-1.745329251994E-02,-0.85308944002));
#3158 = CARTESIAN_POINT('',(-1.745329251994E-02,-0.785398163397));
#3159 = CARTESIAN_POINT('',(-1.745329251994E-02,-0.717706886775));
#3160 = CARTESIAN_POINT('',(-1.745329251994E-02,-0.649842920765));
#3161 = CARTESIAN_POINT('',(-1.745329251994E-02,-0.581631810168));
#3162 = CARTESIAN_POINT('',(-1.745329251994E-02,-0.512895531033));
#3163 = CARTESIAN_POINT('',(-1.745329251994E-02,-0.443450603945));
#3164 = CARTESIAN_POINT('',(-1.745329251994E-02,-0.373106106239));
#3165 = CARTESIAN_POINT('',(-1.745329251994E-02,-0.301661439934));
#3166 = CARTESIAN_POINT('',(-1.745329251994E-02,-0.228904158181));
#3167 = CARTESIAN_POINT('',(-1.745329251994E-02,-0.154606454553));
#3168 = CARTESIAN_POINT('',(-1.745329251994E-02,-7.852521262872E-02));
#3169 = CARTESIAN_POINT('',(-1.745329251994E-02,-2.643304852828E-02));
#3170 = CARTESIAN_POINT('',(-1.745329251994E-02,6.032577334301E-16));
#3171 = ( GEOMETRIC_REPRESENTATION_CONTEXT(2) 
PARAMETRIC_REPRESENTATION_CONTEXT() REPRESENTATION_CONTEXT('2D SPACE',''
  ) );
#3172 = PCURVE('',#3173,#3178);
#3173 = CONICAL_SURFACE('',#3174,1.,1.745329251994E-02);
#3174 = AXIS2_PLACEMENT_3D('',#3175,#3176,#3177);
#3175 = CARTESIAN_POINT('',(-36.,16.,-9.5));
#3176 = DIRECTION('',(0.,-1.,0.));
#3177 = DIRECTION('',(-0.707106781187,-0.,-0.707106781187));
#3178 = DEFINITIONAL_REPRESENTATION('',(#3179),#3183);
#3179 = LINE('',#3180,#3181);
#3180 = CARTESIAN_POINT('',(-6.28318530718,-2.71396192515));
#3181 = VECTOR('',#3182,1.);
#3182 = DIRECTION('',(1.,5.653458253476E-16));
#3183 = ( GEOMETRIC_REPRESENTATION_CONTEXT(2) 
PARAMETRIC_REPRESENTATION_CONTEXT() REPRESENTATION_CONTEXT('2D SPACE',''
  ) );
#3184 = ADVANCED_FACE('',(#3185),#3101,.F.);
#3185 = FACE_BOUND('',#3186,.F.);
#3186 = EDGE_LOOP('',(#3187,#3215,#3216,#3239));
#3187 = ORIENTED_EDGE('',*,*,#3188,.F.);
#3188 = EDGE_CURVE('',#3061,#3189,#3191,.T.);
#3189 = VERTEX_POINT('',#3190);
#3190 = CARTESIAN_POINT('',(-35.75,18.71396192515,-10.45262761838));
#3191 = SURFACE_CURVE('',#3192,(#3196,#3203),.PCURVE_S1.);
#3192 = LINE('',#3193,#3194);
#3193 = CARTESIAN_POINT('',(-28.5,18.71396192515,-10.45262761838));
#3194 = VECTOR('',#3195,1.);
#3195 = DIRECTION('',(1.,0.,-1.81105130892E-15));
#3196 = PCURVE('',#3101,#3197);
#3197 = DEFINITIONAL_REPRESENTATION('',(#3198),#3202);
#3198 = LINE('',#3199,#3200);
#3199 = CARTESIAN_POINT('',(5.506513790042,3.552713678801E-15));
#3200 = VECTOR('',#3201,1.);
#3201 = DIRECTION('',(-3.552713678801E-15,1.));
#3202 = ( GEOMETRIC_REPRESENTATION_CONTEXT(2) 
PARAMETRIC_REPRESENTATION_CONTEXT() REPRESENTATION_CONTEXT('2D SPACE',''
  ) );
#3203 = PCURVE('',#3204,#3209);
#3204 = PLANE('',#3205);
#3205 = AXIS2_PLACEMENT_3D('',#3206,#3207,#3208);
#3206 = CARTESIAN_POINT('',(-37.,16.,-10.5));
#3207 = DIRECTION('',(1.810775477033E-15,-1.745240643728E-02,
    0.999847695156));
#3208 = DIRECTION('',(1.,-2.570619313167E-32,-1.81105130892E-15));
#3209 = DEFINITIONAL_REPRESENTATION('',(#3210),#3214);
#3210 = LINE('',#3211,#3212);
#3211 = CARTESIAN_POINT('',(8.5,2.714375337661));
#3212 = VECTOR('',#3213,1.);
#3213 = DIRECTION('',(1.,3.603923740805E-33));
#3214 = ( GEOMETRIC_REPRESENTATION_CONTEXT(2) 
PARAMETRIC_REPRESENTATION_CONTEXT() REPRESENTATION_CONTEXT('2D SPACE',''
  ) );
#3215 = ORIENTED_EDGE('',*,*,#3060,.T.);
#3216 = ORIENTED_EDGE('',*,*,#3217,.F.);
#3217 = EDGE_CURVE('',#3218,#3063,#3220,.T.);
#3218 = VERTEX_POINT('',#3219);
#3219 = CARTESIAN_POINT('',(-35.75,19.5,-9.652749462259));
#3220 = SURFACE_CURVE('',#3221,(#3225,#3232),.PCURVE_S1.);
#3221 = LINE('',#3222,#3223);
#3222 = CARTESIAN_POINT('',(-28.5,19.5,-9.652749462259));
#3223 = VECTOR('',#3224,1.);
#3224 = DIRECTION('',(-1.,0.,1.81105130892E-15));
#3225 = PCURVE('',#3101,#3226);
#3226 = DEFINITIONAL_REPRESENTATION('',(#3227),#3231);
#3227 = LINE('',#3228,#3229);
#3228 = CARTESIAN_POINT('',(7.059856824317,-3.552713678801E-15));
#3229 = VECTOR('',#3230,1.);
#3230 = DIRECTION('',(-3.552713678801E-15,-1.));
#3231 = ( GEOMETRIC_REPRESENTATION_CONTEXT(2) 
PARAMETRIC_REPRESENTATION_CONTEXT() REPRESENTATION_CONTEXT('2D SPACE',''
  ) );
#3232 = PCURVE('',#2263,#3233);
#3233 = DEFINITIONAL_REPRESENTATION('',(#3234),#3238);
#3234 = LINE('',#3235,#3236);
#3235 = CARTESIAN_POINT('',(0.347250537741,-8.5));
#3236 = VECTOR('',#3237,1.);
#3237 = DIRECTION('',(1.7763568394E-15,-1.));
#3238 = ( GEOMETRIC_REPRESENTATION_CONTEXT(2) 
PARAMETRIC_REPRESENTATION_CONTEXT() REPRESENTATION_CONTEXT('2D SPACE',''
  ) );
#3239 = ORIENTED_EDGE('',*,*,#3240,.F.);
#3240 = EDGE_CURVE('',#3189,#3218,#3241,.T.);
#3241 = SURFACE_CURVE('',#3242,(#3247,#3254),.PCURVE_S1.);
#3242 = CIRCLE('',#3243,0.8);
#3243 = AXIS2_PLACEMENT_3D('',#3244,#3245,#3246);
#3244 = CARTESIAN_POINT('',(-35.75,18.7,-9.652749462259));
#3245 = DIRECTION('',(1.,-4.846065974908E-35,-3.469446951954E-17));
#3246 = DIRECTION('',(-3.468918538378E-17,1.745240643728E-02,
    -0.999847695156));
#3247 = PCURVE('',#3101,#3248);
#3248 = DEFINITIONAL_REPRESENTATION('',(#3249),#3253);
#3249 = LINE('',#3250,#3251);
#3250 = CARTESIAN_POINT('',(5.506513790042,-7.25));
#3251 = VECTOR('',#3252,1.);
#3252 = DIRECTION('',(1.,-4.574280890195E-15));
#3253 = ( GEOMETRIC_REPRESENTATION_CONTEXT(2) 
PARAMETRIC_REPRESENTATION_CONTEXT() REPRESENTATION_CONTEXT('2D SPACE',''
  ) );
#3254 = PCURVE('',#3255,#3260);
#3255 = TOROIDAL_SURFACE('',#3256,6.097250537741,0.8);
#3256 = AXIS2_PLACEMENT_3D('',#3257,#3258,#3259);
#3257 = CARTESIAN_POINT('',(-35.75,18.7,-15.75));
#3258 = DIRECTION('',(0.,1.,0.));
#3259 = DIRECTION('',(3.469446951954E-17,0.,1.));
#3260 = DEFINITIONAL_REPRESENTATION('',(#3261),#3265);
#3261 = LINE('',#3262,#3263);
#3262 = CARTESIAN_POINT('',(0.,3.12413936107));
#3263 = VECTOR('',#3264,1.);
#3264 = DIRECTION('',(0.,-1.));
#3265 = ( GEOMETRIC_REPRESENTATION_CONTEXT(2) 
PARAMETRIC_REPRESENTATION_CONTEXT() REPRESENTATION_CONTEXT('2D SPACE',''
  ) );
#3266 = ADVANCED_FACE('',(#3267),#3255,.F.);
#3267 = FACE_BOUND('',#3268,.F.);
#3268 = EDGE_LOOP('',(#3269,#3298,#3299,#3327));
#3269 = ORIENTED_EDGE('',*,*,#3270,.F.);
#3270 = EDGE_CURVE('',#3189,#3271,#3273,.T.);
#3271 = VERTEX_POINT('',#3272);
#3272 = CARTESIAN_POINT('',(-30.45262761838,18.71396192515,-15.75));
#3273 = SURFACE_CURVE('',#3274,(#3279,#3286),.PCURVE_S1.);
#3274 = CIRCLE('',#3275,5.297372381616);
#3275 = AXIS2_PLACEMENT_3D('',#3276,#3277,#3278);
#3276 = CARTESIAN_POINT('',(-35.75,18.71396192515,-15.75));
#3277 = DIRECTION('',(-0.,1.,0.));
#3278 = DIRECTION('',(0.707106781187,0.,0.707106781187));
#3279 = PCURVE('',#3255,#3280);
#3280 = DEFINITIONAL_REPRESENTATION('',(#3281),#3285);
#3281 = LINE('',#3282,#3283);
#3282 = CARTESIAN_POINT('',(-5.497787143782,3.12413936107));
#3283 = VECTOR('',#3284,1.);
#3284 = DIRECTION('',(1.,0.));
#3285 = ( GEOMETRIC_REPRESENTATION_CONTEXT(2) 
PARAMETRIC_REPRESENTATION_CONTEXT() REPRESENTATION_CONTEXT('2D SPACE',''
  ) );
#3286 = PCURVE('',#3287,#3292);
#3287 = CONICAL_SURFACE('',#3288,5.25,1.745329251994E-02);
#3288 = AXIS2_PLACEMENT_3D('',#3289,#3290,#3291);
#3289 = CARTESIAN_POINT('',(-35.75,16.,-15.75));
#3290 = DIRECTION('',(0.,1.,0.));
#3291 = DIRECTION('',(1.,0.,-4.576365741386E-16));
#3292 = DEFINITIONAL_REPRESENTATION('',(#3293),#3297);
#3293 = LINE('',#3294,#3295);
#3294 = CARTESIAN_POINT('',(-0.785398163397,2.71396192515));
#3295 = VECTOR('',#3296,1.);
#3296 = DIRECTION('',(1.,0.));
#3297 = ( GEOMETRIC_REPRESENTATION_CONTEXT(2) 
PARAMETRIC_REPRESENTATION_CONTEXT() REPRESENTATION_CONTEXT('2D SPACE',''
  ) );
#3298 = ORIENTED_EDGE('',*,*,#3240,.T.);
#3299 = ORIENTED_EDGE('',*,*,#3300,.F.);
#3300 = EDGE_CURVE('',#3301,#3218,#3303,.T.);
#3301 = VERTEX_POINT('',#3302);
#3302 = CARTESIAN_POINT('',(-29.65274946225,19.5,-15.75));
#3303 = SURFACE_CURVE('',#3304,(#3309,#3316),.PCURVE_S1.);
#3304 = CIRCLE('',#3305,6.097250537741);
#3305 = AXIS2_PLACEMENT_3D('',#3306,#3307,#3308);
#3306 = CARTESIAN_POINT('',(-35.75,19.5,-15.75));
#3307 = DIRECTION('',(0.,-1.,0.));
#3308 = DIRECTION('',(0.707106781187,0.,0.707106781187));
#3309 = PCURVE('',#3255,#3310);
#3310 = DEFINITIONAL_REPRESENTATION('',(#3311),#3315);
#3311 = LINE('',#3312,#3313);
#3312 = CARTESIAN_POINT('',(7.068583470577,1.570796326795));
#3313 = VECTOR('',#3314,1.);
#3314 = DIRECTION('',(-1.,0.));
#3315 = ( GEOMETRIC_REPRESENTATION_CONTEXT(2) 
PARAMETRIC_REPRESENTATION_CONTEXT() REPRESENTATION_CONTEXT('2D SPACE',''
  ) );
#3316 = PCURVE('',#2263,#3317);
#3317 = DEFINITIONAL_REPRESENTATION('',(#3318),#3326);
#3318 = ( BOUNDED_CURVE() B_SPLINE_CURVE(2,(#3319,#3320,#3321,#3322,
#3323,#3324,#3325),.UNSPECIFIED.,.T.,.F.) B_SPLINE_CURVE_WITH_KNOTS((1,2
    ,2,2,2,1),(-2.094395102393,0.,2.094395102393,4.188790204786,
6.28318530718,8.377580409573),.UNSPECIFIED.) CURVE() 
GEOMETRIC_REPRESENTATION_ITEM() RATIONAL_B_SPLINE_CURVE((1.,0.5,1.,0.5,
1.,0.5,1.)) REPRESENTATION_ITEM('') );
#3319 = CARTESIAN_POINT('',(-1.43859279817,-11.43859279817));
#3320 = CARTESIAN_POINT('',(6.028983527518,-18.90616912385));
#3321 = CARTESIAN_POINT('',(-4.171915438071,-21.63949176375));
#3322 = CARTESIAN_POINT('',(-14.37281440366,-24.37281440366));
#3323 = CARTESIAN_POINT('',(-11.63949176375,-14.17191543807));
#3324 = CARTESIAN_POINT('',(-8.906169123858,-3.971016472482));
#3325 = CARTESIAN_POINT('',(-1.43859279817,-11.43859279817));
#3326 = ( GEOMETRIC_REPRESENTATION_CONTEXT(2) 
PARAMETRIC_REPRESENTATION_CONTEXT() REPRESENTATION_CONTEXT('2D SPACE',''
  ) );
#3327 = ORIENTED_EDGE('',*,*,#3328,.F.);
#3328 = EDGE_CURVE('',#3271,#3301,#3329,.T.);
#3329 = SURFACE_CURVE('',#3330,(#3335,#3342),.PCURVE_S1.);
#3330 = CIRCLE('',#3331,0.8);
#3331 = AXIS2_PLACEMENT_3D('',#3332,#3333,#3334);
#3332 = CARTESIAN_POINT('',(-29.65274946225,18.7,-15.75));
#3333 = DIRECTION('',(-2.810674826337E-15,3.082590396838E-33,-1.));
#3334 = DIRECTION('',(-0.999847695156,1.745240643728E-02,
    2.810246746947E-15));
#3335 = PCURVE('',#3255,#3336);
#3336 = DEFINITIONAL_REPRESENTATION('',(#3337),#3341);
#3337 = LINE('',#3338,#3339);
#3338 = CARTESIAN_POINT('',(1.570796326795,3.12413936107));
#3339 = VECTOR('',#3340,1.);
#3340 = DIRECTION('',(1.429462778186E-16,-1.));
#3341 = ( GEOMETRIC_REPRESENTATION_CONTEXT(2) 
PARAMETRIC_REPRESENTATION_CONTEXT() REPRESENTATION_CONTEXT('2D SPACE',''
  ) );
#3342 = PCURVE('',#3343,#3348);
#3343 = CYLINDRICAL_SURFACE('',#3344,0.8);
#3344 = AXIS2_PLACEMENT_3D('',#3345,#3346,#3347);
#3345 = CARTESIAN_POINT('',(-29.65274946225,18.7,-12.875));
#3346 = DIRECTION('',(-3.469446951954E-17,0.,-1.));
#3347 = DIRECTION('',(-0.7009092643,0.713250449154,2.431767510621E-17));
#3348 = DEFINITIONAL_REPRESENTATION('',(#3349),#3353);
#3349 = LINE('',#3350,#3351);
#3350 = CARTESIAN_POINT('',(-0.776671517137,2.875));
#3351 = VECTOR('',#3352,1.);
#3352 = DIRECTION('',(1.,1.143570222549E-15));
#3353 = ( GEOMETRIC_REPRESENTATION_CONTEXT(2) 
PARAMETRIC_REPRESENTATION_CONTEXT() REPRESENTATION_CONTEXT('2D SPACE',''
  ) );
#3354 = ADVANCED_FACE('',(#3355),#3343,.F.);
#3355 = FACE_BOUND('',#3356,.F.);
#3356 = EDGE_LOOP('',(#3357,#3385,#3386,#3409));
#3357 = ORIENTED_EDGE('',*,*,#3358,.F.);
#3358 = EDGE_CURVE('',#3271,#3359,#3361,.T.);
#3359 = VERTEX_POINT('',#3360);
#3360 = CARTESIAN_POINT('',(-30.45262761838,18.71396192515,-16.));
#3361 = SURFACE_CURVE('',#3362,(#3366,#3373),.PCURVE_S1.);
#3362 = LINE('',#3363,#3364);
#3363 = CARTESIAN_POINT('',(-30.45262761838,18.71396192515,-12.875));
#3364 = VECTOR('',#3365,1.);
#3365 = DIRECTION('',(-3.469446951954E-17,0.,-1.));
#3366 = PCURVE('',#3343,#3367);
#3367 = DEFINITIONAL_REPRESENTATION('',(#3368),#3372);
#3368 = LINE('',#3369,#3370);
#3369 = CARTESIAN_POINT('',(-0.776671517137,0.));
#3370 = VECTOR('',#3371,1.);
#3371 = DIRECTION('',(0.,1.));
#3372 = ( GEOMETRIC_REPRESENTATION_CONTEXT(2) 
PARAMETRIC_REPRESENTATION_CONTEXT() REPRESENTATION_CONTEXT('2D SPACE',''
  ) );
#3373 = PCURVE('',#3374,#3379);
#3374 = PLANE('',#3375);
#3375 = AXIS2_PLACEMENT_3D('',#3376,#3377,#3378);
#3376 = CARTESIAN_POINT('',(-30.5,16.,-15.75));
#3377 = DIRECTION('',(0.999847695156,-1.745240643728E-02,
    -3.468918538378E-17));
#3378 = DIRECTION('',(-3.469446951954E-17,0.,-1.));
#3379 = DEFINITIONAL_REPRESENTATION('',(#3380),#3384);
#3380 = LINE('',#3381,#3382);
#3381 = CARTESIAN_POINT('',(-2.875,2.714375337661));
#3382 = VECTOR('',#3383,1.);
#3383 = DIRECTION('',(1.,0.));
#3384 = ( GEOMETRIC_REPRESENTATION_CONTEXT(2) 
PARAMETRIC_REPRESENTATION_CONTEXT() REPRESENTATION_CONTEXT('2D SPACE',''
  ) );
#3385 = ORIENTED_EDGE('',*,*,#3328,.T.);
#3386 = ORIENTED_EDGE('',*,*,#3387,.F.);
#3387 = EDGE_CURVE('',#3388,#3301,#3390,.T.);
#3388 = VERTEX_POINT('',#3389);
#3389 = CARTESIAN_POINT('',(-29.65274946225,19.5,-16.));
#3390 = SURFACE_CURVE('',#3391,(#3395,#3402),.PCURVE_S1.);
#3391 = LINE('',#3392,#3393);
#3392 = CARTESIAN_POINT('',(-29.65274946225,19.5,-12.875));
#3393 = VECTOR('',#3394,1.);
#3394 = DIRECTION('',(3.469446951954E-17,0.,1.));
#3395 = PCURVE('',#3343,#3396);
#3396 = DEFINITIONAL_REPRESENTATION('',(#3397),#3401);
#3397 = LINE('',#3398,#3399);
#3398 = CARTESIAN_POINT('',(0.776671517137,0.));
#3399 = VECTOR('',#3400,1.);
#3400 = DIRECTION('',(0.,-1.));
#3401 = ( GEOMETRIC_REPRESENTATION_CONTEXT(2) 
PARAMETRIC_REPRESENTATION_CONTEXT() REPRESENTATION_CONTEXT('2D SPACE',''
  ) );
#3402 = PCURVE('',#2263,#3403);
#3403 = DEFINITIONAL_REPRESENTATION('',(#3404),#3408);
#3404 = LINE('',#3405,#3406);
#3405 = CARTESIAN_POINT('',(-2.875,-9.652749462259));
#3406 = VECTOR('',#3407,1.);
#3407 = DIRECTION('',(1.,0.));
#3408 = ( GEOMETRIC_REPRESENTATION_CONTEXT(2) 
PARAMETRIC_REPRESENTATION_CONTEXT() REPRESENTATION_CONTEXT('2D SPACE',''
  ) );
#3409 = ORIENTED_EDGE('',*,*,#3410,.F.);
#3410 = EDGE_CURVE('',#3359,#3388,#3411,.T.);
#3411 = SURFACE_CURVE('',#3412,(#3417,#3424),.PCURVE_S1.);
#3412 = CIRCLE('',#3413,0.8);
#3413 = AXIS2_PLACEMENT_3D('',#3414,#3415,#3416);
#3414 = CARTESIAN_POINT('',(-29.65274946225,18.7,-16.));
#3415 = DIRECTION('',(-3.469446951954E-17,1.431585510214E-35,-1.));
#3416 = DIRECTION('',(-0.999847695156,1.745240643728E-02,
    3.468918538378E-17));
#3417 = PCURVE('',#3343,#3418);
#3418 = DEFINITIONAL_REPRESENTATION('',(#3419),#3423);
#3419 = LINE('',#3420,#3421);
#3420 = CARTESIAN_POINT('',(-0.776671517137,3.125));
#3421 = VECTOR('',#3422,1.);
#3422 = DIRECTION('',(1.,0.));
#3423 = ( GEOMETRIC_REPRESENTATION_CONTEXT(2) 
PARAMETRIC_REPRESENTATION_CONTEXT() REPRESENTATION_CONTEXT('2D SPACE',''
  ) );
#3424 = PCURVE('',#3425,#3435);
#3425 = ( BOUNDED_SURFACE() B_SPLINE_SURFACE(2,2,(
    (#3426,#3427,#3428)
    ,(#3429,#3430,#3431)
    ,(#3432,#3433,#3434
)),.UNSPECIFIED.,.F.,.F.,.F.) B_SPLINE_SURFACE_WITH_KNOTS((3,3),(3,3),(
    -1.570796326795,-1.745329251994E-02),(-1.570796326795,
    6.032577334301E-16),.PIECEWISE_BEZIER_KNOTS.) 
GEOMETRIC_REPRESENTATION_ITEM() RATIONAL_B_SPLINE_SURFACE((
    (1.,0.707106781187,1.)
    ,(0.713250449154,0.504344229281,0.713250449154)
,(1.,0.707106781187,1.))) REPRESENTATION_ITEM('') SURFACE() );
#3426 = CARTESIAN_POINT('',(-29.65274946225,19.5,-16.));
#3427 = CARTESIAN_POINT('',(-29.65274946225,19.5,-16.15274946225));
#3428 = CARTESIAN_POINT('',(-29.5,19.5,-16.15274946225));
#3429 = CARTESIAN_POINT('',(-30.43890727275,19.5,-16.));
#3430 = CARTESIAN_POINT('',(-30.43890727275,19.5,-16.93890727275));
#3431 = CARTESIAN_POINT('',(-29.5,19.5,-16.93890727275));
#3432 = CARTESIAN_POINT('',(-30.45262761838,18.71396192515,-16.));
#3433 = CARTESIAN_POINT('',(-30.45262761838,18.71396192515,
    -16.95262761838));
#3434 = CARTESIAN_POINT('',(-29.5,18.71396192515,-16.95262761838));
#3435 = DEFINITIONAL_REPRESENTATION('',(#3436),#3462);
#3436 = B_SPLINE_CURVE_WITH_KNOTS('',3,(#3437,#3438,#3439,#3440,#3441,
    #3442,#3443,#3444,#3445,#3446,#3447,#3448,#3449,#3450,#3451,#3452,
    #3453,#3454,#3455,#3456,#3457,#3458,#3459,#3460,#3461),
  .UNSPECIFIED.,.F.,.F.,(4,1,1,1,1,1,1,1,1,1,1,1,1,1,1,1,1,1,1,1,1,1,4),
  (0.,7.060650155795E-02,0.141213003116,0.211819504674,0.282426006232,
    0.35303250779,0.423639009348,0.494245510906,0.564852012464,
    0.635458514022,0.70606501558,0.776671517137,0.847278018695,
    0.917884520253,0.988491021811,1.059097523369,1.129704024927,
    1.200310526485,1.270917028043,1.341523529601,1.412130031159,
    1.482736532717,1.553343034275),.QUASI_UNIFORM_KNOTS.);
#3437 = CARTESIAN_POINT('',(-1.745329251994E-02,-1.570796326795));
#3438 = CARTESIAN_POINT('',(-4.353085852513E-02,-1.570796326795));
#3439 = CARTESIAN_POINT('',(-9.494006212657E-02,-1.570796326795));
#3440 = CARTESIAN_POINT('',(-0.170070154233,-1.570796326795));
#3441 = CARTESIAN_POINT('',(-0.243478758564,-1.570796326795));
#3442 = CARTESIAN_POINT('',(-0.315399563074,-1.570796326795));
#3443 = CARTESIAN_POINT('',(-0.386051828275,-1.570796326795));
#3444 = CARTESIAN_POINT('',(-0.455640331378,-1.570796326795));
#3445 = CARTESIAN_POINT('',(-0.524358662335,-1.570796326795));
#3446 = CARTESIAN_POINT('',(-0.592391268864,-1.570796326795));
#3447 = CARTESIAN_POINT('',(-0.659915560181,-1.570796326795));
#3448 = CARTESIAN_POINT('',(-0.727103783879,-1.570796326795));
#3449 = CARTESIAN_POINT('',(-0.794124809657,-1.570796326795));
#3450 = CARTESIAN_POINT('',(-0.861145835435,-1.570796326795));
#3451 = CARTESIAN_POINT('',(-0.928334059134,-1.570796326795));
#3452 = CARTESIAN_POINT('',(-0.995858350451,-1.570796326795));
#3453 = CARTESIAN_POINT('',(-1.06389095698,-1.570796326795));
#3454 = CARTESIAN_POINT('',(-1.132609287937,-1.570796326795));
#3455 = CARTESIAN_POINT('',(-1.20219779104,-1.570796326795));
#3456 = CARTESIAN_POINT('',(-1.272850056241,-1.570796326795));
#3457 = CARTESIAN_POINT('',(-1.34477086075,-1.570796326795));
#3458 = CARTESIAN_POINT('',(-1.418179465082,-1.570796326795));
#3459 = CARTESIAN_POINT('',(-1.493309557188,-1.570796326795));
#3460 = CARTESIAN_POINT('',(-1.54471876079,-1.570796326795));
#3461 = CARTESIAN_POINT('',(-1.570796326795,-1.570796326795));
#3462 = ( GEOMETRIC_REPRESENTATION_CONTEXT(2) 
PARAMETRIC_REPRESENTATION_CONTEXT() REPRESENTATION_CONTEXT('2D SPACE',''
  ) );
#3463 = ADVANCED_FACE('',(#3464),#3425,.T.);
#3464 = FACE_BOUND('',#3465,.T.);
#3465 = EDGE_LOOP('',(#3466,#3512,#3534,#3535));
#3466 = ORIENTED_EDGE('',*,*,#3467,.T.);
#3467 = EDGE_CURVE('',#303,#3468,#3470,.T.);
#3468 = VERTEX_POINT('',#3469);
#3469 = CARTESIAN_POINT('',(-29.5,19.5,-16.15274946225));
#3470 = SURFACE_CURVE('',#3471,(#3476,#3505),.PCURVE_S1.);
#3471 = CIRCLE('',#3472,0.8);
#3472 = AXIS2_PLACEMENT_3D('',#3473,#3474,#3475);
#3473 = CARTESIAN_POINT('',(-29.5,18.7,-16.15274946225));
#3474 = DIRECTION('',(1.,-1.507100383673E-32,5.517266244114E-15));
#3475 = DIRECTION('',(5.516425937742E-15,1.745240643728E-02,
    -0.999847695156));
#3476 = PCURVE('',#3425,#3477);
#3477 = DEFINITIONAL_REPRESENTATION('',(#3478),#3504);
#3478 = B_SPLINE_CURVE_WITH_KNOTS('',3,(#3479,#3480,#3481,#3482,#3483,
    #3484,#3485,#3486,#3487,#3488,#3489,#3490,#3491,#3492,#3493,#3494,
    #3495,#3496,#3497,#3498,#3499,#3500,#3501,#3502,#3503),
  .UNSPECIFIED.,.F.,.F.,(4,1,1,1,1,1,1,1,1,1,1,1,1,1,1,1,1,1,1,1,1,1,4),
  (0.,7.060650155795E-02,0.141213003116,0.211819504674,0.282426006232,
    0.35303250779,0.423639009348,0.494245510906,0.564852012464,
    0.635458514022,0.70606501558,0.776671517137,0.847278018695,
    0.917884520253,0.988491021811,1.059097523369,1.129704024927,
    1.200310526485,1.270917028043,1.341523529601,1.412130031159,
    1.482736532717,1.553343034275),.QUASI_UNIFORM_KNOTS.);
#3479 = CARTESIAN_POINT('',(-1.745329251994E-02,6.032577334301E-16));
#3480 = CARTESIAN_POINT('',(-4.353085852513E-02,6.032577334301E-16));
#3481 = CARTESIAN_POINT('',(-9.494006212657E-02,6.032577334301E-16));
#3482 = CARTESIAN_POINT('',(-0.170070154233,6.032577334301E-16));
#3483 = CARTESIAN_POINT('',(-0.243478758564,6.032577334301E-16));
#3484 = CARTESIAN_POINT('',(-0.315399563074,6.032577334301E-16));
#3485 = CARTESIAN_POINT('',(-0.386051828275,6.032577334301E-16));
#3486 = CARTESIAN_POINT('',(-0.455640331378,6.032577334301E-16));
#3487 = CARTESIAN_POINT('',(-0.524358662335,6.032577334301E-16));
#3488 = CARTESIAN_POINT('',(-0.592391268864,6.032577334301E-16));
#3489 = CARTESIAN_POINT('',(-0.659915560181,6.032577334301E-16));
#3490 = CARTESIAN_POINT('',(-0.727103783879,6.032577334301E-16));
#3491 = CARTESIAN_POINT('',(-0.794124809657,6.032577334301E-16));
#3492 = CARTESIAN_POINT('',(-0.861145835435,6.032577334301E-16));
#3493 = CARTESIAN_POINT('',(-0.928334059134,6.032577334301E-16));
#3494 = CARTESIAN_POINT('',(-0.995858350451,6.032577334301E-16));
#3495 = CARTESIAN_POINT('',(-1.06389095698,6.032577334301E-16));
#3496 = CARTESIAN_POINT('',(-1.132609287937,6.032577334301E-16));
#3497 = CARTESIAN_POINT('',(-1.20219779104,6.032577334301E-16));
#3498 = CARTESIAN_POINT('',(-1.272850056241,6.032577334301E-16));
#3499 = CARTESIAN_POINT('',(-1.34477086075,6.032577334301E-16));
#3500 = CARTESIAN_POINT('',(-1.418179465082,6.032577334301E-16));
#3501 = CARTESIAN_POINT('',(-1.493309557188,6.032577334301E-16));
#3502 = CARTESIAN_POINT('',(-1.54471876079,6.032577334301E-16));
#3503 = CARTESIAN_POINT('',(-1.570796326795,6.032577334301E-16));
#3504 = ( GEOMETRIC_REPRESENTATION_CONTEXT(2) 
PARAMETRIC_REPRESENTATION_CONTEXT() REPRESENTATION_CONTEXT('2D SPACE',''
  ) );
#3505 = PCURVE('',#100,#3506);
#3506 = DEFINITIONAL_REPRESENTATION('',(#3507),#3511);
#3507 = LINE('',#3508,#3509);
#3508 = CARTESIAN_POINT('',(7.059856824317,19.5));
#3509 = VECTOR('',#3510,1.);
#3510 = DIRECTION('',(-1.,4.574280890195E-15));
#3511 = ( GEOMETRIC_REPRESENTATION_CONTEXT(2) 
PARAMETRIC_REPRESENTATION_CONTEXT() REPRESENTATION_CONTEXT('2D SPACE',''
  ) );
#3512 = ORIENTED_EDGE('',*,*,#3513,.T.);
#3513 = EDGE_CURVE('',#3468,#3388,#3514,.T.);
#3514 = SURFACE_CURVE('',#3515,(#3520,#3527),.PCURVE_S1.);
#3515 = CIRCLE('',#3516,0.152749462259);
#3516 = AXIS2_PLACEMENT_3D('',#3517,#3518,#3519);
#3517 = CARTESIAN_POINT('',(-29.5,19.5,-16.));
#3518 = DIRECTION('',(0.,1.,0.));
#3519 = DIRECTION('',(-0.707106781187,0.,-0.707106781187));
#3520 = PCURVE('',#3425,#3521);
#3521 = DEFINITIONAL_REPRESENTATION('',(#3522),#3526);
#3522 = LINE('',#3523,#3524);
#3523 = CARTESIAN_POINT('',(-1.570796326795,5.497787143782));
#3524 = VECTOR('',#3525,1.);
#3525 = DIRECTION('',(-4.099381589442E-15,-1.));
#3526 = ( GEOMETRIC_REPRESENTATION_CONTEXT(2) 
PARAMETRIC_REPRESENTATION_CONTEXT() REPRESENTATION_CONTEXT('2D SPACE',''
  ) );
#3527 = PCURVE('',#2263,#3528);
#3528 = DEFINITIONAL_REPRESENTATION('',(#3529),#3533);
#3529 = CIRCLE('',#3530,0.152749462259);
#3530 = AXIS2_PLACEMENT_2D('',#3531,#3532);
#3531 = CARTESIAN_POINT('',(-6.,-9.5));
#3532 = DIRECTION('',(-0.707106781187,-0.707106781187));
#3533 = ( GEOMETRIC_REPRESENTATION_CONTEXT(2) 
PARAMETRIC_REPRESENTATION_CONTEXT() REPRESENTATION_CONTEXT('2D SPACE',''
  ) );
#3534 = ORIENTED_EDGE('',*,*,#3410,.F.);
#3535 = ORIENTED_EDGE('',*,*,#3536,.T.);
#3536 = EDGE_CURVE('',#3359,#303,#3537,.T.);
#3537 = SURFACE_CURVE('',#3538,(#3543,#3572),.PCURVE_S1.);
#3538 = CIRCLE('',#3539,0.952627618384);
#3539 = AXIS2_PLACEMENT_3D('',#3540,#3541,#3542);
#3540 = CARTESIAN_POINT('',(-29.5,18.71396192515,-16.));
#3541 = DIRECTION('',(0.,-1.,0.));
#3542 = DIRECTION('',(-0.707106781187,-0.,-0.707106781187));
#3543 = PCURVE('',#3425,#3544);
#3544 = DEFINITIONAL_REPRESENTATION('',(#3545),#3571);
#3545 = B_SPLINE_CURVE_WITH_KNOTS('',3,(#3546,#3547,#3548,#3549,#3550,
    #3551,#3552,#3553,#3554,#3555,#3556,#3557,#3558,#3559,#3560,#3561,
    #3562,#3563,#3564,#3565,#3566,#3567,#3568,#3569,#3570),
  .UNSPECIFIED.,.F.,.F.,(4,1,1,1,1,1,1,1,1,1,1,1,1,1,1,1,1,1,1,1,1,1,4),
  (5.497787143782,5.569186976818,5.640586809854,5.711986642891,
    5.783386475927,5.854786308963,5.926186141999,5.997585975035,
    6.068985808071,6.140385641107,6.211785474143,6.28318530718,
    6.354585140216,6.425984973252,6.497384806288,6.568784639324,
    6.64018447236,6.711584305396,6.782984138432,6.854383971469,
    6.925783804505,6.997183637541,7.068583470577),
  .QUASI_UNIFORM_KNOTS.);
#3546 = CARTESIAN_POINT('',(-1.745329251994E-02,-1.570796326795));
#3547 = CARTESIAN_POINT('',(-1.745329251994E-02,-1.544363278267));
#3548 = CARTESIAN_POINT('',(-1.745329251994E-02,-1.492271114166));
#3549 = CARTESIAN_POINT('',(-1.745329251994E-02,-1.416189872242));
#3550 = CARTESIAN_POINT('',(-1.745329251994E-02,-1.341892168614));
#3551 = CARTESIAN_POINT('',(-1.745329251994E-02,-1.269134886861));
#3552 = CARTESIAN_POINT('',(-1.745329251994E-02,-1.197690220556));
#3553 = CARTESIAN_POINT('',(-1.745329251994E-02,-1.12734572285));
#3554 = CARTESIAN_POINT('',(-1.745329251994E-02,-1.057900795762));
#3555 = CARTESIAN_POINT('',(-1.745329251994E-02,-0.989164516627));
#3556 = CARTESIAN_POINT('',(-1.745329251994E-02,-0.92095340603));
#3557 = CARTESIAN_POINT('',(-1.745329251994E-02,-0.85308944002));
#3558 = CARTESIAN_POINT('',(-1.745329251994E-02,-0.785398163397));
#3559 = CARTESIAN_POINT('',(-1.745329251994E-02,-0.717706886775));
#3560 = CARTESIAN_POINT('',(-1.745329251994E-02,-0.649842920765));
#3561 = CARTESIAN_POINT('',(-1.745329251994E-02,-0.581631810168));
#3562 = CARTESIAN_POINT('',(-1.745329251994E-02,-0.512895531033));
#3563 = CARTESIAN_POINT('',(-1.745329251994E-02,-0.443450603945));
#3564 = CARTESIAN_POINT('',(-1.745329251994E-02,-0.373106106239));
#3565 = CARTESIAN_POINT('',(-1.745329251994E-02,-0.301661439934));
#3566 = CARTESIAN_POINT('',(-1.745329251994E-02,-0.228904158181));
#3567 = CARTESIAN_POINT('',(-1.745329251994E-02,-0.154606454553));
#3568 = CARTESIAN_POINT('',(-1.745329251994E-02,-7.852521262871E-02));
#3569 = CARTESIAN_POINT('',(-1.745329251994E-02,-2.643304852827E-02));
#3570 = CARTESIAN_POINT('',(-1.745329251994E-02,6.032577334301E-16));
#3571 = ( GEOMETRIC_REPRESENTATION_CONTEXT(2) 
PARAMETRIC_REPRESENTATION_CONTEXT() REPRESENTATION_CONTEXT('2D SPACE',''
  ) );
#3572 = PCURVE('',#341,#3573);
#3573 = DEFINITIONAL_REPRESENTATION('',(#3574),#3578);
#3574 = LINE('',#3575,#3576);
#3575 = CARTESIAN_POINT('',(-6.28318530718,-2.71396192515));
#3576 = VECTOR('',#3577,1.);
#3577 = DIRECTION('',(1.,0.));
#3578 = ( GEOMETRIC_REPRESENTATION_CONTEXT(2) 
PARAMETRIC_REPRESENTATION_CONTEXT() REPRESENTATION_CONTEXT('2D SPACE',''
  ) );
#3579 = ADVANCED_FACE('',(#3580),#100,.F.);
#3580 = FACE_BOUND('',#3581,.F.);
#3581 = EDGE_LOOP('',(#3582,#3583,#3584,#3585,#3586,#3609,#3665,#3686));
#3582 = ORIENTED_EDGE('',*,*,#84,.F.);
#3583 = ORIENTED_EDGE('',*,*,#245,.F.);
#3584 = ORIENTED_EDGE('',*,*,#302,.F.);
#3585 = ORIENTED_EDGE('',*,*,#3467,.T.);
#3586 = ORIENTED_EDGE('',*,*,#3587,.F.);
#3587 = EDGE_CURVE('',#3588,#3468,#3590,.T.);
#3588 = VERTEX_POINT('',#3589);
#3589 = CARTESIAN_POINT('',(29.5,19.5,-16.15274946225));
#3590 = SURFACE_CURVE('',#3591,(#3595,#3602),.PCURVE_S1.);
#3591 = LINE('',#3592,#3593);
#3592 = CARTESIAN_POINT('',(-10.,19.5,-16.15274946225));
#3593 = VECTOR('',#3594,1.);
#3594 = DIRECTION('',(-1.,0.,1.457167719821E-16));
#3595 = PCURVE('',#100,#3596);
#3596 = DEFINITIONAL_REPRESENTATION('',(#3597),#3601);
#3597 = LINE('',#3598,#3599);
#3598 = CARTESIAN_POINT('',(5.506513790042,0.));
#3599 = VECTOR('',#3600,1.);
#3600 = DIRECTION('',(-1.505387152034E-17,1.));
#3601 = ( GEOMETRIC_REPRESENTATION_CONTEXT(2) 
PARAMETRIC_REPRESENTATION_CONTEXT() REPRESENTATION_CONTEXT('2D SPACE',''
  ) );
#3602 = PCURVE('',#2263,#3603);
#3603 = DEFINITIONAL_REPRESENTATION('',(#3604),#3608);
#3604 = LINE('',#3605,#3606);
#3605 = CARTESIAN_POINT('',(-6.152749462259,10.));
#3606 = VECTOR('',#3607,1.);
#3607 = DIRECTION('',(1.110223024625E-16,-1.));
#3608 = ( GEOMETRIC_REPRESENTATION_CONTEXT(2) 
PARAMETRIC_REPRESENTATION_CONTEXT() REPRESENTATION_CONTEXT('2D SPACE',''
  ) );
#3609 = ORIENTED_EDGE('',*,*,#3610,.F.);
#3610 = EDGE_CURVE('',#3611,#3588,#3613,.T.);
#3611 = VERTEX_POINT('',#3612);
#3612 = CARTESIAN_POINT('',(29.5,18.71396192515,-16.95262761838));
#3613 = SURFACE_CURVE('',#3614,(#3619,#3626),.PCURVE_S1.);
#3614 = CIRCLE('',#3615,0.8);
#3615 = AXIS2_PLACEMENT_3D('',#3616,#3617,#3618);
#3616 = CARTESIAN_POINT('',(29.5,18.7,-16.15274946225));
#3617 = DIRECTION('',(1.,-4.476472116592E-35,-3.469446951954E-17));
#3618 = DIRECTION('',(-3.468918538378E-17,1.745240643728E-02,
    -0.999847695156));
#3619 = PCURVE('',#100,#3620);
#3620 = DEFINITIONAL_REPRESENTATION('',(#3621),#3625);
#3621 = LINE('',#3622,#3623);
#3622 = CARTESIAN_POINT('',(7.059856824317,-39.5));
#3623 = VECTOR('',#3624,1.);
#3624 = DIRECTION('',(-1.,0.));
#3625 = ( GEOMETRIC_REPRESENTATION_CONTEXT(2) 
PARAMETRIC_REPRESENTATION_CONTEXT() REPRESENTATION_CONTEXT('2D SPACE',''
  ) );
#3626 = PCURVE('',#3627,#3637);
#3627 = ( BOUNDED_SURFACE() B_SPLINE_SURFACE(2,2,(
    (#3628,#3629,#3630)
    ,(#3631,#3632,#3633)
    ,(#3634,#3635,#3636
)),.UNSPECIFIED.,.F.,.F.,.F.) B_SPLINE_SURFACE_WITH_KNOTS((3,3),(3,3),(
    -1.570796326795,-1.745329251994E-02),(0.,1.570796326795),
.PIECEWISE_BEZIER_KNOTS.) GEOMETRIC_REPRESENTATION_ITEM() 
RATIONAL_B_SPLINE_SURFACE((
    (1.,0.707106781187,1.)
    ,(0.713250449154,0.504344229281,0.713250449154)
,(1.,0.707106781187,1.))) REPRESENTATION_ITEM('') SURFACE() );
#3628 = CARTESIAN_POINT('',(29.5,19.5,-16.15274946225));
#3629 = CARTESIAN_POINT('',(29.652749462259,19.5,-16.15274946225));
#3630 = CARTESIAN_POINT('',(29.652749462259,19.5,-16.));
#3631 = CARTESIAN_POINT('',(29.5,19.5,-16.93890727275));
#3632 = CARTESIAN_POINT('',(30.438907272751,19.5,-16.93890727275));
#3633 = CARTESIAN_POINT('',(30.438907272751,19.5,-16.));
#3634 = CARTESIAN_POINT('',(29.5,18.71396192515,-16.95262761838));
#3635 = CARTESIAN_POINT('',(30.452627618384,18.71396192515,
    -16.95262761838));
#3636 = CARTESIAN_POINT('',(30.452627618384,18.71396192515,-16.));
#3637 = DEFINITIONAL_REPRESENTATION('',(#3638),#3664);
#3638 = B_SPLINE_CURVE_WITH_KNOTS('',3,(#3639,#3640,#3641,#3642,#3643,
    #3644,#3645,#3646,#3647,#3648,#3649,#3650,#3651,#3652,#3653,#3654,
    #3655,#3656,#3657,#3658,#3659,#3660,#3661,#3662,#3663),
  .UNSPECIFIED.,.F.,.F.,(4,1,1,1,1,1,1,1,1,1,1,1,1,1,1,1,1,1,1,1,1,1,4),
  (0.,7.060650155795E-02,0.141213003116,0.211819504674,0.282426006232,
    0.35303250779,0.423639009348,0.494245510906,0.564852012464,
    0.635458514022,0.70606501558,0.776671517137,0.847278018695,
    0.917884520253,0.988491021811,1.059097523369,1.129704024927,
    1.200310526485,1.270917028043,1.341523529601,1.412130031159,
    1.482736532717,1.553343034275),.QUASI_UNIFORM_KNOTS.);
#3639 = CARTESIAN_POINT('',(-1.745329251994E-02,0.));
#3640 = CARTESIAN_POINT('',(-4.353085852513E-02,0.));
#3641 = CARTESIAN_POINT('',(-9.494006212657E-02,0.));
#3642 = CARTESIAN_POINT('',(-0.170070154233,0.));
#3643 = CARTESIAN_POINT('',(-0.243478758564,0.));
#3644 = CARTESIAN_POINT('',(-0.315399563074,0.));
#3645 = CARTESIAN_POINT('',(-0.386051828275,0.));
#3646 = CARTESIAN_POINT('',(-0.455640331378,0.));
#3647 = CARTESIAN_POINT('',(-0.524358662335,0.));
#3648 = CARTESIAN_POINT('',(-0.592391268864,0.));
#3649 = CARTESIAN_POINT('',(-0.659915560181,0.));
#3650 = CARTESIAN_POINT('',(-0.727103783879,0.));
#3651 = CARTESIAN_POINT('',(-0.794124809657,0.));
#3652 = CARTESIAN_POINT('',(-0.861145835435,0.));
#3653 = CARTESIAN_POINT('',(-0.928334059134,0.));
#3654 = CARTESIAN_POINT('',(-0.995858350451,0.));
#3655 = CARTESIAN_POINT('',(-1.06389095698,0.));
#3656 = CARTESIAN_POINT('',(-1.132609287937,0.));
#3657 = CARTESIAN_POINT('',(-1.20219779104,0.));
#3658 = CARTESIAN_POINT('',(-1.272850056241,0.));
#3659 = CARTESIAN_POINT('',(-1.34477086075,0.));
#3660 = CARTESIAN_POINT('',(-1.418179465082,0.));
#3661 = CARTESIAN_POINT('',(-1.493309557188,0.));
#3662 = CARTESIAN_POINT('',(-1.54471876079,-0.));
#3663 = CARTESIAN_POINT('',(-1.570796326795,0.));
#3664 = ( GEOMETRIC_REPRESENTATION_CONTEXT(2) 
PARAMETRIC_REPRESENTATION_CONTEXT() REPRESENTATION_CONTEXT('2D SPACE',''
  ) );
#3665 = ORIENTED_EDGE('',*,*,#3666,.F.);
#3666 = EDGE_CURVE('',#165,#3611,#3667,.T.);
#3667 = SURFACE_CURVE('',#3668,(#3672,#3679),.PCURVE_S1.);
#3668 = LINE('',#3669,#3670);
#3669 = CARTESIAN_POINT('',(-10.,18.71396192515,-16.95262761838));
#3670 = VECTOR('',#3671,1.);
#3671 = DIRECTION('',(1.,0.,-1.457167719821E-16));
#3672 = PCURVE('',#100,#3673);
#3673 = DEFINITIONAL_REPRESENTATION('',(#3674),#3678);
#3674 = LINE('',#3675,#3676);
#3675 = CARTESIAN_POINT('',(7.059856824317,0.));
#3676 = VECTOR('',#3677,1.);
#3677 = DIRECTION('',(-6.530092843677E-17,-1.));
#3678 = ( GEOMETRIC_REPRESENTATION_CONTEXT(2) 
PARAMETRIC_REPRESENTATION_CONTEXT() REPRESENTATION_CONTEXT('2D SPACE',''
  ) );
#3679 = PCURVE('',#180,#3680);
#3680 = DEFINITIONAL_REPRESENTATION('',(#3681),#3685);
#3681 = LINE('',#3682,#3683);
#3682 = CARTESIAN_POINT('',(10.,2.714375337661));
#3683 = VECTOR('',#3684,1.);
#3684 = DIRECTION('',(-1.,0.));
#3685 = ( GEOMETRIC_REPRESENTATION_CONTEXT(2) 
PARAMETRIC_REPRESENTATION_CONTEXT() REPRESENTATION_CONTEXT('2D SPACE',''
  ) );
#3686 = ORIENTED_EDGE('',*,*,#192,.F.);
#3687 = ADVANCED_FACE('',(#3688),#3627,.T.);
#3688 = FACE_BOUND('',#3689,.T.);
#3689 = EDGE_LOOP('',(#3690,#3743,#3765,#3766));
#3690 = ORIENTED_EDGE('',*,*,#3691,.T.);
#3691 = EDGE_CURVE('',#3692,#3694,#3696,.T.);
#3692 = VERTEX_POINT('',#3693);
#3693 = CARTESIAN_POINT('',(30.452627618384,18.71396192515,-16.));
#3694 = VERTEX_POINT('',#3695);
#3695 = CARTESIAN_POINT('',(29.652749462259,19.5,-16.));
#3696 = SURFACE_CURVE('',#3697,(#3702,#3731),.PCURVE_S1.);
#3697 = CIRCLE('',#3698,0.8);
#3698 = AXIS2_PLACEMENT_3D('',#3699,#3700,#3701);
#3699 = CARTESIAN_POINT('',(29.652749462259,18.7,-16.));
#3700 = DIRECTION('',(3.469446951954E-17,3.4705040641E-35,1.));
#3701 = DIRECTION('',(0.999847695156,1.745240643728E-02,
    -3.468918538378E-17));
#3702 = PCURVE('',#3627,#3703);
#3703 = DEFINITIONAL_REPRESENTATION('',(#3704),#3730);
#3704 = B_SPLINE_CURVE_WITH_KNOTS('',3,(#3705,#3706,#3707,#3708,#3709,
    #3710,#3711,#3712,#3713,#3714,#3715,#3716,#3717,#3718,#3719,#3720,
    #3721,#3722,#3723,#3724,#3725,#3726,#3727,#3728,#3729),
  .UNSPECIFIED.,.F.,.F.,(4,1,1,1,1,1,1,1,1,1,1,1,1,1,1,1,1,1,1,1,1,1,4),
  (0.,7.060650155795E-02,0.141213003116,0.211819504674,0.282426006232,
    0.35303250779,0.423639009348,0.494245510906,0.564852012464,
    0.635458514022,0.70606501558,0.776671517137,0.847278018695,
    0.917884520253,0.988491021811,1.059097523369,1.129704024927,
    1.200310526485,1.270917028043,1.341523529601,1.412130031159,
    1.482736532717,1.553343034275),.QUASI_UNIFORM_KNOTS.);
#3705 = CARTESIAN_POINT('',(-1.745329251994E-02,1.570796326795));
#3706 = CARTESIAN_POINT('',(-4.353085852513E-02,1.570796326795));
#3707 = CARTESIAN_POINT('',(-9.494006212657E-02,1.570796326795));
#3708 = CARTESIAN_POINT('',(-0.170070154233,1.570796326795));
#3709 = CARTESIAN_POINT('',(-0.243478758564,1.570796326795));
#3710 = CARTESIAN_POINT('',(-0.315399563074,1.570796326795));
#3711 = CARTESIAN_POINT('',(-0.386051828275,1.570796326795));
#3712 = CARTESIAN_POINT('',(-0.455640331378,1.570796326795));
#3713 = CARTESIAN_POINT('',(-0.524358662335,1.570796326795));
#3714 = CARTESIAN_POINT('',(-0.592391268864,1.570796326795));
#3715 = CARTESIAN_POINT('',(-0.659915560181,1.570796326795));
#3716 = CARTESIAN_POINT('',(-0.727103783879,1.570796326795));
#3717 = CARTESIAN_POINT('',(-0.794124809657,1.570796326795));
#3718 = CARTESIAN_POINT('',(-0.861145835435,1.570796326795));
#3719 = CARTESIAN_POINT('',(-0.928334059134,1.570796326795));
#3720 = CARTESIAN_POINT('',(-0.995858350451,1.570796326795));
#3721 = CARTESIAN_POINT('',(-1.06389095698,1.570796326795));
#3722 = CARTESIAN_POINT('',(-1.132609287937,1.570796326795));
#3723 = CARTESIAN_POINT('',(-1.20219779104,1.570796326795));
#3724 = CARTESIAN_POINT('',(-1.272850056241,1.570796326795));
#3725 = CARTESIAN_POINT('',(-1.34477086075,1.570796326795));
#3726 = CARTESIAN_POINT('',(-1.418179465082,1.570796326795));
#3727 = CARTESIAN_POINT('',(-1.493309557188,1.570796326795));
#3728 = CARTESIAN_POINT('',(-1.54471876079,1.570796326795));
#3729 = CARTESIAN_POINT('',(-1.570796326795,1.570796326795));
#3730 = ( GEOMETRIC_REPRESENTATION_CONTEXT(2) 
PARAMETRIC_REPRESENTATION_CONTEXT() REPRESENTATION_CONTEXT('2D SPACE',''
  ) );
#3731 = PCURVE('',#3732,#3737);
#3732 = CYLINDRICAL_SURFACE('',#3733,0.8);
#3733 = AXIS2_PLACEMENT_3D('',#3734,#3735,#3736);
#3734 = CARTESIAN_POINT('',(29.652749462259,18.7,-12.875));
#3735 = DIRECTION('',(-4.020885092637E-16,0.,-1.));
#3736 = DIRECTION('',(0.7009092643,0.713250449154,-2.818275612115E-16));
#3737 = DEFINITIONAL_REPRESENTATION('',(#3738),#3742);
#3738 = LINE('',#3739,#3740);
#3739 = CARTESIAN_POINT('',(7.059856824317,3.125));
#3740 = VECTOR('',#3741,1.);
#3741 = DIRECTION('',(-1.,0.));
#3742 = ( GEOMETRIC_REPRESENTATION_CONTEXT(2) 
PARAMETRIC_REPRESENTATION_CONTEXT() REPRESENTATION_CONTEXT('2D SPACE',''
  ) );
#3743 = ORIENTED_EDGE('',*,*,#3744,.T.);
#3744 = EDGE_CURVE('',#3694,#3588,#3745,.T.);
#3745 = SURFACE_CURVE('',#3746,(#3751,#3758),.PCURVE_S1.);
#3746 = CIRCLE('',#3747,0.152749462259);
#3747 = AXIS2_PLACEMENT_3D('',#3748,#3749,#3750);
#3748 = CARTESIAN_POINT('',(29.5,19.5,-16.));
#3749 = DIRECTION('',(0.,1.,0.));
#3750 = DIRECTION('',(0.707106781187,0.,-0.707106781187));
#3751 = PCURVE('',#3627,#3752);
#3752 = DEFINITIONAL_REPRESENTATION('',(#3753),#3757);
#3753 = LINE('',#3754,#3755);
#3754 = CARTESIAN_POINT('',(-1.570796326795,7.068583470577));
#3755 = VECTOR('',#3756,1.);
#3756 = DIRECTION('',(5.654319433713E-15,-1.));
#3757 = ( GEOMETRIC_REPRESENTATION_CONTEXT(2) 
PARAMETRIC_REPRESENTATION_CONTEXT() REPRESENTATION_CONTEXT('2D SPACE',''
  ) );
#3758 = PCURVE('',#2263,#3759);
#3759 = DEFINITIONAL_REPRESENTATION('',(#3760),#3764);
#3760 = CIRCLE('',#3761,0.152749462259);
#3761 = AXIS2_PLACEMENT_2D('',#3762,#3763);
#3762 = CARTESIAN_POINT('',(-6.,49.5));
#3763 = DIRECTION('',(-0.707106781187,0.707106781187));
#3764 = ( GEOMETRIC_REPRESENTATION_CONTEXT(2) 
PARAMETRIC_REPRESENTATION_CONTEXT() REPRESENTATION_CONTEXT('2D SPACE',''
  ) );
#3765 = ORIENTED_EDGE('',*,*,#3610,.F.);
#3766 = ORIENTED_EDGE('',*,*,#3767,.T.);
#3767 = EDGE_CURVE('',#3611,#3692,#3768,.T.);
#3768 = SURFACE_CURVE('',#3769,(#3774,#3803),.PCURVE_S1.);
#3769 = CIRCLE('',#3770,0.952627618384);
#3770 = AXIS2_PLACEMENT_3D('',#3771,#3772,#3773);
#3771 = CARTESIAN_POINT('',(29.5,18.71396192515,-16.));
#3772 = DIRECTION('',(0.,-1.,0.));
#3773 = DIRECTION('',(0.707106781187,0.,-0.707106781187));
#3774 = PCURVE('',#3627,#3775);
#3775 = DEFINITIONAL_REPRESENTATION('',(#3776),#3802);
#3776 = B_SPLINE_CURVE_WITH_KNOTS('',3,(#3777,#3778,#3779,#3780,#3781,
    #3782,#3783,#3784,#3785,#3786,#3787,#3788,#3789,#3790,#3791,#3792,
    #3793,#3794,#3795,#3796,#3797,#3798,#3799,#3800,#3801),
  .UNSPECIFIED.,.F.,.F.,(4,1,1,1,1,1,1,1,1,1,1,1,1,1,1,1,1,1,1,1,1,1,4),
  (5.497787143782,5.569186976818,5.640586809854,5.711986642891,
    5.783386475927,5.854786308963,5.926186141999,5.997585975035,
    6.068985808071,6.140385641107,6.211785474143,6.28318530718,
    6.354585140216,6.425984973252,6.497384806288,6.568784639324,
    6.64018447236,6.711584305396,6.782984138433,6.854383971469,
    6.925783804505,6.997183637541,7.068583470577),
  .QUASI_UNIFORM_KNOTS.);
#3777 = CARTESIAN_POINT('',(-1.745329251994E-02,0.));
#3778 = CARTESIAN_POINT('',(-1.745329251994E-02,2.643304852828E-02));
#3779 = CARTESIAN_POINT('',(-1.745329251994E-02,7.852521262872E-02));
#3780 = CARTESIAN_POINT('',(-1.745329251994E-02,0.154606454553));
#3781 = CARTESIAN_POINT('',(-1.745329251994E-02,0.228904158181));
#3782 = CARTESIAN_POINT('',(-1.745329251994E-02,0.301661439934));
#3783 = CARTESIAN_POINT('',(-1.745329251994E-02,0.373106106239));
#3784 = CARTESIAN_POINT('',(-1.745329251994E-02,0.443450603945));
#3785 = CARTESIAN_POINT('',(-1.745329251994E-02,0.512895531033));
#3786 = CARTESIAN_POINT('',(-1.745329251994E-02,0.581631810168));
#3787 = CARTESIAN_POINT('',(-1.745329251994E-02,0.649842920765));
#3788 = CARTESIAN_POINT('',(-1.745329251994E-02,0.717706886775));
#3789 = CARTESIAN_POINT('',(-1.745329251994E-02,0.785398163397));
#3790 = CARTESIAN_POINT('',(-1.745329251994E-02,0.85308944002));
#3791 = CARTESIAN_POINT('',(-1.745329251994E-02,0.92095340603));
#3792 = CARTESIAN_POINT('',(-1.745329251994E-02,0.989164516627));
#3793 = CARTESIAN_POINT('',(-1.745329251994E-02,1.057900795762));
#3794 = CARTESIAN_POINT('',(-1.745329251994E-02,1.12734572285));
#3795 = CARTESIAN_POINT('',(-1.745329251994E-02,1.197690220556));
#3796 = CARTESIAN_POINT('',(-1.745329251994E-02,1.269134886861));
#3797 = CARTESIAN_POINT('',(-1.745329251994E-02,1.341892168614));
#3798 = CARTESIAN_POINT('',(-1.745329251994E-02,1.416189872242));
#3799 = CARTESIAN_POINT('',(-1.745329251994E-02,1.492271114166));
#3800 = CARTESIAN_POINT('',(-1.745329251994E-02,1.544363278267));
#3801 = CARTESIAN_POINT('',(-1.745329251994E-02,1.570796326795));
#3802 = ( GEOMETRIC_REPRESENTATION_CONTEXT(2) 
PARAMETRIC_REPRESENTATION_CONTEXT() REPRESENTATION_CONTEXT('2D SPACE',''
  ) );
#3803 = PCURVE('',#3804,#3809);
#3804 = CONICAL_SURFACE('',#3805,1.,1.745329251994E-02);
#3805 = AXIS2_PLACEMENT_3D('',#3806,#3807,#3808);
#3806 = CARTESIAN_POINT('',(29.5,16.,-16.));
#3807 = DIRECTION('',(0.,-1.,0.));
#3808 = DIRECTION('',(0.707106781187,0.,-0.707106781187));
#3809 = DEFINITIONAL_REPRESENTATION('',(#3810),#3814);
#3810 = LINE('',#3811,#3812);
#3811 = CARTESIAN_POINT('',(-6.28318530718,-2.71396192515));
#3812 = VECTOR('',#3813,1.);
#3813 = DIRECTION('',(1.,0.));
#3814 = ( GEOMETRIC_REPRESENTATION_CONTEXT(2) 
PARAMETRIC_REPRESENTATION_CONTEXT() REPRESENTATION_CONTEXT('2D SPACE',''
  ) );
#3815 = ADVANCED_FACE('',(#3816),#3732,.F.);
#3816 = FACE_BOUND('',#3817,.F.);
#3817 = EDGE_LOOP('',(#3818,#3846,#3847,#3870));
#3818 = ORIENTED_EDGE('',*,*,#3819,.F.);
#3819 = EDGE_CURVE('',#3692,#3820,#3822,.T.);
#3820 = VERTEX_POINT('',#3821);
#3821 = CARTESIAN_POINT('',(30.452627618384,18.71396192515,-15.75));
#3822 = SURFACE_CURVE('',#3823,(#3827,#3834),.PCURVE_S1.);
#3823 = LINE('',#3824,#3825);
#3824 = CARTESIAN_POINT('',(30.452627618384,18.71396192515,-12.875));
#3825 = VECTOR('',#3826,1.);
#3826 = DIRECTION('',(4.020885092637E-16,0.,1.));
#3827 = PCURVE('',#3732,#3828);
#3828 = DEFINITIONAL_REPRESENTATION('',(#3829),#3833);
#3829 = LINE('',#3830,#3831);
#3830 = CARTESIAN_POINT('',(7.059856824317,0.));
#3831 = VECTOR('',#3832,1.);
#3832 = DIRECTION('',(0.,-1.));
#3833 = ( GEOMETRIC_REPRESENTATION_CONTEXT(2) 
PARAMETRIC_REPRESENTATION_CONTEXT() REPRESENTATION_CONTEXT('2D SPACE',''
  ) );
#3834 = PCURVE('',#3835,#3840);
#3835 = PLANE('',#3836);
#3836 = AXIS2_PLACEMENT_3D('',#3837,#3838,#3839);
#3837 = CARTESIAN_POINT('',(30.5,16.,-15.75));
#3838 = DIRECTION('',(0.999847695156,1.745240643728E-02,
    -4.020272692362E-16));
#3839 = DIRECTION('',(-4.020885092637E-16,-3.705685991464E-33,-1.));
#3840 = DEFINITIONAL_REPRESENTATION('',(#3841),#3845);
#3841 = LINE('',#3842,#3843);
#3842 = CARTESIAN_POINT('',(-2.875,2.714375337661));
#3843 = VECTOR('',#3844,1.);
#3844 = DIRECTION('',(-1.,-1.54074395551E-33));
#3845 = ( GEOMETRIC_REPRESENTATION_CONTEXT(2) 
PARAMETRIC_REPRESENTATION_CONTEXT() REPRESENTATION_CONTEXT('2D SPACE',''
  ) );
#3846 = ORIENTED_EDGE('',*,*,#3691,.T.);
#3847 = ORIENTED_EDGE('',*,*,#3848,.F.);
#3848 = EDGE_CURVE('',#3849,#3694,#3851,.T.);
#3849 = VERTEX_POINT('',#3850);
#3850 = CARTESIAN_POINT('',(29.652749462259,19.5,-15.75));
#3851 = SURFACE_CURVE('',#3852,(#3856,#3863),.PCURVE_S1.);
#3852 = LINE('',#3853,#3854);
#3853 = CARTESIAN_POINT('',(29.652749462259,19.5,-12.875));
#3854 = VECTOR('',#3855,1.);
#3855 = DIRECTION('',(-4.020885092637E-16,0.,-1.));
#3856 = PCURVE('',#3732,#3857);
#3857 = DEFINITIONAL_REPRESENTATION('',(#3858),#3862);
#3858 = LINE('',#3859,#3860);
#3859 = CARTESIAN_POINT('',(5.506513790042,0.));
#3860 = VECTOR('',#3861,1.);
#3861 = DIRECTION('',(0.,1.));
#3862 = ( GEOMETRIC_REPRESENTATION_CONTEXT(2) 
PARAMETRIC_REPRESENTATION_CONTEXT() REPRESENTATION_CONTEXT('2D SPACE',''
  ) );
#3863 = PCURVE('',#2263,#3864);
#3864 = DEFINITIONAL_REPRESENTATION('',(#3865),#3869);
#3865 = LINE('',#3866,#3867);
#3866 = CARTESIAN_POINT('',(-2.875,49.652749462259));
#3867 = VECTOR('',#3868,1.);
#3868 = DIRECTION('',(-1.,-3.673940397442E-16));
#3869 = ( GEOMETRIC_REPRESENTATION_CONTEXT(2) 
PARAMETRIC_REPRESENTATION_CONTEXT() REPRESENTATION_CONTEXT('2D SPACE',''
  ) );
#3870 = ORIENTED_EDGE('',*,*,#3871,.F.);
#3871 = EDGE_CURVE('',#3820,#3849,#3872,.T.);
#3872 = SURFACE_CURVE('',#3873,(#3878,#3885),.PCURVE_S1.);
#3873 = CIRCLE('',#3874,0.8);
#3874 = AXIS2_PLACEMENT_3D('',#3875,#3876,#3877);
#3875 = CARTESIAN_POINT('',(29.652749462259,18.7,-15.75));
#3876 = DIRECTION('',(3.469446951954E-17,1.431585510214E-35,1.));
#3877 = DIRECTION('',(0.999847695156,1.745240643728E-02,
    -3.468918538378E-17));
#3878 = PCURVE('',#3732,#3879);
#3879 = DEFINITIONAL_REPRESENTATION('',(#3880),#3884);
#3880 = LINE('',#3881,#3882);
#3881 = CARTESIAN_POINT('',(7.059856824317,2.875));
#3882 = VECTOR('',#3883,1.);
#3883 = DIRECTION('',(-1.,0.));
#3884 = ( GEOMETRIC_REPRESENTATION_CONTEXT(2) 
PARAMETRIC_REPRESENTATION_CONTEXT() REPRESENTATION_CONTEXT('2D SPACE',''
  ) );
#3885 = PCURVE('',#3886,#3891);
#3886 = TOROIDAL_SURFACE('',#3887,6.097250537741,0.8);
#3887 = AXIS2_PLACEMENT_3D('',#3888,#3889,#3890);
#3888 = CARTESIAN_POINT('',(35.75,18.7,-15.75));
#3889 = DIRECTION('',(0.,-1.,0.));
#3890 = DIRECTION('',(-3.469446951954E-17,0.,-1.));
#3891 = DEFINITIONAL_REPRESENTATION('',(#3892),#3896);
#3892 = LINE('',#3893,#3894);
#3893 = CARTESIAN_POINT('',(4.712388980385,3.15904594611));
#3894 = VECTOR('',#3895,1.);
#3895 = DIRECTION('',(0.,1.));
#3896 = ( GEOMETRIC_REPRESENTATION_CONTEXT(2) 
PARAMETRIC_REPRESENTATION_CONTEXT() REPRESENTATION_CONTEXT('2D SPACE',''
  ) );
#3897 = ADVANCED_FACE('',(#3898),#3886,.F.);
#3898 = FACE_BOUND('',#3899,.F.);
#3899 = EDGE_LOOP('',(#3900,#3929,#3930,#3958));
#3900 = ORIENTED_EDGE('',*,*,#3901,.F.);
#3901 = EDGE_CURVE('',#3820,#3902,#3904,.T.);
#3902 = VERTEX_POINT('',#3903);
#3903 = CARTESIAN_POINT('',(35.75,18.71396192515,-10.45262761838));
#3904 = SURFACE_CURVE('',#3905,(#3910,#3917),.PCURVE_S1.);
#3905 = CIRCLE('',#3906,5.297372381616);
#3906 = AXIS2_PLACEMENT_3D('',#3907,#3908,#3909);
#3907 = CARTESIAN_POINT('',(35.75,18.71396192515,-15.75));
#3908 = DIRECTION('',(0.,1.,-0.));
#3909 = DIRECTION('',(-0.707106781187,0.,0.707106781187));
#3910 = PCURVE('',#3886,#3911);
#3911 = DEFINITIONAL_REPRESENTATION('',(#3912),#3916);
#3912 = LINE('',#3913,#3914);
#3913 = CARTESIAN_POINT('',(10.210176124167,3.15904594611));
#3914 = VECTOR('',#3915,1.);
#3915 = DIRECTION('',(-1.,0.));
#3916 = ( GEOMETRIC_REPRESENTATION_CONTEXT(2) 
PARAMETRIC_REPRESENTATION_CONTEXT() REPRESENTATION_CONTEXT('2D SPACE',''
  ) );
#3917 = PCURVE('',#3918,#3923);
#3918 = CONICAL_SURFACE('',#3919,5.25,1.745329251994E-02);
#3919 = AXIS2_PLACEMENT_3D('',#3920,#3921,#3922);
#3920 = CARTESIAN_POINT('',(35.75,16.,-15.75));
#3921 = DIRECTION('',(0.,1.,0.));
#3922 = DIRECTION('',(-1.,0.,-2.085359535537E-17));
#3923 = DEFINITIONAL_REPRESENTATION('',(#3924),#3928);
#3924 = LINE('',#3925,#3926);
#3925 = CARTESIAN_POINT('',(-5.497787143782,2.71396192515));
#3926 = VECTOR('',#3927,1.);
#3927 = DIRECTION('',(1.,0.));
#3928 = ( GEOMETRIC_REPRESENTATION_CONTEXT(2) 
PARAMETRIC_REPRESENTATION_CONTEXT() REPRESENTATION_CONTEXT('2D SPACE',''
  ) );
#3929 = ORIENTED_EDGE('',*,*,#3871,.T.);
#3930 = ORIENTED_EDGE('',*,*,#3931,.F.);
#3931 = EDGE_CURVE('',#3932,#3849,#3934,.T.);
#3932 = VERTEX_POINT('',#3933);
#3933 = CARTESIAN_POINT('',(35.75,19.5,-9.652749462259));
#3934 = SURFACE_CURVE('',#3935,(#3940,#3947),.PCURVE_S1.);
#3935 = CIRCLE('',#3936,6.097250537741);
#3936 = AXIS2_PLACEMENT_3D('',#3937,#3938,#3939);
#3937 = CARTESIAN_POINT('',(35.75,19.5,-15.75));
#3938 = DIRECTION('',(0.,-1.,0.));
#3939 = DIRECTION('',(-0.707106781187,0.,0.707106781187));
#3940 = PCURVE('',#3886,#3941);
#3941 = DEFINITIONAL_REPRESENTATION('',(#3942),#3946);
#3942 = LINE('',#3943,#3944);
#3943 = CARTESIAN_POINT('',(-2.356194490192,4.712388980385));
#3944 = VECTOR('',#3945,1.);
#3945 = DIRECTION('',(1.,0.));
#3946 = ( GEOMETRIC_REPRESENTATION_CONTEXT(2) 
PARAMETRIC_REPRESENTATION_CONTEXT() REPRESENTATION_CONTEXT('2D SPACE',''
  ) );
#3947 = PCURVE('',#2263,#3948);
#3948 = DEFINITIONAL_REPRESENTATION('',(#3949),#3957);
#3949 = ( BOUNDED_CURVE() B_SPLINE_CURVE(2,(#3950,#3951,#3952,#3953,
#3954,#3955,#3956),.UNSPECIFIED.,.T.,.F.) B_SPLINE_CURVE_WITH_KNOTS((1,2
    ,2,2,2,1),(-2.094395102393,0.,2.094395102393,4.188790204786,
6.28318530718,8.377580409573),.UNSPECIFIED.) CURVE() 
GEOMETRIC_REPRESENTATION_ITEM() RATIONAL_B_SPLINE_CURVE((1.,0.5,1.,0.5,
1.,0.5,1.)) REPRESENTATION_ITEM('') );
#3950 = CARTESIAN_POINT('',(-1.43859279817,51.43859279817));
#3951 = CARTESIAN_POINT('',(-8.906169123858,43.971016472482));
#3952 = CARTESIAN_POINT('',(-11.63949176375,54.171915438071));
#3953 = CARTESIAN_POINT('',(-14.37281440366,64.37281440366));
#3954 = CARTESIAN_POINT('',(-4.171915438071,61.639491763759));
#3955 = CARTESIAN_POINT('',(6.028983527518,58.906169123858));
#3956 = CARTESIAN_POINT('',(-1.43859279817,51.43859279817));
#3957 = ( GEOMETRIC_REPRESENTATION_CONTEXT(2) 
PARAMETRIC_REPRESENTATION_CONTEXT() REPRESENTATION_CONTEXT('2D SPACE',''
  ) );
#3958 = ORIENTED_EDGE('',*,*,#3959,.F.);
#3959 = EDGE_CURVE('',#3902,#3932,#3960,.T.);
#3960 = SURFACE_CURVE('',#3961,(#3966,#3973),.PCURVE_S1.);
#3961 = CIRCLE('',#3962,0.8);
#3962 = AXIS2_PLACEMENT_3D('',#3963,#3964,#3965);
#3963 = CARTESIAN_POINT('',(35.75,18.7,-9.652749462259));
#3964 = DIRECTION('',(1.,-2.581726906696E-33,5.517266244114E-15));
#3965 = DIRECTION('',(5.516425937742E-15,1.745240643728E-02,
    -0.999847695156));
#3966 = PCURVE('',#3886,#3967);
#3967 = DEFINITIONAL_REPRESENTATION('',(#3968),#3972);
#3968 = LINE('',#3969,#3970);
#3969 = CARTESIAN_POINT('',(3.14159265359,3.15904594611));
#3970 = VECTOR('',#3971,1.);
#3971 = DIRECTION('',(8.576776669115E-16,1.));
#3972 = ( GEOMETRIC_REPRESENTATION_CONTEXT(2) 
PARAMETRIC_REPRESENTATION_CONTEXT() REPRESENTATION_CONTEXT('2D SPACE',''
  ) );
#3973 = PCURVE('',#3974,#3979);
#3974 = CYLINDRICAL_SURFACE('',#3975,0.8);
#3975 = AXIS2_PLACEMENT_3D('',#3976,#3977,#3978);
#3976 = CARTESIAN_POINT('',(8.5,18.7,-9.652749462259));
#3977 = DIRECTION('',(-1.,0.,-1.374268330137E-15));
#3978 = DIRECTION('',(9.632374042266E-16,0.713250449154,-0.7009092643));
#3979 = DEFINITIONAL_REPRESENTATION('',(#3980),#3984);
#3980 = LINE('',#3981,#3982);
#3981 = CARTESIAN_POINT('',(7.059856824317,-27.25));
#3982 = VECTOR('',#3983,1.);
#3983 = DIRECTION('',(-1.,4.574280890195E-15));
#3984 = ( GEOMETRIC_REPRESENTATION_CONTEXT(2) 
PARAMETRIC_REPRESENTATION_CONTEXT() REPRESENTATION_CONTEXT('2D SPACE',''
  ) );
#3985 = ADVANCED_FACE('',(#3986),#3974,.F.);
#3986 = FACE_BOUND('',#3987,.F.);
#3987 = EDGE_LOOP('',(#3988,#4016,#4017,#4040));
#3988 = ORIENTED_EDGE('',*,*,#3989,.F.);
#3989 = EDGE_CURVE('',#3902,#3990,#3992,.T.);
#3990 = VERTEX_POINT('',#3991);
#3991 = CARTESIAN_POINT('',(36.,18.71396192515,-10.45262761838));
#3992 = SURFACE_CURVE('',#3993,(#3997,#4004),.PCURVE_S1.);
#3993 = LINE('',#3994,#3995);
#3994 = CARTESIAN_POINT('',(8.5,18.71396192515,-10.45262761838));
#3995 = VECTOR('',#3996,1.);
#3996 = DIRECTION('',(1.,0.,1.374268330137E-15));
#3997 = PCURVE('',#3974,#3998);
#3998 = DEFINITIONAL_REPRESENTATION('',(#3999),#4003);
#3999 = LINE('',#4000,#4001);
#4000 = CARTESIAN_POINT('',(7.059856824317,0.));
#4001 = VECTOR('',#4002,1.);
#4002 = DIRECTION('',(0.,-1.));
#4003 = ( GEOMETRIC_REPRESENTATION_CONTEXT(2) 
PARAMETRIC_REPRESENTATION_CONTEXT() REPRESENTATION_CONTEXT('2D SPACE',''
  ) );
#4004 = PCURVE('',#4005,#4010);
#4005 = PLANE('',#4006);
#4006 = AXIS2_PLACEMENT_3D('',#4007,#4008,#4009);
#4007 = CARTESIAN_POINT('',(37.,16.,-10.5));
#4008 = DIRECTION('',(1.374059022413E-15,1.745240643728E-02,
    -0.999847695156));
#4009 = DIRECTION('',(-1.,3.93705829866E-32,-1.374268330137E-15));
#4010 = DEFINITIONAL_REPRESENTATION('',(#4011),#4015);
#4011 = LINE('',#4012,#4013);
#4012 = CARTESIAN_POINT('',(28.5,2.714375337661));
#4013 = VECTOR('',#4014,1.);
#4014 = DIRECTION('',(-1.,2.122091009681E-34));
#4015 = ( GEOMETRIC_REPRESENTATION_CONTEXT(2) 
PARAMETRIC_REPRESENTATION_CONTEXT() REPRESENTATION_CONTEXT('2D SPACE',''
  ) );
#4016 = ORIENTED_EDGE('',*,*,#3959,.T.);
#4017 = ORIENTED_EDGE('',*,*,#4018,.F.);
#4018 = EDGE_CURVE('',#4019,#3932,#4021,.T.);
#4019 = VERTEX_POINT('',#4020);
#4020 = CARTESIAN_POINT('',(36.,19.5,-9.652749462259));
#4021 = SURFACE_CURVE('',#4022,(#4026,#4033),.PCURVE_S1.);
#4022 = LINE('',#4023,#4024);
#4023 = CARTESIAN_POINT('',(8.5,19.5,-9.652749462259));
#4024 = VECTOR('',#4025,1.);
#4025 = DIRECTION('',(-1.,0.,-1.374268330137E-15));
#4026 = PCURVE('',#3974,#4027);
#4027 = DEFINITIONAL_REPRESENTATION('',(#4028),#4032);
#4028 = LINE('',#4029,#4030);
#4029 = CARTESIAN_POINT('',(5.506513790042,0.));
#4030 = VECTOR('',#4031,1.);
#4031 = DIRECTION('',(0.,1.));
#4032 = ( GEOMETRIC_REPRESENTATION_CONTEXT(2) 
PARAMETRIC_REPRESENTATION_CONTEXT() REPRESENTATION_CONTEXT('2D SPACE',''
  ) );
#4033 = PCURVE('',#2263,#4034);
#4034 = DEFINITIONAL_REPRESENTATION('',(#4035),#4039);
#4035 = LINE('',#4036,#4037);
#4036 = CARTESIAN_POINT('',(0.347250537741,28.5));
#4037 = VECTOR('',#4038,1.);
#4038 = DIRECTION('',(-1.408962799656E-15,-1.));
#4039 = ( GEOMETRIC_REPRESENTATION_CONTEXT(2) 
PARAMETRIC_REPRESENTATION_CONTEXT() REPRESENTATION_CONTEXT('2D SPACE',''
  ) );
#4040 = ORIENTED_EDGE('',*,*,#4041,.F.);
#4041 = EDGE_CURVE('',#3990,#4019,#4042,.T.);
#4042 = SURFACE_CURVE('',#4043,(#4048,#4055),.PCURVE_S1.);
#4043 = CIRCLE('',#4044,0.8);
#4044 = AXIS2_PLACEMENT_3D('',#4045,#4046,#4047);
#4045 = CARTESIAN_POINT('',(36.,18.7,-9.652749462259));
#4046 = DIRECTION('',(1.,-4.846065974908E-35,-3.469446951954E-17));
#4047 = DIRECTION('',(-3.468918538378E-17,1.745240643728E-02,
    -0.999847695156));
#4048 = PCURVE('',#3974,#4049);
#4049 = DEFINITIONAL_REPRESENTATION('',(#4050),#4054);
#4050 = LINE('',#4051,#4052);
#4051 = CARTESIAN_POINT('',(7.059856824317,-27.5));
#4052 = VECTOR('',#4053,1.);
#4053 = DIRECTION('',(-1.,0.));
#4054 = ( GEOMETRIC_REPRESENTATION_CONTEXT(2) 
PARAMETRIC_REPRESENTATION_CONTEXT() REPRESENTATION_CONTEXT('2D SPACE',''
  ) );
#4055 = PCURVE('',#4056,#4066);
#4056 = ( BOUNDED_SURFACE() B_SPLINE_SURFACE(2,2,(
    (#4057,#4058,#4059)
    ,(#4060,#4061,#4062)
    ,(#4063,#4064,#4065
)),.UNSPECIFIED.,.F.,.F.,.F.) B_SPLINE_SURFACE_WITH_KNOTS((3,3),(3,3),(
    -1.570796326795,-1.745329251994E-02),(0.,1.570796326795),
.PIECEWISE_BEZIER_KNOTS.) GEOMETRIC_REPRESENTATION_ITEM() 
RATIONAL_B_SPLINE_SURFACE((
    (1.,0.707106781187,1.)
    ,(0.713250449154,0.504344229281,0.713250449154)
,(1.,0.707106781187,1.))) REPRESENTATION_ITEM('') SURFACE() );
#4057 = CARTESIAN_POINT('',(36.,19.5,-9.652749462259));
#4058 = CARTESIAN_POINT('',(36.152749462259,19.5,-9.652749462259));
#4059 = CARTESIAN_POINT('',(36.152749462259,19.5,-9.5));
#4060 = CARTESIAN_POINT('',(36.,19.5,-10.43890727275));
#4061 = CARTESIAN_POINT('',(36.938907272751,19.5,-10.43890727275));
#4062 = CARTESIAN_POINT('',(36.938907272751,19.5,-9.5));
#4063 = CARTESIAN_POINT('',(36.,18.71396192515,-10.45262761838));
#4064 = CARTESIAN_POINT('',(36.952627618384,18.71396192515,
    -10.45262761838));
#4065 = CARTESIAN_POINT('',(36.952627618384,18.71396192515,-9.5));
#4066 = DEFINITIONAL_REPRESENTATION('',(#4067),#4093);
#4067 = B_SPLINE_CURVE_WITH_KNOTS('',3,(#4068,#4069,#4070,#4071,#4072,
    #4073,#4074,#4075,#4076,#4077,#4078,#4079,#4080,#4081,#4082,#4083,
    #4084,#4085,#4086,#4087,#4088,#4089,#4090,#4091,#4092),
  .UNSPECIFIED.,.F.,.F.,(4,1,1,1,1,1,1,1,1,1,1,1,1,1,1,1,1,1,1,1,1,1,4),
  (0.,7.060650155795E-02,0.141213003116,0.211819504674,0.282426006232,
    0.35303250779,0.423639009348,0.494245510906,0.564852012464,
    0.635458514022,0.70606501558,0.776671517137,0.847278018695,
    0.917884520253,0.988491021811,1.059097523369,1.129704024927,
    1.200310526485,1.270917028043,1.341523529601,1.412130031159,
    1.482736532717,1.553343034275),.QUASI_UNIFORM_KNOTS.);
#4068 = CARTESIAN_POINT('',(-1.745329251994E-02,0.));
#4069 = CARTESIAN_POINT('',(-4.353085852512E-02,0.));
#4070 = CARTESIAN_POINT('',(-9.494006212657E-02,0.));
#4071 = CARTESIAN_POINT('',(-0.170070154233,0.));
#4072 = CARTESIAN_POINT('',(-0.243478758564,0.));
#4073 = CARTESIAN_POINT('',(-0.315399563074,0.));
#4074 = CARTESIAN_POINT('',(-0.386051828275,0.));
#4075 = CARTESIAN_POINT('',(-0.455640331378,0.));
#4076 = CARTESIAN_POINT('',(-0.524358662335,0.));
#4077 = CARTESIAN_POINT('',(-0.592391268864,0.));
#4078 = CARTESIAN_POINT('',(-0.659915560181,0.));
#4079 = CARTESIAN_POINT('',(-0.72710378388,0.));
#4080 = CARTESIAN_POINT('',(-0.794124809657,0.));
#4081 = CARTESIAN_POINT('',(-0.861145835435,0.));
#4082 = CARTESIAN_POINT('',(-0.928334059134,0.));
#4083 = CARTESIAN_POINT('',(-0.995858350451,0.));
#4084 = CARTESIAN_POINT('',(-1.06389095698,0.));
#4085 = CARTESIAN_POINT('',(-1.132609287937,0.));
#4086 = CARTESIAN_POINT('',(-1.20219779104,0.));
#4087 = CARTESIAN_POINT('',(-1.272850056241,0.));
#4088 = CARTESIAN_POINT('',(-1.344770860751,0.));
#4089 = CARTESIAN_POINT('',(-1.418179465082,0.));
#4090 = CARTESIAN_POINT('',(-1.493309557188,0.));
#4091 = CARTESIAN_POINT('',(-1.54471876079,-0.));
#4092 = CARTESIAN_POINT('',(-1.570796326795,0.));
#4093 = ( GEOMETRIC_REPRESENTATION_CONTEXT(2) 
PARAMETRIC_REPRESENTATION_CONTEXT() REPRESENTATION_CONTEXT('2D SPACE',''
  ) );
#4094 = ADVANCED_FACE('',(#4095),#4056,.T.);
#4095 = FACE_BOUND('',#4096,.T.);
#4096 = EDGE_LOOP('',(#4097,#4150,#4172,#4173));
#4097 = ORIENTED_EDGE('',*,*,#4098,.T.);
#4098 = EDGE_CURVE('',#4099,#4101,#4103,.T.);
#4099 = VERTEX_POINT('',#4100);
#4100 = CARTESIAN_POINT('',(36.952627618384,18.71396192515,-9.5));
#4101 = VERTEX_POINT('',#4102);
#4102 = CARTESIAN_POINT('',(36.152749462259,19.5,-9.5));
#4103 = SURFACE_CURVE('',#4104,(#4109,#4138),.PCURVE_S1.);
#4104 = CIRCLE('',#4105,0.8);
#4105 = AXIS2_PLACEMENT_3D('',#4106,#4107,#4108);
#4106 = CARTESIAN_POINT('',(36.152749462259,18.7,-9.5));
#4107 = DIRECTION('',(1.422684647928E-15,-2.811493115991E-33,1.));
#4108 = DIRECTION('',(0.999847695156,1.745240643728E-02,
    -1.422467966165E-15));
#4109 = PCURVE('',#4056,#4110);
#4110 = DEFINITIONAL_REPRESENTATION('',(#4111),#4137);
#4111 = B_SPLINE_CURVE_WITH_KNOTS('',3,(#4112,#4113,#4114,#4115,#4116,
    #4117,#4118,#4119,#4120,#4121,#4122,#4123,#4124,#4125,#4126,#4127,
    #4128,#4129,#4130,#4131,#4132,#4133,#4134,#4135,#4136),
  .UNSPECIFIED.,.F.,.F.,(4,1,1,1,1,1,1,1,1,1,1,1,1,1,1,1,1,1,1,1,1,1,4),
  (0.,7.060650155795E-02,0.141213003116,0.211819504674,0.282426006232,
    0.35303250779,0.423639009348,0.494245510906,0.564852012464,
    0.635458514022,0.70606501558,0.776671517137,0.847278018695,
    0.917884520253,0.988491021811,1.059097523369,1.129704024927,
    1.200310526485,1.270917028043,1.341523529601,1.412130031159,
    1.482736532717,1.553343034275),.QUASI_UNIFORM_KNOTS.);
#4112 = CARTESIAN_POINT('',(-1.745329251994E-02,1.570796326795));
#4113 = CARTESIAN_POINT('',(-4.353085852513E-02,1.570796326795));
#4114 = CARTESIAN_POINT('',(-9.494006212658E-02,1.570796326795));
#4115 = CARTESIAN_POINT('',(-0.170070154233,1.570796326795));
#4116 = CARTESIAN_POINT('',(-0.243478758564,1.570796326795));
#4117 = CARTESIAN_POINT('',(-0.315399563074,1.570796326795));
#4118 = CARTESIAN_POINT('',(-0.386051828275,1.570796326795));
#4119 = CARTESIAN_POINT('',(-0.455640331378,1.570796326795));
#4120 = CARTESIAN_POINT('',(-0.524358662335,1.570796326795));
#4121 = CARTESIAN_POINT('',(-0.592391268864,1.570796326795));
#4122 = CARTESIAN_POINT('',(-0.659915560181,1.570796326795));
#4123 = CARTESIAN_POINT('',(-0.727103783879,1.570796326795));
#4124 = CARTESIAN_POINT('',(-0.794124809657,1.570796326795));
#4125 = CARTESIAN_POINT('',(-0.861145835435,1.570796326795));
#4126 = CARTESIAN_POINT('',(-0.928334059134,1.570796326795));
#4127 = CARTESIAN_POINT('',(-0.995858350451,1.570796326795));
#4128 = CARTESIAN_POINT('',(-1.06389095698,1.570796326795));
#4129 = CARTESIAN_POINT('',(-1.132609287937,1.570796326795));
#4130 = CARTESIAN_POINT('',(-1.20219779104,1.570796326795));
#4131 = CARTESIAN_POINT('',(-1.272850056241,1.570796326795));
#4132 = CARTESIAN_POINT('',(-1.344770860751,1.570796326795));
#4133 = CARTESIAN_POINT('',(-1.418179465082,1.570796326795));
#4134 = CARTESIAN_POINT('',(-1.493309557188,1.570796326795));
#4135 = CARTESIAN_POINT('',(-1.54471876079,1.570796326795));
#4136 = CARTESIAN_POINT('',(-1.570796326795,1.570796326795));
#4137 = ( GEOMETRIC_REPRESENTATION_CONTEXT(2) 
PARAMETRIC_REPRESENTATION_CONTEXT() REPRESENTATION_CONTEXT('2D SPACE',''
  ) );
#4138 = PCURVE('',#4139,#4144);
#4139 = CYLINDRICAL_SURFACE('',#4140,0.8);
#4140 = AXIS2_PLACEMENT_3D('',#4141,#4142,#4143);
#4141 = CARTESIAN_POINT('',(36.152749462259,18.7,-15.));
#4142 = DIRECTION('',(4.020885092637E-16,0.,1.));
#4143 = DIRECTION('',(0.7009092643,0.713250449154,-2.818275612115E-16));
#4144 = DEFINITIONAL_REPRESENTATION('',(#4145),#4149);
#4145 = LINE('',#4146,#4147);
#4146 = CARTESIAN_POINT('',(-0.776671517137,5.5));
#4147 = VECTOR('',#4148,1.);
#4148 = DIRECTION('',(1.,0.));
#4149 = ( GEOMETRIC_REPRESENTATION_CONTEXT(2) 
PARAMETRIC_REPRESENTATION_CONTEXT() REPRESENTATION_CONTEXT('2D SPACE',''
  ) );
#4150 = ORIENTED_EDGE('',*,*,#4151,.T.);
#4151 = EDGE_CURVE('',#4101,#4019,#4152,.T.);
#4152 = SURFACE_CURVE('',#4153,(#4158,#4165),.PCURVE_S1.);
#4153 = CIRCLE('',#4154,0.152749462259);
#4154 = AXIS2_PLACEMENT_3D('',#4155,#4156,#4157);
#4155 = CARTESIAN_POINT('',(36.,19.5,-9.5));
#4156 = DIRECTION('',(0.,1.,0.));
#4157 = DIRECTION('',(0.707106781187,0.,-0.707106781187));
#4158 = PCURVE('',#4056,#4159);
#4159 = DEFINITIONAL_REPRESENTATION('',(#4160),#4164);
#4160 = LINE('',#4161,#4162);
#4161 = CARTESIAN_POINT('',(-1.570796326795,7.068583470577));
#4162 = VECTOR('',#4163,1.);
#4163 = DIRECTION('',(1.48425885135E-14,-1.));
#4164 = ( GEOMETRIC_REPRESENTATION_CONTEXT(2) 
PARAMETRIC_REPRESENTATION_CONTEXT() REPRESENTATION_CONTEXT('2D SPACE',''
  ) );
#4165 = PCURVE('',#2263,#4166);
#4166 = DEFINITIONAL_REPRESENTATION('',(#4167),#4171);
#4167 = CIRCLE('',#4168,0.152749462259);
#4168 = AXIS2_PLACEMENT_2D('',#4169,#4170);
#4169 = CARTESIAN_POINT('',(0.5,56.));
#4170 = DIRECTION('',(-0.707106781187,0.707106781187));
#4171 = ( GEOMETRIC_REPRESENTATION_CONTEXT(2) 
PARAMETRIC_REPRESENTATION_CONTEXT() REPRESENTATION_CONTEXT('2D SPACE',''
  ) );
#4172 = ORIENTED_EDGE('',*,*,#4041,.F.);
#4173 = ORIENTED_EDGE('',*,*,#4174,.T.);
#4174 = EDGE_CURVE('',#3990,#4099,#4175,.T.);
#4175 = SURFACE_CURVE('',#4176,(#4181,#4210),.PCURVE_S1.);
#4176 = CIRCLE('',#4177,0.952627618384);
#4177 = AXIS2_PLACEMENT_3D('',#4178,#4179,#4180);
#4178 = CARTESIAN_POINT('',(36.,18.71396192515,-9.5));
#4179 = DIRECTION('',(0.,-1.,0.));
#4180 = DIRECTION('',(0.707106781187,0.,-0.707106781187));
#4181 = PCURVE('',#4056,#4182);
#4182 = DEFINITIONAL_REPRESENTATION('',(#4183),#4209);
#4183 = B_SPLINE_CURVE_WITH_KNOTS('',3,(#4184,#4185,#4186,#4187,#4188,
    #4189,#4190,#4191,#4192,#4193,#4194,#4195,#4196,#4197,#4198,#4199,
    #4200,#4201,#4202,#4203,#4204,#4205,#4206,#4207,#4208),
  .UNSPECIFIED.,.F.,.F.,(4,1,1,1,1,1,1,1,1,1,1,1,1,1,1,1,1,1,1,1,1,1,4),
  (5.497787143782,5.569186976818,5.640586809854,5.711986642891,
    5.783386475927,5.854786308963,5.926186141999,5.997585975035,
    6.068985808071,6.140385641107,6.211785474143,6.28318530718,
    6.354585140216,6.425984973252,6.497384806288,6.568784639324,
    6.64018447236,6.711584305396,6.782984138433,6.854383971469,
    6.925783804505,6.997183637541,7.068583470577),
  .QUASI_UNIFORM_KNOTS.);
#4184 = CARTESIAN_POINT('',(-1.745329251994E-02,0.));
#4185 = CARTESIAN_POINT('',(-1.745329251994E-02,2.643304852828E-02));
#4186 = CARTESIAN_POINT('',(-1.745329251994E-02,7.852521262871E-02));
#4187 = CARTESIAN_POINT('',(-1.745329251994E-02,0.154606454553));
#4188 = CARTESIAN_POINT('',(-1.745329251994E-02,0.228904158181));
#4189 = CARTESIAN_POINT('',(-1.745329251994E-02,0.301661439934));
#4190 = CARTESIAN_POINT('',(-1.745329251994E-02,0.373106106239));
#4191 = CARTESIAN_POINT('',(-1.745329251994E-02,0.443450603945));
#4192 = CARTESIAN_POINT('',(-1.745329251994E-02,0.512895531033));
#4193 = CARTESIAN_POINT('',(-1.745329251994E-02,0.581631810168));
#4194 = CARTESIAN_POINT('',(-1.745329251994E-02,0.649842920765));
#4195 = CARTESIAN_POINT('',(-1.745329251994E-02,0.717706886775));
#4196 = CARTESIAN_POINT('',(-1.745329251994E-02,0.785398163397));
#4197 = CARTESIAN_POINT('',(-1.745329251994E-02,0.85308944002));
#4198 = CARTESIAN_POINT('',(-1.745329251994E-02,0.92095340603));
#4199 = CARTESIAN_POINT('',(-1.745329251994E-02,0.989164516627));
#4200 = CARTESIAN_POINT('',(-1.745329251994E-02,1.057900795762));
#4201 = CARTESIAN_POINT('',(-1.745329251994E-02,1.12734572285));
#4202 = CARTESIAN_POINT('',(-1.745329251994E-02,1.197690220556));
#4203 = CARTESIAN_POINT('',(-1.745329251994E-02,1.269134886861));
#4204 = CARTESIAN_POINT('',(-1.745329251994E-02,1.341892168614));
#4205 = CARTESIAN_POINT('',(-1.745329251994E-02,1.416189872242));
#4206 = CARTESIAN_POINT('',(-1.745329251994E-02,1.492271114166));
#4207 = CARTESIAN_POINT('',(-1.745329251994E-02,1.544363278267));
#4208 = CARTESIAN_POINT('',(-1.745329251994E-02,1.570796326795));
#4209 = ( GEOMETRIC_REPRESENTATION_CONTEXT(2) 
PARAMETRIC_REPRESENTATION_CONTEXT() REPRESENTATION_CONTEXT('2D SPACE',''
  ) );
#4210 = PCURVE('',#4211,#4216);
#4211 = CONICAL_SURFACE('',#4212,1.,1.745329251994E-02);
#4212 = AXIS2_PLACEMENT_3D('',#4213,#4214,#4215);
#4213 = CARTESIAN_POINT('',(36.,16.,-9.5));
#4214 = DIRECTION('',(0.,-1.,0.));
#4215 = DIRECTION('',(0.707106781187,0.,-0.707106781187));
#4216 = DEFINITIONAL_REPRESENTATION('',(#4217),#4221);
#4217 = LINE('',#4218,#4219);
#4218 = CARTESIAN_POINT('',(-6.28318530718,-2.71396192515));
#4219 = VECTOR('',#4220,1.);
#4220 = DIRECTION('',(1.,0.));
#4221 = ( GEOMETRIC_REPRESENTATION_CONTEXT(2) 
PARAMETRIC_REPRESENTATION_CONTEXT() REPRESENTATION_CONTEXT('2D SPACE',''
  ) );
#4222 = ADVANCED_FACE('',(#4223),#4139,.F.);
#4223 = FACE_BOUND('',#4224,.F.);
#4224 = EDGE_LOOP('',(#4225,#4253,#4254,#4277));
#4225 = ORIENTED_EDGE('',*,*,#4226,.F.);
#4226 = EDGE_CURVE('',#4099,#4227,#4229,.T.);
#4227 = VERTEX_POINT('',#4228);
#4228 = CARTESIAN_POINT('',(36.952627618384,18.71396192515,9.5));
#4229 = SURFACE_CURVE('',#4230,(#4234,#4241),.PCURVE_S1.);
#4230 = LINE('',#4231,#4232);
#4231 = CARTESIAN_POINT('',(36.952627618384,18.71396192515,-15.));
#4232 = VECTOR('',#4233,1.);
#4233 = DIRECTION('',(4.020885092637E-16,0.,1.));
#4234 = PCURVE('',#4139,#4235);
#4235 = DEFINITIONAL_REPRESENTATION('',(#4236),#4240);
#4236 = LINE('',#4237,#4238);
#4237 = CARTESIAN_POINT('',(-0.776671517137,1.7763568394E-15));
#4238 = VECTOR('',#4239,1.);
#4239 = DIRECTION('',(0.,1.));
#4240 = ( GEOMETRIC_REPRESENTATION_CONTEXT(2) 
PARAMETRIC_REPRESENTATION_CONTEXT() REPRESENTATION_CONTEXT('2D SPACE',''
  ) );
#4241 = PCURVE('',#4242,#4247);
#4242 = PLANE('',#4243);
#4243 = AXIS2_PLACEMENT_3D('',#4244,#4245,#4246);
#4244 = CARTESIAN_POINT('',(37.,16.,-20.));
#4245 = DIRECTION('',(-0.999847695156,-1.745240643728E-02,
    4.020272692362E-16));
#4246 = DIRECTION('',(4.020885092637E-16,3.705685991464E-33,1.));
#4247 = DEFINITIONAL_REPRESENTATION('',(#4248),#4252);
#4248 = LINE('',#4249,#4250);
#4249 = CARTESIAN_POINT('',(5.,2.714375337661));
#4250 = VECTOR('',#4251,1.);
#4251 = DIRECTION('',(1.,-1.54074395551E-33));
#4252 = ( GEOMETRIC_REPRESENTATION_CONTEXT(2) 
PARAMETRIC_REPRESENTATION_CONTEXT() REPRESENTATION_CONTEXT('2D SPACE',''
  ) );
#4253 = ORIENTED_EDGE('',*,*,#4098,.T.);
#4254 = ORIENTED_EDGE('',*,*,#4255,.F.);
#4255 = EDGE_CURVE('',#4256,#4101,#4258,.T.);
#4256 = VERTEX_POINT('',#4257);
#4257 = CARTESIAN_POINT('',(36.152749462259,19.5,9.5));
#4258 = SURFACE_CURVE('',#4259,(#4263,#4270),.PCURVE_S1.);
#4259 = LINE('',#4260,#4261);
#4260 = CARTESIAN_POINT('',(36.152749462259,19.5,-15.));
#4261 = VECTOR('',#4262,1.);
#4262 = DIRECTION('',(-4.020885092637E-16,0.,-1.));
#4263 = PCURVE('',#4139,#4264);
#4264 = DEFINITIONAL_REPRESENTATION('',(#4265),#4269);
#4265 = LINE('',#4266,#4267);
#4266 = CARTESIAN_POINT('',(0.776671517137,0.));
#4267 = VECTOR('',#4268,1.);
#4268 = DIRECTION('',(0.,-1.));
#4269 = ( GEOMETRIC_REPRESENTATION_CONTEXT(2) 
PARAMETRIC_REPRESENTATION_CONTEXT() REPRESENTATION_CONTEXT('2D SPACE',''
  ) );
#4270 = PCURVE('',#2263,#4271);
#4271 = DEFINITIONAL_REPRESENTATION('',(#4272),#4276);
#4272 = LINE('',#4273,#4274);
#4273 = CARTESIAN_POINT('',(-5.,56.152749462259));
#4274 = VECTOR('',#4275,1.);
#4275 = DIRECTION('',(-1.,-3.673940397442E-16));
#4276 = ( GEOMETRIC_REPRESENTATION_CONTEXT(2) 
PARAMETRIC_REPRESENTATION_CONTEXT() REPRESENTATION_CONTEXT('2D SPACE',''
  ) );
#4277 = ORIENTED_EDGE('',*,*,#4278,.F.);
#4278 = EDGE_CURVE('',#4227,#4256,#4279,.T.);
#4279 = SURFACE_CURVE('',#4280,(#4285,#4292),.PCURVE_S1.);
#4280 = CIRCLE('',#4281,0.8);
#4281 = AXIS2_PLACEMENT_3D('',#4282,#4283,#4284);
#4282 = CARTESIAN_POINT('',(36.152749462259,18.7,9.5));
#4283 = DIRECTION('',(3.469446951954E-17,3.4705040641E-35,1.));
#4284 = DIRECTION('',(0.999847695156,1.745240643728E-02,
    -3.468918538378E-17));
#4285 = PCURVE('',#4139,#4286);
#4286 = DEFINITIONAL_REPRESENTATION('',(#4287),#4291);
#4287 = LINE('',#4288,#4289);
#4288 = CARTESIAN_POINT('',(-0.776671517137,24.5));
#4289 = VECTOR('',#4290,1.);
#4290 = DIRECTION('',(1.,-2.287140445097E-15));
#4291 = ( GEOMETRIC_REPRESENTATION_CONTEXT(2) 
PARAMETRIC_REPRESENTATION_CONTEXT() REPRESENTATION_CONTEXT('2D SPACE',''
  ) );
#4292 = PCURVE('',#4293,#4303);
#4293 = ( BOUNDED_SURFACE() B_SPLINE_SURFACE(2,2,(
    (#4294,#4295,#4296)
    ,(#4297,#4298,#4299)
    ,(#4300,#4301,#4302
)),.UNSPECIFIED.,.F.,.F.,.F.) B_SPLINE_SURFACE_WITH_KNOTS((3,3),(3,3),(
    -1.570796326795,-1.745329251994E-02),(1.570796326795,3.14159265359),
.PIECEWISE_BEZIER_KNOTS.) GEOMETRIC_REPRESENTATION_ITEM() 
RATIONAL_B_SPLINE_SURFACE((
    (1.,0.707106781187,1.)
    ,(0.713250449154,0.504344229281,0.713250449154)
,(1.,0.707106781187,1.))) REPRESENTATION_ITEM('') SURFACE() );
#4294 = CARTESIAN_POINT('',(36.152749462259,19.5,9.5));
#4295 = CARTESIAN_POINT('',(36.152749462259,19.5,9.652749462259));
#4296 = CARTESIAN_POINT('',(36.,19.5,9.652749462259));
#4297 = CARTESIAN_POINT('',(36.938907272751,19.5,9.5));
#4298 = CARTESIAN_POINT('',(36.938907272751,19.5,10.438907272751));
#4299 = CARTESIAN_POINT('',(36.,19.5,10.438907272751));
#4300 = CARTESIAN_POINT('',(36.952627618384,18.71396192515,9.5));
#4301 = CARTESIAN_POINT('',(36.952627618384,18.71396192515,
    10.452627618384));
#4302 = CARTESIAN_POINT('',(36.,18.71396192515,10.452627618384));
#4303 = DEFINITIONAL_REPRESENTATION('',(#4304),#4330);
#4304 = B_SPLINE_CURVE_WITH_KNOTS('',3,(#4305,#4306,#4307,#4308,#4309,
    #4310,#4311,#4312,#4313,#4314,#4315,#4316,#4317,#4318,#4319,#4320,
    #4321,#4322,#4323,#4324,#4325,#4326,#4327,#4328,#4329),
  .UNSPECIFIED.,.F.,.F.,(4,1,1,1,1,1,1,1,1,1,1,1,1,1,1,1,1,1,1,1,1,1,4),
  (0.,7.060650155795E-02,0.141213003116,0.211819504674,0.282426006232,
    0.35303250779,0.423639009348,0.494245510906,0.564852012464,
    0.635458514022,0.70606501558,0.776671517137,0.847278018695,
    0.917884520253,0.988491021811,1.059097523369,1.129704024927,
    1.200310526485,1.270917028043,1.341523529601,1.412130031159,
    1.482736532717,1.553343034275),.QUASI_UNIFORM_KNOTS.);
#4305 = CARTESIAN_POINT('',(-1.745329251994E-02,1.570796326795));
#4306 = CARTESIAN_POINT('',(-4.353085852513E-02,1.570796326795));
#4307 = CARTESIAN_POINT('',(-9.494006212658E-02,1.570796326795));
#4308 = CARTESIAN_POINT('',(-0.170070154233,1.570796326795));
#4309 = CARTESIAN_POINT('',(-0.243478758564,1.570796326795));
#4310 = CARTESIAN_POINT('',(-0.315399563074,1.570796326795));
#4311 = CARTESIAN_POINT('',(-0.386051828275,1.570796326795));
#4312 = CARTESIAN_POINT('',(-0.455640331378,1.570796326795));
#4313 = CARTESIAN_POINT('',(-0.524358662335,1.570796326795));
#4314 = CARTESIAN_POINT('',(-0.592391268864,1.570796326795));
#4315 = CARTESIAN_POINT('',(-0.659915560181,1.570796326795));
#4316 = CARTESIAN_POINT('',(-0.727103783879,1.570796326795));
#4317 = CARTESIAN_POINT('',(-0.794124809657,1.570796326795));
#4318 = CARTESIAN_POINT('',(-0.861145835435,1.570796326795));
#4319 = CARTESIAN_POINT('',(-0.928334059134,1.570796326795));
#4320 = CARTESIAN_POINT('',(-0.995858350451,1.570796326795));
#4321 = CARTESIAN_POINT('',(-1.06389095698,1.570796326795));
#4322 = CARTESIAN_POINT('',(-1.132609287937,1.570796326795));
#4323 = CARTESIAN_POINT('',(-1.20219779104,1.570796326795));
#4324 = CARTESIAN_POINT('',(-1.272850056241,1.570796326795));
#4325 = CARTESIAN_POINT('',(-1.34477086075,1.570796326795));
#4326 = CARTESIAN_POINT('',(-1.418179465082,1.570796326795));
#4327 = CARTESIAN_POINT('',(-1.493309557188,1.570796326795));
#4328 = CARTESIAN_POINT('',(-1.54471876079,1.570796326795));
#4329 = CARTESIAN_POINT('',(-1.570796326795,1.570796326795));
#4330 = ( GEOMETRIC_REPRESENTATION_CONTEXT(2) 
PARAMETRIC_REPRESENTATION_CONTEXT() REPRESENTATION_CONTEXT('2D SPACE',''
  ) );
#4331 = ADVANCED_FACE('',(#4332),#4293,.T.);
#4332 = FACE_BOUND('',#4333,.T.);
#4333 = EDGE_LOOP('',(#4334,#4387,#4409,#4410));
#4334 = ORIENTED_EDGE('',*,*,#4335,.T.);
#4335 = EDGE_CURVE('',#4336,#4338,#4340,.T.);
#4336 = VERTEX_POINT('',#4337);
#4337 = CARTESIAN_POINT('',(36.,18.71396192515,10.452627618384));
#4338 = VERTEX_POINT('',#4339);
#4339 = CARTESIAN_POINT('',(36.,19.5,9.652749462259));
#4340 = SURFACE_CURVE('',#4341,(#4346,#4375),.PCURVE_S1.);
#4341 = CIRCLE('',#4342,0.8);
#4342 = AXIS2_PLACEMENT_3D('',#4343,#4344,#4345);
#4343 = CARTESIAN_POINT('',(36.,18.7,9.652749462259));
#4344 = DIRECTION('',(-1.,-1.507100383673E-32,-5.517266244114E-15));
#4345 = DIRECTION('',(-5.516425937742E-15,1.745240643728E-02,
    0.999847695156));
#4346 = PCURVE('',#4293,#4347);
#4347 = DEFINITIONAL_REPRESENTATION('',(#4348),#4374);
#4348 = B_SPLINE_CURVE_WITH_KNOTS('',3,(#4349,#4350,#4351,#4352,#4353,
    #4354,#4355,#4356,#4357,#4358,#4359,#4360,#4361,#4362,#4363,#4364,
    #4365,#4366,#4367,#4368,#4369,#4370,#4371,#4372,#4373),
  .UNSPECIFIED.,.F.,.F.,(4,1,1,1,1,1,1,1,1,1,1,1,1,1,1,1,1,1,1,1,1,1,4),
  (0.,7.060650155795E-02,0.141213003116,0.211819504674,0.282426006232,
    0.35303250779,0.423639009348,0.494245510906,0.564852012464,
    0.635458514022,0.70606501558,0.776671517137,0.847278018695,
    0.917884520253,0.988491021811,1.059097523369,1.129704024927,
    1.200310526485,1.270917028043,1.341523529601,1.412130031159,
    1.482736532717,1.553343034275),.QUASI_UNIFORM_KNOTS.);
#4349 = CARTESIAN_POINT('',(-1.745329251994E-02,3.14159265359));
#4350 = CARTESIAN_POINT('',(-4.353085852513E-02,3.14159265359));
#4351 = CARTESIAN_POINT('',(-9.494006212658E-02,3.14159265359));
#4352 = CARTESIAN_POINT('',(-0.170070154233,3.14159265359));
#4353 = CARTESIAN_POINT('',(-0.243478758564,3.14159265359));
#4354 = CARTESIAN_POINT('',(-0.315399563074,3.14159265359));
#4355 = CARTESIAN_POINT('',(-0.386051828275,3.14159265359));
#4356 = CARTESIAN_POINT('',(-0.455640331378,3.14159265359));
#4357 = CARTESIAN_POINT('',(-0.524358662335,3.14159265359));
#4358 = CARTESIAN_POINT('',(-0.592391268864,3.14159265359));
#4359 = CARTESIAN_POINT('',(-0.659915560181,3.14159265359));
#4360 = CARTESIAN_POINT('',(-0.72710378388,3.14159265359));
#4361 = CARTESIAN_POINT('',(-0.794124809657,3.14159265359));
#4362 = CARTESIAN_POINT('',(-0.861145835435,3.14159265359));
#4363 = CARTESIAN_POINT('',(-0.928334059134,3.14159265359));
#4364 = CARTESIAN_POINT('',(-0.995858350451,3.14159265359));
#4365 = CARTESIAN_POINT('',(-1.06389095698,3.14159265359));
#4366 = CARTESIAN_POINT('',(-1.132609287937,3.14159265359));
#4367 = CARTESIAN_POINT('',(-1.20219779104,3.14159265359));
#4368 = CARTESIAN_POINT('',(-1.272850056241,3.14159265359));
#4369 = CARTESIAN_POINT('',(-1.344770860751,3.14159265359));
#4370 = CARTESIAN_POINT('',(-1.418179465082,3.14159265359));
#4371 = CARTESIAN_POINT('',(-1.493309557188,3.14159265359));
#4372 = CARTESIAN_POINT('',(-1.54471876079,3.14159265359));
#4373 = CARTESIAN_POINT('',(-1.570796326795,3.14159265359));
#4374 = ( GEOMETRIC_REPRESENTATION_CONTEXT(2) 
PARAMETRIC_REPRESENTATION_CONTEXT() REPRESENTATION_CONTEXT('2D SPACE',''
  ) );
#4375 = PCURVE('',#4376,#4381);
#4376 = CYLINDRICAL_SURFACE('',#4377,0.8);
#4377 = AXIS2_PLACEMENT_3D('',#4378,#4379,#4380);
#4378 = CARTESIAN_POINT('',(8.5,18.7,9.652749462259));
#4379 = DIRECTION('',(-1.,0.,1.443657269176E-15));
#4380 = DIRECTION('',(1.011872754439E-15,0.713250449154,0.7009092643));
#4381 = DEFINITIONAL_REPRESENTATION('',(#4382),#4386);
#4382 = LINE('',#4383,#4384);
#4383 = CARTESIAN_POINT('',(-0.776671517137,-27.5));
#4384 = VECTOR('',#4385,1.);
#4385 = DIRECTION('',(1.,-4.574280890195E-15));
#4386 = ( GEOMETRIC_REPRESENTATION_CONTEXT(2) 
PARAMETRIC_REPRESENTATION_CONTEXT() REPRESENTATION_CONTEXT('2D SPACE',''
  ) );
#4387 = ORIENTED_EDGE('',*,*,#4388,.T.);
#4388 = EDGE_CURVE('',#4338,#4256,#4389,.T.);
#4389 = SURFACE_CURVE('',#4390,(#4395,#4402),.PCURVE_S1.);
#4390 = CIRCLE('',#4391,0.152749462259);
#4391 = AXIS2_PLACEMENT_3D('',#4392,#4393,#4394);
#4392 = CARTESIAN_POINT('',(36.,19.5,9.5));
#4393 = DIRECTION('',(-0.,1.,0.));
#4394 = DIRECTION('',(0.707106781187,0.,0.707106781187));
#4395 = PCURVE('',#4293,#4396);
#4396 = DEFINITIONAL_REPRESENTATION('',(#4397),#4401);
#4397 = LINE('',#4398,#4399);
#4398 = CARTESIAN_POINT('',(-1.570796326795,8.639379797372));
#4399 = VECTOR('',#4400,1.);
#4400 = DIRECTION('',(-7.49197324967E-15,-1.));
#4401 = ( GEOMETRIC_REPRESENTATION_CONTEXT(2) 
PARAMETRIC_REPRESENTATION_CONTEXT() REPRESENTATION_CONTEXT('2D SPACE',''
  ) );
#4402 = PCURVE('',#2263,#4403);
#4403 = DEFINITIONAL_REPRESENTATION('',(#4404),#4408);
#4404 = CIRCLE('',#4405,0.152749462259);
#4405 = AXIS2_PLACEMENT_2D('',#4406,#4407);
#4406 = CARTESIAN_POINT('',(19.5,56.));
#4407 = DIRECTION('',(0.707106781187,0.707106781187));
#4408 = ( GEOMETRIC_REPRESENTATION_CONTEXT(2) 
PARAMETRIC_REPRESENTATION_CONTEXT() REPRESENTATION_CONTEXT('2D SPACE',''
  ) );
#4409 = ORIENTED_EDGE('',*,*,#4278,.F.);
#4410 = ORIENTED_EDGE('',*,*,#4411,.T.);
#4411 = EDGE_CURVE('',#4227,#4336,#4412,.T.);
#4412 = SURFACE_CURVE('',#4413,(#4418,#4447),.PCURVE_S1.);
#4413 = CIRCLE('',#4414,0.952627618384);
#4414 = AXIS2_PLACEMENT_3D('',#4415,#4416,#4417);
#4415 = CARTESIAN_POINT('',(36.,18.71396192515,9.5));
#4416 = DIRECTION('',(0.,-1.,0.));
#4417 = DIRECTION('',(0.707106781187,0.,0.707106781187));
#4418 = PCURVE('',#4293,#4419);
#4419 = DEFINITIONAL_REPRESENTATION('',(#4420),#4446);
#4420 = B_SPLINE_CURVE_WITH_KNOTS('',3,(#4421,#4422,#4423,#4424,#4425,
    #4426,#4427,#4428,#4429,#4430,#4431,#4432,#4433,#4434,#4435,#4436,
    #4437,#4438,#4439,#4440,#4441,#4442,#4443,#4444,#4445),
  .UNSPECIFIED.,.F.,.F.,(4,1,1,1,1,1,1,1,1,1,1,1,1,1,1,1,1,1,1,1,1,1,4),
  (5.497787143782,5.569186976818,5.640586809854,5.711986642891,
    5.783386475927,5.854786308963,5.926186141999,5.997585975035,
    6.068985808071,6.140385641107,6.211785474143,6.28318530718,
    6.354585140216,6.425984973252,6.497384806288,6.568784639324,
    6.64018447236,6.711584305396,6.782984138432,6.854383971469,
    6.925783804505,6.997183637541,7.068583470577),
  .QUASI_UNIFORM_KNOTS.);
#4421 = CARTESIAN_POINT('',(-1.745329251994E-02,1.570796326795));
#4422 = CARTESIAN_POINT('',(-1.745329251994E-02,1.597229375323));
#4423 = CARTESIAN_POINT('',(-1.745329251994E-02,1.649321539424));
#4424 = CARTESIAN_POINT('',(-1.745329251994E-02,1.725402781348));
#4425 = CARTESIAN_POINT('',(-1.745329251994E-02,1.799700484976));
#4426 = CARTESIAN_POINT('',(-1.745329251994E-02,1.872457766729));
#4427 = CARTESIAN_POINT('',(-1.745329251994E-02,1.943902433034));
#4428 = CARTESIAN_POINT('',(-1.745329251994E-02,2.014246930739));
#4429 = CARTESIAN_POINT('',(-1.745329251994E-02,2.083691857828));
#4430 = CARTESIAN_POINT('',(-1.745329251994E-02,2.152428136962));
#4431 = CARTESIAN_POINT('',(-1.745329251994E-02,2.22063924756));
#4432 = CARTESIAN_POINT('',(-1.745329251994E-02,2.28850321357));
#4433 = CARTESIAN_POINT('',(-1.745329251994E-02,2.356194490192));
#4434 = CARTESIAN_POINT('',(-1.745329251994E-02,2.423885766815));
#4435 = CARTESIAN_POINT('',(-1.745329251994E-02,2.491749732825));
#4436 = CARTESIAN_POINT('',(-1.745329251994E-02,2.559960843422));
#4437 = CARTESIAN_POINT('',(-1.745329251994E-02,2.628697122557));
#4438 = CARTESIAN_POINT('',(-1.745329251994E-02,2.698142049645));
#4439 = CARTESIAN_POINT('',(-1.745329251994E-02,2.768486547351));
#4440 = CARTESIAN_POINT('',(-1.745329251994E-02,2.839931213656));
#4441 = CARTESIAN_POINT('',(-1.745329251994E-02,2.912688495409));
#4442 = CARTESIAN_POINT('',(-1.745329251994E-02,2.986986199037));
#4443 = CARTESIAN_POINT('',(-1.745329251994E-02,3.063067440961));
#4444 = CARTESIAN_POINT('',(-1.745329251994E-02,3.115159605062));
#4445 = CARTESIAN_POINT('',(-1.745329251994E-02,3.14159265359));
#4446 = ( GEOMETRIC_REPRESENTATION_CONTEXT(2) 
PARAMETRIC_REPRESENTATION_CONTEXT() REPRESENTATION_CONTEXT('2D SPACE',''
  ) );
#4447 = PCURVE('',#4448,#4453);
#4448 = CONICAL_SURFACE('',#4449,1.,1.745329251994E-02);
#4449 = AXIS2_PLACEMENT_3D('',#4450,#4451,#4452);
#4450 = CARTESIAN_POINT('',(36.,16.,9.5));
#4451 = DIRECTION('',(0.,-1.,0.));
#4452 = DIRECTION('',(0.707106781187,0.,0.707106781187));
#4453 = DEFINITIONAL_REPRESENTATION('',(#4454),#4458);
#4454 = LINE('',#4455,#4456);
#4455 = CARTESIAN_POINT('',(-6.28318530718,-2.71396192515));
#4456 = VECTOR('',#4457,1.);
#4457 = DIRECTION('',(1.,0.));
#4458 = ( GEOMETRIC_REPRESENTATION_CONTEXT(2) 
PARAMETRIC_REPRESENTATION_CONTEXT() REPRESENTATION_CONTEXT('2D SPACE',''
  ) );
#4459 = ADVANCED_FACE('',(#4460),#4376,.F.);
#4460 = FACE_BOUND('',#4461,.F.);
#4461 = EDGE_LOOP('',(#4462,#4490,#4491,#4514));
#4462 = ORIENTED_EDGE('',*,*,#4463,.F.);
#4463 = EDGE_CURVE('',#4336,#4464,#4466,.T.);
#4464 = VERTEX_POINT('',#4465);
#4465 = CARTESIAN_POINT('',(35.75,18.71396192515,10.452627618384));
#4466 = SURFACE_CURVE('',#4467,(#4471,#4478),.PCURVE_S1.);
#4467 = LINE('',#4468,#4469);
#4468 = CARTESIAN_POINT('',(8.5,18.71396192515,10.452627618384));
#4469 = VECTOR('',#4470,1.);
#4470 = DIRECTION('',(-1.,0.,1.443657269176E-15));
#4471 = PCURVE('',#4376,#4472);
#4472 = DEFINITIONAL_REPRESENTATION('',(#4473),#4477);
#4473 = LINE('',#4474,#4475);
#4474 = CARTESIAN_POINT('',(-0.776671517137,0.));
#4475 = VECTOR('',#4476,1.);
#4476 = DIRECTION('',(0.,1.));
#4477 = ( GEOMETRIC_REPRESENTATION_CONTEXT(2) 
PARAMETRIC_REPRESENTATION_CONTEXT() REPRESENTATION_CONTEXT('2D SPACE',''
  ) );
#4478 = PCURVE('',#4479,#4484);
#4479 = PLANE('',#4480);
#4480 = AXIS2_PLACEMENT_3D('',#4481,#4482,#4483);
#4481 = CARTESIAN_POINT('',(37.,16.,10.5));
#4482 = DIRECTION('',(-1.443437393181E-15,-1.745240643728E-02,
    -0.999847695156));
#4483 = DIRECTION('',(-1.,3.93705829866E-32,1.443657269176E-15));
#4484 = DEFINITIONAL_REPRESENTATION('',(#4485),#4489);
#4485 = LINE('',#4486,#4487);
#4486 = CARTESIAN_POINT('',(28.5,2.714375337661));
#4487 = VECTOR('',#4488,1.);
#4488 = DIRECTION('',(1.,-2.122091009681E-34));
#4489 = ( GEOMETRIC_REPRESENTATION_CONTEXT(2) 
PARAMETRIC_REPRESENTATION_CONTEXT() REPRESENTATION_CONTEXT('2D SPACE',''
  ) );
#4490 = ORIENTED_EDGE('',*,*,#4335,.T.);
#4491 = ORIENTED_EDGE('',*,*,#4492,.F.);
#4492 = EDGE_CURVE('',#4493,#4338,#4495,.T.);
#4493 = VERTEX_POINT('',#4494);
#4494 = CARTESIAN_POINT('',(35.75,19.5,9.652749462259));
#4495 = SURFACE_CURVE('',#4496,(#4500,#4507),.PCURVE_S1.);
#4496 = LINE('',#4497,#4498);
#4497 = CARTESIAN_POINT('',(8.5,19.5,9.652749462259));
#4498 = VECTOR('',#4499,1.);
#4499 = DIRECTION('',(1.,0.,-1.443657269176E-15));
#4500 = PCURVE('',#4376,#4501);
#4501 = DEFINITIONAL_REPRESENTATION('',(#4502),#4506);
#4502 = LINE('',#4503,#4504);
#4503 = CARTESIAN_POINT('',(0.776671517137,0.));
#4504 = VECTOR('',#4505,1.);
#4505 = DIRECTION('',(0.,-1.));
#4506 = ( GEOMETRIC_REPRESENTATION_CONTEXT(2) 
PARAMETRIC_REPRESENTATION_CONTEXT() REPRESENTATION_CONTEXT('2D SPACE',''
  ) );
#4507 = PCURVE('',#2263,#4508);
#4508 = DEFINITIONAL_REPRESENTATION('',(#4509),#4513);
#4509 = LINE('',#4510,#4511);
#4510 = CARTESIAN_POINT('',(19.652749462259,28.5));
#4511 = VECTOR('',#4512,1.);
#4512 = DIRECTION('',(-1.408962799656E-15,1.));
#4513 = ( GEOMETRIC_REPRESENTATION_CONTEXT(2) 
PARAMETRIC_REPRESENTATION_CONTEXT() REPRESENTATION_CONTEXT('2D SPACE',''
  ) );
#4514 = ORIENTED_EDGE('',*,*,#4515,.F.);
#4515 = EDGE_CURVE('',#4464,#4493,#4516,.T.);
#4516 = SURFACE_CURVE('',#4517,(#4522,#4529),.PCURVE_S1.);
#4517 = CIRCLE('',#4518,0.8);
#4518 = AXIS2_PLACEMENT_3D('',#4519,#4520,#4521);
#4519 = CARTESIAN_POINT('',(35.75,18.7,9.652749462259));
#4520 = DIRECTION('',(-1.,-1.238297129486E-32,5.586655183154E-15));
#4521 = DIRECTION('',(5.58580430851E-15,1.745240643728E-02,
    0.999847695156));
#4522 = PCURVE('',#4376,#4523);
#4523 = DEFINITIONAL_REPRESENTATION('',(#4524),#4528);
#4524 = LINE('',#4525,#4526);
#4525 = CARTESIAN_POINT('',(-0.776671517137,-27.25));
#4526 = VECTOR('',#4527,1.);
#4527 = DIRECTION('',(1.,4.574280890195E-15));
#4528 = ( GEOMETRIC_REPRESENTATION_CONTEXT(2) 
PARAMETRIC_REPRESENTATION_CONTEXT() REPRESENTATION_CONTEXT('2D SPACE',''
  ) );
#4529 = PCURVE('',#4530,#4535);
#4530 = TOROIDAL_SURFACE('',#4531,6.097250537741,0.8);
#4531 = AXIS2_PLACEMENT_3D('',#4532,#4533,#4534);
#4532 = CARTESIAN_POINT('',(35.75,18.7,15.75));
#4533 = DIRECTION('',(0.,1.,0.));
#4534 = DIRECTION('',(3.469446951954E-17,0.,1.));
#4535 = DEFINITIONAL_REPRESENTATION('',(#4536),#4540);
#4536 = LINE('',#4537,#4538);
#4537 = CARTESIAN_POINT('',(3.14159265359,3.12413936107));
#4538 = VECTOR('',#4539,1.);
#4539 = DIRECTION('',(8.576776669115E-16,-1.));
#4540 = ( GEOMETRIC_REPRESENTATION_CONTEXT(2) 
PARAMETRIC_REPRESENTATION_CONTEXT() REPRESENTATION_CONTEXT('2D SPACE',''
  ) );
#4541 = ADVANCED_FACE('',(#4542),#4530,.F.);
#4542 = FACE_BOUND('',#4543,.F.);
#4543 = EDGE_LOOP('',(#4544,#4573,#4574,#4602));
#4544 = ORIENTED_EDGE('',*,*,#4545,.F.);
#4545 = EDGE_CURVE('',#4464,#4546,#4548,.T.);
#4546 = VERTEX_POINT('',#4547);
#4547 = CARTESIAN_POINT('',(30.452627618384,18.71396192515,15.75));
#4548 = SURFACE_CURVE('',#4549,(#4554,#4561),.PCURVE_S1.);
#4549 = CIRCLE('',#4550,5.297372381616);
#4550 = AXIS2_PLACEMENT_3D('',#4551,#4552,#4553);
#4551 = CARTESIAN_POINT('',(35.75,18.71396192515,15.75));
#4552 = DIRECTION('',(0.,1.,0.));
#4553 = DIRECTION('',(-0.707106781187,0.,-0.707106781187));
#4554 = PCURVE('',#4530,#4555);
#4555 = DEFINITIONAL_REPRESENTATION('',(#4556),#4560);
#4556 = LINE('',#4557,#4558);
#4557 = CARTESIAN_POINT('',(-2.356194490192,3.12413936107));
#4558 = VECTOR('',#4559,1.);
#4559 = DIRECTION('',(1.,0.));
#4560 = ( GEOMETRIC_REPRESENTATION_CONTEXT(2) 
PARAMETRIC_REPRESENTATION_CONTEXT() REPRESENTATION_CONTEXT('2D SPACE',''
  ) );
#4561 = PCURVE('',#4562,#4567);
#4562 = CONICAL_SURFACE('',#4563,5.25,1.745329251994E-02);
#4563 = AXIS2_PLACEMENT_3D('',#4564,#4565,#4566);
#4564 = CARTESIAN_POINT('',(35.75,16.,15.75));
#4565 = DIRECTION('',(0.,1.,0.));
#4566 = DIRECTION('',(-1.,0.,9.024253439444E-17));
#4567 = DEFINITIONAL_REPRESENTATION('',(#4568),#4572);
#4568 = LINE('',#4569,#4570);
#4569 = CARTESIAN_POINT('',(-0.785398163397,2.71396192515));
#4570 = VECTOR('',#4571,1.);
#4571 = DIRECTION('',(1.,0.));
#4572 = ( GEOMETRIC_REPRESENTATION_CONTEXT(2) 
PARAMETRIC_REPRESENTATION_CONTEXT() REPRESENTATION_CONTEXT('2D SPACE',''
  ) );
#4573 = ORIENTED_EDGE('',*,*,#4515,.T.);
#4574 = ORIENTED_EDGE('',*,*,#4575,.F.);
#4575 = EDGE_CURVE('',#4576,#4493,#4578,.T.);
#4576 = VERTEX_POINT('',#4577);
#4577 = CARTESIAN_POINT('',(29.652749462259,19.5,15.75));
#4578 = SURFACE_CURVE('',#4579,(#4584,#4591),.PCURVE_S1.);
#4579 = CIRCLE('',#4580,6.097250537741);
#4580 = AXIS2_PLACEMENT_3D('',#4581,#4582,#4583);
#4581 = CARTESIAN_POINT('',(35.75,19.5,15.75));
#4582 = DIRECTION('',(0.,-1.,0.));
#4583 = DIRECTION('',(-0.707106781187,-0.,-0.707106781187));
#4584 = PCURVE('',#4530,#4585);
#4585 = DEFINITIONAL_REPRESENTATION('',(#4586),#4590);
#4586 = LINE('',#4587,#4588);
#4587 = CARTESIAN_POINT('',(10.210176124167,1.570796326795));
#4588 = VECTOR('',#4589,1.);
#4589 = DIRECTION('',(-1.,0.));
#4590 = ( GEOMETRIC_REPRESENTATION_CONTEXT(2) 
PARAMETRIC_REPRESENTATION_CONTEXT() REPRESENTATION_CONTEXT('2D SPACE',''
  ) );
#4591 = PCURVE('',#2263,#4592);
#4592 = DEFINITIONAL_REPRESENTATION('',(#4593),#4601);
#4593 = ( BOUNDED_CURVE() B_SPLINE_CURVE(2,(#4594,#4595,#4596,#4597,
#4598,#4599,#4600),.UNSPECIFIED.,.T.,.F.) B_SPLINE_CURVE_WITH_KNOTS((1,2
    ,2,2,2,1),(-2.094395102393,0.,2.094395102393,4.188790204786,
6.28318530718,8.377580409573),.UNSPECIFIED.) CURVE() 
GEOMETRIC_REPRESENTATION_ITEM() RATIONAL_B_SPLINE_CURVE((1.,0.5,1.,0.5,
1.,0.5,1.)) REPRESENTATION_ITEM('') );
#4594 = CARTESIAN_POINT('',(21.43859279817,51.43859279817));
#4595 = CARTESIAN_POINT('',(13.971016472482,58.906169123858));
#4596 = CARTESIAN_POINT('',(24.171915438071,61.639491763759));
#4597 = CARTESIAN_POINT('',(34.37281440366,64.37281440366));
#4598 = CARTESIAN_POINT('',(31.639491763759,54.171915438071));
#4599 = CARTESIAN_POINT('',(28.906169123858,43.971016472482));
#4600 = CARTESIAN_POINT('',(21.43859279817,51.43859279817));
#4601 = ( GEOMETRIC_REPRESENTATION_CONTEXT(2) 
PARAMETRIC_REPRESENTATION_CONTEXT() REPRESENTATION_CONTEXT('2D SPACE',''
  ) );
#4602 = ORIENTED_EDGE('',*,*,#4603,.F.);
#4603 = EDGE_CURVE('',#4546,#4576,#4604,.T.);
#4604 = SURFACE_CURVE('',#4605,(#4610,#4617),.PCURVE_S1.);
#4605 = CIRCLE('',#4606,0.8);
#4606 = AXIS2_PLACEMENT_3D('',#4607,#4608,#4609);
#4607 = CARTESIAN_POINT('',(29.652749462259,18.7,15.75));
#4608 = DIRECTION('',(-5.517266244114E-15,-8.805940524236E-33,1.));
#4609 = DIRECTION('',(0.999847695156,1.745240643728E-02,
    5.516425937742E-15));
#4610 = PCURVE('',#4530,#4611);
#4611 = DEFINITIONAL_REPRESENTATION('',(#4612),#4616);
#4612 = LINE('',#4613,#4614);
#4613 = CARTESIAN_POINT('',(4.712388980385,3.12413936107));
#4614 = VECTOR('',#4615,1.);
#4615 = DIRECTION('',(-5.717851112743E-16,-1.));
#4616 = ( GEOMETRIC_REPRESENTATION_CONTEXT(2) 
PARAMETRIC_REPRESENTATION_CONTEXT() REPRESENTATION_CONTEXT('2D SPACE',''
  ) );
#4617 = PCURVE('',#4618,#4623);
#4618 = CYLINDRICAL_SURFACE('',#4619,0.8);
#4619 = AXIS2_PLACEMENT_3D('',#4620,#4621,#4622);
#4620 = CARTESIAN_POINT('',(29.652749462259,18.7,2.875));
#4621 = DIRECTION('',(-3.326995702247E-16,0.,1.));
#4622 = DIRECTION('',(0.7009092643,0.713250449154,2.331922109991E-16));
#4623 = DEFINITIONAL_REPRESENTATION('',(#4624),#4628);
#4624 = LINE('',#4625,#4626);
#4625 = CARTESIAN_POINT('',(-0.776671517137,12.875));
#4626 = VECTOR('',#4627,1.);
#4627 = DIRECTION('',(1.,-2.287140445097E-15));
#4628 = ( GEOMETRIC_REPRESENTATION_CONTEXT(2) 
PARAMETRIC_REPRESENTATION_CONTEXT() REPRESENTATION_CONTEXT('2D SPACE',''
  ) );
#4629 = ADVANCED_FACE('',(#4630),#4618,.F.);
#4630 = FACE_BOUND('',#4631,.F.);
#4631 = EDGE_LOOP('',(#4632,#4660,#4661,#4684));
#4632 = ORIENTED_EDGE('',*,*,#4633,.F.);
#4633 = EDGE_CURVE('',#4546,#4634,#4636,.T.);
#4634 = VERTEX_POINT('',#4635);
#4635 = CARTESIAN_POINT('',(30.452627618384,18.71396192515,16.));
#4636 = SURFACE_CURVE('',#4637,(#4641,#4648),.PCURVE_S1.);
#4637 = LINE('',#4638,#4639);
#4638 = CARTESIAN_POINT('',(30.452627618384,18.71396192515,2.875));
#4639 = VECTOR('',#4640,1.);
#4640 = DIRECTION('',(-3.326995702247E-16,0.,1.));
#4641 = PCURVE('',#4618,#4642);
#4642 = DEFINITIONAL_REPRESENTATION('',(#4643),#4647);
#4643 = LINE('',#4644,#4645);
#4644 = CARTESIAN_POINT('',(-0.776671517137,0.));
#4645 = VECTOR('',#4646,1.);
#4646 = DIRECTION('',(0.,1.));
#4647 = ( GEOMETRIC_REPRESENTATION_CONTEXT(2) 
PARAMETRIC_REPRESENTATION_CONTEXT() REPRESENTATION_CONTEXT('2D SPACE',''
  ) );
#4648 = PCURVE('',#4649,#4654);
#4649 = PLANE('',#4650);
#4650 = AXIS2_PLACEMENT_3D('',#4651,#4652,#4653);
#4651 = CARTESIAN_POINT('',(30.5,16.,15.75));
#4652 = DIRECTION('',(-0.999847695156,-1.745240643728E-02,
    -3.326488984687E-16));
#4653 = DIRECTION('',(-3.326995702247E-16,-3.705685991464E-33,1.));
#4654 = DEFINITIONAL_REPRESENTATION('',(#4655),#4659);
#4655 = LINE('',#4656,#4657);
#4656 = CARTESIAN_POINT('',(-12.875,2.714375337661));
#4657 = VECTOR('',#4658,1.);
#4658 = DIRECTION('',(1.,1.54074395551E-33));
#4659 = ( GEOMETRIC_REPRESENTATION_CONTEXT(2) 
PARAMETRIC_REPRESENTATION_CONTEXT() REPRESENTATION_CONTEXT('2D SPACE',''
  ) );
#4660 = ORIENTED_EDGE('',*,*,#4603,.T.);
#4661 = ORIENTED_EDGE('',*,*,#4662,.F.);
#4662 = EDGE_CURVE('',#4663,#4576,#4665,.T.);
#4663 = VERTEX_POINT('',#4664);
#4664 = CARTESIAN_POINT('',(29.652749462259,19.5,16.));
#4665 = SURFACE_CURVE('',#4666,(#4670,#4677),.PCURVE_S1.);
#4666 = LINE('',#4667,#4668);
#4667 = CARTESIAN_POINT('',(29.652749462259,19.5,2.875));
#4668 = VECTOR('',#4669,1.);
#4669 = DIRECTION('',(3.326995702247E-16,0.,-1.));
#4670 = PCURVE('',#4618,#4671);
#4671 = DEFINITIONAL_REPRESENTATION('',(#4672),#4676);
#4672 = LINE('',#4673,#4674);
#4673 = CARTESIAN_POINT('',(0.776671517137,0.));
#4674 = VECTOR('',#4675,1.);
#4675 = DIRECTION('',(0.,-1.));
#4676 = ( GEOMETRIC_REPRESENTATION_CONTEXT(2) 
PARAMETRIC_REPRESENTATION_CONTEXT() REPRESENTATION_CONTEXT('2D SPACE',''
  ) );
#4677 = PCURVE('',#2263,#4678);
#4678 = DEFINITIONAL_REPRESENTATION('',(#4679),#4683);
#4679 = LINE('',#4680,#4681);
#4680 = CARTESIAN_POINT('',(12.875,49.652749462259));
#4681 = VECTOR('',#4682,1.);
#4682 = DIRECTION('',(-1.,3.673940397442E-16));
#4683 = ( GEOMETRIC_REPRESENTATION_CONTEXT(2) 
PARAMETRIC_REPRESENTATION_CONTEXT() REPRESENTATION_CONTEXT('2D SPACE',''
  ) );
#4684 = ORIENTED_EDGE('',*,*,#4685,.F.);
#4685 = EDGE_CURVE('',#4634,#4663,#4686,.T.);
#4686 = SURFACE_CURVE('',#4687,(#4692,#4699),.PCURVE_S1.);
#4687 = CIRCLE('',#4688,0.8);
#4688 = AXIS2_PLACEMENT_3D('',#4689,#4690,#4691);
#4689 = CARTESIAN_POINT('',(29.652749462259,18.7,16.));
#4690 = DIRECTION('',(-2.741285887297E-15,1.612146380404E-33,1.));
#4691 = DIRECTION('',(0.999847695156,1.745240643728E-02,
    2.740868376179E-15));
#4692 = PCURVE('',#4618,#4693);
#4693 = DEFINITIONAL_REPRESENTATION('',(#4694),#4698);
#4694 = LINE('',#4695,#4696);
#4695 = CARTESIAN_POINT('',(-0.776671517137,13.125));
#4696 = VECTOR('',#4697,1.);
#4697 = DIRECTION('',(1.,-2.287140445097E-15));
#4698 = ( GEOMETRIC_REPRESENTATION_CONTEXT(2) 
PARAMETRIC_REPRESENTATION_CONTEXT() REPRESENTATION_CONTEXT('2D SPACE',''
  ) );
#4699 = PCURVE('',#2374,#4700);
#4700 = DEFINITIONAL_REPRESENTATION('',(#4701),#4727);
#4701 = B_SPLINE_CURVE_WITH_KNOTS('',3,(#4702,#4703,#4704,#4705,#4706,
    #4707,#4708,#4709,#4710,#4711,#4712,#4713,#4714,#4715,#4716,#4717,
    #4718,#4719,#4720,#4721,#4722,#4723,#4724,#4725,#4726),
  .UNSPECIFIED.,.F.,.F.,(4,1,1,1,1,1,1,1,1,1,1,1,1,1,1,1,1,1,1,1,1,1,4),
  (0.,7.060650155795E-02,0.141213003116,0.211819504674,0.282426006232,
    0.35303250779,0.423639009348,0.494245510906,0.564852012464,
    0.635458514022,0.70606501558,0.776671517137,0.847278018695,
    0.917884520253,0.988491021811,1.059097523369,1.129704024927,
    1.200310526485,1.270917028043,1.341523529601,1.412130031159,
    1.482736532717,1.553343034275),.QUASI_UNIFORM_KNOTS.);
#4702 = CARTESIAN_POINT('',(-1.745329251994E-02,1.570796326795));
#4703 = CARTESIAN_POINT('',(-4.353085852513E-02,1.570796326795));
#4704 = CARTESIAN_POINT('',(-9.494006212657E-02,1.570796326795));
#4705 = CARTESIAN_POINT('',(-0.170070154233,1.570796326795));
#4706 = CARTESIAN_POINT('',(-0.243478758564,1.570796326795));
#4707 = CARTESIAN_POINT('',(-0.315399563074,1.570796326795));
#4708 = CARTESIAN_POINT('',(-0.386051828275,1.570796326795));
#4709 = CARTESIAN_POINT('',(-0.455640331378,1.570796326795));
#4710 = CARTESIAN_POINT('',(-0.524358662335,1.570796326795));
#4711 = CARTESIAN_POINT('',(-0.592391268864,1.570796326795));
#4712 = CARTESIAN_POINT('',(-0.659915560181,1.570796326795));
#4713 = CARTESIAN_POINT('',(-0.727103783879,1.570796326795));
#4714 = CARTESIAN_POINT('',(-0.794124809657,1.570796326795));
#4715 = CARTESIAN_POINT('',(-0.861145835435,1.570796326795));
#4716 = CARTESIAN_POINT('',(-0.928334059134,1.570796326795));
#4717 = CARTESIAN_POINT('',(-0.995858350451,1.570796326795));
#4718 = CARTESIAN_POINT('',(-1.06389095698,1.570796326795));
#4719 = CARTESIAN_POINT('',(-1.132609287937,1.570796326795));
#4720 = CARTESIAN_POINT('',(-1.20219779104,1.570796326795));
#4721 = CARTESIAN_POINT('',(-1.272850056241,1.570796326795));
#4722 = CARTESIAN_POINT('',(-1.34477086075,1.570796326795));
#4723 = CARTESIAN_POINT('',(-1.418179465082,1.570796326795));
#4724 = CARTESIAN_POINT('',(-1.493309557188,1.570796326795));
#4725 = CARTESIAN_POINT('',(-1.54471876079,1.570796326795));
#4726 = CARTESIAN_POINT('',(-1.570796326795,1.570796326795));
#4727 = ( GEOMETRIC_REPRESENTATION_CONTEXT(2) 
PARAMETRIC_REPRESENTATION_CONTEXT() REPRESENTATION_CONTEXT('2D SPACE',''
  ) );
#4728 = ADVANCED_FACE('',(#4729),#2374,.T.);
#4729 = FACE_BOUND('',#4730,.T.);
#4730 = EDGE_LOOP('',(#4731,#4732,#4754,#4755));
#4731 = ORIENTED_EDGE('',*,*,#2359,.F.);
#4732 = ORIENTED_EDGE('',*,*,#4733,.T.);
#4733 = EDGE_CURVE('',#2243,#4663,#4734,.T.);
#4734 = SURFACE_CURVE('',#4735,(#4740,#4747),.PCURVE_S1.);
#4735 = CIRCLE('',#4736,0.152749462259);
#4736 = AXIS2_PLACEMENT_3D('',#4737,#4738,#4739);
#4737 = CARTESIAN_POINT('',(29.5,19.5,16.));
#4738 = DIRECTION('',(-0.,1.,0.));
#4739 = DIRECTION('',(0.707106781187,0.,0.707106781187));
#4740 = PCURVE('',#2374,#4741);
#4741 = DEFINITIONAL_REPRESENTATION('',(#4742),#4746);
#4742 = LINE('',#4743,#4744);
#4743 = CARTESIAN_POINT('',(-1.570796326795,8.639379797372));
#4744 = VECTOR('',#4745,1.);
#4745 = DIRECTION('',(-2.827159716856E-15,-1.));
#4746 = ( GEOMETRIC_REPRESENTATION_CONTEXT(2) 
PARAMETRIC_REPRESENTATION_CONTEXT() REPRESENTATION_CONTEXT('2D SPACE',''
  ) );
#4747 = PCURVE('',#2263,#4748);
#4748 = DEFINITIONAL_REPRESENTATION('',(#4749),#4753);
#4749 = CIRCLE('',#4750,0.152749462259);
#4750 = AXIS2_PLACEMENT_2D('',#4751,#4752);
#4751 = CARTESIAN_POINT('',(26.,49.5));
#4752 = DIRECTION('',(0.707106781187,0.707106781187));
#4753 = ( GEOMETRIC_REPRESENTATION_CONTEXT(2) 
PARAMETRIC_REPRESENTATION_CONTEXT() REPRESENTATION_CONTEXT('2D SPACE',''
  ) );
#4754 = ORIENTED_EDGE('',*,*,#4685,.F.);
#4755 = ORIENTED_EDGE('',*,*,#4756,.T.);
#4756 = EDGE_CURVE('',#4634,#2332,#4757,.T.);
#4757 = SURFACE_CURVE('',#4758,(#4763,#4792),.PCURVE_S1.);
#4758 = CIRCLE('',#4759,0.952627618384);
#4759 = AXIS2_PLACEMENT_3D('',#4760,#4761,#4762);
#4760 = CARTESIAN_POINT('',(29.5,18.71396192515,16.));
#4761 = DIRECTION('',(0.,-1.,0.));
#4762 = DIRECTION('',(0.707106781187,0.,0.707106781187));
#4763 = PCURVE('',#2374,#4764);
#4764 = DEFINITIONAL_REPRESENTATION('',(#4765),#4791);
#4765 = B_SPLINE_CURVE_WITH_KNOTS('',3,(#4766,#4767,#4768,#4769,#4770,
    #4771,#4772,#4773,#4774,#4775,#4776,#4777,#4778,#4779,#4780,#4781,
    #4782,#4783,#4784,#4785,#4786,#4787,#4788,#4789,#4790),
  .UNSPECIFIED.,.F.,.F.,(4,1,1,1,1,1,1,1,1,1,1,1,1,1,1,1,1,1,1,1,1,1,4),
  (5.497787143782,5.569186976818,5.640586809854,5.711986642891,
    5.783386475927,5.854786308963,5.926186141999,5.997585975035,
    6.068985808071,6.140385641107,6.211785474143,6.28318530718,
    6.354585140216,6.425984973252,6.497384806288,6.568784639324,
    6.64018447236,6.711584305396,6.782984138432,6.854383971469,
    6.925783804505,6.997183637541,7.068583470577),
  .QUASI_UNIFORM_KNOTS.);
#4766 = CARTESIAN_POINT('',(-1.745329251994E-02,1.570796326795));
#4767 = CARTESIAN_POINT('',(-1.745329251994E-02,1.597229375323));
#4768 = CARTESIAN_POINT('',(-1.745329251994E-02,1.649321539424));
#4769 = CARTESIAN_POINT('',(-1.745329251994E-02,1.725402781348));
#4770 = CARTESIAN_POINT('',(-1.745329251994E-02,1.799700484976));
#4771 = CARTESIAN_POINT('',(-1.745329251994E-02,1.872457766729));
#4772 = CARTESIAN_POINT('',(-1.745329251994E-02,1.943902433034));
#4773 = CARTESIAN_POINT('',(-1.745329251994E-02,2.014246930739));
#4774 = CARTESIAN_POINT('',(-1.745329251994E-02,2.083691857827));
#4775 = CARTESIAN_POINT('',(-1.745329251994E-02,2.152428136962));
#4776 = CARTESIAN_POINT('',(-1.745329251994E-02,2.22063924756));
#4777 = CARTESIAN_POINT('',(-1.745329251994E-02,2.28850321357));
#4778 = CARTESIAN_POINT('',(-1.745329251994E-02,2.356194490192));
#4779 = CARTESIAN_POINT('',(-1.745329251994E-02,2.423885766815));
#4780 = CARTESIAN_POINT('',(-1.745329251994E-02,2.491749732825));
#4781 = CARTESIAN_POINT('',(-1.745329251994E-02,2.559960843422));
#4782 = CARTESIAN_POINT('',(-1.745329251994E-02,2.628697122557));
#4783 = CARTESIAN_POINT('',(-1.745329251994E-02,2.698142049645));
#4784 = CARTESIAN_POINT('',(-1.745329251994E-02,2.768486547351));
#4785 = CARTESIAN_POINT('',(-1.745329251994E-02,2.839931213656));
#4786 = CARTESIAN_POINT('',(-1.745329251994E-02,2.912688495409));
#4787 = CARTESIAN_POINT('',(-1.745329251994E-02,2.986986199037));
#4788 = CARTESIAN_POINT('',(-1.745329251994E-02,3.063067440961));
#4789 = CARTESIAN_POINT('',(-1.745329251994E-02,3.115159605062));
#4790 = CARTESIAN_POINT('',(-1.745329251994E-02,3.14159265359));
#4791 = ( GEOMETRIC_REPRESENTATION_CONTEXT(2) 
PARAMETRIC_REPRESENTATION_CONTEXT() REPRESENTATION_CONTEXT('2D SPACE',''
  ) );
#4792 = PCURVE('',#4793,#4798);
#4793 = CONICAL_SURFACE('',#4794,1.,1.745329251994E-02);
#4794 = AXIS2_PLACEMENT_3D('',#4795,#4796,#4797);
#4795 = CARTESIAN_POINT('',(29.5,16.,16.));
#4796 = DIRECTION('',(0.,-1.,0.));
#4797 = DIRECTION('',(0.707106781187,0.,0.707106781187));
#4798 = DEFINITIONAL_REPRESENTATION('',(#4799),#4803);
#4799 = LINE('',#4800,#4801);
#4800 = CARTESIAN_POINT('',(-6.28318530718,-2.71396192515));
#4801 = VECTOR('',#4802,1.);
#4802 = DIRECTION('',(1.,0.));
#4803 = ( GEOMETRIC_REPRESENTATION_CONTEXT(2) 
PARAMETRIC_REPRESENTATION_CONTEXT() REPRESENTATION_CONTEXT('2D SPACE',''
  ) );
#4804 = ADVANCED_FACE('',(#4805),#341,.F.);
#4805 = FACE_BOUND('',#4806,.F.);
#4806 = EDGE_LOOP('',(#4807,#4808,#4836,#4857));
#4807 = ORIENTED_EDGE('',*,*,#325,.F.);
#4808 = ORIENTED_EDGE('',*,*,#4809,.F.);
#4809 = EDGE_CURVE('',#4810,#326,#4812,.T.);
#4810 = VERTEX_POINT('',#4811);
#4811 = CARTESIAN_POINT('',(-30.5,16.,-16.));
#4812 = SURFACE_CURVE('',#4813,(#4818,#4825),.PCURVE_S1.);
#4813 = CIRCLE('',#4814,1.);
#4814 = AXIS2_PLACEMENT_3D('',#4815,#4816,#4817);
#4815 = CARTESIAN_POINT('',(-29.5,16.,-16.));
#4816 = DIRECTION('',(0.,-1.,0.));
#4817 = DIRECTION('',(-0.707106781187,-0.,-0.707106781187));
#4818 = PCURVE('',#341,#4819);
#4819 = DEFINITIONAL_REPRESENTATION('',(#4820),#4824);
#4820 = LINE('',#4821,#4822);
#4821 = CARTESIAN_POINT('',(-6.28318530718,2.169788588069E-16));
#4822 = VECTOR('',#4823,1.);
#4823 = DIRECTION('',(1.,-2.959993536476E-17));
#4824 = ( GEOMETRIC_REPRESENTATION_CONTEXT(2) 
PARAMETRIC_REPRESENTATION_CONTEXT() REPRESENTATION_CONTEXT('2D SPACE',''
  ) );
#4825 = PCURVE('',#44,#4826);
#4826 = DEFINITIONAL_REPRESENTATION('',(#4827),#4835);
#4827 = ( BOUNDED_CURVE() B_SPLINE_CURVE(2,(#4828,#4829,#4830,#4831,
#4832,#4833,#4834),.UNSPECIFIED.,.T.,.F.) B_SPLINE_CURVE_WITH_KNOTS((1,2
    ,2,2,2,1),(-2.094395102393,0.,2.094395102393,4.188790204786,
6.28318530718,8.377580409573),.UNSPECIFIED.) CURVE() 
GEOMETRIC_REPRESENTATION_ITEM() RATIONAL_B_SPLINE_CURVE((1.,0.5,1.,0.5,
1.,0.5,1.)) REPRESENTATION_ITEM('') );
#4828 = CARTESIAN_POINT('',(-6.707106781187,-10.20710678118));
#4829 = CARTESIAN_POINT('',(-7.931851652578,-8.982361909795));
#4830 = CARTESIAN_POINT('',(-6.258819045103,-8.534074173711));
#4831 = CARTESIAN_POINT('',(-4.585786437627,-8.085786437627));
#4832 = CARTESIAN_POINT('',(-5.034074173711,-9.758819045103));
#4833 = CARTESIAN_POINT('',(-5.482361909795,-11.43185165257));
#4834 = CARTESIAN_POINT('',(-6.707106781187,-10.20710678118));
#4835 = ( GEOMETRIC_REPRESENTATION_CONTEXT(2) 
PARAMETRIC_REPRESENTATION_CONTEXT() REPRESENTATION_CONTEXT('2D SPACE',''
  ) );
#4836 = ORIENTED_EDGE('',*,*,#4837,.F.);
#4837 = EDGE_CURVE('',#3359,#4810,#4838,.T.);
#4838 = SURFACE_CURVE('',#4839,(#4843,#4850),.PCURVE_S1.);
#4839 = LINE('',#4840,#4841);
#4840 = CARTESIAN_POINT('',(-30.5,16.,-16.));
#4841 = VECTOR('',#4842,1.);
#4842 = DIRECTION('',(-1.745240643728E-02,-0.999847695156,
    6.055019831809E-19));
#4843 = PCURVE('',#341,#4844);
#4844 = DEFINITIONAL_REPRESENTATION('',(#4845),#4849);
#4845 = LINE('',#4846,#4847);
#4846 = CARTESIAN_POINT('',(-0.785398163397,0.));
#4847 = VECTOR('',#4848,1.);
#4848 = DIRECTION('',(9.817880031435E-16,1.));
#4849 = ( GEOMETRIC_REPRESENTATION_CONTEXT(2) 
PARAMETRIC_REPRESENTATION_CONTEXT() REPRESENTATION_CONTEXT('2D SPACE',''
  ) );
#4850 = PCURVE('',#3374,#4851);
#4851 = DEFINITIONAL_REPRESENTATION('',(#4852),#4856);
#4852 = LINE('',#4853,#4854);
#4853 = CARTESIAN_POINT('',(0.25,0.));
#4854 = VECTOR('',#4855,1.);
#4855 = DIRECTION('',(-0.,-1.));
#4856 = ( GEOMETRIC_REPRESENTATION_CONTEXT(2) 
PARAMETRIC_REPRESENTATION_CONTEXT() REPRESENTATION_CONTEXT('2D SPACE',''
  ) );
#4857 = ORIENTED_EDGE('',*,*,#3536,.T.);
#4858 = ADVANCED_FACE('',(#4859),#3374,.T.);
#4859 = FACE_BOUND('',#4860,.T.);
#4860 = EDGE_LOOP('',(#4861,#4862,#4885,#4906));
#4861 = ORIENTED_EDGE('',*,*,#3358,.F.);
#4862 = ORIENTED_EDGE('',*,*,#4863,.F.);
#4863 = EDGE_CURVE('',#4864,#3271,#4866,.T.);
#4864 = VERTEX_POINT('',#4865);
#4865 = CARTESIAN_POINT('',(-30.5,16.,-15.75));
#4866 = SURFACE_CURVE('',#4867,(#4871,#4878),.PCURVE_S1.);
#4867 = LINE('',#4868,#4869);
#4868 = CARTESIAN_POINT('',(-30.5,16.,-15.75));
#4869 = VECTOR('',#4870,1.);
#4870 = DIRECTION('',(1.745240643728E-02,0.999847695156,
    -7.986859492434E-18));
#4871 = PCURVE('',#3374,#4872);
#4872 = DEFINITIONAL_REPRESENTATION('',(#4873),#4877);
#4873 = LINE('',#4874,#4875);
#4874 = CARTESIAN_POINT('',(0.,0.));
#4875 = VECTOR('',#4876,1.);
#4876 = DIRECTION('',(7.381357509253E-18,1.));
#4877 = ( GEOMETRIC_REPRESENTATION_CONTEXT(2) 
PARAMETRIC_REPRESENTATION_CONTEXT() REPRESENTATION_CONTEXT('2D SPACE',''
  ) );
#4878 = PCURVE('',#3287,#4879);
#4879 = DEFINITIONAL_REPRESENTATION('',(#4880),#4884);
#4880 = LINE('',#4881,#4882);
#4881 = CARTESIAN_POINT('',(6.28318530718,0.));
#4882 = VECTOR('',#4883,1.);
#4883 = DIRECTION('',(0.,1.));
#4884 = ( GEOMETRIC_REPRESENTATION_CONTEXT(2) 
PARAMETRIC_REPRESENTATION_CONTEXT() REPRESENTATION_CONTEXT('2D SPACE',''
  ) );
#4885 = ORIENTED_EDGE('',*,*,#4886,.F.);
#4886 = EDGE_CURVE('',#4810,#4864,#4887,.T.);
#4887 = SURFACE_CURVE('',#4888,(#4892,#4899),.PCURVE_S1.);
#4888 = LINE('',#4889,#4890);
#4889 = CARTESIAN_POINT('',(-30.5,16.,-17.));
#4890 = VECTOR('',#4891,1.);
#4891 = DIRECTION('',(3.469446951954E-17,0.,1.));
#4892 = PCURVE('',#3374,#4893);
#4893 = DEFINITIONAL_REPRESENTATION('',(#4894),#4898);
#4894 = LINE('',#4895,#4896);
#4895 = CARTESIAN_POINT('',(1.25,0.));
#4896 = VECTOR('',#4897,1.);
#4897 = DIRECTION('',(-1.,0.));
#4898 = ( GEOMETRIC_REPRESENTATION_CONTEXT(2) 
PARAMETRIC_REPRESENTATION_CONTEXT() REPRESENTATION_CONTEXT('2D SPACE',''
  ) );
#4899 = PCURVE('',#44,#4900);
#4900 = DEFINITIONAL_REPRESENTATION('',(#4901),#4905);
#4901 = LINE('',#4902,#4903);
#4902 = CARTESIAN_POINT('',(-7.,-10.5));
#4903 = VECTOR('',#4904,1.);
#4904 = DIRECTION('',(1.,0.));
#4905 = ( GEOMETRIC_REPRESENTATION_CONTEXT(2) 
PARAMETRIC_REPRESENTATION_CONTEXT() REPRESENTATION_CONTEXT('2D SPACE',''
  ) );
#4906 = ORIENTED_EDGE('',*,*,#4837,.F.);
#4907 = ADVANCED_FACE('',(#4908),#3287,.T.);
#4908 = FACE_BOUND('',#4909,.T.);
#4909 = EDGE_LOOP('',(#4910,#4911,#4934,#4960));
#4910 = ORIENTED_EDGE('',*,*,#3270,.F.);
#4911 = ORIENTED_EDGE('',*,*,#4912,.F.);
#4912 = EDGE_CURVE('',#4913,#3189,#4915,.T.);
#4913 = VERTEX_POINT('',#4914);
#4914 = CARTESIAN_POINT('',(-35.75,16.,-10.5));
#4915 = SURFACE_CURVE('',#4916,(#4920,#4927),.PCURVE_S1.);
#4916 = LINE('',#4917,#4918);
#4917 = CARTESIAN_POINT('',(-35.75,16.,-10.5));
#4918 = VECTOR('',#4919,1.);
#4919 = DIRECTION('',(3.160720352204E-17,0.999847695156,
    1.745240643728E-02));
#4920 = PCURVE('',#3287,#4921);
#4921 = DEFINITIONAL_REPRESENTATION('',(#4922),#4926);
#4922 = LINE('',#4923,#4924);
#4923 = CARTESIAN_POINT('',(4.712388980385,0.));
#4924 = VECTOR('',#4925,1.);
#4925 = DIRECTION('',(0.,1.));
#4926 = ( GEOMETRIC_REPRESENTATION_CONTEXT(2) 
PARAMETRIC_REPRESENTATION_CONTEXT() REPRESENTATION_CONTEXT('2D SPACE',''
  ) );
#4927 = PCURVE('',#3204,#4928);
#4928 = DEFINITIONAL_REPRESENTATION('',(#4929),#4933);
#4929 = LINE('',#4930,#4931);
#4930 = CARTESIAN_POINT('',(1.25,8.11693684605E-17));
#4931 = VECTOR('',#4932,1.);
#4932 = DIRECTION('',(1.620434557053E-34,1.));
#4933 = ( GEOMETRIC_REPRESENTATION_CONTEXT(2) 
PARAMETRIC_REPRESENTATION_CONTEXT() REPRESENTATION_CONTEXT('2D SPACE',''
  ) );
#4934 = ORIENTED_EDGE('',*,*,#4935,.F.);
#4935 = EDGE_CURVE('',#4864,#4913,#4936,.T.);
#4936 = SURFACE_CURVE('',#4937,(#4942,#4949),.PCURVE_S1.);
#4937 = CIRCLE('',#4938,5.25);
#4938 = AXIS2_PLACEMENT_3D('',#4939,#4940,#4941);
#4939 = CARTESIAN_POINT('',(-35.75,16.,-15.75));
#4940 = DIRECTION('',(0.,-1.,0.));
#4941 = DIRECTION('',(1.,0.,-4.576365741386E-16));
#4942 = PCURVE('',#3287,#4943);
#4943 = DEFINITIONAL_REPRESENTATION('',(#4944),#4948);
#4944 = LINE('',#4945,#4946);
#4945 = CARTESIAN_POINT('',(6.28318530718,0.));
#4946 = VECTOR('',#4947,1.);
#4947 = DIRECTION('',(-1.,0.));
#4948 = ( GEOMETRIC_REPRESENTATION_CONTEXT(2) 
PARAMETRIC_REPRESENTATION_CONTEXT() REPRESENTATION_CONTEXT('2D SPACE',''
  ) );
#4949 = PCURVE('',#44,#4950);
#4950 = DEFINITIONAL_REPRESENTATION('',(#4951),#4959);
#4951 = ( BOUNDED_CURVE() B_SPLINE_CURVE(2,(#4952,#4953,#4954,#4955,
#4956,#4957,#4958),.UNSPECIFIED.,.T.,.F.) B_SPLINE_CURVE_WITH_KNOTS((1,2
    ,2,2,2,1),(-2.094395102393,0.,2.094395102393,4.188790204786,
6.28318530718,8.377580409573),.UNSPECIFIED.) CURVE() 
GEOMETRIC_REPRESENTATION_ITEM() RATIONAL_B_SPLINE_CURVE((1.,0.5,1.,0.5,
1.,0.5,1.)) REPRESENTATION_ITEM('') );
#4952 = CARTESIAN_POINT('',(-5.75,-10.5));
#4953 = CARTESIAN_POINT('',(3.343266739737,-10.5));
#4954 = CARTESIAN_POINT('',(-1.203366630132,-18.375));
#4955 = CARTESIAN_POINT('',(-5.75,-26.25));
#4956 = CARTESIAN_POINT('',(-10.29663336986,-18.375));
#4957 = CARTESIAN_POINT('',(-14.84326673973,-10.5));
#4958 = CARTESIAN_POINT('',(-5.75,-10.5));
#4959 = ( GEOMETRIC_REPRESENTATION_CONTEXT(2) 
PARAMETRIC_REPRESENTATION_CONTEXT() REPRESENTATION_CONTEXT('2D SPACE',''
  ) );
#4960 = ORIENTED_EDGE('',*,*,#4863,.T.);
#4961 = ADVANCED_FACE('',(#4962),#3204,.T.);
#4962 = FACE_BOUND('',#4963,.T.);
#4963 = EDGE_LOOP('',(#4964,#4965,#4988,#5009));
#4964 = ORIENTED_EDGE('',*,*,#3188,.F.);
#4965 = ORIENTED_EDGE('',*,*,#4966,.F.);
#4966 = EDGE_CURVE('',#4967,#3061,#4969,.T.);
#4967 = VERTEX_POINT('',#4968);
#4968 = CARTESIAN_POINT('',(-36.,16.,-10.5));
#4969 = SURFACE_CURVE('',#4970,(#4974,#4981),.PCURVE_S1.);
#4970 = LINE('',#4971,#4972);
#4971 = CARTESIAN_POINT('',(-36.,16.,-10.5));
#4972 = VECTOR('',#4973,1.);
#4973 = DIRECTION('',(6.055019831809E-19,0.999847695156,
    1.745240643728E-02));
#4974 = PCURVE('',#3204,#4975);
#4975 = DEFINITIONAL_REPRESENTATION('',(#4976),#4980);
#4976 = LINE('',#4977,#4978);
#4977 = CARTESIAN_POINT('',(1.,6.567087836594E-17));
#4978 = VECTOR('',#4979,1.);
#4979 = DIRECTION('',(-3.100170153886E-17,1.));
#4980 = ( GEOMETRIC_REPRESENTATION_CONTEXT(2) 
PARAMETRIC_REPRESENTATION_CONTEXT() REPRESENTATION_CONTEXT('2D SPACE',''
  ) );
#4981 = PCURVE('',#3173,#4982);
#4982 = DEFINITIONAL_REPRESENTATION('',(#4983),#4987);
#4983 = LINE('',#4984,#4985);
#4984 = CARTESIAN_POINT('',(0.785398163397,7.749244957389E-18));
#4985 = VECTOR('',#4986,1.);
#4986 = DIRECTION('',(1.022695836608E-15,-1.));
#4987 = ( GEOMETRIC_REPRESENTATION_CONTEXT(2) 
PARAMETRIC_REPRESENTATION_CONTEXT() REPRESENTATION_CONTEXT('2D SPACE',''
  ) );
#4988 = ORIENTED_EDGE('',*,*,#4989,.F.);
#4989 = EDGE_CURVE('',#4913,#4967,#4990,.T.);
#4990 = SURFACE_CURVE('',#4991,(#4995,#5002),.PCURVE_S1.);
#4991 = LINE('',#4992,#4993);
#4992 = CARTESIAN_POINT('',(-35.75,16.,-10.5));
#4993 = VECTOR('',#4994,1.);
#4994 = DIRECTION('',(-1.,0.,1.81105130892E-15));
#4995 = PCURVE('',#3204,#4996);
#4996 = DEFINITIONAL_REPRESENTATION('',(#4997),#5001);
#4997 = LINE('',#4998,#4999);
#4998 = CARTESIAN_POINT('',(1.25,8.11693684605E-17));
#4999 = VECTOR('',#5000,1.);
#5000 = DIRECTION('',(-1.,-3.603923740805E-33));
#5001 = ( GEOMETRIC_REPRESENTATION_CONTEXT(2) 
PARAMETRIC_REPRESENTATION_CONTEXT() REPRESENTATION_CONTEXT('2D SPACE',''
  ) );
#5002 = PCURVE('',#44,#5003);
#5003 = DEFINITIONAL_REPRESENTATION('',(#5004),#5008);
#5004 = LINE('',#5005,#5006);
#5005 = CARTESIAN_POINT('',(-0.5,-15.75));
#5006 = VECTOR('',#5007,1.);
#5007 = DIRECTION('',(1.7763568394E-15,-1.));
#5008 = ( GEOMETRIC_REPRESENTATION_CONTEXT(2) 
PARAMETRIC_REPRESENTATION_CONTEXT() REPRESENTATION_CONTEXT('2D SPACE',''
  ) );
#5009 = ORIENTED_EDGE('',*,*,#4912,.T.);
#5010 = ADVANCED_FACE('',(#5011),#3173,.F.);
#5011 = FACE_BOUND('',#5012,.F.);
#5012 = EDGE_LOOP('',(#5013,#5014,#5042,#5063));
#5013 = ORIENTED_EDGE('',*,*,#4966,.F.);
#5014 = ORIENTED_EDGE('',*,*,#5015,.F.);
#5015 = EDGE_CURVE('',#5016,#4967,#5018,.T.);
#5016 = VERTEX_POINT('',#5017);
#5017 = CARTESIAN_POINT('',(-37.,16.,-9.5));
#5018 = SURFACE_CURVE('',#5019,(#5024,#5031),.PCURVE_S1.);
#5019 = CIRCLE('',#5020,1.);
#5020 = AXIS2_PLACEMENT_3D('',#5021,#5022,#5023);
#5021 = CARTESIAN_POINT('',(-36.,16.,-9.5));
#5022 = DIRECTION('',(0.,-1.,0.));
#5023 = DIRECTION('',(-0.707106781187,-0.,-0.707106781187));
#5024 = PCURVE('',#3173,#5025);
#5025 = DEFINITIONAL_REPRESENTATION('',(#5026),#5030);
#5026 = LINE('',#5027,#5028);
#5027 = CARTESIAN_POINT('',(-6.28318530718,7.749244957389E-18));
#5028 = VECTOR('',#5029,1.);
#5029 = DIRECTION('',(1.,0.));
#5030 = ( GEOMETRIC_REPRESENTATION_CONTEXT(2) 
PARAMETRIC_REPRESENTATION_CONTEXT() REPRESENTATION_CONTEXT('2D SPACE',''
  ) );
#5031 = PCURVE('',#44,#5032);
#5032 = DEFINITIONAL_REPRESENTATION('',(#5033),#5041);
#5033 = ( BOUNDED_CURVE() B_SPLINE_CURVE(2,(#5034,#5035,#5036,#5037,
#5038,#5039,#5040),.UNSPECIFIED.,.T.,.F.) B_SPLINE_CURVE_WITH_KNOTS((1,2
    ,2,2,2,1),(-2.094395102393,0.,2.094395102393,4.188790204786,
6.28318530718,8.377580409573),.UNSPECIFIED.) CURVE() 
GEOMETRIC_REPRESENTATION_ITEM() RATIONAL_B_SPLINE_CURVE((1.,0.5,1.,0.5,
1.,0.5,1.)) REPRESENTATION_ITEM('') );
#5034 = CARTESIAN_POINT('',(-0.207106781187,-16.70710678118));
#5035 = CARTESIAN_POINT('',(-1.431851652578,-15.48236190979));
#5036 = CARTESIAN_POINT('',(0.241180954897,-15.03407417371));
#5037 = CARTESIAN_POINT('',(1.914213562373,-14.58578643762));
#5038 = CARTESIAN_POINT('',(1.465925826289,-16.2588190451));
#5039 = CARTESIAN_POINT('',(1.017638090205,-17.93185165257));
#5040 = CARTESIAN_POINT('',(-0.207106781187,-16.70710678118));
#5041 = ( GEOMETRIC_REPRESENTATION_CONTEXT(2) 
PARAMETRIC_REPRESENTATION_CONTEXT() REPRESENTATION_CONTEXT('2D SPACE',''
  ) );
#5042 = ORIENTED_EDGE('',*,*,#5043,.F.);
#5043 = EDGE_CURVE('',#2952,#5016,#5044,.T.);
#5044 = SURFACE_CURVE('',#5045,(#5049,#5056),.PCURVE_S1.);
#5045 = LINE('',#5046,#5047);
#5046 = CARTESIAN_POINT('',(-37.,16.,-9.5));
#5047 = VECTOR('',#5048,1.);
#5048 = DIRECTION('',(-1.745240643728E-02,-0.999847695156,
    6.055019831809E-19));
#5049 = PCURVE('',#3173,#5050);
#5050 = DEFINITIONAL_REPRESENTATION('',(#5051),#5055);
#5051 = LINE('',#5052,#5053);
#5052 = CARTESIAN_POINT('',(-0.785398163397,0.));
#5053 = VECTOR('',#5054,1.);
#5054 = DIRECTION('',(-9.817880031435E-16,1.));
#5055 = ( GEOMETRIC_REPRESENTATION_CONTEXT(2) 
PARAMETRIC_REPRESENTATION_CONTEXT() REPRESENTATION_CONTEXT('2D SPACE',''
  ) );
#5056 = PCURVE('',#2967,#5057);
#5057 = DEFINITIONAL_REPRESENTATION('',(#5058),#5062);
#5058 = LINE('',#5059,#5060);
#5059 = CARTESIAN_POINT('',(10.5,0.));
#5060 = VECTOR('',#5061,1.);
#5061 = DIRECTION('',(0.,-1.));
#5062 = ( GEOMETRIC_REPRESENTATION_CONTEXT(2) 
PARAMETRIC_REPRESENTATION_CONTEXT() REPRESENTATION_CONTEXT('2D SPACE',''
  ) );
#5063 = ORIENTED_EDGE('',*,*,#3136,.T.);
#5064 = ADVANCED_FACE('',(#5065),#2967,.F.);
#5065 = FACE_BOUND('',#5066,.T.);
#5066 = EDGE_LOOP('',(#5067,#5068,#5091,#5112));
#5067 = ORIENTED_EDGE('',*,*,#2951,.F.);
#5068 = ORIENTED_EDGE('',*,*,#5069,.F.);
#5069 = EDGE_CURVE('',#5070,#2824,#5072,.T.);
#5070 = VERTEX_POINT('',#5071);
#5071 = CARTESIAN_POINT('',(-37.,16.,9.5));
#5072 = SURFACE_CURVE('',#5073,(#5077,#5084),.PCURVE_S1.);
#5073 = LINE('',#5074,#5075);
#5074 = CARTESIAN_POINT('',(-37.,16.,9.5));
#5075 = VECTOR('',#5076,1.);
#5076 = DIRECTION('',(1.745240643728E-02,0.999847695156,
    -6.055019831809E-19));
#5077 = PCURVE('',#2967,#5078);
#5078 = DEFINITIONAL_REPRESENTATION('',(#5079),#5083);
#5079 = LINE('',#5080,#5081);
#5080 = CARTESIAN_POINT('',(29.5,0.));
#5081 = VECTOR('',#5082,1.);
#5082 = DIRECTION('',(0.,1.));
#5083 = ( GEOMETRIC_REPRESENTATION_CONTEXT(2) 
PARAMETRIC_REPRESENTATION_CONTEXT() REPRESENTATION_CONTEXT('2D SPACE',''
  ) );
#5084 = PCURVE('',#2936,#5085);
#5085 = DEFINITIONAL_REPRESENTATION('',(#5086),#5090);
#5086 = LINE('',#5087,#5088);
#5087 = CARTESIAN_POINT('',(7.068583470577,5.424471470172E-17));
#5088 = VECTOR('',#5089,1.);
#5089 = DIRECTION('',(1.840852505894E-15,-1.));
#5090 = ( GEOMETRIC_REPRESENTATION_CONTEXT(2) 
PARAMETRIC_REPRESENTATION_CONTEXT() REPRESENTATION_CONTEXT('2D SPACE',''
  ) );
#5091 = ORIENTED_EDGE('',*,*,#5092,.F.);
#5092 = EDGE_CURVE('',#5016,#5070,#5093,.T.);
#5093 = SURFACE_CURVE('',#5094,(#5098,#5105),.PCURVE_S1.);
#5094 = LINE('',#5095,#5096);
#5095 = CARTESIAN_POINT('',(-37.,16.,-15.));
#5096 = VECTOR('',#5097,1.);
#5097 = DIRECTION('',(3.469446951954E-17,0.,1.));
#5098 = PCURVE('',#2967,#5099);
#5099 = DEFINITIONAL_REPRESENTATION('',(#5100),#5104);
#5100 = LINE('',#5101,#5102);
#5101 = CARTESIAN_POINT('',(5.,0.));
#5102 = VECTOR('',#5103,1.);
#5103 = DIRECTION('',(1.,0.));
#5104 = ( GEOMETRIC_REPRESENTATION_CONTEXT(2) 
PARAMETRIC_REPRESENTATION_CONTEXT() REPRESENTATION_CONTEXT('2D SPACE',''
  ) );
#5105 = PCURVE('',#44,#5106);
#5106 = DEFINITIONAL_REPRESENTATION('',(#5107),#5111);
#5107 = LINE('',#5108,#5109);
#5108 = CARTESIAN_POINT('',(-5.,-17.));
#5109 = VECTOR('',#5110,1.);
#5110 = DIRECTION('',(1.,0.));
#5111 = ( GEOMETRIC_REPRESENTATION_CONTEXT(2) 
PARAMETRIC_REPRESENTATION_CONTEXT() REPRESENTATION_CONTEXT('2D SPACE',''
  ) );
#5112 = ORIENTED_EDGE('',*,*,#5043,.F.);
#5113 = ADVANCED_FACE('',(#5114),#2936,.F.);
#5114 = FACE_BOUND('',#5115,.F.);
#5115 = EDGE_LOOP('',(#5116,#5117,#5145,#5166));
#5116 = ORIENTED_EDGE('',*,*,#5069,.F.);
#5117 = ORIENTED_EDGE('',*,*,#5118,.F.);
#5118 = EDGE_CURVE('',#5119,#5070,#5121,.T.);
#5119 = VERTEX_POINT('',#5120);
#5120 = CARTESIAN_POINT('',(-36.,16.,10.5));
#5121 = SURFACE_CURVE('',#5122,(#5127,#5134),.PCURVE_S1.);
#5122 = CIRCLE('',#5123,1.);
#5123 = AXIS2_PLACEMENT_3D('',#5124,#5125,#5126);
#5124 = CARTESIAN_POINT('',(-36.,16.,9.5));
#5125 = DIRECTION('',(0.,-1.,0.));
#5126 = DIRECTION('',(-0.707106781187,0.,0.707106781187));
#5127 = PCURVE('',#2936,#5128);
#5128 = DEFINITIONAL_REPRESENTATION('',(#5129),#5133);
#5129 = LINE('',#5130,#5131);
#5130 = CARTESIAN_POINT('',(-1.7763568394E-15,-1.549848991478E-16));
#5131 = VECTOR('',#5132,1.);
#5132 = DIRECTION('',(1.,2.959993536476E-17));
#5133 = ( GEOMETRIC_REPRESENTATION_CONTEXT(2) 
PARAMETRIC_REPRESENTATION_CONTEXT() REPRESENTATION_CONTEXT('2D SPACE',''
  ) );
#5134 = PCURVE('',#44,#5135);
#5135 = DEFINITIONAL_REPRESENTATION('',(#5136),#5144);
#5136 = ( BOUNDED_CURVE() B_SPLINE_CURVE(2,(#5137,#5138,#5139,#5140,
#5141,#5142,#5143),.UNSPECIFIED.,.T.,.F.) B_SPLINE_CURVE_WITH_KNOTS((1,2
    ,2,2,2,1),(-2.094395102393,0.,2.094395102393,4.188790204786,
6.28318530718,8.377580409573),.UNSPECIFIED.) CURVE() 
GEOMETRIC_REPRESENTATION_ITEM() RATIONAL_B_SPLINE_CURVE((1.,0.5,1.,0.5,
1.,0.5,1.)) REPRESENTATION_ITEM('') );
#5137 = CARTESIAN_POINT('',(20.207106781187,-16.70710678118));
#5138 = CARTESIAN_POINT('',(18.982361909795,-17.93185165257));
#5139 = CARTESIAN_POINT('',(18.534074173711,-16.2588190451));
#5140 = CARTESIAN_POINT('',(18.085786437627,-14.58578643762));
#5141 = CARTESIAN_POINT('',(19.758819045103,-15.03407417371));
#5142 = CARTESIAN_POINT('',(21.431851652578,-15.48236190979));
#5143 = CARTESIAN_POINT('',(20.207106781187,-16.70710678118));
#5144 = ( GEOMETRIC_REPRESENTATION_CONTEXT(2) 
PARAMETRIC_REPRESENTATION_CONTEXT() REPRESENTATION_CONTEXT('2D SPACE',''
  ) );
#5145 = ORIENTED_EDGE('',*,*,#5146,.F.);
#5146 = EDGE_CURVE('',#2715,#5119,#5147,.T.);
#5147 = SURFACE_CURVE('',#5148,(#5152,#5159),.PCURVE_S1.);
#5148 = LINE('',#5149,#5150);
#5149 = CARTESIAN_POINT('',(-36.,16.,10.5));
#5150 = VECTOR('',#5151,1.);
#5151 = DIRECTION('',(-3.039619955568E-17,-0.999847695156,
    1.745240643728E-02));
#5152 = PCURVE('',#2936,#5153);
#5153 = DEFINITIONAL_REPRESENTATION('',(#5154),#5158);
#5154 = LINE('',#5155,#5156);
#5155 = CARTESIAN_POINT('',(5.497787143782,0.));
#5156 = VECTOR('',#5157,1.);
#5157 = DIRECTION('',(-1.963576006287E-15,1.));
#5158 = ( GEOMETRIC_REPRESENTATION_CONTEXT(2) 
PARAMETRIC_REPRESENTATION_CONTEXT() REPRESENTATION_CONTEXT('2D SPACE',''
  ) );
#5159 = PCURVE('',#2730,#5160);
#5160 = DEFINITIONAL_REPRESENTATION('',(#5161),#5165);
#5161 = LINE('',#5162,#5163);
#5162 = CARTESIAN_POINT('',(1.,6.567087836594E-17));
#5163 = VECTOR('',#5164,1.);
#5164 = DIRECTION('',(-1.620434557053E-34,-1.));
#5165 = ( GEOMETRIC_REPRESENTATION_CONTEXT(2) 
PARAMETRIC_REPRESENTATION_CONTEXT() REPRESENTATION_CONTEXT('2D SPACE',''
  ) );
#5166 = ORIENTED_EDGE('',*,*,#2899,.T.);
#5167 = ADVANCED_FACE('',(#5168),#2730,.F.);
#5168 = FACE_BOUND('',#5169,.T.);
#5169 = EDGE_LOOP('',(#5170,#5171,#5194,#5215));
#5170 = ORIENTED_EDGE('',*,*,#2714,.F.);
#5171 = ORIENTED_EDGE('',*,*,#5172,.F.);
#5172 = EDGE_CURVE('',#5173,#2627,#5175,.T.);
#5173 = VERTEX_POINT('',#5174);
#5174 = CARTESIAN_POINT('',(-35.75,16.,10.5));
#5175 = SURFACE_CURVE('',#5176,(#5180,#5187),.PCURVE_S1.);
#5176 = LINE('',#5177,#5178);
#5177 = CARTESIAN_POINT('',(-35.75,16.,10.5));
#5178 = VECTOR('',#5179,1.);
#5179 = DIRECTION('',(-6.055019831809E-19,0.999847695156,
    -1.745240643728E-02));
#5180 = PCURVE('',#2730,#5181);
#5181 = DEFINITIONAL_REPRESENTATION('',(#5182),#5186);
#5182 = LINE('',#5183,#5184);
#5183 = CARTESIAN_POINT('',(1.25,8.11693684605E-17));
#5184 = VECTOR('',#5185,1.);
#5185 = DIRECTION('',(-3.100170153886E-17,1.));
#5186 = ( GEOMETRIC_REPRESENTATION_CONTEXT(2) 
PARAMETRIC_REPRESENTATION_CONTEXT() REPRESENTATION_CONTEXT('2D SPACE',''
  ) );
#5187 = PCURVE('',#2643,#5188);
#5188 = DEFINITIONAL_REPRESENTATION('',(#5189),#5193);
#5189 = LINE('',#5190,#5191);
#5190 = CARTESIAN_POINT('',(1.570796326795,0.));
#5191 = VECTOR('',#5192,1.);
#5192 = DIRECTION('',(0.,1.));
#5193 = ( GEOMETRIC_REPRESENTATION_CONTEXT(2) 
PARAMETRIC_REPRESENTATION_CONTEXT() REPRESENTATION_CONTEXT('2D SPACE',''
  ) );
#5194 = ORIENTED_EDGE('',*,*,#5195,.T.);
#5195 = EDGE_CURVE('',#5173,#5119,#5196,.T.);
#5196 = SURFACE_CURVE('',#5197,(#5201,#5208),.PCURVE_S1.);
#5197 = LINE('',#5198,#5199);
#5198 = CARTESIAN_POINT('',(-35.75,16.,10.5));
#5199 = VECTOR('',#5200,1.);
#5200 = DIRECTION('',(-1.,0.,-1.741662369881E-15));
#5201 = PCURVE('',#2730,#5202);
#5202 = DEFINITIONAL_REPRESENTATION('',(#5203),#5207);
#5203 = LINE('',#5204,#5205);
#5204 = CARTESIAN_POINT('',(1.25,8.11693684605E-17));
#5205 = VECTOR('',#5206,1.);
#5206 = DIRECTION('',(-1.,-3.603923740805E-33));
#5207 = ( GEOMETRIC_REPRESENTATION_CONTEXT(2) 
PARAMETRIC_REPRESENTATION_CONTEXT() REPRESENTATION_CONTEXT('2D SPACE',''
  ) );
#5208 = PCURVE('',#44,#5209);
#5209 = DEFINITIONAL_REPRESENTATION('',(#5210),#5214);
#5210 = LINE('',#5211,#5212);
#5211 = CARTESIAN_POINT('',(20.5,-15.75));
#5212 = VECTOR('',#5213,1.);
#5213 = DIRECTION('',(-1.7763568394E-15,-1.));
#5214 = ( GEOMETRIC_REPRESENTATION_CONTEXT(2) 
PARAMETRIC_REPRESENTATION_CONTEXT() REPRESENTATION_CONTEXT('2D SPACE',''
  ) );
#5215 = ORIENTED_EDGE('',*,*,#5146,.F.);
#5216 = ADVANCED_FACE('',(#5217),#2643,.T.);
#5217 = FACE_BOUND('',#5218,.T.);
#5218 = EDGE_LOOP('',(#5219,#5220,#5243,#5265));
#5219 = ORIENTED_EDGE('',*,*,#2626,.F.);
#5220 = ORIENTED_EDGE('',*,*,#5221,.F.);
#5221 = EDGE_CURVE('',#5222,#2545,#5224,.T.);
#5222 = VERTEX_POINT('',#5223);
#5223 = CARTESIAN_POINT('',(-30.5,16.,15.75));
#5224 = SURFACE_CURVE('',#5225,(#5229,#5236),.PCURVE_S1.);
#5225 = LINE('',#5226,#5227);
#5226 = CARTESIAN_POINT('',(-30.5,16.,15.75));
#5227 = VECTOR('',#5228,1.);
#5228 = DIRECTION('',(1.745240643728E-02,0.999847695156,
    6.775855526072E-18));
#5229 = PCURVE('',#2643,#5230);
#5230 = DEFINITIONAL_REPRESENTATION('',(#5231),#5235);
#5231 = LINE('',#5232,#5233);
#5232 = CARTESIAN_POINT('',(0.,0.));
#5233 = VECTOR('',#5234,1.);
#5234 = DIRECTION('',(0.,1.));
#5235 = ( GEOMETRIC_REPRESENTATION_CONTEXT(2) 
PARAMETRIC_REPRESENTATION_CONTEXT() REPRESENTATION_CONTEXT('2D SPACE',''
  ) );
#5236 = PCURVE('',#2560,#5237);
#5237 = DEFINITIONAL_REPRESENTATION('',(#5238),#5242);
#5238 = LINE('',#5239,#5240);
#5239 = CARTESIAN_POINT('',(0.,0.));
#5240 = VECTOR('',#5241,1.);
#5241 = DIRECTION('',(7.381357509253E-18,1.));
#5242 = ( GEOMETRIC_REPRESENTATION_CONTEXT(2) 
PARAMETRIC_REPRESENTATION_CONTEXT() REPRESENTATION_CONTEXT('2D SPACE',''
  ) );
#5243 = ORIENTED_EDGE('',*,*,#5244,.T.);
#5244 = EDGE_CURVE('',#5222,#5173,#5245,.T.);
#5245 = SURFACE_CURVE('',#5246,(#5251,#5258),.PCURVE_S1.);
#5246 = CIRCLE('',#5247,5.25);
#5247 = AXIS2_PLACEMENT_3D('',#5248,#5249,#5250);
#5248 = CARTESIAN_POINT('',(-35.75,16.,15.75));
#5249 = DIRECTION('',(-0.,1.,0.));
#5250 = DIRECTION('',(1.,0.,3.882476350996E-16));
#5251 = PCURVE('',#2643,#5252);
#5252 = DEFINITIONAL_REPRESENTATION('',(#5253),#5257);
#5253 = LINE('',#5254,#5255);
#5254 = CARTESIAN_POINT('',(0.,0.));
#5255 = VECTOR('',#5256,1.);
#5256 = DIRECTION('',(1.,0.));
#5257 = ( GEOMETRIC_REPRESENTATION_CONTEXT(2) 
PARAMETRIC_REPRESENTATION_CONTEXT() REPRESENTATION_CONTEXT('2D SPACE',''
  ) );
#5258 = PCURVE('',#44,#5259);
#5259 = DEFINITIONAL_REPRESENTATION('',(#5260),#5264);
#5260 = CIRCLE('',#5261,5.25);
#5261 = AXIS2_PLACEMENT_2D('',#5262,#5263);
#5262 = CARTESIAN_POINT('',(25.75,-15.75));
#5263 = DIRECTION('',(4.229421046191E-16,1.));
#5264 = ( GEOMETRIC_REPRESENTATION_CONTEXT(2) 
PARAMETRIC_REPRESENTATION_CONTEXT() REPRESENTATION_CONTEXT('2D SPACE',''
  ) );
#5265 = ORIENTED_EDGE('',*,*,#5172,.T.);
#5266 = ADVANCED_FACE('',(#5267),#2560,.F.);
#5267 = FACE_BOUND('',#5268,.T.);
#5268 = EDGE_LOOP('',(#5269,#5270,#5293,#5314));
#5269 = ORIENTED_EDGE('',*,*,#2544,.F.);
#5270 = ORIENTED_EDGE('',*,*,#5271,.F.);
#5271 = EDGE_CURVE('',#5272,#2417,#5274,.T.);
#5272 = VERTEX_POINT('',#5273);
#5273 = CARTESIAN_POINT('',(-30.5,16.,16.));
#5274 = SURFACE_CURVE('',#5275,(#5279,#5286),.PCURVE_S1.);
#5275 = LINE('',#5276,#5277);
#5276 = CARTESIAN_POINT('',(-30.5,16.,16.));
#5277 = VECTOR('',#5278,1.);
#5278 = DIRECTION('',(1.745240643728E-02,0.999847695156,
    -6.055019831809E-19));
#5279 = PCURVE('',#2560,#5280);
#5280 = DEFINITIONAL_REPRESENTATION('',(#5281),#5285);
#5281 = LINE('',#5282,#5283);
#5282 = CARTESIAN_POINT('',(0.25,0.));
#5283 = VECTOR('',#5284,1.);
#5284 = DIRECTION('',(0.,1.));
#5285 = ( GEOMETRIC_REPRESENTATION_CONTEXT(2) 
PARAMETRIC_REPRESENTATION_CONTEXT() REPRESENTATION_CONTEXT('2D SPACE',''
  ) );
#5286 = PCURVE('',#2529,#5287);
#5287 = DEFINITIONAL_REPRESENTATION('',(#5288),#5292);
#5288 = LINE('',#5289,#5290);
#5289 = CARTESIAN_POINT('',(7.068583470577,5.424471470172E-17));
#5290 = VECTOR('',#5291,1.);
#5291 = DIRECTION('',(8.999723362149E-16,-1.));
#5292 = ( GEOMETRIC_REPRESENTATION_CONTEXT(2) 
PARAMETRIC_REPRESENTATION_CONTEXT() REPRESENTATION_CONTEXT('2D SPACE',''
  ) );
#5293 = ORIENTED_EDGE('',*,*,#5294,.T.);
#5294 = EDGE_CURVE('',#5272,#5222,#5295,.T.);
#5295 = SURFACE_CURVE('',#5296,(#5300,#5307),.PCURVE_S1.);
#5296 = LINE('',#5297,#5298);
#5297 = CARTESIAN_POINT('',(-30.5,16.,17.));
#5298 = VECTOR('',#5299,1.);
#5299 = DIRECTION('',(-3.469446951954E-17,0.,-1.));
#5300 = PCURVE('',#2560,#5301);
#5301 = DEFINITIONAL_REPRESENTATION('',(#5302),#5306);
#5302 = LINE('',#5303,#5304);
#5303 = CARTESIAN_POINT('',(1.25,0.));
#5304 = VECTOR('',#5305,1.);
#5305 = DIRECTION('',(-1.,0.));
#5306 = ( GEOMETRIC_REPRESENTATION_CONTEXT(2) 
PARAMETRIC_REPRESENTATION_CONTEXT() REPRESENTATION_CONTEXT('2D SPACE',''
  ) );
#5307 = PCURVE('',#44,#5308);
#5308 = DEFINITIONAL_REPRESENTATION('',(#5309),#5313);
#5309 = LINE('',#5310,#5311);
#5310 = CARTESIAN_POINT('',(27.,-10.5));
#5311 = VECTOR('',#5312,1.);
#5312 = DIRECTION('',(-1.,0.));
#5313 = ( GEOMETRIC_REPRESENTATION_CONTEXT(2) 
PARAMETRIC_REPRESENTATION_CONTEXT() REPRESENTATION_CONTEXT('2D SPACE',''
  ) );
#5314 = ORIENTED_EDGE('',*,*,#5221,.T.);
#5315 = ADVANCED_FACE('',(#5316),#2529,.F.);
#5316 = FACE_BOUND('',#5317,.F.);
#5317 = EDGE_LOOP('',(#5318,#5319,#5347,#5368));
#5318 = ORIENTED_EDGE('',*,*,#5271,.F.);
#5319 = ORIENTED_EDGE('',*,*,#5320,.F.);
#5320 = EDGE_CURVE('',#5321,#5272,#5323,.T.);
#5321 = VERTEX_POINT('',#5322);
#5322 = CARTESIAN_POINT('',(-29.5,16.,17.));
#5323 = SURFACE_CURVE('',#5324,(#5329,#5336),.PCURVE_S1.);
#5324 = CIRCLE('',#5325,1.);
#5325 = AXIS2_PLACEMENT_3D('',#5326,#5327,#5328);
#5326 = CARTESIAN_POINT('',(-29.5,16.,16.));
#5327 = DIRECTION('',(0.,-1.,0.));
#5328 = DIRECTION('',(-0.707106781187,0.,0.707106781187));
#5329 = PCURVE('',#2529,#5330);
#5330 = DEFINITIONAL_REPRESENTATION('',(#5331),#5335);
#5331 = LINE('',#5332,#5333);
#5332 = CARTESIAN_POINT('',(-8.881784197001E-16,-1.549848991478E-16));
#5333 = VECTOR('',#5334,1.);
#5334 = DIRECTION('',(1.,2.959993536476E-17));
#5335 = ( GEOMETRIC_REPRESENTATION_CONTEXT(2) 
PARAMETRIC_REPRESENTATION_CONTEXT() REPRESENTATION_CONTEXT('2D SPACE',''
  ) );
#5336 = PCURVE('',#44,#5337);
#5337 = DEFINITIONAL_REPRESENTATION('',(#5338),#5346);
#5338 = ( BOUNDED_CURVE() B_SPLINE_CURVE(2,(#5339,#5340,#5341,#5342,
#5343,#5344,#5345),.UNSPECIFIED.,.T.,.F.) B_SPLINE_CURVE_WITH_KNOTS((1,2
    ,2,2,2,1),(-2.094395102393,0.,2.094395102393,4.188790204786,
6.28318530718,8.377580409573),.UNSPECIFIED.) CURVE() 
GEOMETRIC_REPRESENTATION_ITEM() RATIONAL_B_SPLINE_CURVE((1.,0.5,1.,0.5,
1.,0.5,1.)) REPRESENTATION_ITEM('') );
#5339 = CARTESIAN_POINT('',(26.707106781187,-10.20710678118));
#5340 = CARTESIAN_POINT('',(25.482361909795,-11.43185165257));
#5341 = CARTESIAN_POINT('',(25.034074173711,-9.758819045103));
#5342 = CARTESIAN_POINT('',(24.585786437627,-8.085786437627));
#5343 = CARTESIAN_POINT('',(26.258819045103,-8.534074173711));
#5344 = CARTESIAN_POINT('',(27.931851652578,-8.982361909795));
#5345 = CARTESIAN_POINT('',(26.707106781187,-10.20710678118));
#5346 = ( GEOMETRIC_REPRESENTATION_CONTEXT(2) 
PARAMETRIC_REPRESENTATION_CONTEXT() REPRESENTATION_CONTEXT('2D SPACE',''
  ) );
#5347 = ORIENTED_EDGE('',*,*,#5348,.F.);
#5348 = EDGE_CURVE('',#2276,#5321,#5349,.T.);
#5349 = SURFACE_CURVE('',#5350,(#5354,#5361),.PCURVE_S1.);
#5350 = LINE('',#5351,#5352);
#5351 = CARTESIAN_POINT('',(-29.5,16.,17.));
#5352 = VECTOR('',#5353,1.);
#5353 = DIRECTION('',(-1.332104362998E-18,-0.999847695156,
    1.745240643728E-02));
#5354 = PCURVE('',#2529,#5355);
#5355 = DEFINITIONAL_REPRESENTATION('',(#5356),#5360);
#5356 = LINE('',#5357,#5358);
#5357 = CARTESIAN_POINT('',(5.497787143782,0.));
#5358 = VECTOR('',#5359,1.);
#5359 = DIRECTION('',(-9.817880031435E-16,1.));
#5360 = ( GEOMETRIC_REPRESENTATION_CONTEXT(2) 
PARAMETRIC_REPRESENTATION_CONTEXT() REPRESENTATION_CONTEXT('2D SPACE',''
  ) );
#5361 = PCURVE('',#2347,#5362);
#5362 = DEFINITIONAL_REPRESENTATION('',(#5363),#5367);
#5363 = LINE('',#5364,#5365);
#5364 = CARTESIAN_POINT('',(29.5,-5.229796136968E-17));
#5365 = VECTOR('',#5366,1.);
#5366 = DIRECTION('',(-3.851859888774E-34,-1.));
#5367 = ( GEOMETRIC_REPRESENTATION_CONTEXT(2) 
PARAMETRIC_REPRESENTATION_CONTEXT() REPRESENTATION_CONTEXT('2D SPACE',''
  ) );
#5368 = ORIENTED_EDGE('',*,*,#2492,.T.);
#5369 = ADVANCED_FACE('',(#5370),#2347,.T.);
#5370 = FACE_BOUND('',#5371,.T.);
#5371 = EDGE_LOOP('',(#5372,#5373,#5396,#5417));
#5372 = ORIENTED_EDGE('',*,*,#2331,.F.);
#5373 = ORIENTED_EDGE('',*,*,#5374,.F.);
#5374 = EDGE_CURVE('',#5375,#2332,#5377,.T.);
#5375 = VERTEX_POINT('',#5376);
#5376 = CARTESIAN_POINT('',(29.5,16.,17.));
#5377 = SURFACE_CURVE('',#5378,(#5382,#5389),.PCURVE_S1.);
#5378 = LINE('',#5379,#5380);
#5379 = CARTESIAN_POINT('',(29.5,16.,17.));
#5380 = VECTOR('',#5381,1.);
#5381 = DIRECTION('',(1.332104362998E-18,0.999847695156,
    -1.745240643728E-02));
#5382 = PCURVE('',#2347,#5383);
#5383 = DEFINITIONAL_REPRESENTATION('',(#5384),#5388);
#5384 = LINE('',#5385,#5386);
#5385 = CARTESIAN_POINT('',(-29.5,5.229796136968E-17));
#5386 = VECTOR('',#5387,1.);
#5387 = DIRECTION('',(3.851859888774E-34,1.));
#5388 = ( GEOMETRIC_REPRESENTATION_CONTEXT(2) 
PARAMETRIC_REPRESENTATION_CONTEXT() REPRESENTATION_CONTEXT('2D SPACE',''
  ) );
#5389 = PCURVE('',#4793,#5390);
#5390 = DEFINITIONAL_REPRESENTATION('',(#5391),#5395);
#5391 = LINE('',#5392,#5393);
#5392 = CARTESIAN_POINT('',(0.785398163397,5.424471470172E-17));
#5393 = VECTOR('',#5394,1.);
#5394 = DIRECTION('',(-5.727096685004E-16,-1.));
#5395 = ( GEOMETRIC_REPRESENTATION_CONTEXT(2) 
PARAMETRIC_REPRESENTATION_CONTEXT() REPRESENTATION_CONTEXT('2D SPACE',''
  ) );
#5396 = ORIENTED_EDGE('',*,*,#5397,.T.);
#5397 = EDGE_CURVE('',#5375,#5321,#5398,.T.);
#5398 = SURFACE_CURVE('',#5399,(#5403,#5410),.PCURVE_S1.);
#5399 = LINE('',#5400,#5401);
#5400 = CARTESIAN_POINT('',(-10.,16.,17.));
#5401 = VECTOR('',#5402,1.);
#5402 = DIRECTION('',(-1.,0.,-7.632783294298E-17));
#5403 = PCURVE('',#2347,#5404);
#5404 = DEFINITIONAL_REPRESENTATION('',(#5405),#5409);
#5405 = LINE('',#5406,#5407);
#5406 = CARTESIAN_POINT('',(10.,-3.874622523641E-17));
#5407 = VECTOR('',#5408,1.);
#5408 = DIRECTION('',(1.,0.));
#5409 = ( GEOMETRIC_REPRESENTATION_CONTEXT(2) 
PARAMETRIC_REPRESENTATION_CONTEXT() REPRESENTATION_CONTEXT('2D SPACE',''
  ) );
#5410 = PCURVE('',#44,#5411);
#5411 = DEFINITIONAL_REPRESENTATION('',(#5412),#5416);
#5412 = LINE('',#5413,#5414);
#5413 = CARTESIAN_POINT('',(27.,10.));
#5414 = VECTOR('',#5415,1.);
#5415 = DIRECTION('',(-1.110223024625E-16,-1.));
#5416 = ( GEOMETRIC_REPRESENTATION_CONTEXT(2) 
PARAMETRIC_REPRESENTATION_CONTEXT() REPRESENTATION_CONTEXT('2D SPACE',''
  ) );
#5417 = ORIENTED_EDGE('',*,*,#5348,.F.);
#5418 = ADVANCED_FACE('',(#5419),#2263,.F.);
#5419 = FACE_BOUND('',#5420,.T.);
#5420 = EDGE_LOOP('',(#5421,#5422,#5423,#5424,#5425,#5426,#5427,#5428,
    #5429,#5430,#5431,#5432,#5433,#5434,#5435,#5436,#5437,#5438,#5439,
    #5440,#5441,#5442,#5443,#5444));
#5421 = ORIENTED_EDGE('',*,*,#2240,.F.);
#5422 = ORIENTED_EDGE('',*,*,#2469,.F.);
#5423 = ORIENTED_EDGE('',*,*,#2573,.F.);
#5424 = ORIENTED_EDGE('',*,*,#2656,.F.);
#5425 = ORIENTED_EDGE('',*,*,#2743,.F.);
#5426 = ORIENTED_EDGE('',*,*,#2876,.F.);
#5427 = ORIENTED_EDGE('',*,*,#2980,.F.);
#5428 = ORIENTED_EDGE('',*,*,#3113,.F.);
#5429 = ORIENTED_EDGE('',*,*,#3217,.F.);
#5430 = ORIENTED_EDGE('',*,*,#3300,.F.);
#5431 = ORIENTED_EDGE('',*,*,#3387,.F.);
#5432 = ORIENTED_EDGE('',*,*,#3513,.F.);
#5433 = ORIENTED_EDGE('',*,*,#3587,.F.);
#5434 = ORIENTED_EDGE('',*,*,#3744,.F.);
#5435 = ORIENTED_EDGE('',*,*,#3848,.F.);
#5436 = ORIENTED_EDGE('',*,*,#3931,.F.);
#5437 = ORIENTED_EDGE('',*,*,#4018,.F.);
#5438 = ORIENTED_EDGE('',*,*,#4151,.F.);
#5439 = ORIENTED_EDGE('',*,*,#4255,.F.);
#5440 = ORIENTED_EDGE('',*,*,#4388,.F.);
#5441 = ORIENTED_EDGE('',*,*,#4492,.F.);
#5442 = ORIENTED_EDGE('',*,*,#4575,.F.);
#5443 = ORIENTED_EDGE('',*,*,#4662,.F.);
#5444 = ORIENTED_EDGE('',*,*,#4733,.F.);
#5445 = ADVANCED_FACE('',(#5446),#5460,.T.);
#5446 = FACE_BOUND('',#5447,.T.);
#5447 = EDGE_LOOP('',(#5448,#5483,#5512,#5540));
#5448 = ORIENTED_EDGE('',*,*,#5449,.F.);
#5449 = EDGE_CURVE('',#5450,#5452,#5454,.T.);
#5450 = VERTEX_POINT('',#5451);
#5451 = CARTESIAN_POINT('',(36.75,17.028015233206,-11.61794407264));
#5452 = VERTEX_POINT('',#5453);
#5453 = CARTESIAN_POINT('',(36.75,16.,-11.6));
#5454 = SURFACE_CURVE('',#5455,(#5459,#5471),.PCURVE_S1.);
#5455 = LINE('',#5456,#5457);
#5456 = CARTESIAN_POINT('',(36.75,16.,-11.6));
#5457 = VECTOR('',#5458,1.);
#5458 = DIRECTION('',(1.223114006026E-17,-0.999847695156,
    1.745240643729E-02));
#5459 = PCURVE('',#5460,#5465);
#5460 = CONICAL_SURFACE('',#5461,1.158972036321,1.745329251995E-02);
#5461 = AXIS2_PLACEMENT_3D('',#5462,#5463,#5464);
#5462 = CARTESIAN_POINT('',(36.75,16.514007616603,-10.45));
#5463 = DIRECTION('',(0.,1.,0.));
#5464 = DIRECTION('',(-3.469446951954E-17,0.,-1.));
#5465 = DEFINITIONAL_REPRESENTATION('',(#5466),#5470);
#5466 = LINE('',#5467,#5468);
#5467 = CARTESIAN_POINT('',(6.28318530718,-0.514007616603));
#5468 = VECTOR('',#5469,1.);
#5469 = DIRECTION('',(0.,-1.));
#5470 = ( GEOMETRIC_REPRESENTATION_CONTEXT(2) 
PARAMETRIC_REPRESENTATION_CONTEXT() REPRESENTATION_CONTEXT('2D SPACE',''
  ) );
#5471 = PCURVE('',#5472,#5477);
#5472 = PLANE('',#5473);
#5473 = AXIS2_PLACEMENT_3D('',#5474,#5475,#5476);
#5474 = CARTESIAN_POINT('',(35.7,17.028015233206,-11.61794407264));
#5475 = DIRECTION('',(2.149077627824E-15,1.745240643729E-02,
    0.999847695156));
#5476 = DIRECTION('',(1.223114006026E-17,-0.999847695156,
    1.745240643729E-02));
#5477 = DEFINITIONAL_REPRESENTATION('',(#5478),#5482);
#5478 = LINE('',#5479,#5480);
#5479 = CARTESIAN_POINT('',(1.028171828755,1.05));
#5480 = VECTOR('',#5481,1.);
#5481 = DIRECTION('',(1.,4.552949691428E-33));
#5482 = ( GEOMETRIC_REPRESENTATION_CONTEXT(2) 
PARAMETRIC_REPRESENTATION_CONTEXT() REPRESENTATION_CONTEXT('2D SPACE',''
  ) );
#5483 = ORIENTED_EDGE('',*,*,#5484,.T.);
#5484 = EDGE_CURVE('',#5450,#5485,#5487,.T.);
#5485 = VERTEX_POINT('',#5486);
#5486 = CARTESIAN_POINT('',(37.917944072643,17.028015233206,-10.45));
#5487 = SURFACE_CURVE('',#5488,(#5493,#5500),.PCURVE_S1.);
#5488 = CIRCLE('',#5489,1.167944072643);
#5489 = AXIS2_PLACEMENT_3D('',#5490,#5491,#5492);
#5490 = CARTESIAN_POINT('',(36.75,17.028015233206,-10.45));
#5491 = DIRECTION('',(5.737251350666E-16,-1.,-5.737251350666E-16));
#5492 = DIRECTION('',(-7.639325894125E-15,5.737251350666E-16,-1.));
#5493 = PCURVE('',#5460,#5494);
#5494 = DEFINITIONAL_REPRESENTATION('',(#5495),#5499);
#5495 = LINE('',#5496,#5497);
#5496 = CARTESIAN_POINT('',(6.28318530718,0.514007616603));
#5497 = VECTOR('',#5498,1.);
#5498 = DIRECTION('',(-1.,0.));
#5499 = ( GEOMETRIC_REPRESENTATION_CONTEXT(2) 
PARAMETRIC_REPRESENTATION_CONTEXT() REPRESENTATION_CONTEXT('2D SPACE',''
  ) );
#5500 = PCURVE('',#5501,#5506);
#5501 = TOROIDAL_SURFACE('',#5502,1.75,0.582144590798);
#5502 = AXIS2_PLACEMENT_3D('',#5503,#5504,#5505);
#5503 = CARTESIAN_POINT('',(36.75,17.017855409202,-10.45));
#5504 = DIRECTION('',(0.,-1.,0.));
#5505 = DIRECTION('',(3.469446951954E-17,0.,1.));
#5506 = DEFINITIONAL_REPRESENTATION('',(#5507),#5511);
#5507 = LINE('',#5508,#5509);
#5508 = CARTESIAN_POINT('',(3.14159265359,3.15904594611));
#5509 = VECTOR('',#5510,1.);
#5510 = DIRECTION('',(1.,0.));
#5511 = ( GEOMETRIC_REPRESENTATION_CONTEXT(2) 
PARAMETRIC_REPRESENTATION_CONTEXT() REPRESENTATION_CONTEXT('2D SPACE',''
  ) );
#5512 = ORIENTED_EDGE('',*,*,#5513,.T.);
#5513 = EDGE_CURVE('',#5485,#5514,#5516,.T.);
#5514 = VERTEX_POINT('',#5515);
#5515 = CARTESIAN_POINT('',(37.9,16.,-10.45));
#5516 = SURFACE_CURVE('',#5517,(#5521,#5528),.PCURVE_S1.);
#5517 = LINE('',#5518,#5519);
#5518 = CARTESIAN_POINT('',(37.9,16.,-10.45));
#5519 = VECTOR('',#5520,1.);
#5520 = DIRECTION('',(-1.745240643729E-02,-0.999847695156,
    1.32997917443E-17));
#5521 = PCURVE('',#5460,#5522);
#5522 = DEFINITIONAL_REPRESENTATION('',(#5523),#5527);
#5523 = LINE('',#5524,#5525);
#5524 = CARTESIAN_POINT('',(4.712388980385,-0.514007616603));
#5525 = VECTOR('',#5526,1.);
#5526 = DIRECTION('',(0.,-1.));
#5527 = ( GEOMETRIC_REPRESENTATION_CONTEXT(2) 
PARAMETRIC_REPRESENTATION_CONTEXT() REPRESENTATION_CONTEXT('2D SPACE',''
  ) );
#5528 = PCURVE('',#5529,#5534);
#5529 = PLANE('',#5530);
#5530 = AXIS2_PLACEMENT_3D('',#5531,#5532,#5533);
#5531 = CARTESIAN_POINT('',(37.917944072643,17.028015233206,10.45));
#5532 = DIRECTION('',(0.999847695156,-1.745240643729E-02,
    3.902118413267E-16));
#5533 = DIRECTION('',(-1.745240643729E-02,-0.999847695156,
    -1.208878777794E-17));
#5534 = DEFINITIONAL_REPRESENTATION('',(#5535),#5539);
#5535 = LINE('',#5536,#5537);
#5536 = CARTESIAN_POINT('',(1.028171828755,20.9));
#5537 = VECTOR('',#5538,1.);
#5538 = DIRECTION('',(1.,-2.538857952224E-17));
#5539 = ( GEOMETRIC_REPRESENTATION_CONTEXT(2) 
PARAMETRIC_REPRESENTATION_CONTEXT() REPRESENTATION_CONTEXT('2D SPACE',''
  ) );
#5540 = ORIENTED_EDGE('',*,*,#5541,.F.);
#5541 = EDGE_CURVE('',#5452,#5514,#5542,.T.);
#5542 = SURFACE_CURVE('',#5543,(#5548,#5555),.PCURVE_S1.);
#5543 = CIRCLE('',#5544,1.15);
#5544 = AXIS2_PLACEMENT_3D('',#5545,#5546,#5547);
#5545 = CARTESIAN_POINT('',(36.75,16.,-10.45));
#5546 = DIRECTION('',(0.,-1.,-0.));
#5547 = DIRECTION('',(-3.469446951954E-17,0.,-1.));
#5548 = PCURVE('',#5460,#5549);
#5549 = DEFINITIONAL_REPRESENTATION('',(#5550),#5554);
#5550 = LINE('',#5551,#5552);
#5551 = CARTESIAN_POINT('',(6.28318530718,-0.514007616603));
#5552 = VECTOR('',#5553,1.);
#5553 = DIRECTION('',(-1.,7.066822816845E-17));
#5554 = ( GEOMETRIC_REPRESENTATION_CONTEXT(2) 
PARAMETRIC_REPRESENTATION_CONTEXT() REPRESENTATION_CONTEXT('2D SPACE',''
  ) );
#5555 = PCURVE('',#44,#5556);
#5556 = DEFINITIONAL_REPRESENTATION('',(#5557),#5565);
#5557 = ( BOUNDED_CURVE() B_SPLINE_CURVE(2,(#5558,#5559,#5560,#5561,
#5562,#5563,#5564),.UNSPECIFIED.,.T.,.F.) B_SPLINE_CURVE_WITH_KNOTS((1,2
    ,2,2,2,1),(-2.094395102393,0.,2.094395102393,4.188790204786,
6.28318530718,8.377580409573),.UNSPECIFIED.) CURVE() 
GEOMETRIC_REPRESENTATION_ITEM() RATIONAL_B_SPLINE_CURVE((1.,0.5,1.,0.5,
1.,0.5,1.)) REPRESENTATION_ITEM('') );
#5558 = CARTESIAN_POINT('',(-1.6,56.75));
#5559 = CARTESIAN_POINT('',(-1.6,58.741858428704));
#5560 = CARTESIAN_POINT('',(0.125,57.745929214352));
#5561 = CARTESIAN_POINT('',(1.85,56.75));
#5562 = CARTESIAN_POINT('',(0.125,55.754070785648));
#5563 = CARTESIAN_POINT('',(-1.6,54.758141571296));
#5564 = CARTESIAN_POINT('',(-1.6,56.75));
#5565 = ( GEOMETRIC_REPRESENTATION_CONTEXT(2) 
PARAMETRIC_REPRESENTATION_CONTEXT() REPRESENTATION_CONTEXT('2D SPACE',''
  ) );
#5566 = ADVANCED_FACE('',(#5567),#5501,.F.);
#5567 = FACE_BOUND('',#5568,.F.);
#5568 = EDGE_LOOP('',(#5569,#5570,#5599,#5628));
#5569 = ORIENTED_EDGE('',*,*,#5484,.T.);
#5570 = ORIENTED_EDGE('',*,*,#5571,.F.);
#5571 = EDGE_CURVE('',#5572,#5485,#5574,.T.);
#5572 = VERTEX_POINT('',#5573);
#5573 = CARTESIAN_POINT('',(39.082055927357,17.028015233206,-10.45));
#5574 = SURFACE_CURVE('',#5575,(#5580,#5587),.PCURVE_S1.);
#5575 = CIRCLE('',#5576,0.582144590798);
#5576 = AXIS2_PLACEMENT_3D('',#5577,#5578,#5579);
#5577 = CARTESIAN_POINT('',(38.5,17.017855409202,-10.45));
#5578 = DIRECTION('',(7.62060624252E-16,-1.125135329211E-33,1.));
#5579 = DIRECTION('',(-0.999847695156,1.745240643728E-02,
    7.619445587278E-16));
#5580 = PCURVE('',#5501,#5581);
#5581 = DEFINITIONAL_REPRESENTATION('',(#5582),#5586);
#5582 = LINE('',#5583,#5584);
#5583 = CARTESIAN_POINT('',(4.712388980385,9.442231253289));
#5584 = VECTOR('',#5585,1.);
#5585 = DIRECTION('',(0.,-1.));
#5586 = ( GEOMETRIC_REPRESENTATION_CONTEXT(2) 
PARAMETRIC_REPRESENTATION_CONTEXT() REPRESENTATION_CONTEXT('2D SPACE',''
  ) );
#5587 = PCURVE('',#5588,#5593);
#5588 = CYLINDRICAL_SURFACE('',#5589,0.582144590798);
#5589 = AXIS2_PLACEMENT_3D('',#5590,#5591,#5592);
#5590 = CARTESIAN_POINT('',(38.5,17.017855409202,10.45));
#5591 = DIRECTION('',(-3.902712815332E-16,0.,1.));
#5592 = DIRECTION('',(-0.999847695156,1.745240643728E-02,
    -3.902118413267E-16));
#5593 = DEFINITIONAL_REPRESENTATION('',(#5594),#5598);
#5594 = LINE('',#5595,#5596);
#5595 = CARTESIAN_POINT('',(8.881784197001E-16,-20.9));
#5596 = VECTOR('',#5597,1.);
#5597 = DIRECTION('',(1.,0.));
#5598 = ( GEOMETRIC_REPRESENTATION_CONTEXT(2) 
PARAMETRIC_REPRESENTATION_CONTEXT() REPRESENTATION_CONTEXT('2D SPACE',''
  ) );
#5599 = ORIENTED_EDGE('',*,*,#5600,.F.);
#5600 = EDGE_CURVE('',#5601,#5572,#5603,.T.);
#5601 = VERTEX_POINT('',#5602);
#5602 = CARTESIAN_POINT('',(36.75,17.028015233206,-12.78205592735));
#5603 = SURFACE_CURVE('',#5604,(#5609,#5616),.PCURVE_S1.);
#5604 = CIRCLE('',#5605,2.332055927357);
#5605 = AXIS2_PLACEMENT_3D('',#5606,#5607,#5608);
#5606 = CARTESIAN_POINT('',(36.75,17.028015233206,-10.45));
#5607 = DIRECTION('',(2.873339626921E-16,-1.,-2.873339626921E-16));
#5608 = DIRECTION('',(-1.938976457959E-15,2.873339626921E-16,-1.));
#5609 = PCURVE('',#5501,#5610);
#5610 = DEFINITIONAL_REPRESENTATION('',(#5611),#5615);
#5611 = LINE('',#5612,#5613);
#5612 = CARTESIAN_POINT('',(3.14159265359,6.26573201466));
#5613 = VECTOR('',#5614,1.);
#5614 = DIRECTION('',(1.,0.));
#5615 = ( GEOMETRIC_REPRESENTATION_CONTEXT(2) 
PARAMETRIC_REPRESENTATION_CONTEXT() REPRESENTATION_CONTEXT('2D SPACE',''
  ) );
#5616 = PCURVE('',#5617,#5622);
#5617 = CONICAL_SURFACE('',#5618,2.341027963679,1.745329251995E-02);
#5618 = AXIS2_PLACEMENT_3D('',#5619,#5620,#5621);
#5619 = CARTESIAN_POINT('',(36.75,16.514007616603,-10.45));
#5620 = DIRECTION('',(0.,-1.,0.));
#5621 = DIRECTION('',(-3.469446951954E-17,0.,-1.));
#5622 = DEFINITIONAL_REPRESENTATION('',(#5623),#5627);
#5623 = LINE('',#5624,#5625);
#5624 = CARTESIAN_POINT('',(0.,-0.514007616603));
#5625 = VECTOR('',#5626,1.);
#5626 = DIRECTION('',(1.,7.066822816845E-17));
#5627 = ( GEOMETRIC_REPRESENTATION_CONTEXT(2) 
PARAMETRIC_REPRESENTATION_CONTEXT() REPRESENTATION_CONTEXT('2D SPACE',''
  ) );
#5628 = ORIENTED_EDGE('',*,*,#5629,.T.);
#5629 = EDGE_CURVE('',#5601,#5450,#5630,.T.);
#5630 = SURFACE_CURVE('',#5631,(#5636,#5643),.PCURVE_S1.);
#5631 = CIRCLE('',#5632,0.582144590798);
#5632 = AXIS2_PLACEMENT_3D('',#5633,#5634,#5635);
#5633 = CARTESIAN_POINT('',(36.75,17.017855409202,-12.2));
#5634 = DIRECTION('',(1.,6.966734415398E-34,-7.008282842946E-16));
#5635 = DIRECTION('',(7.007215447524E-16,1.745240643728E-02,
    0.999847695156));
#5636 = PCURVE('',#5501,#5637);
#5637 = DEFINITIONAL_REPRESENTATION('',(#5638),#5642);
#5638 = LINE('',#5639,#5640);
#5639 = CARTESIAN_POINT('',(3.14159265359,9.442231253289));
#5640 = VECTOR('',#5641,1.);
#5641 = DIRECTION('',(0.,-1.));
#5642 = ( GEOMETRIC_REPRESENTATION_CONTEXT(2) 
PARAMETRIC_REPRESENTATION_CONTEXT() REPRESENTATION_CONTEXT('2D SPACE',''
  ) );
#5643 = PCURVE('',#5644,#5649);
#5644 = CYLINDRICAL_SURFACE('',#5645,0.582144590798);
#5645 = AXIS2_PLACEMENT_3D('',#5646,#5647,#5648);
#5646 = CARTESIAN_POINT('',(35.7,17.017855409202,-12.2));
#5647 = DIRECTION('',(1.,0.,-2.149404992615E-15));
#5648 = DIRECTION('',(2.149077627824E-15,1.745240643728E-02,
    0.999847695156));
#5649 = DEFINITIONAL_REPRESENTATION('',(#5650),#5654);
#5650 = LINE('',#5651,#5652);
#5651 = CARTESIAN_POINT('',(4.440892098501E-16,1.05));
#5652 = VECTOR('',#5653,1.);
#5653 = DIRECTION('',(1.,-2.287140445097E-15));
#5654 = ( GEOMETRIC_REPRESENTATION_CONTEXT(2) 
PARAMETRIC_REPRESENTATION_CONTEXT() REPRESENTATION_CONTEXT('2D SPACE',''
  ) );
#5655 = ADVANCED_FACE('',(#5656),#5617,.F.);
#5656 = FACE_BOUND('',#5657,.F.);
#5657 = EDGE_LOOP('',(#5658,#5659,#5687,#5716));
#5658 = ORIENTED_EDGE('',*,*,#5600,.T.);
#5659 = ORIENTED_EDGE('',*,*,#5660,.F.);
#5660 = EDGE_CURVE('',#5661,#5572,#5663,.T.);
#5661 = VERTEX_POINT('',#5662);
#5662 = CARTESIAN_POINT('',(39.1,16.,-10.45));
#5663 = SURFACE_CURVE('',#5664,(#5668,#5675),.PCURVE_S1.);
#5664 = LINE('',#5665,#5666);
#5665 = CARTESIAN_POINT('',(39.082055927357,17.028015233206,-10.45));
#5666 = VECTOR('',#5667,1.);
#5667 = DIRECTION('',(-1.745240643729E-02,0.999847695156,
    1.32997917443E-17));
#5668 = PCURVE('',#5617,#5669);
#5669 = DEFINITIONAL_REPRESENTATION('',(#5670),#5674);
#5670 = LINE('',#5671,#5672);
#5671 = CARTESIAN_POINT('',(1.570796326795,-0.514007616603));
#5672 = VECTOR('',#5673,1.);
#5673 = DIRECTION('',(0.,-1.));
#5674 = ( GEOMETRIC_REPRESENTATION_CONTEXT(2) 
PARAMETRIC_REPRESENTATION_CONTEXT() REPRESENTATION_CONTEXT('2D SPACE',''
  ) );
#5675 = PCURVE('',#5676,#5681);
#5676 = PLANE('',#5677);
#5677 = AXIS2_PLACEMENT_3D('',#5678,#5679,#5680);
#5678 = CARTESIAN_POINT('',(39.1,16.,10.45));
#5679 = DIRECTION('',(-0.999847695156,-1.745240643729E-02,
    -3.902118413267E-16));
#5680 = DIRECTION('',(-1.745240643729E-02,0.999847695156,
    -1.208878777794E-17));
#5681 = DEFINITIONAL_REPRESENTATION('',(#5682),#5686);
#5682 = LINE('',#5683,#5684);
#5683 = CARTESIAN_POINT('',(1.028171828755,20.9));
#5684 = VECTOR('',#5685,1.);
#5685 = DIRECTION('',(1.,-2.538857952224E-17));
#5686 = ( GEOMETRIC_REPRESENTATION_CONTEXT(2) 
PARAMETRIC_REPRESENTATION_CONTEXT() REPRESENTATION_CONTEXT('2D SPACE',''
  ) );
#5687 = ORIENTED_EDGE('',*,*,#5688,.T.);
#5688 = EDGE_CURVE('',#5661,#5689,#5691,.T.);
#5689 = VERTEX_POINT('',#5690);
#5690 = CARTESIAN_POINT('',(36.75,16.,-12.8));
#5691 = SURFACE_CURVE('',#5692,(#5697,#5704),.PCURVE_S1.);
#5692 = CIRCLE('',#5693,2.35);
#5693 = AXIS2_PLACEMENT_3D('',#5694,#5695,#5696);
#5694 = CARTESIAN_POINT('',(36.75,16.,-10.45));
#5695 = DIRECTION('',(0.,1.,0.));
#5696 = DIRECTION('',(-3.469446951954E-17,0.,-1.));
#5697 = PCURVE('',#5617,#5698);
#5698 = DEFINITIONAL_REPRESENTATION('',(#5699),#5703);
#5699 = LINE('',#5700,#5701);
#5700 = CARTESIAN_POINT('',(6.28318530718,0.514007616603));
#5701 = VECTOR('',#5702,1.);
#5702 = DIRECTION('',(-1.,0.));
#5703 = ( GEOMETRIC_REPRESENTATION_CONTEXT(2) 
PARAMETRIC_REPRESENTATION_CONTEXT() REPRESENTATION_CONTEXT('2D SPACE',''
  ) );
#5704 = PCURVE('',#5705,#5710);
#5705 = PLANE('',#5706);
#5706 = AXIS2_PLACEMENT_3D('',#5707,#5708,#5709);
#5707 = CARTESIAN_POINT('',(-20.,16.,-10.));
#5708 = DIRECTION('',(0.,1.,0.));
#5709 = DIRECTION('',(3.469446951954E-17,0.,1.));
#5710 = DEFINITIONAL_REPRESENTATION('',(#5711),#5715);
#5711 = CIRCLE('',#5712,2.35);
#5712 = AXIS2_PLACEMENT_2D('',#5713,#5714);
#5713 = CARTESIAN_POINT('',(-0.45,56.75));
#5714 = DIRECTION('',(-1.,0.));
#5715 = ( GEOMETRIC_REPRESENTATION_CONTEXT(2) 
PARAMETRIC_REPRESENTATION_CONTEXT() REPRESENTATION_CONTEXT('2D SPACE',''
  ) );
#5716 = ORIENTED_EDGE('',*,*,#5717,.T.);
#5717 = EDGE_CURVE('',#5689,#5601,#5718,.T.);
#5718 = SURFACE_CURVE('',#5719,(#5723,#5730),.PCURVE_S1.);
#5719 = LINE('',#5720,#5721);
#5720 = CARTESIAN_POINT('',(36.75,17.028015233206,-12.78205592735));
#5721 = VECTOR('',#5722,1.);
#5722 = DIRECTION('',(1.223114006026E-17,0.999847695156,
    1.745240643729E-02));
#5723 = PCURVE('',#5617,#5724);
#5724 = DEFINITIONAL_REPRESENTATION('',(#5725),#5729);
#5725 = LINE('',#5726,#5727);
#5726 = CARTESIAN_POINT('',(0.,-0.514007616603));
#5727 = VECTOR('',#5728,1.);
#5728 = DIRECTION('',(0.,-1.));
#5729 = ( GEOMETRIC_REPRESENTATION_CONTEXT(2) 
PARAMETRIC_REPRESENTATION_CONTEXT() REPRESENTATION_CONTEXT('2D SPACE',''
  ) );
#5730 = PCURVE('',#5731,#5736);
#5731 = PLANE('',#5732);
#5732 = AXIS2_PLACEMENT_3D('',#5733,#5734,#5735);
#5733 = CARTESIAN_POINT('',(35.7,16.,-12.8));
#5734 = DIRECTION('',(-2.149077627824E-15,1.745240643729E-02,
    -0.999847695156));
#5735 = DIRECTION('',(1.223114006026E-17,0.999847695156,
    1.745240643729E-02));
#5736 = DEFINITIONAL_REPRESENTATION('',(#5737),#5741);
#5737 = LINE('',#5738,#5739);
#5738 = CARTESIAN_POINT('',(1.028171828755,1.05));
#5739 = VECTOR('',#5740,1.);
#5740 = DIRECTION('',(1.,4.552949691428E-33));
#5741 = ( GEOMETRIC_REPRESENTATION_CONTEXT(2) 
PARAMETRIC_REPRESENTATION_CONTEXT() REPRESENTATION_CONTEXT('2D SPACE',''
  ) );
#5742 = ADVANCED_FACE('',(#5743),#5472,.F.);
#5743 = FACE_BOUND('',#5744,.T.);
#5744 = EDGE_LOOP('',(#5745,#5775,#5796,#5797));
#5745 = ORIENTED_EDGE('',*,*,#5746,.F.);
#5746 = EDGE_CURVE('',#5747,#5749,#5751,.T.);
#5747 = VERTEX_POINT('',#5748);
#5748 = CARTESIAN_POINT('',(35.7,17.028015233206,-11.61794407264));
#5749 = VERTEX_POINT('',#5750);
#5750 = CARTESIAN_POINT('',(35.7,16.,-11.6));
#5751 = SURFACE_CURVE('',#5752,(#5756,#5763),.PCURVE_S1.);
#5752 = LINE('',#5753,#5754);
#5753 = CARTESIAN_POINT('',(35.7,16.,-11.6));
#5754 = VECTOR('',#5755,1.);
#5755 = DIRECTION('',(1.223114006026E-17,-0.999847695156,
    1.745240643729E-02));
#5756 = PCURVE('',#5472,#5757);
#5757 = DEFINITIONAL_REPRESENTATION('',(#5758),#5762);
#5758 = LINE('',#5759,#5760);
#5759 = CARTESIAN_POINT('',(1.028171828755,-1.195315356216E-17));
#5760 = VECTOR('',#5761,1.);
#5761 = DIRECTION('',(1.,4.552949691428E-33));
#5762 = ( GEOMETRIC_REPRESENTATION_CONTEXT(2) 
PARAMETRIC_REPRESENTATION_CONTEXT() REPRESENTATION_CONTEXT('2D SPACE',''
  ) );
#5763 = PCURVE('',#5764,#5769);
#5764 = CONICAL_SURFACE('',#5765,4.091027963679,1.745329251995E-02);
#5765 = AXIS2_PLACEMENT_3D('',#5766,#5767,#5768);
#5766 = CARTESIAN_POINT('',(35.7,16.514007616603,-15.7));
#5767 = DIRECTION('',(0.,-1.,0.));
#5768 = DIRECTION('',(-3.469446951954E-17,0.,-1.));
#5769 = DEFINITIONAL_REPRESENTATION('',(#5770),#5774);
#5770 = LINE('',#5771,#5772);
#5771 = CARTESIAN_POINT('',(3.14159265359,0.514007616603));
#5772 = VECTOR('',#5773,1.);
#5773 = DIRECTION('',(0.,1.));
#5774 = ( GEOMETRIC_REPRESENTATION_CONTEXT(2) 
PARAMETRIC_REPRESENTATION_CONTEXT() REPRESENTATION_CONTEXT('2D SPACE',''
  ) );
#5775 = ORIENTED_EDGE('',*,*,#5776,.T.);
#5776 = EDGE_CURVE('',#5747,#5450,#5777,.T.);
#5777 = SURFACE_CURVE('',#5778,(#5782,#5789),.PCURVE_S1.);
#5778 = LINE('',#5779,#5780);
#5779 = CARTESIAN_POINT('',(35.7,17.028015233206,-11.61794407264));
#5780 = VECTOR('',#5781,1.);
#5781 = DIRECTION('',(1.,0.,-2.149404992615E-15));
#5782 = PCURVE('',#5472,#5783);
#5783 = DEFINITIONAL_REPRESENTATION('',(#5784),#5788);
#5784 = LINE('',#5785,#5786);
#5785 = CARTESIAN_POINT('',(0.,0.));
#5786 = VECTOR('',#5787,1.);
#5787 = DIRECTION('',(-2.52811494692E-17,1.));
#5788 = ( GEOMETRIC_REPRESENTATION_CONTEXT(2) 
PARAMETRIC_REPRESENTATION_CONTEXT() REPRESENTATION_CONTEXT('2D SPACE',''
  ) );
#5789 = PCURVE('',#5644,#5790);
#5790 = DEFINITIONAL_REPRESENTATION('',(#5791),#5795);
#5791 = LINE('',#5792,#5793);
#5792 = CARTESIAN_POINT('',(6.28318530718,-7.105427357601E-15));
#5793 = VECTOR('',#5794,1.);
#5794 = DIRECTION('',(0.,1.));
#5795 = ( GEOMETRIC_REPRESENTATION_CONTEXT(2) 
PARAMETRIC_REPRESENTATION_CONTEXT() REPRESENTATION_CONTEXT('2D SPACE',''
  ) );
#5796 = ORIENTED_EDGE('',*,*,#5449,.T.);
#5797 = ORIENTED_EDGE('',*,*,#5798,.F.);
#5798 = EDGE_CURVE('',#5749,#5452,#5799,.T.);
#5799 = SURFACE_CURVE('',#5800,(#5804,#5811),.PCURVE_S1.);
#5800 = LINE('',#5801,#5802);
#5801 = CARTESIAN_POINT('',(7.85,16.,-11.6));
#5802 = VECTOR('',#5803,1.);
#5803 = DIRECTION('',(1.,0.,-2.149404992615E-15));
#5804 = PCURVE('',#5472,#5805);
#5805 = DEFINITIONAL_REPRESENTATION('',(#5806),#5810);
#5806 = LINE('',#5807,#5808);
#5807 = CARTESIAN_POINT('',(1.028171828755,-27.85));
#5808 = VECTOR('',#5809,1.);
#5809 = DIRECTION('',(-2.52811494692E-17,1.));
#5810 = ( GEOMETRIC_REPRESENTATION_CONTEXT(2) 
PARAMETRIC_REPRESENTATION_CONTEXT() REPRESENTATION_CONTEXT('2D SPACE',''
  ) );
#5811 = PCURVE('',#44,#5812);
#5812 = DEFINITIONAL_REPRESENTATION('',(#5813),#5817);
#5813 = LINE('',#5814,#5815);
#5814 = CARTESIAN_POINT('',(-1.6,27.85));
#5815 = VECTOR('',#5816,1.);
#5816 = DIRECTION('',(-2.114710523096E-15,1.));
#5817 = ( GEOMETRIC_REPRESENTATION_CONTEXT(2) 
PARAMETRIC_REPRESENTATION_CONTEXT() REPRESENTATION_CONTEXT('2D SPACE',''
  ) );
#5818 = ADVANCED_FACE('',(#5819),#5644,.F.);
#5819 = FACE_BOUND('',#5820,.F.);
#5820 = EDGE_LOOP('',(#5821,#5822,#5823,#5846));
#5821 = ORIENTED_EDGE('',*,*,#5776,.T.);
#5822 = ORIENTED_EDGE('',*,*,#5629,.F.);
#5823 = ORIENTED_EDGE('',*,*,#5824,.F.);
#5824 = EDGE_CURVE('',#5825,#5601,#5827,.T.);
#5825 = VERTEX_POINT('',#5826);
#5826 = CARTESIAN_POINT('',(35.7,17.028015233206,-12.78205592735));
#5827 = SURFACE_CURVE('',#5828,(#5832,#5839),.PCURVE_S1.);
#5828 = LINE('',#5829,#5830);
#5829 = CARTESIAN_POINT('',(35.7,17.028015233206,-12.78205592735));
#5830 = VECTOR('',#5831,1.);
#5831 = DIRECTION('',(1.,0.,-2.149404992615E-15));
#5832 = PCURVE('',#5644,#5833);
#5833 = DEFINITIONAL_REPRESENTATION('',(#5834),#5838);
#5834 = LINE('',#5835,#5836);
#5835 = CARTESIAN_POINT('',(3.17649923863,0.));
#5836 = VECTOR('',#5837,1.);
#5837 = DIRECTION('',(4.229421046191E-16,1.));
#5838 = ( GEOMETRIC_REPRESENTATION_CONTEXT(2) 
PARAMETRIC_REPRESENTATION_CONTEXT() REPRESENTATION_CONTEXT('2D SPACE',''
  ) );
#5839 = PCURVE('',#5731,#5840);
#5840 = DEFINITIONAL_REPRESENTATION('',(#5841),#5845);
#5841 = LINE('',#5842,#5843);
#5842 = CARTESIAN_POINT('',(1.028171828755,-1.195315356216E-17));
#5843 = VECTOR('',#5844,1.);
#5844 = DIRECTION('',(-2.52811494692E-17,1.));
#5845 = ( GEOMETRIC_REPRESENTATION_CONTEXT(2) 
PARAMETRIC_REPRESENTATION_CONTEXT() REPRESENTATION_CONTEXT('2D SPACE',''
  ) );
#5846 = ORIENTED_EDGE('',*,*,#5847,.T.);
#5847 = EDGE_CURVE('',#5825,#5747,#5848,.T.);
#5848 = SURFACE_CURVE('',#5849,(#5854,#5861),.PCURVE_S1.);
#5849 = CIRCLE('',#5850,0.582144590798);
#5850 = AXIS2_PLACEMENT_3D('',#5851,#5852,#5853);
#5851 = CARTESIAN_POINT('',(35.7,17.017855409202,-12.2));
#5852 = DIRECTION('',(1.,6.966734415398E-34,-7.008282842946E-16));
#5853 = DIRECTION('',(7.007215447524E-16,1.745240643728E-02,
    0.999847695156));
#5854 = PCURVE('',#5644,#5855);
#5855 = DEFINITIONAL_REPRESENTATION('',(#5856),#5860);
#5856 = LINE('',#5857,#5858);
#5857 = CARTESIAN_POINT('',(0.,7.265099882491E-15));
#5858 = VECTOR('',#5859,1.);
#5859 = DIRECTION('',(1.,-2.287140445097E-15));
#5860 = ( GEOMETRIC_REPRESENTATION_CONTEXT(2) 
PARAMETRIC_REPRESENTATION_CONTEXT() REPRESENTATION_CONTEXT('2D SPACE',''
  ) );
#5861 = PCURVE('',#5862,#5867);
#5862 = TOROIDAL_SURFACE('',#5863,3.5,0.582144590798);
#5863 = AXIS2_PLACEMENT_3D('',#5864,#5865,#5866);
#5864 = CARTESIAN_POINT('',(35.7,17.017855409202,-15.7));
#5865 = DIRECTION('',(0.,1.,0.));
#5866 = DIRECTION('',(-3.469446951954E-17,0.,-1.));
#5867 = DEFINITIONAL_REPRESENTATION('',(#5868),#5872);
#5868 = LINE('',#5869,#5870);
#5869 = CARTESIAN_POINT('',(3.14159265359,6.3006385997));
#5870 = VECTOR('',#5871,1.);
#5871 = DIRECTION('',(0.,-1.));
#5872 = ( GEOMETRIC_REPRESENTATION_CONTEXT(2) 
PARAMETRIC_REPRESENTATION_CONTEXT() REPRESENTATION_CONTEXT('2D SPACE',''
  ) );
#5873 = ADVANCED_FACE('',(#5874),#5731,.F.);
#5874 = FACE_BOUND('',#5875,.T.);
#5875 = EDGE_LOOP('',(#5876,#5904,#5925,#5926));
#5876 = ORIENTED_EDGE('',*,*,#5877,.F.);
#5877 = EDGE_CURVE('',#5878,#5825,#5880,.T.);
#5878 = VERTEX_POINT('',#5879);
#5879 = CARTESIAN_POINT('',(35.7,16.,-12.8));
#5880 = SURFACE_CURVE('',#5881,(#5885,#5892),.PCURVE_S1.);
#5881 = LINE('',#5882,#5883);
#5882 = CARTESIAN_POINT('',(35.7,17.028015233206,-12.78205592735));
#5883 = VECTOR('',#5884,1.);
#5884 = DIRECTION('',(1.223114006026E-17,0.999847695156,
    1.745240643729E-02));
#5885 = PCURVE('',#5731,#5886);
#5886 = DEFINITIONAL_REPRESENTATION('',(#5887),#5891);
#5887 = LINE('',#5888,#5889);
#5888 = CARTESIAN_POINT('',(1.028171828755,-1.195315356216E-17));
#5889 = VECTOR('',#5890,1.);
#5890 = DIRECTION('',(1.,4.552949691428E-33));
#5891 = ( GEOMETRIC_REPRESENTATION_CONTEXT(2) 
PARAMETRIC_REPRESENTATION_CONTEXT() REPRESENTATION_CONTEXT('2D SPACE',''
  ) );
#5892 = PCURVE('',#5893,#5898);
#5893 = CONICAL_SURFACE('',#5894,2.908972036321,1.745329251995E-02);
#5894 = AXIS2_PLACEMENT_3D('',#5895,#5896,#5897);
#5895 = CARTESIAN_POINT('',(35.7,16.514007616603,-15.7));
#5896 = DIRECTION('',(0.,1.,0.));
#5897 = DIRECTION('',(-3.469446951954E-17,0.,-1.));
#5898 = DEFINITIONAL_REPRESENTATION('',(#5899),#5903);
#5899 = LINE('',#5900,#5901);
#5900 = CARTESIAN_POINT('',(3.14159265359,0.514007616603));
#5901 = VECTOR('',#5902,1.);
#5902 = DIRECTION('',(0.,1.));
#5903 = ( GEOMETRIC_REPRESENTATION_CONTEXT(2) 
PARAMETRIC_REPRESENTATION_CONTEXT() REPRESENTATION_CONTEXT('2D SPACE',''
  ) );
#5904 = ORIENTED_EDGE('',*,*,#5905,.F.);
#5905 = EDGE_CURVE('',#5689,#5878,#5906,.T.);
#5906 = SURFACE_CURVE('',#5907,(#5911,#5918),.PCURVE_S1.);
#5907 = LINE('',#5908,#5909);
#5908 = CARTESIAN_POINT('',(7.85,16.,-12.8));
#5909 = VECTOR('',#5910,1.);
#5910 = DIRECTION('',(-1.,0.,2.149404992615E-15));
#5911 = PCURVE('',#5731,#5912);
#5912 = DEFINITIONAL_REPRESENTATION('',(#5913),#5917);
#5913 = LINE('',#5914,#5915);
#5914 = CARTESIAN_POINT('',(2.409301268214E-15,-27.85));
#5915 = VECTOR('',#5916,1.);
#5916 = DIRECTION('',(2.52811494692E-17,-1.));
#5917 = ( GEOMETRIC_REPRESENTATION_CONTEXT(2) 
PARAMETRIC_REPRESENTATION_CONTEXT() REPRESENTATION_CONTEXT('2D SPACE',''
  ) );
#5918 = PCURVE('',#5705,#5919);
#5919 = DEFINITIONAL_REPRESENTATION('',(#5920),#5924);
#5920 = LINE('',#5921,#5922);
#5921 = CARTESIAN_POINT('',(-2.8,27.85));
#5922 = VECTOR('',#5923,1.);
#5923 = DIRECTION('',(2.114710523096E-15,-1.));
#5924 = ( GEOMETRIC_REPRESENTATION_CONTEXT(2) 
PARAMETRIC_REPRESENTATION_CONTEXT() REPRESENTATION_CONTEXT('2D SPACE',''
  ) );
#5925 = ORIENTED_EDGE('',*,*,#5717,.T.);
#5926 = ORIENTED_EDGE('',*,*,#5824,.F.);
#5927 = ADVANCED_FACE('',(#5928),#5764,.F.);
#5928 = FACE_BOUND('',#5929,.F.);
#5929 = EDGE_LOOP('',(#5930,#5954,#5955,#5979));
#5930 = ORIENTED_EDGE('',*,*,#5931,.T.);
#5931 = EDGE_CURVE('',#5932,#5749,#5934,.T.);
#5932 = VERTEX_POINT('',#5933);
#5933 = CARTESIAN_POINT('',(31.6,16.,-15.7));
#5934 = SURFACE_CURVE('',#5935,(#5940,#5947),.PCURVE_S1.);
#5935 = CIRCLE('',#5936,4.1);
#5936 = AXIS2_PLACEMENT_3D('',#5937,#5938,#5939);
#5937 = CARTESIAN_POINT('',(35.7,16.,-15.7));
#5938 = DIRECTION('',(0.,1.,0.));
#5939 = DIRECTION('',(-3.469446951954E-17,0.,-1.));
#5940 = PCURVE('',#5764,#5941);
#5941 = DEFINITIONAL_REPRESENTATION('',(#5942),#5946);
#5942 = LINE('',#5943,#5944);
#5943 = CARTESIAN_POINT('',(6.28318530718,0.514007616603));
#5944 = VECTOR('',#5945,1.);
#5945 = DIRECTION('',(-1.,0.));
#5946 = ( GEOMETRIC_REPRESENTATION_CONTEXT(2) 
PARAMETRIC_REPRESENTATION_CONTEXT() REPRESENTATION_CONTEXT('2D SPACE',''
  ) );
#5947 = PCURVE('',#44,#5948);
#5948 = DEFINITIONAL_REPRESENTATION('',(#5949),#5953);
#5949 = CIRCLE('',#5950,4.1);
#5950 = AXIS2_PLACEMENT_2D('',#5951,#5952);
#5951 = CARTESIAN_POINT('',(-5.7,55.7));
#5952 = DIRECTION('',(-1.,0.));
#5953 = ( GEOMETRIC_REPRESENTATION_CONTEXT(2) 
PARAMETRIC_REPRESENTATION_CONTEXT() REPRESENTATION_CONTEXT('2D SPACE',''
  ) );
#5954 = ORIENTED_EDGE('',*,*,#5746,.F.);
#5955 = ORIENTED_EDGE('',*,*,#5956,.F.);
#5956 = EDGE_CURVE('',#5957,#5747,#5959,.T.);
#5957 = VERTEX_POINT('',#5958);
#5958 = CARTESIAN_POINT('',(31.617944072643,17.028015233206,-15.7));
#5959 = SURFACE_CURVE('',#5960,(#5965,#5972),.PCURVE_S1.);
#5960 = CIRCLE('',#5961,4.082055927357);
#5961 = AXIS2_PLACEMENT_3D('',#5962,#5963,#5964);
#5962 = CARTESIAN_POINT('',(35.7,17.028015233206,-15.7));
#5963 = DIRECTION('',(0.,1.,-0.));
#5964 = DIRECTION('',(-1.,0.,1.12260021543E-15));
#5965 = PCURVE('',#5764,#5966);
#5966 = DEFINITIONAL_REPRESENTATION('',(#5967),#5971);
#5967 = LINE('',#5968,#5969);
#5968 = CARTESIAN_POINT('',(4.712388980385,-0.514007616603));
#5969 = VECTOR('',#5970,1.);
#5970 = DIRECTION('',(-1.,0.));
#5971 = ( GEOMETRIC_REPRESENTATION_CONTEXT(2) 
PARAMETRIC_REPRESENTATION_CONTEXT() REPRESENTATION_CONTEXT('2D SPACE',''
  ) );
#5972 = PCURVE('',#5862,#5973);
#5973 = DEFINITIONAL_REPRESENTATION('',(#5974),#5978);
#5974 = LINE('',#5975,#5976);
#5975 = CARTESIAN_POINT('',(1.570796326795,1.745329251995E-02));
#5976 = VECTOR('',#5977,1.);
#5977 = DIRECTION('',(1.,0.));
#5978 = ( GEOMETRIC_REPRESENTATION_CONTEXT(2) 
PARAMETRIC_REPRESENTATION_CONTEXT() REPRESENTATION_CONTEXT('2D SPACE',''
  ) );
#5979 = ORIENTED_EDGE('',*,*,#5980,.T.);
#5980 = EDGE_CURVE('',#5957,#5932,#5981,.T.);
#5981 = SURFACE_CURVE('',#5982,(#5986,#5993),.PCURVE_S1.);
#5982 = LINE('',#5983,#5984);
#5983 = CARTESIAN_POINT('',(31.6,16.,-15.7));
#5984 = VECTOR('',#5985,1.);
#5985 = DIRECTION('',(-1.745240643729E-02,-0.999847695156,
    1.674153667223E-18));
#5986 = PCURVE('',#5764,#5987);
#5987 = DEFINITIONAL_REPRESENTATION('',(#5988),#5992);
#5988 = LINE('',#5989,#5990);
#5989 = CARTESIAN_POINT('',(4.712388980385,0.514007616603));
#5990 = VECTOR('',#5991,1.);
#5991 = DIRECTION('',(0.,1.));
#5992 = ( GEOMETRIC_REPRESENTATION_CONTEXT(2) 
PARAMETRIC_REPRESENTATION_CONTEXT() REPRESENTATION_CONTEXT('2D SPACE',''
  ) );
#5993 = PCURVE('',#5994,#5999);
#5994 = PLANE('',#5995);
#5995 = AXIS2_PLACEMENT_3D('',#5996,#5997,#5998);
#5996 = CARTESIAN_POINT('',(31.617944072643,17.028015233206,-16.75));
#5997 = DIRECTION('',(-0.999847695156,1.745240643729E-02,
    4.263466070264E-15));
#5998 = DIRECTION('',(-1.745240643729E-02,-0.999847695156,
    1.674153667223E-18));
#5999 = DEFINITIONAL_REPRESENTATION('',(#6000),#6004);
#6000 = LINE('',#6001,#6002);
#6001 = CARTESIAN_POINT('',(1.028171828755,1.05));
#6002 = VECTOR('',#6003,1.);
#6003 = DIRECTION('',(1.,-9.05187073862E-33));
#6004 = ( GEOMETRIC_REPRESENTATION_CONTEXT(2) 
PARAMETRIC_REPRESENTATION_CONTEXT() REPRESENTATION_CONTEXT('2D SPACE',''
  ) );
#6005 = ADVANCED_FACE('',(#6006),#5862,.F.);
#6006 = FACE_BOUND('',#6007,.F.);
#6007 = EDGE_LOOP('',(#6008,#6009,#6010,#6034));
#6008 = ORIENTED_EDGE('',*,*,#5956,.T.);
#6009 = ORIENTED_EDGE('',*,*,#5847,.F.);
#6010 = ORIENTED_EDGE('',*,*,#6011,.F.);
#6011 = EDGE_CURVE('',#6012,#5825,#6014,.T.);
#6012 = VERTEX_POINT('',#6013);
#6013 = CARTESIAN_POINT('',(32.782055927357,17.028015233206,-15.7));
#6014 = SURFACE_CURVE('',#6015,(#6020,#6027),.PCURVE_S1.);
#6015 = CIRCLE('',#6016,2.917944072643);
#6016 = AXIS2_PLACEMENT_3D('',#6017,#6018,#6019);
#6017 = CARTESIAN_POINT('',(35.7,17.028015233206,-15.7));
#6018 = DIRECTION('',(0.,1.,-0.));
#6019 = DIRECTION('',(-1.,0.,3.469446951954E-17));
#6020 = PCURVE('',#5862,#6021);
#6021 = DEFINITIONAL_REPRESENTATION('',(#6022),#6026);
#6022 = LINE('',#6023,#6024);
#6023 = CARTESIAN_POINT('',(1.570796326795,3.12413936107));
#6024 = VECTOR('',#6025,1.);
#6025 = DIRECTION('',(1.,0.));
#6026 = ( GEOMETRIC_REPRESENTATION_CONTEXT(2) 
PARAMETRIC_REPRESENTATION_CONTEXT() REPRESENTATION_CONTEXT('2D SPACE',''
  ) );
#6027 = PCURVE('',#5893,#6028);
#6028 = DEFINITIONAL_REPRESENTATION('',(#6029),#6033);
#6029 = LINE('',#6030,#6031);
#6030 = CARTESIAN_POINT('',(1.570796326795,0.514007616603));
#6031 = VECTOR('',#6032,1.);
#6032 = DIRECTION('',(1.,0.));
#6033 = ( GEOMETRIC_REPRESENTATION_CONTEXT(2) 
PARAMETRIC_REPRESENTATION_CONTEXT() REPRESENTATION_CONTEXT('2D SPACE',''
  ) );
#6034 = ORIENTED_EDGE('',*,*,#6035,.T.);
#6035 = EDGE_CURVE('',#6012,#5957,#6036,.T.);
#6036 = SURFACE_CURVE('',#6037,(#6042,#6049),.PCURVE_S1.);
#6037 = CIRCLE('',#6038,0.582144590798);
#6038 = AXIS2_PLACEMENT_3D('',#6039,#6040,#6041);
#6039 = CARTESIAN_POINT('',(32.2,17.017855409202,-15.7));
#6040 = DIRECTION('',(9.59268094769E-17,1.529776135896E-34,1.));
#6041 = DIRECTION('',(-0.999847695156,1.745240643728E-02,
    9.591219935919E-17));
#6042 = PCURVE('',#5862,#6043);
#6043 = DEFINITIONAL_REPRESENTATION('',(#6044),#6048);
#6044 = LINE('',#6045,#6046);
#6045 = CARTESIAN_POINT('',(1.570796326795,6.3006385997));
#6046 = VECTOR('',#6047,1.);
#6047 = DIRECTION('',(0.,-1.));
#6048 = ( GEOMETRIC_REPRESENTATION_CONTEXT(2) 
PARAMETRIC_REPRESENTATION_CONTEXT() REPRESENTATION_CONTEXT('2D SPACE',''
  ) );
#6049 = PCURVE('',#6050,#6055);
#6050 = CYLINDRICAL_SURFACE('',#6051,0.582144590798);
#6051 = AXIS2_PLACEMENT_3D('',#6052,#6053,#6054);
#6052 = CARTESIAN_POINT('',(32.2,17.017855409202,-16.75));
#6053 = DIRECTION('',(4.264115515711E-15,0.,1.));
#6054 = DIRECTION('',(-0.999847695156,1.745240643728E-02,
    4.263466070264E-15));
#6055 = DEFINITIONAL_REPRESENTATION('',(#6056),#6060);
#6056 = LINE('',#6057,#6058);
#6057 = CARTESIAN_POINT('',(0.,1.05));
#6058 = VECTOR('',#6059,1.);
#6059 = DIRECTION('',(1.,-1.715355333823E-15));
#6060 = ( GEOMETRIC_REPRESENTATION_CONTEXT(2) 
PARAMETRIC_REPRESENTATION_CONTEXT() REPRESENTATION_CONTEXT('2D SPACE',''
  ) );
#6061 = ADVANCED_FACE('',(#6062),#5893,.T.);
#6062 = FACE_BOUND('',#6063,.T.);
#6063 = EDGE_LOOP('',(#6064,#6092,#6118,#6119));
#6064 = ORIENTED_EDGE('',*,*,#6065,.F.);
#6065 = EDGE_CURVE('',#6066,#6012,#6068,.T.);
#6066 = VERTEX_POINT('',#6067);
#6067 = CARTESIAN_POINT('',(32.8,16.,-15.7));
#6068 = SURFACE_CURVE('',#6069,(#6073,#6080),.PCURVE_S1.);
#6069 = LINE('',#6070,#6071);
#6070 = CARTESIAN_POINT('',(32.782055927357,17.028015233206,-15.7));
#6071 = VECTOR('',#6072,1.);
#6072 = DIRECTION('',(-1.745240643729E-02,0.999847695156,
    1.674153667223E-18));
#6073 = PCURVE('',#5893,#6074);
#6074 = DEFINITIONAL_REPRESENTATION('',(#6075),#6079);
#6075 = LINE('',#6076,#6077);
#6076 = CARTESIAN_POINT('',(1.570796326795,0.514007616603));
#6077 = VECTOR('',#6078,1.);
#6078 = DIRECTION('',(0.,1.));
#6079 = ( GEOMETRIC_REPRESENTATION_CONTEXT(2) 
PARAMETRIC_REPRESENTATION_CONTEXT() REPRESENTATION_CONTEXT('2D SPACE',''
  ) );
#6080 = PCURVE('',#6081,#6086);
#6081 = PLANE('',#6082);
#6082 = AXIS2_PLACEMENT_3D('',#6083,#6084,#6085);
#6083 = CARTESIAN_POINT('',(32.8,16.,-16.75));
#6084 = DIRECTION('',(0.999847695156,1.745240643729E-02,
    -4.263466070264E-15));
#6085 = DIRECTION('',(-1.745240643729E-02,0.999847695156,
    1.674153667223E-18));
#6086 = DEFINITIONAL_REPRESENTATION('',(#6087),#6091);
#6087 = LINE('',#6088,#6089);
#6088 = CARTESIAN_POINT('',(1.028171828755,1.05));
#6089 = VECTOR('',#6090,1.);
#6090 = DIRECTION('',(1.,-9.05187073862E-33));
#6091 = ( GEOMETRIC_REPRESENTATION_CONTEXT(2) 
PARAMETRIC_REPRESENTATION_CONTEXT() REPRESENTATION_CONTEXT('2D SPACE',''
  ) );
#6092 = ORIENTED_EDGE('',*,*,#6093,.F.);
#6093 = EDGE_CURVE('',#5878,#6066,#6094,.T.);
#6094 = SURFACE_CURVE('',#6095,(#6100,#6107),.PCURVE_S1.);
#6095 = CIRCLE('',#6096,2.9);
#6096 = AXIS2_PLACEMENT_3D('',#6097,#6098,#6099);
#6097 = CARTESIAN_POINT('',(35.7,16.,-15.7));
#6098 = DIRECTION('',(0.,-1.,-0.));
#6099 = DIRECTION('',(-3.469446951954E-17,0.,-1.));
#6100 = PCURVE('',#5893,#6101);
#6101 = DEFINITIONAL_REPRESENTATION('',(#6102),#6106);
#6102 = LINE('',#6103,#6104);
#6103 = CARTESIAN_POINT('',(6.28318530718,-0.514007616603));
#6104 = VECTOR('',#6105,1.);
#6105 = DIRECTION('',(-1.,0.));
#6106 = ( GEOMETRIC_REPRESENTATION_CONTEXT(2) 
PARAMETRIC_REPRESENTATION_CONTEXT() REPRESENTATION_CONTEXT('2D SPACE',''
  ) );
#6107 = PCURVE('',#5705,#6108);
#6108 = DEFINITIONAL_REPRESENTATION('',(#6109),#6117);
#6109 = ( BOUNDED_CURVE() B_SPLINE_CURVE(2,(#6110,#6111,#6112,#6113,
#6114,#6115,#6116),.UNSPECIFIED.,.T.,.F.) B_SPLINE_CURVE_WITH_KNOTS((1,2
    ,2,2,2,1),(-2.094395102393,0.,2.094395102393,4.188790204786,
6.28318530718,8.377580409573),.UNSPECIFIED.) CURVE() 
GEOMETRIC_REPRESENTATION_ITEM() RATIONAL_B_SPLINE_CURVE((1.,0.5,1.,0.5,
1.,0.5,1.)) REPRESENTATION_ITEM('') );
#6110 = CARTESIAN_POINT('',(-8.6,55.7));
#6111 = CARTESIAN_POINT('',(-8.6,60.72294734195));
#6112 = CARTESIAN_POINT('',(-4.25,58.211473670975));
#6113 = CARTESIAN_POINT('',(9.999999999998E-02,55.7));
#6114 = CARTESIAN_POINT('',(-4.25,53.188526329025));
#6115 = CARTESIAN_POINT('',(-8.6,50.67705265805));
#6116 = CARTESIAN_POINT('',(-8.6,55.7));
#6117 = ( GEOMETRIC_REPRESENTATION_CONTEXT(2) 
PARAMETRIC_REPRESENTATION_CONTEXT() REPRESENTATION_CONTEXT('2D SPACE',''
  ) );
#6118 = ORIENTED_EDGE('',*,*,#5877,.T.);
#6119 = ORIENTED_EDGE('',*,*,#6011,.F.);
#6120 = ADVANCED_FACE('',(#6121),#5994,.F.);
#6121 = FACE_BOUND('',#6122,.T.);
#6122 = EDGE_LOOP('',(#6123,#6153,#6174,#6175));
#6123 = ORIENTED_EDGE('',*,*,#6124,.F.);
#6124 = EDGE_CURVE('',#6125,#6127,#6129,.T.);
#6125 = VERTEX_POINT('',#6126);
#6126 = CARTESIAN_POINT('',(31.617944072643,17.028015233206,-16.75));
#6127 = VERTEX_POINT('',#6128);
#6128 = CARTESIAN_POINT('',(31.6,16.,-16.75));
#6129 = SURFACE_CURVE('',#6130,(#6134,#6141),.PCURVE_S1.);
#6130 = LINE('',#6131,#6132);
#6131 = CARTESIAN_POINT('',(31.6,16.,-16.75));
#6132 = VECTOR('',#6133,1.);
#6133 = DIRECTION('',(-1.745240643729E-02,-0.999847695156,
    1.674153667223E-18));
#6134 = PCURVE('',#5994,#6135);
#6135 = DEFINITIONAL_REPRESENTATION('',(#6136),#6140);
#6136 = LINE('',#6137,#6138);
#6137 = CARTESIAN_POINT('',(1.028171828755,-1.098757556288E-18));
#6138 = VECTOR('',#6139,1.);
#6139 = DIRECTION('',(1.,-9.05187073862E-33));
#6140 = ( GEOMETRIC_REPRESENTATION_CONTEXT(2) 
PARAMETRIC_REPRESENTATION_CONTEXT() REPRESENTATION_CONTEXT('2D SPACE',''
  ) );
#6141 = PCURVE('',#6142,#6147);
#6142 = CONICAL_SURFACE('',#6143,1.158972036321,1.745329251995E-02);
#6143 = AXIS2_PLACEMENT_3D('',#6144,#6145,#6146);
#6144 = CARTESIAN_POINT('',(30.45,16.514007616603,-16.75));
#6145 = DIRECTION('',(0.,1.,0.));
#6146 = DIRECTION('',(-3.469446951954E-17,0.,-1.));
#6147 = DEFINITIONAL_REPRESENTATION('',(#6148),#6152);
#6148 = LINE('',#6149,#6150);
#6149 = CARTESIAN_POINT('',(4.712388980385,-0.514007616603));
#6150 = VECTOR('',#6151,1.);
#6151 = DIRECTION('',(0.,-1.));
#6152 = ( GEOMETRIC_REPRESENTATION_CONTEXT(2) 
PARAMETRIC_REPRESENTATION_CONTEXT() REPRESENTATION_CONTEXT('2D SPACE',''
  ) );
#6153 = ORIENTED_EDGE('',*,*,#6154,.T.);
#6154 = EDGE_CURVE('',#6125,#5957,#6155,.T.);
#6155 = SURFACE_CURVE('',#6156,(#6160,#6167),.PCURVE_S1.);
#6156 = LINE('',#6157,#6158);
#6157 = CARTESIAN_POINT('',(31.617944072643,17.028015233206,-16.75));
#6158 = VECTOR('',#6159,1.);
#6159 = DIRECTION('',(4.264115515711E-15,0.,1.));
#6160 = PCURVE('',#5994,#6161);
#6161 = DEFINITIONAL_REPRESENTATION('',(#6162),#6166);
#6162 = LINE('',#6163,#6164);
#6163 = CARTESIAN_POINT('',(0.,0.));
#6164 = VECTOR('',#6165,1.);
#6165 = DIRECTION('',(-7.27449234085E-17,1.));
#6166 = ( GEOMETRIC_REPRESENTATION_CONTEXT(2) 
PARAMETRIC_REPRESENTATION_CONTEXT() REPRESENTATION_CONTEXT('2D SPACE',''
  ) );
#6167 = PCURVE('',#6050,#6168);
#6168 = DEFINITIONAL_REPRESENTATION('',(#6169),#6173);
#6169 = LINE('',#6170,#6171);
#6170 = CARTESIAN_POINT('',(6.28318530718,0.));
#6171 = VECTOR('',#6172,1.);
#6172 = DIRECTION('',(0.,1.));
#6173 = ( GEOMETRIC_REPRESENTATION_CONTEXT(2) 
PARAMETRIC_REPRESENTATION_CONTEXT() REPRESENTATION_CONTEXT('2D SPACE',''
  ) );
#6174 = ORIENTED_EDGE('',*,*,#5980,.T.);
#6175 = ORIENTED_EDGE('',*,*,#6176,.F.);
#6176 = EDGE_CURVE('',#6127,#5932,#6177,.T.);
#6177 = SURFACE_CURVE('',#6178,(#6182,#6189),.PCURVE_S1.);
#6178 = LINE('',#6179,#6180);
#6179 = CARTESIAN_POINT('',(31.6,16.,-13.375));
#6180 = VECTOR('',#6181,1.);
#6181 = DIRECTION('',(4.264115515711E-15,0.,1.));
#6182 = PCURVE('',#5994,#6183);
#6183 = DEFINITIONAL_REPRESENTATION('',(#6184),#6188);
#6184 = LINE('',#6185,#6186);
#6185 = CARTESIAN_POINT('',(1.028171828755,3.375));
#6186 = VECTOR('',#6187,1.);
#6187 = DIRECTION('',(-7.27449234085E-17,1.));
#6188 = ( GEOMETRIC_REPRESENTATION_CONTEXT(2) 
PARAMETRIC_REPRESENTATION_CONTEXT() REPRESENTATION_CONTEXT('2D SPACE',''
  ) );
#6189 = PCURVE('',#44,#6190);
#6190 = DEFINITIONAL_REPRESENTATION('',(#6191),#6195);
#6191 = LINE('',#6192,#6193);
#6192 = CARTESIAN_POINT('',(-3.375,51.6));
#6193 = VECTOR('',#6194,1.);
#6194 = DIRECTION('',(1.,4.229421046191E-15));
#6195 = ( GEOMETRIC_REPRESENTATION_CONTEXT(2) 
PARAMETRIC_REPRESENTATION_CONTEXT() REPRESENTATION_CONTEXT('2D SPACE',''
  ) );
#6196 = ADVANCED_FACE('',(#6197),#6050,.F.);
#6197 = FACE_BOUND('',#6198,.F.);
#6198 = EDGE_LOOP('',(#6199,#6200,#6201,#6224));
#6199 = ORIENTED_EDGE('',*,*,#6154,.T.);
#6200 = ORIENTED_EDGE('',*,*,#6035,.F.);
#6201 = ORIENTED_EDGE('',*,*,#6202,.F.);
#6202 = EDGE_CURVE('',#6203,#6012,#6205,.T.);
#6203 = VERTEX_POINT('',#6204);
#6204 = CARTESIAN_POINT('',(32.782055927357,17.028015233206,-16.75));
#6205 = SURFACE_CURVE('',#6206,(#6210,#6217),.PCURVE_S1.);
#6206 = LINE('',#6207,#6208);
#6207 = CARTESIAN_POINT('',(32.782055927357,17.028015233206,-16.75));
#6208 = VECTOR('',#6209,1.);
#6209 = DIRECTION('',(4.264115515711E-15,0.,1.));
#6210 = PCURVE('',#6050,#6211);
#6211 = DEFINITIONAL_REPRESENTATION('',(#6212),#6216);
#6212 = LINE('',#6213,#6214);
#6213 = CARTESIAN_POINT('',(3.17649923863,3.552713678801E-15));
#6214 = VECTOR('',#6215,1.);
#6215 = DIRECTION('',(-4.229421046191E-16,1.));
#6216 = ( GEOMETRIC_REPRESENTATION_CONTEXT(2) 
PARAMETRIC_REPRESENTATION_CONTEXT() REPRESENTATION_CONTEXT('2D SPACE',''
  ) );
#6217 = PCURVE('',#6081,#6218);
#6218 = DEFINITIONAL_REPRESENTATION('',(#6219),#6223);
#6219 = LINE('',#6220,#6221);
#6220 = CARTESIAN_POINT('',(1.028171828755,-1.098757556273E-18));
#6221 = VECTOR('',#6222,1.);
#6222 = DIRECTION('',(-7.27449234085E-17,1.));
#6223 = ( GEOMETRIC_REPRESENTATION_CONTEXT(2) 
PARAMETRIC_REPRESENTATION_CONTEXT() REPRESENTATION_CONTEXT('2D SPACE',''
  ) );
#6224 = ORIENTED_EDGE('',*,*,#6225,.T.);
#6225 = EDGE_CURVE('',#6203,#6125,#6226,.T.);
#6226 = SURFACE_CURVE('',#6227,(#6232,#6239),.PCURVE_S1.);
#6227 = CIRCLE('',#6228,0.582144590798);
#6228 = AXIS2_PLACEMENT_3D('',#6229,#6230,#6231);
#6229 = CARTESIAN_POINT('',(32.2,17.017855409202,-16.75));
#6230 = DIRECTION('',(9.59268094769E-17,1.529776135896E-34,1.));
#6231 = DIRECTION('',(-0.999847695156,1.745240643728E-02,
    9.591219935919E-17));
#6232 = PCURVE('',#6050,#6233);
#6233 = DEFINITIONAL_REPRESENTATION('',(#6234),#6238);
#6234 = LINE('',#6235,#6236);
#6235 = CARTESIAN_POINT('',(0.,7.185263620046E-15));
#6236 = VECTOR('',#6237,1.);
#6237 = DIRECTION('',(1.,-1.143570222549E-15));
#6238 = ( GEOMETRIC_REPRESENTATION_CONTEXT(2) 
PARAMETRIC_REPRESENTATION_CONTEXT() REPRESENTATION_CONTEXT('2D SPACE',''
  ) );
#6239 = PCURVE('',#6240,#6245);
#6240 = TOROIDAL_SURFACE('',#6241,1.75,0.582144590798);
#6241 = AXIS2_PLACEMENT_3D('',#6242,#6243,#6244);
#6242 = CARTESIAN_POINT('',(30.45,17.017855409202,-16.75));
#6243 = DIRECTION('',(0.,-1.,0.));
#6244 = DIRECTION('',(3.469446951954E-17,0.,1.));
#6245 = DEFINITIONAL_REPRESENTATION('',(#6246),#6250);
#6246 = LINE('',#6247,#6248);
#6247 = CARTESIAN_POINT('',(4.712388980385,9.442231253289));
#6248 = VECTOR('',#6249,1.);
#6249 = DIRECTION('',(0.,-1.));
#6250 = ( GEOMETRIC_REPRESENTATION_CONTEXT(2) 
PARAMETRIC_REPRESENTATION_CONTEXT() REPRESENTATION_CONTEXT('2D SPACE',''
  ) );
#6251 = ADVANCED_FACE('',(#6252),#6081,.F.);
#6252 = FACE_BOUND('',#6253,.T.);
#6253 = EDGE_LOOP('',(#6254,#6282,#6303,#6304));
#6254 = ORIENTED_EDGE('',*,*,#6255,.F.);
#6255 = EDGE_CURVE('',#6256,#6203,#6258,.T.);
#6256 = VERTEX_POINT('',#6257);
#6257 = CARTESIAN_POINT('',(32.8,16.,-16.75));
#6258 = SURFACE_CURVE('',#6259,(#6263,#6270),.PCURVE_S1.);
#6259 = LINE('',#6260,#6261);
#6260 = CARTESIAN_POINT('',(32.782055927357,17.028015233206,-16.75));
#6261 = VECTOR('',#6262,1.);
#6262 = DIRECTION('',(-1.745240643729E-02,0.999847695156,
    1.674153667223E-18));
#6263 = PCURVE('',#6081,#6264);
#6264 = DEFINITIONAL_REPRESENTATION('',(#6265),#6269);
#6265 = LINE('',#6266,#6267);
#6266 = CARTESIAN_POINT('',(1.028171828755,-1.098757556273E-18));
#6267 = VECTOR('',#6268,1.);
#6268 = DIRECTION('',(1.,-9.05187073862E-33));
#6269 = ( GEOMETRIC_REPRESENTATION_CONTEXT(2) 
PARAMETRIC_REPRESENTATION_CONTEXT() REPRESENTATION_CONTEXT('2D SPACE',''
  ) );
#6270 = PCURVE('',#6271,#6276);
#6271 = CONICAL_SURFACE('',#6272,2.341027963679,1.745329251995E-02);
#6272 = AXIS2_PLACEMENT_3D('',#6273,#6274,#6275);
#6273 = CARTESIAN_POINT('',(30.45,16.514007616603,-16.75));
#6274 = DIRECTION('',(0.,-1.,0.));
#6275 = DIRECTION('',(-3.469446951954E-17,0.,-1.));
#6276 = DEFINITIONAL_REPRESENTATION('',(#6277),#6281);
#6277 = LINE('',#6278,#6279);
#6278 = CARTESIAN_POINT('',(1.570796326795,-0.514007616603));
#6279 = VECTOR('',#6280,1.);
#6280 = DIRECTION('',(0.,-1.));
#6281 = ( GEOMETRIC_REPRESENTATION_CONTEXT(2) 
PARAMETRIC_REPRESENTATION_CONTEXT() REPRESENTATION_CONTEXT('2D SPACE',''
  ) );
#6282 = ORIENTED_EDGE('',*,*,#6283,.F.);
#6283 = EDGE_CURVE('',#6066,#6256,#6284,.T.);
#6284 = SURFACE_CURVE('',#6285,(#6289,#6296),.PCURVE_S1.);
#6285 = LINE('',#6286,#6287);
#6286 = CARTESIAN_POINT('',(32.8,16.,-13.375));
#6287 = VECTOR('',#6288,1.);
#6288 = DIRECTION('',(-4.264115515711E-15,0.,-1.));
#6289 = PCURVE('',#6081,#6290);
#6290 = DEFINITIONAL_REPRESENTATION('',(#6291),#6295);
#6291 = LINE('',#6292,#6293);
#6292 = CARTESIAN_POINT('',(1.044996610021E-15,3.375));
#6293 = VECTOR('',#6294,1.);
#6294 = DIRECTION('',(7.27449234085E-17,-1.));
#6295 = ( GEOMETRIC_REPRESENTATION_CONTEXT(2) 
PARAMETRIC_REPRESENTATION_CONTEXT() REPRESENTATION_CONTEXT('2D SPACE',''
  ) );
#6296 = PCURVE('',#5705,#6297);
#6297 = DEFINITIONAL_REPRESENTATION('',(#6298),#6302);
#6298 = LINE('',#6299,#6300);
#6299 = CARTESIAN_POINT('',(-3.375,52.8));
#6300 = VECTOR('',#6301,1.);
#6301 = DIRECTION('',(-1.,-4.229421046191E-15));
#6302 = ( GEOMETRIC_REPRESENTATION_CONTEXT(2) 
PARAMETRIC_REPRESENTATION_CONTEXT() REPRESENTATION_CONTEXT('2D SPACE',''
  ) );
#6303 = ORIENTED_EDGE('',*,*,#6065,.T.);
#6304 = ORIENTED_EDGE('',*,*,#6202,.F.);
#6305 = ADVANCED_FACE('',(#6306),#6142,.T.);
#6306 = FACE_BOUND('',#6307,.T.);
#6307 = EDGE_LOOP('',(#6308,#6338,#6360,#6361));
#6308 = ORIENTED_EDGE('',*,*,#6309,.F.);
#6309 = EDGE_CURVE('',#6310,#6312,#6314,.T.);
#6310 = VERTEX_POINT('',#6311);
#6311 = CARTESIAN_POINT('',(30.45,17.028015233206,-17.91794407264));
#6312 = VERTEX_POINT('',#6313);
#6313 = CARTESIAN_POINT('',(30.45,16.,-17.9));
#6314 = SURFACE_CURVE('',#6315,(#6319,#6326),.PCURVE_S1.);
#6315 = LINE('',#6316,#6317);
#6316 = CARTESIAN_POINT('',(30.45,16.,-17.9));
#6317 = VECTOR('',#6318,1.);
#6318 = DIRECTION('',(6.05501983181E-19,-0.999847695156,
    1.745240643729E-02));
#6319 = PCURVE('',#6142,#6320);
#6320 = DEFINITIONAL_REPRESENTATION('',(#6321),#6325);
#6321 = LINE('',#6322,#6323);
#6322 = CARTESIAN_POINT('',(6.28318530718,-0.514007616603));
#6323 = VECTOR('',#6324,1.);
#6324 = DIRECTION('',(0.,-1.));
#6325 = ( GEOMETRIC_REPRESENTATION_CONTEXT(2) 
PARAMETRIC_REPRESENTATION_CONTEXT() REPRESENTATION_CONTEXT('2D SPACE',''
  ) );
#6326 = PCURVE('',#6327,#6332);
#6327 = PLANE('',#6328);
#6328 = AXIS2_PLACEMENT_3D('',#6329,#6330,#6331);
#6329 = CARTESIAN_POINT('',(3.490548322352E-14,17.028015233206,
    -17.91794407264));
#6330 = DIRECTION('',(-5.45058809421E-16,-1.745240643729E-02,
    -0.999847695156));
#6331 = DIRECTION('',(6.05501983181E-19,-0.999847695156,
    1.745240643729E-02));
#6332 = DEFINITIONAL_REPRESENTATION('',(#6333),#6337);
#6333 = LINE('',#6334,#6335);
#6334 = CARTESIAN_POINT('',(1.028171828755,-30.45));
#6335 = VECTOR('',#6336,1.);
#6336 = DIRECTION('',(1.,1.701674143774E-35));
#6337 = ( GEOMETRIC_REPRESENTATION_CONTEXT(2) 
PARAMETRIC_REPRESENTATION_CONTEXT() REPRESENTATION_CONTEXT('2D SPACE',''
  ) );
#6338 = ORIENTED_EDGE('',*,*,#6339,.T.);
#6339 = EDGE_CURVE('',#6310,#6125,#6340,.T.);
#6340 = SURFACE_CURVE('',#6341,(#6346,#6353),.PCURVE_S1.);
#6341 = CIRCLE('',#6342,1.167944072643);
#6342 = AXIS2_PLACEMENT_3D('',#6343,#6344,#6345);
#6343 = CARTESIAN_POINT('',(30.45,17.028015233206,-16.75));
#6344 = DIRECTION('',(5.737251350666E-16,-1.,-5.737251350666E-16));
#6345 = DIRECTION('',(-3.469446951954E-17,5.737251350666E-16,-1.));
#6346 = PCURVE('',#6142,#6347);
#6347 = DEFINITIONAL_REPRESENTATION('',(#6348),#6352);
#6348 = LINE('',#6349,#6350);
#6349 = CARTESIAN_POINT('',(6.28318530718,0.514007616603));
#6350 = VECTOR('',#6351,1.);
#6351 = DIRECTION('',(-1.,0.));
#6352 = ( GEOMETRIC_REPRESENTATION_CONTEXT(2) 
PARAMETRIC_REPRESENTATION_CONTEXT() REPRESENTATION_CONTEXT('2D SPACE',''
  ) );
#6353 = PCURVE('',#6240,#6354);
#6354 = DEFINITIONAL_REPRESENTATION('',(#6355),#6359);
#6355 = LINE('',#6356,#6357);
#6356 = CARTESIAN_POINT('',(3.14159265359,3.15904594611));
#6357 = VECTOR('',#6358,1.);
#6358 = DIRECTION('',(1.,0.));
#6359 = ( GEOMETRIC_REPRESENTATION_CONTEXT(2) 
PARAMETRIC_REPRESENTATION_CONTEXT() REPRESENTATION_CONTEXT('2D SPACE',''
  ) );
#6360 = ORIENTED_EDGE('',*,*,#6124,.T.);
#6361 = ORIENTED_EDGE('',*,*,#6362,.F.);
#6362 = EDGE_CURVE('',#6312,#6127,#6363,.T.);
#6363 = SURFACE_CURVE('',#6364,(#6369,#6376),.PCURVE_S1.);
#6364 = CIRCLE('',#6365,1.15);
#6365 = AXIS2_PLACEMENT_3D('',#6366,#6367,#6368);
#6366 = CARTESIAN_POINT('',(30.45,16.,-16.75));
#6367 = DIRECTION('',(0.,-1.,-0.));
#6368 = DIRECTION('',(-3.469446951954E-17,0.,-1.));
#6369 = PCURVE('',#6142,#6370);
#6370 = DEFINITIONAL_REPRESENTATION('',(#6371),#6375);
#6371 = LINE('',#6372,#6373);
#6372 = CARTESIAN_POINT('',(6.28318530718,-0.514007616603));
#6373 = VECTOR('',#6374,1.);
#6374 = DIRECTION('',(-1.,0.));
#6375 = ( GEOMETRIC_REPRESENTATION_CONTEXT(2) 
PARAMETRIC_REPRESENTATION_CONTEXT() REPRESENTATION_CONTEXT('2D SPACE',''
  ) );
#6376 = PCURVE('',#44,#6377);
#6377 = DEFINITIONAL_REPRESENTATION('',(#6378),#6386);
#6378 = ( BOUNDED_CURVE() B_SPLINE_CURVE(2,(#6379,#6380,#6381,#6382,
#6383,#6384,#6385),.UNSPECIFIED.,.T.,.F.) B_SPLINE_CURVE_WITH_KNOTS((1,2
    ,2,2,2,1),(-2.094395102393,0.,2.094395102393,4.188790204786,
6.28318530718,8.377580409573),.UNSPECIFIED.) CURVE() 
GEOMETRIC_REPRESENTATION_ITEM() RATIONAL_B_SPLINE_CURVE((1.,0.5,1.,0.5,
1.,0.5,1.)) REPRESENTATION_ITEM('') );
#6379 = CARTESIAN_POINT('',(-7.9,50.45));
#6380 = CARTESIAN_POINT('',(-7.9,52.441858428704));
#6381 = CARTESIAN_POINT('',(-6.175,51.445929214352));
#6382 = CARTESIAN_POINT('',(-4.45,50.45));
#6383 = CARTESIAN_POINT('',(-6.175,49.454070785648));
#6384 = CARTESIAN_POINT('',(-7.9,48.458141571296));
#6385 = CARTESIAN_POINT('',(-7.9,50.45));
#6386 = ( GEOMETRIC_REPRESENTATION_CONTEXT(2) 
PARAMETRIC_REPRESENTATION_CONTEXT() REPRESENTATION_CONTEXT('2D SPACE',''
  ) );
#6387 = ADVANCED_FACE('',(#6388),#6240,.F.);
#6388 = FACE_BOUND('',#6389,.F.);
#6389 = EDGE_LOOP('',(#6390,#6391,#6392,#6416));
#6390 = ORIENTED_EDGE('',*,*,#6339,.T.);
#6391 = ORIENTED_EDGE('',*,*,#6225,.F.);
#6392 = ORIENTED_EDGE('',*,*,#6393,.F.);
#6393 = EDGE_CURVE('',#6394,#6203,#6396,.T.);
#6394 = VERTEX_POINT('',#6395);
#6395 = CARTESIAN_POINT('',(30.45,17.028015233206,-19.08205592735));
#6396 = SURFACE_CURVE('',#6397,(#6402,#6409),.PCURVE_S1.);
#6397 = CIRCLE('',#6398,2.332055927357);
#6398 = AXIS2_PLACEMENT_3D('',#6399,#6400,#6401);
#6399 = CARTESIAN_POINT('',(30.45,17.028015233206,-16.75));
#6400 = DIRECTION('',(2.873339626921E-16,-1.,-2.873339626921E-16));
#6401 = DIRECTION('',(-1.938976457959E-15,2.873339626921E-16,-1.));
#6402 = PCURVE('',#6240,#6403);
#6403 = DEFINITIONAL_REPRESENTATION('',(#6404),#6408);
#6404 = LINE('',#6405,#6406);
#6405 = CARTESIAN_POINT('',(3.14159265359,6.26573201466));
#6406 = VECTOR('',#6407,1.);
#6407 = DIRECTION('',(1.,0.));
#6408 = ( GEOMETRIC_REPRESENTATION_CONTEXT(2) 
PARAMETRIC_REPRESENTATION_CONTEXT() REPRESENTATION_CONTEXT('2D SPACE',''
  ) );
#6409 = PCURVE('',#6271,#6410);
#6410 = DEFINITIONAL_REPRESENTATION('',(#6411),#6415);
#6411 = LINE('',#6412,#6413);
#6412 = CARTESIAN_POINT('',(0.,-0.514007616603));
#6413 = VECTOR('',#6414,1.);
#6414 = DIRECTION('',(1.,-7.066822816845E-17));
#6415 = ( GEOMETRIC_REPRESENTATION_CONTEXT(2) 
PARAMETRIC_REPRESENTATION_CONTEXT() REPRESENTATION_CONTEXT('2D SPACE',''
  ) );
#6416 = ORIENTED_EDGE('',*,*,#6417,.T.);
#6417 = EDGE_CURVE('',#6394,#6310,#6418,.T.);
#6418 = SURFACE_CURVE('',#6419,(#6424,#6431),.PCURVE_S1.);
#6419 = CIRCLE('',#6420,0.582144590798);
#6420 = AXIS2_PLACEMENT_3D('',#6421,#6422,#6423);
#6421 = CARTESIAN_POINT('',(30.45,17.017855409202,-18.5));
#6422 = DIRECTION('',(1.,4.318074748742E-35,-3.469446951954E-17));
#6423 = DIRECTION('',(3.468918538378E-17,1.745240643728E-02,
    0.999847695156));
#6424 = PCURVE('',#6240,#6425);
#6425 = DEFINITIONAL_REPRESENTATION('',(#6426),#6430);
#6426 = LINE('',#6427,#6428);
#6427 = CARTESIAN_POINT('',(3.14159265359,9.442231253289));
#6428 = VECTOR('',#6429,1.);
#6429 = DIRECTION('',(0.,-1.));
#6430 = ( GEOMETRIC_REPRESENTATION_CONTEXT(2) 
PARAMETRIC_REPRESENTATION_CONTEXT() REPRESENTATION_CONTEXT('2D SPACE',''
  ) );
#6431 = PCURVE('',#6432,#6437);
#6432 = CYLINDRICAL_SURFACE('',#6433,0.582144590798);
#6433 = AXIS2_PLACEMENT_3D('',#6434,#6435,#6436);
#6434 = CARTESIAN_POINT('',(3.488528910189E-14,17.017855409202,-18.5));
#6435 = DIRECTION('',(1.,0.,-5.451418371633E-16));
#6436 = DIRECTION('',(5.45058809421E-16,1.745240643728E-02,
    0.999847695156));
#6437 = DEFINITIONAL_REPRESENTATION('',(#6438),#6442);
#6438 = LINE('',#6439,#6440);
#6439 = CARTESIAN_POINT('',(4.440892098501E-16,30.45));
#6440 = VECTOR('',#6441,1.);
#6441 = DIRECTION('',(1.,0.));
#6442 = ( GEOMETRIC_REPRESENTATION_CONTEXT(2) 
PARAMETRIC_REPRESENTATION_CONTEXT() REPRESENTATION_CONTEXT('2D SPACE',''
  ) );
#6443 = ADVANCED_FACE('',(#6444),#6271,.F.);
#6444 = FACE_BOUND('',#6445,.F.);
#6445 = EDGE_LOOP('',(#6446,#6447,#6448,#6472));
#6446 = ORIENTED_EDGE('',*,*,#6393,.T.);
#6447 = ORIENTED_EDGE('',*,*,#6255,.F.);
#6448 = ORIENTED_EDGE('',*,*,#6449,.T.);
#6449 = EDGE_CURVE('',#6256,#6450,#6452,.T.);
#6450 = VERTEX_POINT('',#6451);
#6451 = CARTESIAN_POINT('',(30.45,16.,-19.1));
#6452 = SURFACE_CURVE('',#6453,(#6458,#6465),.PCURVE_S1.);
#6453 = CIRCLE('',#6454,2.35);
#6454 = AXIS2_PLACEMENT_3D('',#6455,#6456,#6457);
#6455 = CARTESIAN_POINT('',(30.45,16.,-16.75));
#6456 = DIRECTION('',(0.,1.,0.));
#6457 = DIRECTION('',(-3.469446951954E-17,0.,-1.));
#6458 = PCURVE('',#6271,#6459);
#6459 = DEFINITIONAL_REPRESENTATION('',(#6460),#6464);
#6460 = LINE('',#6461,#6462);
#6461 = CARTESIAN_POINT('',(6.28318530718,0.514007616603));
#6462 = VECTOR('',#6463,1.);
#6463 = DIRECTION('',(-1.,7.066822816845E-17));
#6464 = ( GEOMETRIC_REPRESENTATION_CONTEXT(2) 
PARAMETRIC_REPRESENTATION_CONTEXT() REPRESENTATION_CONTEXT('2D SPACE',''
  ) );
#6465 = PCURVE('',#5705,#6466);
#6466 = DEFINITIONAL_REPRESENTATION('',(#6467),#6471);
#6467 = CIRCLE('',#6468,2.35);
#6468 = AXIS2_PLACEMENT_2D('',#6469,#6470);
#6469 = CARTESIAN_POINT('',(-6.75,50.45));
#6470 = DIRECTION('',(-1.,0.));
#6471 = ( GEOMETRIC_REPRESENTATION_CONTEXT(2) 
PARAMETRIC_REPRESENTATION_CONTEXT() REPRESENTATION_CONTEXT('2D SPACE',''
  ) );
#6472 = ORIENTED_EDGE('',*,*,#6473,.T.);
#6473 = EDGE_CURVE('',#6450,#6394,#6474,.T.);
#6474 = SURFACE_CURVE('',#6475,(#6479,#6486),.PCURVE_S1.);
#6475 = LINE('',#6476,#6477);
#6476 = CARTESIAN_POINT('',(30.45,17.028015233206,-19.08205592735));
#6477 = VECTOR('',#6478,1.);
#6478 = DIRECTION('',(6.05501983181E-19,0.999847695156,
    1.745240643729E-02));
#6479 = PCURVE('',#6271,#6480);
#6480 = DEFINITIONAL_REPRESENTATION('',(#6481),#6485);
#6481 = LINE('',#6482,#6483);
#6482 = CARTESIAN_POINT('',(0.,-0.514007616603));
#6483 = VECTOR('',#6484,1.);
#6484 = DIRECTION('',(0.,-1.));
#6485 = ( GEOMETRIC_REPRESENTATION_CONTEXT(2) 
PARAMETRIC_REPRESENTATION_CONTEXT() REPRESENTATION_CONTEXT('2D SPACE',''
  ) );
#6486 = PCURVE('',#6487,#6492);
#6487 = PLANE('',#6488);
#6488 = AXIS2_PLACEMENT_3D('',#6489,#6490,#6491);
#6489 = CARTESIAN_POINT('',(3.486447242018E-14,16.,-19.1));
#6490 = DIRECTION('',(5.45058809421E-16,-1.745240643729E-02,
    0.999847695156));
#6491 = DIRECTION('',(6.05501983181E-19,0.999847695156,
    1.745240643729E-02));
#6492 = DEFINITIONAL_REPRESENTATION('',(#6493),#6497);
#6493 = LINE('',#6494,#6495);
#6494 = CARTESIAN_POINT('',(1.028171828755,-30.45));
#6495 = VECTOR('',#6496,1.);
#6496 = DIRECTION('',(1.,1.701674143774E-35));
#6497 = ( GEOMETRIC_REPRESENTATION_CONTEXT(2) 
PARAMETRIC_REPRESENTATION_CONTEXT() REPRESENTATION_CONTEXT('2D SPACE',''
  ) );
#6498 = ADVANCED_FACE('',(#6499,#6737,#7285,#7315,#7341,#7371),#5705,.F.
  );
#6499 = FACE_BOUND('',#6500,.T.);
#6500 = EDGE_LOOP('',(#6501,#6531,#6560,#6588,#6621,#6649,#6678,#6706));
#6501 = ORIENTED_EDGE('',*,*,#6502,.F.);
#6502 = EDGE_CURVE('',#6503,#6505,#6507,.T.);
#6503 = VERTEX_POINT('',#6504);
#6504 = CARTESIAN_POINT('',(-40.,16.,-16.5));
#6505 = VERTEX_POINT('',#6506);
#6506 = CARTESIAN_POINT('',(-40.,16.,16.5));
#6507 = SURFACE_CURVE('',#6508,(#6512,#6519),.PCURVE_S1.);
#6508 = LINE('',#6509,#6510);
#6509 = CARTESIAN_POINT('',(-40.,16.,-20.));
#6510 = VECTOR('',#6511,1.);
#6511 = DIRECTION('',(3.469446951954E-17,0.,1.));
#6512 = PCURVE('',#5705,#6513);
#6513 = DEFINITIONAL_REPRESENTATION('',(#6514),#6518);
#6514 = LINE('',#6515,#6516);
#6515 = CARTESIAN_POINT('',(-10.,-20.));
#6516 = VECTOR('',#6517,1.);
#6517 = DIRECTION('',(1.,0.));
#6518 = ( GEOMETRIC_REPRESENTATION_CONTEXT(2) 
PARAMETRIC_REPRESENTATION_CONTEXT() REPRESENTATION_CONTEXT('2D SPACE',''
  ) );
#6519 = PCURVE('',#6520,#6525);
#6520 = PLANE('',#6521);
#6521 = AXIS2_PLACEMENT_3D('',#6522,#6523,#6524);
#6522 = CARTESIAN_POINT('',(-40.,16.,-20.));
#6523 = DIRECTION('',(-0.999390827019,3.48994967025E-02,
    3.467333458612E-17));
#6524 = DIRECTION('',(3.469446951954E-17,0.,1.));
#6525 = DEFINITIONAL_REPRESENTATION('',(#6526),#6530);
#6526 = LINE('',#6527,#6528);
#6527 = CARTESIAN_POINT('',(0.,0.));
#6528 = VECTOR('',#6529,1.);
#6529 = DIRECTION('',(1.,0.));
#6530 = ( GEOMETRIC_REPRESENTATION_CONTEXT(2) 
PARAMETRIC_REPRESENTATION_CONTEXT() REPRESENTATION_CONTEXT('2D SPACE',''
  ) );
#6531 = ORIENTED_EDGE('',*,*,#6532,.F.);
#6532 = EDGE_CURVE('',#6533,#6503,#6535,.T.);
#6533 = VERTEX_POINT('',#6534);
#6534 = CARTESIAN_POINT('',(-36.5,16.,-20.));
#6535 = SURFACE_CURVE('',#6536,(#6541,#6548),.PCURVE_S1.);
#6536 = CIRCLE('',#6537,3.5);
#6537 = AXIS2_PLACEMENT_3D('',#6538,#6539,#6540);
#6538 = CARTESIAN_POINT('',(-36.5,16.,-16.5));
#6539 = DIRECTION('',(0.,1.,0.));
#6540 = DIRECTION('',(-0.707106781187,0.,-0.707106781187));
#6541 = PCURVE('',#5705,#6542);
#6542 = DEFINITIONAL_REPRESENTATION('',(#6543),#6547);
#6543 = CIRCLE('',#6544,3.5);
#6544 = AXIS2_PLACEMENT_2D('',#6545,#6546);
#6545 = CARTESIAN_POINT('',(-6.5,-16.5));
#6546 = DIRECTION('',(-0.707106781187,-0.707106781187));
#6547 = ( GEOMETRIC_REPRESENTATION_CONTEXT(2) 
PARAMETRIC_REPRESENTATION_CONTEXT() REPRESENTATION_CONTEXT('2D SPACE',''
  ) );
#6548 = PCURVE('',#6549,#6554);
#6549 = CONICAL_SURFACE('',#6550,3.5,3.490658503989E-02);
#6550 = AXIS2_PLACEMENT_3D('',#6551,#6552,#6553);
#6551 = CARTESIAN_POINT('',(-36.5,16.,-16.5));
#6552 = DIRECTION('',(0.,-1.,0.));
#6553 = DIRECTION('',(-0.707106781187,-0.,-0.707106781187));
#6554 = DEFINITIONAL_REPRESENTATION('',(#6555),#6559);
#6555 = LINE('',#6556,#6557);
#6556 = CARTESIAN_POINT('',(6.28318530718,7.744524326739E-17));
#6557 = VECTOR('',#6558,1.);
#6558 = DIRECTION('',(-1.,-1.972126925593E-17));
#6559 = ( GEOMETRIC_REPRESENTATION_CONTEXT(2) 
PARAMETRIC_REPRESENTATION_CONTEXT() REPRESENTATION_CONTEXT('2D SPACE',''
  ) );
#6560 = ORIENTED_EDGE('',*,*,#6561,.T.);
#6561 = EDGE_CURVE('',#6533,#6562,#6564,.T.);
#6562 = VERTEX_POINT('',#6563);
#6563 = CARTESIAN_POINT('',(36.5,16.,-20.));
#6564 = SURFACE_CURVE('',#6565,(#6569,#6576),.PCURVE_S1.);
#6565 = LINE('',#6566,#6567);
#6566 = CARTESIAN_POINT('',(3.192625870123E-14,16.,-20.));
#6567 = VECTOR('',#6568,1.);
#6568 = DIRECTION('',(1.,0.,-2.910662068012E-16));
#6569 = PCURVE('',#5705,#6570);
#6570 = DEFINITIONAL_REPRESENTATION('',(#6571),#6575);
#6571 = LINE('',#6572,#6573);
#6572 = CARTESIAN_POINT('',(-10.,20.));
#6573 = VECTOR('',#6574,1.);
#6574 = DIRECTION('',(-2.563717372817E-16,1.));
#6575 = ( GEOMETRIC_REPRESENTATION_CONTEXT(2) 
PARAMETRIC_REPRESENTATION_CONTEXT() REPRESENTATION_CONTEXT('2D SPACE',''
  ) );
#6576 = PCURVE('',#6577,#6582);
#6577 = PLANE('',#6578);
#6578 = AXIS2_PLACEMENT_3D('',#6579,#6580,#6581);
#6579 = CARTESIAN_POINT('',(3.115930700017E-14,16.,-20.));
#6580 = DIRECTION('',(-1.456280052617E-16,3.48994967025E-02,
    -0.999390827019));
#6581 = DIRECTION('',(-1.,4.372678115164E-33,1.457167719821E-16));
#6582 = DEFINITIONAL_REPRESENTATION('',(#6583),#6587);
#6583 = LINE('',#6584,#6585);
#6584 = CARTESIAN_POINT('',(-7.669517010586E-16,5.939677209036E-33));
#6585 = VECTOR('',#6586,1.);
#6586 = DIRECTION('',(-1.,-5.072622121182E-18));
#6587 = ( GEOMETRIC_REPRESENTATION_CONTEXT(2) 
PARAMETRIC_REPRESENTATION_CONTEXT() REPRESENTATION_CONTEXT('2D SPACE',''
  ) );
#6588 = ORIENTED_EDGE('',*,*,#6589,.T.);
#6589 = EDGE_CURVE('',#6562,#6590,#6592,.T.);
#6590 = VERTEX_POINT('',#6591);
#6591 = CARTESIAN_POINT('',(40.,16.,-16.5));
#6592 = SURFACE_CURVE('',#6593,(#6598,#6609),.PCURVE_S1.);
#6593 = CIRCLE('',#6594,3.5);
#6594 = AXIS2_PLACEMENT_3D('',#6595,#6596,#6597);
#6595 = CARTESIAN_POINT('',(36.5,16.,-16.5));
#6596 = DIRECTION('',(0.,-1.,0.));
#6597 = DIRECTION('',(0.707106781187,0.,-0.707106781187));
#6598 = PCURVE('',#5705,#6599);
#6599 = DEFINITIONAL_REPRESENTATION('',(#6600),#6608);
#6600 = ( BOUNDED_CURVE() B_SPLINE_CURVE(2,(#6601,#6602,#6603,#6604,
#6605,#6606,#6607),.UNSPECIFIED.,.T.,.F.) B_SPLINE_CURVE_WITH_KNOTS((1,2
    ,2,2,2,1),(-2.094395102393,0.,2.094395102393,4.188790204786,
6.28318530718,8.377580409573),.UNSPECIFIED.) CURVE() 
GEOMETRIC_REPRESENTATION_ITEM() RATIONAL_B_SPLINE_CURVE((1.,0.5,1.,0.5,
1.,0.5,1.)) REPRESENTATION_ITEM('') );
#6601 = CARTESIAN_POINT('',(-8.974873734153,58.974873734153));
#6602 = CARTESIAN_POINT('',(-4.688266684282,63.261480784023));
#6603 = CARTESIAN_POINT('',(-3.119259607988,57.405866657859));
#6604 = CARTESIAN_POINT('',(-1.550252531694,51.550252531694));
#6605 = CARTESIAN_POINT('',(-7.405866657859,53.119259607988));
#6606 = CARTESIAN_POINT('',(-13.26148078402,54.688266684282));
#6607 = CARTESIAN_POINT('',(-8.974873734153,58.974873734153));
#6608 = ( GEOMETRIC_REPRESENTATION_CONTEXT(2) 
PARAMETRIC_REPRESENTATION_CONTEXT() REPRESENTATION_CONTEXT('2D SPACE',''
  ) );
#6609 = PCURVE('',#6610,#6615);
#6610 = CONICAL_SURFACE('',#6611,3.5,3.490658503989E-02);
#6611 = AXIS2_PLACEMENT_3D('',#6612,#6613,#6614);
#6612 = CARTESIAN_POINT('',(36.5,16.,-16.5));
#6613 = DIRECTION('',(0.,-1.,0.));
#6614 = DIRECTION('',(0.707106781187,0.,-0.707106781187));
#6615 = DEFINITIONAL_REPRESENTATION('',(#6616),#6620);
#6616 = LINE('',#6617,#6618);
#6617 = CARTESIAN_POINT('',(0.,1.47145962208E-16));
#6618 = VECTOR('',#6619,1.);
#6619 = DIRECTION('',(1.,-2.95819038839E-17));
#6620 = ( GEOMETRIC_REPRESENTATION_CONTEXT(2) 
PARAMETRIC_REPRESENTATION_CONTEXT() REPRESENTATION_CONTEXT('2D SPACE',''
  ) );
#6621 = ORIENTED_EDGE('',*,*,#6622,.F.);
#6622 = EDGE_CURVE('',#6623,#6590,#6625,.T.);
#6623 = VERTEX_POINT('',#6624);
#6624 = CARTESIAN_POINT('',(40.,16.,16.5));
#6625 = SURFACE_CURVE('',#6626,(#6630,#6637),.PCURVE_S1.);
#6626 = LINE('',#6627,#6628);
#6627 = CARTESIAN_POINT('',(40.,16.,20.));
#6628 = VECTOR('',#6629,1.);
#6629 = DIRECTION('',(3.326995702247E-16,0.,-1.));
#6630 = PCURVE('',#5705,#6631);
#6631 = DEFINITIONAL_REPRESENTATION('',(#6632),#6636);
#6632 = LINE('',#6633,#6634);
#6633 = CARTESIAN_POINT('',(30.,60.));
#6634 = VECTOR('',#6635,1.);
#6635 = DIRECTION('',(-1.,3.673940397442E-16));
#6636 = ( GEOMETRIC_REPRESENTATION_CONTEXT(2) 
PARAMETRIC_REPRESENTATION_CONTEXT() REPRESENTATION_CONTEXT('2D SPACE',''
  ) );
#6637 = PCURVE('',#6638,#6643);
#6638 = PLANE('',#6639);
#6639 = AXIS2_PLACEMENT_3D('',#6640,#6641,#6642);
#6640 = CARTESIAN_POINT('',(40.,16.,-20.));
#6641 = DIRECTION('',(-0.999390827019,-3.48994967025E-02,
    4.01843567808E-16));
#6642 = DIRECTION('',(4.020885092637E-16,1.234869851661E-32,1.));
#6643 = DEFINITIONAL_REPRESENTATION('',(#6644),#6648);
#6644 = LINE('',#6645,#6646);
#6645 = CARTESIAN_POINT('',(40.,2.521241938498E-16));
#6646 = VECTOR('',#6647,1.);
#6647 = DIRECTION('',(-1.,-2.564373415714E-17));
#6648 = ( GEOMETRIC_REPRESENTATION_CONTEXT(2) 
PARAMETRIC_REPRESENTATION_CONTEXT() REPRESENTATION_CONTEXT('2D SPACE',''
  ) );
#6649 = ORIENTED_EDGE('',*,*,#6650,.F.);
#6650 = EDGE_CURVE('',#6651,#6623,#6653,.T.);
#6651 = VERTEX_POINT('',#6652);
#6652 = CARTESIAN_POINT('',(36.5,16.,20.));
#6653 = SURFACE_CURVE('',#6654,(#6659,#6666),.PCURVE_S1.);
#6654 = CIRCLE('',#6655,3.5);
#6655 = AXIS2_PLACEMENT_3D('',#6656,#6657,#6658);
#6656 = CARTESIAN_POINT('',(36.5,16.,16.5));
#6657 = DIRECTION('',(-0.,1.,0.));
#6658 = DIRECTION('',(0.707106781187,0.,0.707106781187));
#6659 = PCURVE('',#5705,#6660);
#6660 = DEFINITIONAL_REPRESENTATION('',(#6661),#6665);
#6661 = CIRCLE('',#6662,3.5);
#6662 = AXIS2_PLACEMENT_2D('',#6663,#6664);
#6663 = CARTESIAN_POINT('',(26.5,56.5));
#6664 = DIRECTION('',(0.707106781187,0.707106781187));
#6665 = ( GEOMETRIC_REPRESENTATION_CONTEXT(2) 
PARAMETRIC_REPRESENTATION_CONTEXT() REPRESENTATION_CONTEXT('2D SPACE',''
  ) );
#6666 = PCURVE('',#6667,#6672);
#6667 = CONICAL_SURFACE('',#6668,3.5,3.490658503989E-02);
#6668 = AXIS2_PLACEMENT_3D('',#6669,#6670,#6671);
#6669 = CARTESIAN_POINT('',(36.5,16.,16.5));
#6670 = DIRECTION('',(0.,-1.,0.));
#6671 = DIRECTION('',(0.707106781187,0.,0.707106781187));
#6672 = DEFINITIONAL_REPRESENTATION('',(#6673),#6677);
#6673 = LINE('',#6674,#6675);
#6674 = CARTESIAN_POINT('',(6.28318530718,7.744524326739E-17));
#6675 = VECTOR('',#6676,1.);
#6676 = DIRECTION('',(-1.,-1.972126925593E-17));
#6677 = ( GEOMETRIC_REPRESENTATION_CONTEXT(2) 
PARAMETRIC_REPRESENTATION_CONTEXT() REPRESENTATION_CONTEXT('2D SPACE',''
  ) );
#6678 = ORIENTED_EDGE('',*,*,#6679,.F.);
#6679 = EDGE_CURVE('',#6680,#6651,#6682,.T.);
#6680 = VERTEX_POINT('',#6681);
#6681 = CARTESIAN_POINT('',(-36.5,16.,20.));
#6682 = SURFACE_CURVE('',#6683,(#6687,#6694),.PCURVE_S1.);
#6683 = LINE('',#6684,#6685);
#6684 = CARTESIAN_POINT('',(3.331403748201E-14,16.,20.));
#6685 = VECTOR('',#6686,1.);
#6686 = DIRECTION('',(1.,0.,2.216772677622E-16));
#6687 = PCURVE('',#5705,#6688);
#6688 = DEFINITIONAL_REPRESENTATION('',(#6689),#6693);
#6689 = LINE('',#6690,#6691);
#6690 = CARTESIAN_POINT('',(30.,20.));
#6691 = VECTOR('',#6692,1.);
#6692 = DIRECTION('',(2.563717372817E-16,1.));
#6693 = ( GEOMETRIC_REPRESENTATION_CONTEXT(2) 
PARAMETRIC_REPRESENTATION_CONTEXT() REPRESENTATION_CONTEXT('2D SPACE',''
  ) );
#6694 = PCURVE('',#6695,#6700);
#6695 = PLANE('',#6696);
#6696 = AXIS2_PLACEMENT_3D('',#6697,#6698,#6699);
#6697 = CARTESIAN_POINT('',(3.254708578095E-14,16.,20.));
#6698 = DIRECTION('',(7.628133608946E-17,-3.48994967025E-02,
    -0.999390827019));
#6699 = DIRECTION('',(-1.,4.372678115164E-33,-7.632783294298E-17));
#6700 = DEFINITIONAL_REPRESENTATION('',(#6701),#6705);
#6701 = LINE('',#6702,#6703);
#6702 = CARTESIAN_POINT('',(-7.669517010586E-16,5.939677209036E-33));
#6703 = VECTOR('',#6704,1.);
#6704 = DIRECTION('',(-1.,-5.072622121182E-18));
#6705 = ( GEOMETRIC_REPRESENTATION_CONTEXT(2) 
PARAMETRIC_REPRESENTATION_CONTEXT() REPRESENTATION_CONTEXT('2D SPACE',''
  ) );
#6706 = ORIENTED_EDGE('',*,*,#6707,.T.);
#6707 = EDGE_CURVE('',#6680,#6505,#6708,.T.);
#6708 = SURFACE_CURVE('',#6709,(#6714,#6725),.PCURVE_S1.);
#6709 = CIRCLE('',#6710,3.5);
#6710 = AXIS2_PLACEMENT_3D('',#6711,#6712,#6713);
#6711 = CARTESIAN_POINT('',(-36.5,16.,16.5));
#6712 = DIRECTION('',(0.,-1.,0.));
#6713 = DIRECTION('',(-0.707106781187,0.,0.707106781187));
#6714 = PCURVE('',#5705,#6715);
#6715 = DEFINITIONAL_REPRESENTATION('',(#6716),#6724);
#6716 = ( BOUNDED_CURVE() B_SPLINE_CURVE(2,(#6717,#6718,#6719,#6720,
#6721,#6722,#6723),.UNSPECIFIED.,.T.,.F.) B_SPLINE_CURVE_WITH_KNOTS((1,2
    ,2,2,2,1),(-2.094395102393,0.,2.094395102393,4.188790204786,
6.28318530718,8.377580409573),.UNSPECIFIED.) CURVE() 
GEOMETRIC_REPRESENTATION_ITEM() RATIONAL_B_SPLINE_CURVE((1.,0.5,1.,0.5,
1.,0.5,1.)) REPRESENTATION_ITEM('') );
#6717 = CARTESIAN_POINT('',(28.974873734153,-18.97487373415));
#6718 = CARTESIAN_POINT('',(24.688266684282,-23.26148078402));
#6719 = CARTESIAN_POINT('',(23.119259607988,-17.40586665785));
#6720 = CARTESIAN_POINT('',(21.550252531694,-11.55025253169));
#6721 = CARTESIAN_POINT('',(27.405866657859,-13.11925960798));
#6722 = CARTESIAN_POINT('',(33.261480784023,-14.68826668428));
#6723 = CARTESIAN_POINT('',(28.974873734153,-18.97487373415));
#6724 = ( GEOMETRIC_REPRESENTATION_CONTEXT(2) 
PARAMETRIC_REPRESENTATION_CONTEXT() REPRESENTATION_CONTEXT('2D SPACE',''
  ) );
#6725 = PCURVE('',#6726,#6731);
#6726 = CONICAL_SURFACE('',#6727,3.5,3.490658503989E-02);
#6727 = AXIS2_PLACEMENT_3D('',#6728,#6729,#6730);
#6728 = CARTESIAN_POINT('',(-36.5,16.,16.5));
#6729 = DIRECTION('',(0.,-1.,0.));
#6730 = DIRECTION('',(-0.707106781187,0.,0.707106781187));
#6731 = DEFINITIONAL_REPRESENTATION('',(#6732),#6736);
#6732 = LINE('',#6733,#6734);
#6733 = CARTESIAN_POINT('',(0.,1.47145962208E-16));
#6734 = VECTOR('',#6735,1.);
#6735 = DIRECTION('',(1.,-2.95819038839E-17));
#6736 = ( GEOMETRIC_REPRESENTATION_CONTEXT(2) 
PARAMETRIC_REPRESENTATION_CONTEXT() REPRESENTATION_CONTEXT('2D SPACE',''
  ) );
#6737 = FACE_BOUND('',#6738,.T.);
#6738 = EDGE_LOOP('',(#6739,#6762,#6763,#6764,#6765,#6766,#6767,#6790,
    #6819,#6847,#6880,#6908,#6937,#6965,#6994,#7022,#7055,#7083,#7112,
    #7140,#7169,#7197,#7230,#7258));
#6739 = ORIENTED_EDGE('',*,*,#6740,.T.);
#6740 = EDGE_CURVE('',#6741,#5661,#6743,.T.);
#6741 = VERTEX_POINT('',#6742);
#6742 = CARTESIAN_POINT('',(39.1,16.,10.45));
#6743 = SURFACE_CURVE('',#6744,(#6748,#6755),.PCURVE_S1.);
#6744 = LINE('',#6745,#6746);
#6745 = CARTESIAN_POINT('',(39.1,16.,0.225));
#6746 = VECTOR('',#6747,1.);
#6747 = DIRECTION('',(3.902712815332E-16,0.,-1.));
#6748 = PCURVE('',#5705,#6749);
#6749 = DEFINITIONAL_REPRESENTATION('',(#6750),#6754);
#6750 = LINE('',#6751,#6752);
#6751 = CARTESIAN_POINT('',(10.225,59.1));
#6752 = VECTOR('',#6753,1.);
#6753 = DIRECTION('',(-1.,4.249657510527E-16));
#6754 = ( GEOMETRIC_REPRESENTATION_CONTEXT(2) 
PARAMETRIC_REPRESENTATION_CONTEXT() REPRESENTATION_CONTEXT('2D SPACE',''
  ) );
#6755 = PCURVE('',#5676,#6756);
#6756 = DEFINITIONAL_REPRESENTATION('',(#6757),#6761);
#6757 = LINE('',#6758,#6759);
#6758 = CARTESIAN_POINT('',(1.121963295949E-15,10.225));
#6759 = VECTOR('',#6760,1.);
#6760 = DIRECTION('',(5.277614751819E-18,1.));
#6761 = ( GEOMETRIC_REPRESENTATION_CONTEXT(2) 
PARAMETRIC_REPRESENTATION_CONTEXT() REPRESENTATION_CONTEXT('2D SPACE',''
  ) );
#6762 = ORIENTED_EDGE('',*,*,#5688,.T.);
#6763 = ORIENTED_EDGE('',*,*,#5905,.T.);
#6764 = ORIENTED_EDGE('',*,*,#6093,.T.);
#6765 = ORIENTED_EDGE('',*,*,#6283,.T.);
#6766 = ORIENTED_EDGE('',*,*,#6449,.T.);
#6767 = ORIENTED_EDGE('',*,*,#6768,.T.);
#6768 = EDGE_CURVE('',#6450,#6769,#6771,.T.);
#6769 = VERTEX_POINT('',#6770);
#6770 = CARTESIAN_POINT('',(-30.45,16.,-19.1));
#6771 = SURFACE_CURVE('',#6772,(#6776,#6783),.PCURVE_S1.);
#6772 = LINE('',#6773,#6774);
#6773 = CARTESIAN_POINT('',(-10.,16.,-19.1));
#6774 = VECTOR('',#6775,1.);
#6775 = DIRECTION('',(-1.,0.,5.451418371633E-16));
#6776 = PCURVE('',#5705,#6777);
#6777 = DEFINITIONAL_REPRESENTATION('',(#6778),#6782);
#6778 = LINE('',#6779,#6780);
#6779 = CARTESIAN_POINT('',(-9.1,10.));
#6780 = VECTOR('',#6781,1.);
#6781 = DIRECTION('',(5.104473676438E-16,-1.));
#6782 = ( GEOMETRIC_REPRESENTATION_CONTEXT(2) 
PARAMETRIC_REPRESENTATION_CONTEXT() REPRESENTATION_CONTEXT('2D SPACE',''
  ) );
#6783 = PCURVE('',#6487,#6784);
#6784 = DEFINITIONAL_REPRESENTATION('',(#6785),#6789);
#6785 = LINE('',#6786,#6787);
#6786 = CARTESIAN_POINT('',(9.612858445286E-16,10.));
#6787 = VECTOR('',#6788,1.);
#6788 = DIRECTION('',(8.908534924962E-18,1.));
#6789 = ( GEOMETRIC_REPRESENTATION_CONTEXT(2) 
PARAMETRIC_REPRESENTATION_CONTEXT() REPRESENTATION_CONTEXT('2D SPACE',''
  ) );
#6790 = ORIENTED_EDGE('',*,*,#6791,.T.);
#6791 = EDGE_CURVE('',#6769,#6792,#6794,.T.);
#6792 = VERTEX_POINT('',#6793);
#6793 = CARTESIAN_POINT('',(-32.8,16.,-16.75));
#6794 = SURFACE_CURVE('',#6795,(#6800,#6807),.PCURVE_S1.);
#6795 = CIRCLE('',#6796,2.35);
#6796 = AXIS2_PLACEMENT_3D('',#6797,#6798,#6799);
#6797 = CARTESIAN_POINT('',(-30.45,16.,-16.75));
#6798 = DIRECTION('',(0.,1.,0.));
#6799 = DIRECTION('',(-3.469446951954E-17,0.,-1.));
#6800 = PCURVE('',#5705,#6801);
#6801 = DEFINITIONAL_REPRESENTATION('',(#6802),#6806);
#6802 = CIRCLE('',#6803,2.35);
#6803 = AXIS2_PLACEMENT_2D('',#6804,#6805);
#6804 = CARTESIAN_POINT('',(-6.75,-10.45));
#6805 = DIRECTION('',(-1.,0.));
#6806 = ( GEOMETRIC_REPRESENTATION_CONTEXT(2) 
PARAMETRIC_REPRESENTATION_CONTEXT() REPRESENTATION_CONTEXT('2D SPACE',''
  ) );
#6807 = PCURVE('',#6808,#6813);
#6808 = CONICAL_SURFACE('',#6809,2.341027963679,1.745329251995E-02);
#6809 = AXIS2_PLACEMENT_3D('',#6810,#6811,#6812);
#6810 = CARTESIAN_POINT('',(-30.45,16.514007616603,-16.75));
#6811 = DIRECTION('',(0.,-1.,0.));
#6812 = DIRECTION('',(-3.469446951954E-17,0.,-1.));
#6813 = DEFINITIONAL_REPRESENTATION('',(#6814),#6818);
#6814 = LINE('',#6815,#6816);
#6815 = CARTESIAN_POINT('',(6.28318530718,0.514007616603));
#6816 = VECTOR('',#6817,1.);
#6817 = DIRECTION('',(-1.,-7.066822816845E-17));
#6818 = ( GEOMETRIC_REPRESENTATION_CONTEXT(2) 
PARAMETRIC_REPRESENTATION_CONTEXT() REPRESENTATION_CONTEXT('2D SPACE',''
  ) );
#6819 = ORIENTED_EDGE('',*,*,#6820,.T.);
#6820 = EDGE_CURVE('',#6792,#6821,#6823,.T.);
#6821 = VERTEX_POINT('',#6822);
#6822 = CARTESIAN_POINT('',(-32.8,16.,-15.7));
#6823 = SURFACE_CURVE('',#6824,(#6828,#6835),.PCURVE_S1.);
#6824 = LINE('',#6825,#6826);
#6825 = CARTESIAN_POINT('',(-32.8,16.,-13.375));
#6826 = VECTOR('',#6827,1.);
#6827 = DIRECTION('',(-4.194726576672E-15,0.,1.));
#6828 = PCURVE('',#5705,#6829);
#6829 = DEFINITIONAL_REPRESENTATION('',(#6830),#6834);
#6830 = LINE('',#6831,#6832);
#6831 = CARTESIAN_POINT('',(-3.375,-12.8));
#6832 = VECTOR('',#6833,1.);
#6833 = DIRECTION('',(1.,-4.229421046191E-15));
#6834 = ( GEOMETRIC_REPRESENTATION_CONTEXT(2) 
PARAMETRIC_REPRESENTATION_CONTEXT() REPRESENTATION_CONTEXT('2D SPACE',''
  ) );
#6835 = PCURVE('',#6836,#6841);
#6836 = PLANE('',#6837);
#6837 = AXIS2_PLACEMENT_3D('',#6838,#6839,#6840);
#6838 = CARTESIAN_POINT('',(-32.8,16.,-16.75));
#6839 = DIRECTION('',(0.999847695156,-1.745240643729E-02,
    4.194087699496E-15));
#6840 = DIRECTION('',(1.745240643729E-02,0.999847695156,
    4.631497008611E-19));
#6841 = DEFINITIONAL_REPRESENTATION('',(#6842),#6846);
#6842 = LINE('',#6843,#6844);
#6843 = CARTESIAN_POINT('',(9.929786807317E-16,3.375));
#6844 = VECTOR('',#6845,1.);
#6845 = DIRECTION('',(-7.27449234085E-17,1.));
#6846 = ( GEOMETRIC_REPRESENTATION_CONTEXT(2) 
PARAMETRIC_REPRESENTATION_CONTEXT() REPRESENTATION_CONTEXT('2D SPACE',''
  ) );
#6847 = ORIENTED_EDGE('',*,*,#6848,.T.);
#6848 = EDGE_CURVE('',#6821,#6849,#6851,.T.);
#6849 = VERTEX_POINT('',#6850);
#6850 = CARTESIAN_POINT('',(-35.7,16.,-12.8));
#6851 = SURFACE_CURVE('',#6852,(#6857,#6868),.PCURVE_S1.);
#6852 = CIRCLE('',#6853,2.9);
#6853 = AXIS2_PLACEMENT_3D('',#6854,#6855,#6856);
#6854 = CARTESIAN_POINT('',(-35.7,16.,-15.7));
#6855 = DIRECTION('',(0.,-1.,-0.));
#6856 = DIRECTION('',(-3.469446951954E-17,0.,-1.));
#6857 = PCURVE('',#5705,#6858);
#6858 = DEFINITIONAL_REPRESENTATION('',(#6859),#6867);
#6859 = ( BOUNDED_CURVE() B_SPLINE_CURVE(2,(#6860,#6861,#6862,#6863,
#6864,#6865,#6866),.UNSPECIFIED.,.T.,.F.) B_SPLINE_CURVE_WITH_KNOTS((1,2
    ,2,2,2,1),(-2.094395102393,0.,2.094395102393,4.188790204786,
6.28318530718,8.377580409573),.UNSPECIFIED.) CURVE() 
GEOMETRIC_REPRESENTATION_ITEM() RATIONAL_B_SPLINE_CURVE((1.,0.5,1.,0.5,
1.,0.5,1.)) REPRESENTATION_ITEM('') );
#6860 = CARTESIAN_POINT('',(-8.6,-15.7));
#6861 = CARTESIAN_POINT('',(-8.6,-10.67705265805));
#6862 = CARTESIAN_POINT('',(-4.25,-13.18852632902));
#6863 = CARTESIAN_POINT('',(9.999999999998E-02,-15.7));
#6864 = CARTESIAN_POINT('',(-4.25,-18.21147367097));
#6865 = CARTESIAN_POINT('',(-8.6,-20.72294734195));
#6866 = CARTESIAN_POINT('',(-8.6,-15.7));
#6867 = ( GEOMETRIC_REPRESENTATION_CONTEXT(2) 
PARAMETRIC_REPRESENTATION_CONTEXT() REPRESENTATION_CONTEXT('2D SPACE',''
  ) );
#6868 = PCURVE('',#6869,#6874);
#6869 = CONICAL_SURFACE('',#6870,2.908972036321,1.745329251995E-02);
#6870 = AXIS2_PLACEMENT_3D('',#6871,#6872,#6873);
#6871 = CARTESIAN_POINT('',(-35.7,16.514007616603,-15.7));
#6872 = DIRECTION('',(0.,1.,0.));
#6873 = DIRECTION('',(-3.469446951954E-17,0.,-1.));
#6874 = DEFINITIONAL_REPRESENTATION('',(#6875),#6879);
#6875 = LINE('',#6876,#6877);
#6876 = CARTESIAN_POINT('',(6.28318530718,-0.514007616603));
#6877 = VECTOR('',#6878,1.);
#6878 = DIRECTION('',(-1.,0.));
#6879 = ( GEOMETRIC_REPRESENTATION_CONTEXT(2) 
PARAMETRIC_REPRESENTATION_CONTEXT() REPRESENTATION_CONTEXT('2D SPACE',''
  ) );
#6880 = ORIENTED_EDGE('',*,*,#6881,.T.);
#6881 = EDGE_CURVE('',#6849,#6882,#6884,.T.);
#6882 = VERTEX_POINT('',#6883);
#6883 = CARTESIAN_POINT('',(-36.75,16.,-12.8));
#6884 = SURFACE_CURVE('',#6885,(#6889,#6896),.PCURVE_S1.);
#6885 = LINE('',#6886,#6887);
#6886 = CARTESIAN_POINT('',(-27.85,16.,-12.8));
#6887 = VECTOR('',#6888,1.);
#6888 = DIRECTION('',(-1.,0.,-2.080016053576E-15));
#6889 = PCURVE('',#5705,#6890);
#6890 = DEFINITIONAL_REPRESENTATION('',(#6891),#6895);
#6891 = LINE('',#6892,#6893);
#6892 = CARTESIAN_POINT('',(-2.8,-7.85));
#6893 = VECTOR('',#6894,1.);
#6894 = DIRECTION('',(-2.114710523096E-15,-1.));
#6895 = ( GEOMETRIC_REPRESENTATION_CONTEXT(2) 
PARAMETRIC_REPRESENTATION_CONTEXT() REPRESENTATION_CONTEXT('2D SPACE',''
  ) );
#6896 = PCURVE('',#6897,#6902);
#6897 = PLANE('',#6898);
#6898 = AXIS2_PLACEMENT_3D('',#6899,#6900,#6901);
#6899 = CARTESIAN_POINT('',(-35.7,16.,-12.8));
#6900 = DIRECTION('',(-2.079699257056E-15,-1.745240643729E-02,
    0.999847695156));
#6901 = DIRECTION('',(-1.102013609389E-17,0.999847695156,
    1.745240643729E-02));
#6902 = DEFINITIONAL_REPRESENTATION('',(#6903),#6907);
#6903 = LINE('',#6904,#6905);
#6904 = CARTESIAN_POINT('',(8.691253637247E-16,-7.85));
#6905 = VECTOR('',#6906,1.);
#6906 = DIRECTION('',(-2.52811494692E-17,1.));
#6907 = ( GEOMETRIC_REPRESENTATION_CONTEXT(2) 
PARAMETRIC_REPRESENTATION_CONTEXT() REPRESENTATION_CONTEXT('2D SPACE',''
  ) );
#6908 = ORIENTED_EDGE('',*,*,#6909,.T.);
#6909 = EDGE_CURVE('',#6882,#6910,#6912,.T.);
#6910 = VERTEX_POINT('',#6911);
#6911 = CARTESIAN_POINT('',(-39.1,16.,-10.45));
#6912 = SURFACE_CURVE('',#6913,(#6918,#6925),.PCURVE_S1.);
#6913 = CIRCLE('',#6914,2.35);
#6914 = AXIS2_PLACEMENT_3D('',#6915,#6916,#6917);
#6915 = CARTESIAN_POINT('',(-36.75,16.,-10.45));
#6916 = DIRECTION('',(0.,1.,0.));
#6917 = DIRECTION('',(-3.469446951954E-17,0.,-1.));
#6918 = PCURVE('',#5705,#6919);
#6919 = DEFINITIONAL_REPRESENTATION('',(#6920),#6924);
#6920 = CIRCLE('',#6921,2.35);
#6921 = AXIS2_PLACEMENT_2D('',#6922,#6923);
#6922 = CARTESIAN_POINT('',(-0.45,-16.75));
#6923 = DIRECTION('',(-1.,0.));
#6924 = ( GEOMETRIC_REPRESENTATION_CONTEXT(2) 
PARAMETRIC_REPRESENTATION_CONTEXT() REPRESENTATION_CONTEXT('2D SPACE',''
  ) );
#6925 = PCURVE('',#6926,#6931);
#6926 = CONICAL_SURFACE('',#6927,2.341027963679,1.745329251995E-02);
#6927 = AXIS2_PLACEMENT_3D('',#6928,#6929,#6930);
#6928 = CARTESIAN_POINT('',(-36.75,16.514007616603,-10.45));
#6929 = DIRECTION('',(0.,-1.,0.));
#6930 = DIRECTION('',(-3.469446951954E-17,0.,-1.));
#6931 = DEFINITIONAL_REPRESENTATION('',(#6932),#6936);
#6932 = LINE('',#6933,#6934);
#6933 = CARTESIAN_POINT('',(6.28318530718,0.514007616603));
#6934 = VECTOR('',#6935,1.);
#6935 = DIRECTION('',(-1.,0.));
#6936 = ( GEOMETRIC_REPRESENTATION_CONTEXT(2) 
PARAMETRIC_REPRESENTATION_CONTEXT() REPRESENTATION_CONTEXT('2D SPACE',''
  ) );
#6937 = ORIENTED_EDGE('',*,*,#6938,.T.);
#6938 = EDGE_CURVE('',#6910,#6939,#6941,.T.);
#6939 = VERTEX_POINT('',#6940);
#6940 = CARTESIAN_POINT('',(-39.1,16.,10.45));
#6941 = SURFACE_CURVE('',#6942,(#6946,#6953),.PCURVE_S1.);
#6942 = LINE('',#6943,#6944);
#6943 = CARTESIAN_POINT('',(-39.1,16.,0.225));
#6944 = VECTOR('',#6945,1.);
#6945 = DIRECTION('',(4.596602205722E-16,0.,1.));
#6946 = PCURVE('',#5705,#6947);
#6947 = DEFINITIONAL_REPRESENTATION('',(#6948),#6952);
#6948 = LINE('',#6949,#6950);
#6949 = CARTESIAN_POINT('',(10.225,-19.1));
#6950 = VECTOR('',#6951,1.);
#6951 = DIRECTION('',(1.,4.249657510527E-16));
#6952 = ( GEOMETRIC_REPRESENTATION_CONTEXT(2) 
PARAMETRIC_REPRESENTATION_CONTEXT() REPRESENTATION_CONTEXT('2D SPACE',''
  ) );
#6953 = PCURVE('',#6954,#6959);
#6954 = PLANE('',#6955);
#6955 = AXIS2_PLACEMENT_3D('',#6956,#6957,#6958);
#6956 = CARTESIAN_POINT('',(-39.1,16.,10.45));
#6957 = DIRECTION('',(-0.999847695156,1.745240643729E-02,
    4.595902120942E-16));
#6958 = DIRECTION('',(1.745240643729E-02,0.999847695156,
    -1.32997917443E-17));
#6959 = DEFINITIONAL_REPRESENTATION('',(#6960),#6964);
#6960 = LINE('',#6961,#6962);
#6961 = CARTESIAN_POINT('',(1.087284676423E-15,10.225));
#6962 = VECTOR('',#6963,1.);
#6963 = DIRECTION('',(-5.277614751819E-18,-1.));
#6964 = ( GEOMETRIC_REPRESENTATION_CONTEXT(2) 
PARAMETRIC_REPRESENTATION_CONTEXT() REPRESENTATION_CONTEXT('2D SPACE',''
  ) );
#6965 = ORIENTED_EDGE('',*,*,#6966,.T.);
#6966 = EDGE_CURVE('',#6939,#6967,#6969,.T.);
#6967 = VERTEX_POINT('',#6968);
#6968 = CARTESIAN_POINT('',(-36.75,16.,12.8));
#6969 = SURFACE_CURVE('',#6970,(#6975,#6982),.PCURVE_S1.);
#6970 = CIRCLE('',#6971,2.35);
#6971 = AXIS2_PLACEMENT_3D('',#6972,#6973,#6974);
#6972 = CARTESIAN_POINT('',(-36.75,16.,10.45));
#6973 = DIRECTION('',(-0.,1.,0.));
#6974 = DIRECTION('',(3.469446951954E-17,0.,1.));
#6975 = PCURVE('',#5705,#6976);
#6976 = DEFINITIONAL_REPRESENTATION('',(#6977),#6981);
#6977 = CIRCLE('',#6978,2.35);
#6978 = AXIS2_PLACEMENT_2D('',#6979,#6980);
#6979 = CARTESIAN_POINT('',(20.45,-16.75));
#6980 = DIRECTION('',(1.,0.));
#6981 = ( GEOMETRIC_REPRESENTATION_CONTEXT(2) 
PARAMETRIC_REPRESENTATION_CONTEXT() REPRESENTATION_CONTEXT('2D SPACE',''
  ) );
#6982 = PCURVE('',#6983,#6988);
#6983 = CONICAL_SURFACE('',#6984,2.341027963679,1.745329251995E-02);
#6984 = AXIS2_PLACEMENT_3D('',#6985,#6986,#6987);
#6985 = CARTESIAN_POINT('',(-36.75,16.514007616603,10.45));
#6986 = DIRECTION('',(0.,-1.,0.));
#6987 = DIRECTION('',(3.469446951954E-17,0.,1.));
#6988 = DEFINITIONAL_REPRESENTATION('',(#6989),#6993);
#6989 = LINE('',#6990,#6991);
#6990 = CARTESIAN_POINT('',(6.28318530718,0.514007616603));
#6991 = VECTOR('',#6992,1.);
#6992 = DIRECTION('',(-1.,0.));
#6993 = ( GEOMETRIC_REPRESENTATION_CONTEXT(2) 
PARAMETRIC_REPRESENTATION_CONTEXT() REPRESENTATION_CONTEXT('2D SPACE',''
  ) );
#6994 = ORIENTED_EDGE('',*,*,#6995,.T.);
#6995 = EDGE_CURVE('',#6967,#6996,#6998,.T.);
#6996 = VERTEX_POINT('',#6997);
#6997 = CARTESIAN_POINT('',(-35.7,16.,12.8));
#6998 = SURFACE_CURVE('',#6999,(#7003,#7010),.PCURVE_S1.);
#6999 = LINE('',#7000,#7001);
#7000 = CARTESIAN_POINT('',(-27.85,16.,12.8));
#7001 = VECTOR('',#7002,1.);
#7002 = DIRECTION('',(1.,0.,-2.149404992615E-15));
#7003 = PCURVE('',#5705,#7004);
#7004 = DEFINITIONAL_REPRESENTATION('',(#7005),#7009);
#7005 = LINE('',#7006,#7007);
#7006 = CARTESIAN_POINT('',(22.8,-7.85));
#7007 = VECTOR('',#7008,1.);
#7008 = DIRECTION('',(-2.114710523096E-15,1.));
#7009 = ( GEOMETRIC_REPRESENTATION_CONTEXT(2) 
PARAMETRIC_REPRESENTATION_CONTEXT() REPRESENTATION_CONTEXT('2D SPACE',''
  ) );
#7010 = PCURVE('',#7011,#7016);
#7011 = PLANE('',#7012);
#7012 = AXIS2_PLACEMENT_3D('',#7013,#7014,#7015);
#7013 = CARTESIAN_POINT('',(-35.7,16.,12.8));
#7014 = DIRECTION('',(2.149077627824E-15,1.745240643729E-02,
    0.999847695156));
#7015 = DIRECTION('',(-1.223114006026E-17,0.999847695156,
    -1.745240643729E-02));
#7016 = DEFINITIONAL_REPRESENTATION('',(#7017),#7021);
#7017 = LINE('',#7018,#7019);
#7018 = CARTESIAN_POINT('',(8.691253637247E-16,-7.85));
#7019 = VECTOR('',#7020,1.);
#7020 = DIRECTION('',(2.52811494692E-17,-1.));
#7021 = ( GEOMETRIC_REPRESENTATION_CONTEXT(2) 
PARAMETRIC_REPRESENTATION_CONTEXT() REPRESENTATION_CONTEXT('2D SPACE',''
  ) );
#7022 = ORIENTED_EDGE('',*,*,#7023,.T.);
#7023 = EDGE_CURVE('',#6996,#7024,#7026,.T.);
#7024 = VERTEX_POINT('',#7025);
#7025 = CARTESIAN_POINT('',(-32.8,16.,15.7));
#7026 = SURFACE_CURVE('',#7027,(#7032,#7043),.PCURVE_S1.);
#7027 = CIRCLE('',#7028,2.9);
#7028 = AXIS2_PLACEMENT_3D('',#7029,#7030,#7031);
#7029 = CARTESIAN_POINT('',(-35.7,16.,15.7));
#7030 = DIRECTION('',(0.,-1.,0.));
#7031 = DIRECTION('',(3.469446951954E-17,0.,1.));
#7032 = PCURVE('',#5705,#7033);
#7033 = DEFINITIONAL_REPRESENTATION('',(#7034),#7042);
#7034 = ( BOUNDED_CURVE() B_SPLINE_CURVE(2,(#7035,#7036,#7037,#7038,
#7039,#7040,#7041),.UNSPECIFIED.,.T.,.F.) B_SPLINE_CURVE_WITH_KNOTS((1,2
    ,2,2,2,1),(-2.094395102393,0.,2.094395102393,4.188790204786,
6.28318530718,8.377580409573),.UNSPECIFIED.) CURVE() 
GEOMETRIC_REPRESENTATION_ITEM() RATIONAL_B_SPLINE_CURVE((1.,0.5,1.,0.5,
1.,0.5,1.)) REPRESENTATION_ITEM('') );
#7035 = CARTESIAN_POINT('',(28.6,-15.7));
#7036 = CARTESIAN_POINT('',(28.6,-20.72294734195));
#7037 = CARTESIAN_POINT('',(24.25,-18.21147367097));
#7038 = CARTESIAN_POINT('',(19.9,-15.7));
#7039 = CARTESIAN_POINT('',(24.25,-13.18852632902));
#7040 = CARTESIAN_POINT('',(28.6,-10.67705265805));
#7041 = CARTESIAN_POINT('',(28.6,-15.7));
#7042 = ( GEOMETRIC_REPRESENTATION_CONTEXT(2) 
PARAMETRIC_REPRESENTATION_CONTEXT() REPRESENTATION_CONTEXT('2D SPACE',''
  ) );
#7043 = PCURVE('',#7044,#7049);
#7044 = CONICAL_SURFACE('',#7045,2.908972036321,1.745329251995E-02);
#7045 = AXIS2_PLACEMENT_3D('',#7046,#7047,#7048);
#7046 = CARTESIAN_POINT('',(-35.7,16.514007616603,15.7));
#7047 = DIRECTION('',(0.,1.,0.));
#7048 = DIRECTION('',(3.469446951954E-17,0.,1.));
#7049 = DEFINITIONAL_REPRESENTATION('',(#7050),#7054);
#7050 = LINE('',#7051,#7052);
#7051 = CARTESIAN_POINT('',(6.28318530718,-0.514007616603));
#7052 = VECTOR('',#7053,1.);
#7053 = DIRECTION('',(-1.,0.));
#7054 = ( GEOMETRIC_REPRESENTATION_CONTEXT(2) 
PARAMETRIC_REPRESENTATION_CONTEXT() REPRESENTATION_CONTEXT('2D SPACE',''
  ) );
#7055 = ORIENTED_EDGE('',*,*,#7056,.T.);
#7056 = EDGE_CURVE('',#7024,#7057,#7059,.T.);
#7057 = VERTEX_POINT('',#7058);
#7058 = CARTESIAN_POINT('',(-32.8,16.,16.75));
#7059 = SURFACE_CURVE('',#7060,(#7064,#7071),.PCURVE_S1.);
#7060 = LINE('',#7061,#7062);
#7061 = CARTESIAN_POINT('',(-32.8,16.,3.375));
#7062 = VECTOR('',#7063,1.);
#7063 = DIRECTION('',(4.264115515711E-15,0.,1.));
#7064 = PCURVE('',#5705,#7065);
#7065 = DEFINITIONAL_REPRESENTATION('',(#7066),#7070);
#7066 = LINE('',#7067,#7068);
#7067 = CARTESIAN_POINT('',(13.375,-12.8));
#7068 = VECTOR('',#7069,1.);
#7069 = DIRECTION('',(1.,4.229421046191E-15));
#7070 = ( GEOMETRIC_REPRESENTATION_CONTEXT(2) 
PARAMETRIC_REPRESENTATION_CONTEXT() REPRESENTATION_CONTEXT('2D SPACE',''
  ) );
#7071 = PCURVE('',#7072,#7077);
#7072 = PLANE('',#7073);
#7073 = AXIS2_PLACEMENT_3D('',#7074,#7075,#7076);
#7074 = CARTESIAN_POINT('',(-32.8,16.,16.75));
#7075 = DIRECTION('',(-0.999847695156,1.745240643729E-02,
    4.263466070264E-15));
#7076 = DIRECTION('',(1.745240643729E-02,0.999847695156,
    -1.674153667223E-18));
#7077 = DEFINITIONAL_REPRESENTATION('',(#7078),#7082);
#7078 = LINE('',#7079,#7080);
#7079 = CARTESIAN_POINT('',(-7.380312096195E-16,13.375));
#7080 = VECTOR('',#7081,1.);
#7081 = DIRECTION('',(7.27449234085E-17,-1.));
#7082 = ( GEOMETRIC_REPRESENTATION_CONTEXT(2) 
PARAMETRIC_REPRESENTATION_CONTEXT() REPRESENTATION_CONTEXT('2D SPACE',''
  ) );
#7083 = ORIENTED_EDGE('',*,*,#7084,.T.);
#7084 = EDGE_CURVE('',#7057,#7085,#7087,.T.);
#7085 = VERTEX_POINT('',#7086);
#7086 = CARTESIAN_POINT('',(-30.45,16.,19.1));
#7087 = SURFACE_CURVE('',#7088,(#7093,#7100),.PCURVE_S1.);
#7088 = CIRCLE('',#7089,2.35);
#7089 = AXIS2_PLACEMENT_3D('',#7090,#7091,#7092);
#7090 = CARTESIAN_POINT('',(-30.45,16.,16.75));
#7091 = DIRECTION('',(-0.,1.,0.));
#7092 = DIRECTION('',(3.469446951954E-17,0.,1.));
#7093 = PCURVE('',#5705,#7094);
#7094 = DEFINITIONAL_REPRESENTATION('',(#7095),#7099);
#7095 = CIRCLE('',#7096,2.35);
#7096 = AXIS2_PLACEMENT_2D('',#7097,#7098);
#7097 = CARTESIAN_POINT('',(26.75,-10.45));
#7098 = DIRECTION('',(1.,0.));
#7099 = ( GEOMETRIC_REPRESENTATION_CONTEXT(2) 
PARAMETRIC_REPRESENTATION_CONTEXT() REPRESENTATION_CONTEXT('2D SPACE',''
  ) );
#7100 = PCURVE('',#7101,#7106);
#7101 = CONICAL_SURFACE('',#7102,2.341027963679,1.745329251995E-02);
#7102 = AXIS2_PLACEMENT_3D('',#7103,#7104,#7105);
#7103 = CARTESIAN_POINT('',(-30.45,16.514007616603,16.75));
#7104 = DIRECTION('',(0.,-1.,0.));
#7105 = DIRECTION('',(3.469446951954E-17,0.,1.));
#7106 = DEFINITIONAL_REPRESENTATION('',(#7107),#7111);
#7107 = LINE('',#7108,#7109);
#7108 = CARTESIAN_POINT('',(6.28318530718,0.514007616603));
#7109 = VECTOR('',#7110,1.);
#7110 = DIRECTION('',(-1.,7.066822816845E-17));
#7111 = ( GEOMETRIC_REPRESENTATION_CONTEXT(2) 
PARAMETRIC_REPRESENTATION_CONTEXT() REPRESENTATION_CONTEXT('2D SPACE',''
  ) );
#7112 = ORIENTED_EDGE('',*,*,#7113,.T.);
#7113 = EDGE_CURVE('',#7085,#7114,#7116,.T.);
#7114 = VERTEX_POINT('',#7115);
#7115 = CARTESIAN_POINT('',(30.45,16.,19.1));
#7116 = SURFACE_CURVE('',#7117,(#7121,#7128),.PCURVE_S1.);
#7117 = LINE('',#7118,#7119);
#7118 = CARTESIAN_POINT('',(-10.,16.,19.1));
#7119 = VECTOR('',#7120,1.);
#7120 = DIRECTION('',(1.,0.,4.757528981242E-16));
#7121 = PCURVE('',#5705,#7122);
#7122 = DEFINITIONAL_REPRESENTATION('',(#7123),#7127);
#7123 = LINE('',#7124,#7125);
#7124 = CARTESIAN_POINT('',(29.1,10.));
#7125 = VECTOR('',#7126,1.);
#7126 = DIRECTION('',(5.104473676438E-16,1.));
#7127 = ( GEOMETRIC_REPRESENTATION_CONTEXT(2) 
PARAMETRIC_REPRESENTATION_CONTEXT() REPRESENTATION_CONTEXT('2D SPACE',''
  ) );
#7128 = PCURVE('',#7129,#7134);
#7129 = PLANE('',#7130);
#7130 = AXIS2_PLACEMENT_3D('',#7131,#7132,#7133);
#7131 = CARTESIAN_POINT('',(3.618980115583E-14,16.,19.1));
#7132 = DIRECTION('',(-4.756804386535E-16,1.745240643729E-02,
    0.999847695156));
#7133 = DIRECTION('',(-6.05501983181E-19,0.999847695156,
    -1.745240643729E-02));
#7134 = DEFINITIONAL_REPRESENTATION('',(#7135),#7139);
#7135 = LINE('',#7136,#7137);
#7136 = CARTESIAN_POINT('',(9.786251542919E-16,10.));
#7137 = VECTOR('',#7138,1.);
#7138 = DIRECTION('',(-8.908534924962E-18,-1.));
#7139 = ( GEOMETRIC_REPRESENTATION_CONTEXT(2) 
PARAMETRIC_REPRESENTATION_CONTEXT() REPRESENTATION_CONTEXT('2D SPACE',''
  ) );
#7140 = ORIENTED_EDGE('',*,*,#7141,.T.);
#7141 = EDGE_CURVE('',#7114,#7142,#7144,.T.);
#7142 = VERTEX_POINT('',#7143);
#7143 = CARTESIAN_POINT('',(32.8,16.,16.75));
#7144 = SURFACE_CURVE('',#7145,(#7150,#7157),.PCURVE_S1.);
#7145 = CIRCLE('',#7146,2.35);
#7146 = AXIS2_PLACEMENT_3D('',#7147,#7148,#7149);
#7147 = CARTESIAN_POINT('',(30.45,16.,16.75));
#7148 = DIRECTION('',(-0.,1.,0.));
#7149 = DIRECTION('',(3.469446951954E-17,0.,1.));
#7150 = PCURVE('',#5705,#7151);
#7151 = DEFINITIONAL_REPRESENTATION('',(#7152),#7156);
#7152 = CIRCLE('',#7153,2.35);
#7153 = AXIS2_PLACEMENT_2D('',#7154,#7155);
#7154 = CARTESIAN_POINT('',(26.75,50.45));
#7155 = DIRECTION('',(1.,0.));
#7156 = ( GEOMETRIC_REPRESENTATION_CONTEXT(2) 
PARAMETRIC_REPRESENTATION_CONTEXT() REPRESENTATION_CONTEXT('2D SPACE',''
  ) );
#7157 = PCURVE('',#7158,#7163);
#7158 = CONICAL_SURFACE('',#7159,2.341027963679,1.745329251995E-02);
#7159 = AXIS2_PLACEMENT_3D('',#7160,#7161,#7162);
#7160 = CARTESIAN_POINT('',(30.45,16.514007616603,16.75));
#7161 = DIRECTION('',(0.,-1.,0.));
#7162 = DIRECTION('',(3.469446951954E-17,0.,1.));
#7163 = DEFINITIONAL_REPRESENTATION('',(#7164),#7168);
#7164 = LINE('',#7165,#7166);
#7165 = CARTESIAN_POINT('',(6.28318530718,0.514007616603));
#7166 = VECTOR('',#7167,1.);
#7167 = DIRECTION('',(-1.,-7.066822816845E-17));
#7168 = ( GEOMETRIC_REPRESENTATION_CONTEXT(2) 
PARAMETRIC_REPRESENTATION_CONTEXT() REPRESENTATION_CONTEXT('2D SPACE',''
  ) );
#7169 = ORIENTED_EDGE('',*,*,#7170,.T.);
#7170 = EDGE_CURVE('',#7142,#7171,#7173,.T.);
#7171 = VERTEX_POINT('',#7172);
#7172 = CARTESIAN_POINT('',(32.8,16.,15.7));
#7173 = SURFACE_CURVE('',#7174,(#7178,#7185),.PCURVE_S1.);
#7174 = LINE('',#7175,#7176);
#7175 = CARTESIAN_POINT('',(32.8,16.,3.375));
#7176 = VECTOR('',#7177,1.);
#7177 = DIRECTION('',(4.194726576672E-15,0.,-1.));
#7178 = PCURVE('',#5705,#7179);
#7179 = DEFINITIONAL_REPRESENTATION('',(#7180),#7184);
#7180 = LINE('',#7181,#7182);
#7181 = CARTESIAN_POINT('',(13.375,52.8));
#7182 = VECTOR('',#7183,1.);
#7183 = DIRECTION('',(-1.,4.229421046191E-15));
#7184 = ( GEOMETRIC_REPRESENTATION_CONTEXT(2) 
PARAMETRIC_REPRESENTATION_CONTEXT() REPRESENTATION_CONTEXT('2D SPACE',''
  ) );
#7185 = PCURVE('',#7186,#7191);
#7186 = PLANE('',#7187);
#7187 = AXIS2_PLACEMENT_3D('',#7188,#7189,#7190);
#7188 = CARTESIAN_POINT('',(32.8,16.,16.75));
#7189 = DIRECTION('',(-0.999847695156,-1.745240643729E-02,
    -4.194087699496E-15));
#7190 = DIRECTION('',(-1.745240643729E-02,0.999847695156,
    -4.631497008611E-19));
#7191 = DEFINITIONAL_REPRESENTATION('',(#7192),#7196);
#7192 = LINE('',#7193,#7194);
#7193 = CARTESIAN_POINT('',(-6.860132803296E-16,13.375));
#7194 = VECTOR('',#7195,1.);
#7195 = DIRECTION('',(-7.27449234085E-17,1.));
#7196 = ( GEOMETRIC_REPRESENTATION_CONTEXT(2) 
PARAMETRIC_REPRESENTATION_CONTEXT() REPRESENTATION_CONTEXT('2D SPACE',''
  ) );
#7197 = ORIENTED_EDGE('',*,*,#7198,.T.);
#7198 = EDGE_CURVE('',#7171,#7199,#7201,.T.);
#7199 = VERTEX_POINT('',#7200);
#7200 = CARTESIAN_POINT('',(35.7,16.,12.8));
#7201 = SURFACE_CURVE('',#7202,(#7207,#7218),.PCURVE_S1.);
#7202 = CIRCLE('',#7203,2.9);
#7203 = AXIS2_PLACEMENT_3D('',#7204,#7205,#7206);
#7204 = CARTESIAN_POINT('',(35.7,16.,15.7));
#7205 = DIRECTION('',(0.,-1.,0.));
#7206 = DIRECTION('',(3.469446951954E-17,0.,1.));
#7207 = PCURVE('',#5705,#7208);
#7208 = DEFINITIONAL_REPRESENTATION('',(#7209),#7217);
#7209 = ( BOUNDED_CURVE() B_SPLINE_CURVE(2,(#7210,#7211,#7212,#7213,
#7214,#7215,#7216),.UNSPECIFIED.,.T.,.F.) B_SPLINE_CURVE_WITH_KNOTS((1,2
    ,2,2,2,1),(-2.094395102393,0.,2.094395102393,4.188790204786,
6.28318530718,8.377580409573),.UNSPECIFIED.) CURVE() 
GEOMETRIC_REPRESENTATION_ITEM() RATIONAL_B_SPLINE_CURVE((1.,0.5,1.,0.5,
1.,0.5,1.)) REPRESENTATION_ITEM('') );
#7210 = CARTESIAN_POINT('',(28.6,55.7));
#7211 = CARTESIAN_POINT('',(28.6,50.67705265805));
#7212 = CARTESIAN_POINT('',(24.25,53.188526329025));
#7213 = CARTESIAN_POINT('',(19.9,55.7));
#7214 = CARTESIAN_POINT('',(24.25,58.211473670975));
#7215 = CARTESIAN_POINT('',(28.6,60.72294734195));
#7216 = CARTESIAN_POINT('',(28.6,55.7));
#7217 = ( GEOMETRIC_REPRESENTATION_CONTEXT(2) 
PARAMETRIC_REPRESENTATION_CONTEXT() REPRESENTATION_CONTEXT('2D SPACE',''
  ) );
#7218 = PCURVE('',#7219,#7224);
#7219 = CONICAL_SURFACE('',#7220,2.908972036321,1.745329251995E-02);
#7220 = AXIS2_PLACEMENT_3D('',#7221,#7222,#7223);
#7221 = CARTESIAN_POINT('',(35.7,16.514007616603,15.7));
#7222 = DIRECTION('',(0.,1.,0.));
#7223 = DIRECTION('',(3.469446951954E-17,0.,1.));
#7224 = DEFINITIONAL_REPRESENTATION('',(#7225),#7229);
#7225 = LINE('',#7226,#7227);
#7226 = CARTESIAN_POINT('',(6.28318530718,-0.514007616603));
#7227 = VECTOR('',#7228,1.);
#7228 = DIRECTION('',(-1.,0.));
#7229 = ( GEOMETRIC_REPRESENTATION_CONTEXT(2) 
PARAMETRIC_REPRESENTATION_CONTEXT() REPRESENTATION_CONTEXT('2D SPACE',''
  ) );
#7230 = ORIENTED_EDGE('',*,*,#7231,.T.);
#7231 = EDGE_CURVE('',#7199,#7232,#7234,.T.);
#7232 = VERTEX_POINT('',#7233);
#7233 = CARTESIAN_POINT('',(36.75,16.,12.8));
#7234 = SURFACE_CURVE('',#7235,(#7239,#7246),.PCURVE_S1.);
#7235 = LINE('',#7236,#7237);
#7236 = CARTESIAN_POINT('',(7.85,16.,12.8));
#7237 = VECTOR('',#7238,1.);
#7238 = DIRECTION('',(1.,0.,2.080016053576E-15));
#7239 = PCURVE('',#5705,#7240);
#7240 = DEFINITIONAL_REPRESENTATION('',(#7241),#7245);
#7241 = LINE('',#7242,#7243);
#7242 = CARTESIAN_POINT('',(22.8,27.85));
#7243 = VECTOR('',#7244,1.);
#7244 = DIRECTION('',(2.114710523096E-15,1.));
#7245 = ( GEOMETRIC_REPRESENTATION_CONTEXT(2) 
PARAMETRIC_REPRESENTATION_CONTEXT() REPRESENTATION_CONTEXT('2D SPACE',''
  ) );
#7246 = PCURVE('',#7247,#7252);
#7247 = PLANE('',#7248);
#7248 = AXIS2_PLACEMENT_3D('',#7249,#7250,#7251);
#7249 = CARTESIAN_POINT('',(35.7,16.,12.8));
#7250 = DIRECTION('',(2.079699257056E-15,-1.745240643729E-02,
    -0.999847695156));
#7251 = DIRECTION('',(1.102013609389E-17,0.999847695156,
    -1.745240643729E-02));
#7252 = DEFINITIONAL_REPRESENTATION('',(#7253),#7257);
#7253 = LINE('',#7254,#7255);
#7254 = CARTESIAN_POINT('',(2.409301268214E-15,-27.85));
#7255 = VECTOR('',#7256,1.);
#7256 = DIRECTION('',(-2.52811494692E-17,1.));
#7257 = ( GEOMETRIC_REPRESENTATION_CONTEXT(2) 
PARAMETRIC_REPRESENTATION_CONTEXT() REPRESENTATION_CONTEXT('2D SPACE',''
  ) );
#7258 = ORIENTED_EDGE('',*,*,#7259,.T.);
#7259 = EDGE_CURVE('',#7232,#6741,#7260,.T.);
#7260 = SURFACE_CURVE('',#7261,(#7266,#7273),.PCURVE_S1.);
#7261 = CIRCLE('',#7262,2.35);
#7262 = AXIS2_PLACEMENT_3D('',#7263,#7264,#7265);
#7263 = CARTESIAN_POINT('',(36.75,16.,10.45));
#7264 = DIRECTION('',(-0.,1.,0.));
#7265 = DIRECTION('',(3.469446951954E-17,0.,1.));
#7266 = PCURVE('',#5705,#7267);
#7267 = DEFINITIONAL_REPRESENTATION('',(#7268),#7272);
#7268 = CIRCLE('',#7269,2.35);
#7269 = AXIS2_PLACEMENT_2D('',#7270,#7271);
#7270 = CARTESIAN_POINT('',(20.45,56.75));
#7271 = DIRECTION('',(1.,0.));
#7272 = ( GEOMETRIC_REPRESENTATION_CONTEXT(2) 
PARAMETRIC_REPRESENTATION_CONTEXT() REPRESENTATION_CONTEXT('2D SPACE',''
  ) );
#7273 = PCURVE('',#7274,#7279);
#7274 = CONICAL_SURFACE('',#7275,2.341027963679,1.745329251995E-02);
#7275 = AXIS2_PLACEMENT_3D('',#7276,#7277,#7278);
#7276 = CARTESIAN_POINT('',(36.75,16.514007616603,10.45));
#7277 = DIRECTION('',(0.,-1.,0.));
#7278 = DIRECTION('',(3.469446951954E-17,0.,1.));
#7279 = DEFINITIONAL_REPRESENTATION('',(#7280),#7284);
#7280 = LINE('',#7281,#7282);
#7281 = CARTESIAN_POINT('',(6.28318530718,0.514007616603));
#7282 = VECTOR('',#7283,1.);
#7283 = DIRECTION('',(-1.,0.));
#7284 = ( GEOMETRIC_REPRESENTATION_CONTEXT(2) 
PARAMETRIC_REPRESENTATION_CONTEXT() REPRESENTATION_CONTEXT('2D SPACE',''
  ) );
#7285 = FACE_BOUND('',#7286,.T.);
#7286 = EDGE_LOOP('',(#7287));
#7287 = ORIENTED_EDGE('',*,*,#7288,.F.);
#7288 = EDGE_CURVE('',#7289,#7289,#7291,.T.);
#7289 = VERTEX_POINT('',#7290);
#7290 = CARTESIAN_POINT('',(-35.75,16.,17.4475));
#7291 = SURFACE_CURVE('',#7292,(#7297,#7308),.PCURVE_S1.);
#7292 = CIRCLE('',#7293,1.6975);
#7293 = AXIS2_PLACEMENT_3D('',#7294,#7295,#7296);
#7294 = CARTESIAN_POINT('',(-35.75,16.,15.75));
#7295 = DIRECTION('',(0.,-1.,-0.));
#7296 = DIRECTION('',(-3.469446951954E-17,0.,-1.));
#7297 = PCURVE('',#5705,#7298);
#7298 = DEFINITIONAL_REPRESENTATION('',(#7299),#7307);
#7299 = ( BOUNDED_CURVE() B_SPLINE_CURVE(2,(#7300,#7301,#7302,#7303,
#7304,#7305,#7306),.UNSPECIFIED.,.T.,.F.) B_SPLINE_CURVE_WITH_KNOTS((1,2
    ,2,2,2,1),(-2.094395102393,0.,2.094395102393,4.188790204786,
6.28318530718,8.377580409573),.UNSPECIFIED.) CURVE() 
GEOMETRIC_REPRESENTATION_ITEM() RATIONAL_B_SPLINE_CURVE((1.,0.5,1.,0.5,
1.,0.5,1.)) REPRESENTATION_ITEM('') );
#7300 = CARTESIAN_POINT('',(24.0525,-15.75));
#7301 = CARTESIAN_POINT('',(24.0525,-12.80984375415));
#7302 = CARTESIAN_POINT('',(26.59875,-14.27992187707));
#7303 = CARTESIAN_POINT('',(29.145,-15.75));
#7304 = CARTESIAN_POINT('',(26.59875,-17.22007812292));
#7305 = CARTESIAN_POINT('',(24.0525,-18.69015624584));
#7306 = CARTESIAN_POINT('',(24.0525,-15.75));
#7307 = ( GEOMETRIC_REPRESENTATION_CONTEXT(2) 
PARAMETRIC_REPRESENTATION_CONTEXT() REPRESENTATION_CONTEXT('2D SPACE',''
  ) );
#7308 = PCURVE('',#1911,#7309);
#7309 = DEFINITIONAL_REPRESENTATION('',(#7310),#7314);
#7310 = LINE('',#7311,#7312);
#7311 = CARTESIAN_POINT('',(6.28318530718,-1.5));
#7312 = VECTOR('',#7313,1.);
#7313 = DIRECTION('',(-1.,0.));
#7314 = ( GEOMETRIC_REPRESENTATION_CONTEXT(2) 
PARAMETRIC_REPRESENTATION_CONTEXT() REPRESENTATION_CONTEXT('2D SPACE',''
  ) );
#7315 = FACE_BOUND('',#7316,.T.);
#7316 = EDGE_LOOP('',(#7317));
#7317 = ORIENTED_EDGE('',*,*,#7318,.T.);
#7318 = EDGE_CURVE('',#7319,#7319,#7321,.T.);
#7319 = VERTEX_POINT('',#7320);
#7320 = CARTESIAN_POINT('',(35.75,16.,17.4475));
#7321 = SURFACE_CURVE('',#7322,(#7327,#7334),.PCURVE_S1.);
#7322 = CIRCLE('',#7323,1.6975);
#7323 = AXIS2_PLACEMENT_3D('',#7324,#7325,#7326);
#7324 = CARTESIAN_POINT('',(35.75,16.,15.75));
#7325 = DIRECTION('',(0.,1.,0.));
#7326 = DIRECTION('',(3.326995702247E-16,0.,-1.));
#7327 = PCURVE('',#5705,#7328);
#7328 = DEFINITIONAL_REPRESENTATION('',(#7329),#7333);
#7329 = CIRCLE('',#7330,1.6975);
#7330 = AXIS2_PLACEMENT_2D('',#7331,#7332);
#7331 = CARTESIAN_POINT('',(25.75,55.75));
#7332 = DIRECTION('',(-1.,3.673940397442E-16));
#7333 = ( GEOMETRIC_REPRESENTATION_CONTEXT(2) 
PARAMETRIC_REPRESENTATION_CONTEXT() REPRESENTATION_CONTEXT('2D SPACE',''
  ) );
#7334 = PCURVE('',#848,#7335);
#7335 = DEFINITIONAL_REPRESENTATION('',(#7336),#7340);
#7336 = LINE('',#7337,#7338);
#7337 = CARTESIAN_POINT('',(0.,-1.5));
#7338 = VECTOR('',#7339,1.);
#7339 = DIRECTION('',(1.,0.));
#7340 = ( GEOMETRIC_REPRESENTATION_CONTEXT(2) 
PARAMETRIC_REPRESENTATION_CONTEXT() REPRESENTATION_CONTEXT('2D SPACE',''
  ) );
#7341 = FACE_BOUND('',#7342,.T.);
#7342 = EDGE_LOOP('',(#7343));
#7343 = ORIENTED_EDGE('',*,*,#7344,.F.);
#7344 = EDGE_CURVE('',#7345,#7345,#7347,.T.);
#7345 = VERTEX_POINT('',#7346);
#7346 = CARTESIAN_POINT('',(35.75,16.,-17.4475));
#7347 = SURFACE_CURVE('',#7348,(#7353,#7364),.PCURVE_S1.);
#7348 = CIRCLE('',#7349,1.6975);
#7349 = AXIS2_PLACEMENT_3D('',#7350,#7351,#7352);
#7350 = CARTESIAN_POINT('',(35.75,16.,-15.75));
#7351 = DIRECTION('',(0.,-1.,0.));
#7352 = DIRECTION('',(4.020885092637E-16,0.,1.));
#7353 = PCURVE('',#5705,#7354);
#7354 = DEFINITIONAL_REPRESENTATION('',(#7355),#7363);
#7355 = ( BOUNDED_CURVE() B_SPLINE_CURVE(2,(#7356,#7357,#7358,#7359,
#7360,#7361,#7362),.UNSPECIFIED.,.T.,.F.) B_SPLINE_CURVE_WITH_KNOTS((1,2
    ,2,2,2,1),(-2.094395102393,0.,2.094395102393,4.188790204786,
6.28318530718,8.377580409573),.UNSPECIFIED.) CURVE() 
GEOMETRIC_REPRESENTATION_ITEM() RATIONAL_B_SPLINE_CURVE((1.,0.5,1.,0.5,
1.,0.5,1.)) REPRESENTATION_ITEM('') );
#7356 = CARTESIAN_POINT('',(-4.0525,55.75));
#7357 = CARTESIAN_POINT('',(-4.0525,52.809843754152));
#7358 = CARTESIAN_POINT('',(-6.59875,54.279921877076));
#7359 = CARTESIAN_POINT('',(-9.145,55.75));
#7360 = CARTESIAN_POINT('',(-6.59875,57.220078122924));
#7361 = CARTESIAN_POINT('',(-4.0525,58.690156245848));
#7362 = CARTESIAN_POINT('',(-4.0525,55.75));
#7363 = ( GEOMETRIC_REPRESENTATION_CONTEXT(2) 
PARAMETRIC_REPRESENTATION_CONTEXT() REPRESENTATION_CONTEXT('2D SPACE',''
  ) );
#7364 = PCURVE('',#1326,#7365);
#7365 = DEFINITIONAL_REPRESENTATION('',(#7366),#7370);
#7366 = LINE('',#7367,#7368);
#7367 = CARTESIAN_POINT('',(6.28318530718,-1.5));
#7368 = VECTOR('',#7369,1.);
#7369 = DIRECTION('',(-1.,0.));
#7370 = ( GEOMETRIC_REPRESENTATION_CONTEXT(2) 
PARAMETRIC_REPRESENTATION_CONTEXT() REPRESENTATION_CONTEXT('2D SPACE',''
  ) );
#7371 = FACE_BOUND('',#7372,.T.);
#7372 = EDGE_LOOP('',(#7373));
#7373 = ORIENTED_EDGE('',*,*,#7374,.T.);
#7374 = EDGE_CURVE('',#7375,#7375,#7377,.T.);
#7375 = VERTEX_POINT('',#7376);
#7376 = CARTESIAN_POINT('',(-35.75,16.,-17.4475));
#7377 = SURFACE_CURVE('',#7378,(#7383,#7390),.PCURVE_S1.);
#7378 = CIRCLE('',#7379,1.6975);
#7379 = AXIS2_PLACEMENT_3D('',#7380,#7381,#7382);
#7380 = CARTESIAN_POINT('',(-35.75,16.,-15.75));
#7381 = DIRECTION('',(-0.,1.,0.));
#7382 = DIRECTION('',(3.469446951954E-17,0.,1.));
#7383 = PCURVE('',#5705,#7384);
#7384 = DEFINITIONAL_REPRESENTATION('',(#7385),#7389);
#7385 = CIRCLE('',#7386,1.6975);
#7386 = AXIS2_PLACEMENT_2D('',#7387,#7388);
#7387 = CARTESIAN_POINT('',(-5.75,-15.75));
#7388 = DIRECTION('',(1.,0.));
#7389 = ( GEOMETRIC_REPRESENTATION_CONTEXT(2) 
PARAMETRIC_REPRESENTATION_CONTEXT() REPRESENTATION_CONTEXT('2D SPACE',''
  ) );
#7390 = PCURVE('',#1454,#7391);
#7391 = DEFINITIONAL_REPRESENTATION('',(#7392),#7396);
#7392 = LINE('',#7393,#7394);
#7393 = CARTESIAN_POINT('',(0.,-1.5));
#7394 = VECTOR('',#7395,1.);
#7395 = DIRECTION('',(1.,0.));
#7396 = ( GEOMETRIC_REPRESENTATION_CONTEXT(2) 
PARAMETRIC_REPRESENTATION_CONTEXT() REPRESENTATION_CONTEXT('2D SPACE',''
  ) );
#7397 = ADVANCED_FACE('',(#7398),#7412,.T.);
#7398 = FACE_BOUND('',#7399,.T.);
#7399 = EDGE_LOOP('',(#7400,#7435,#7463,#7491));
#7400 = ORIENTED_EDGE('',*,*,#7401,.T.);
#7401 = EDGE_CURVE('',#7402,#7404,#7406,.T.);
#7402 = VERTEX_POINT('',#7403);
#7403 = CARTESIAN_POINT('',(-36.75,17.028015233206,-11.61794407264));
#7404 = VERTEX_POINT('',#7405);
#7405 = CARTESIAN_POINT('',(-36.75,16.,-11.6));
#7406 = SURFACE_CURVE('',#7407,(#7411,#7423),.PCURVE_S1.);
#7407 = LINE('',#7408,#7409);
#7408 = CARTESIAN_POINT('',(-36.75,16.,-11.6));
#7409 = VECTOR('',#7410,1.);
#7410 = DIRECTION('',(-1.102013609389E-17,-0.999847695156,
    1.745240643729E-02));
#7411 = PCURVE('',#7412,#7417);
#7412 = CONICAL_SURFACE('',#7413,1.158972036321,1.745329251995E-02);
#7413 = AXIS2_PLACEMENT_3D('',#7414,#7415,#7416);
#7414 = CARTESIAN_POINT('',(-36.75,16.514007616603,-10.45));
#7415 = DIRECTION('',(0.,1.,0.));
#7416 = DIRECTION('',(-3.469446951954E-17,0.,-1.));
#7417 = DEFINITIONAL_REPRESENTATION('',(#7418),#7422);
#7418 = LINE('',#7419,#7420);
#7419 = CARTESIAN_POINT('',(0.,-0.514007616603));
#7420 = VECTOR('',#7421,1.);
#7421 = DIRECTION('',(0.,-1.));
#7422 = ( GEOMETRIC_REPRESENTATION_CONTEXT(2) 
PARAMETRIC_REPRESENTATION_CONTEXT() REPRESENTATION_CONTEXT('2D SPACE',''
  ) );
#7423 = PCURVE('',#7424,#7429);
#7424 = PLANE('',#7425);
#7425 = AXIS2_PLACEMENT_3D('',#7426,#7427,#7428);
#7426 = CARTESIAN_POINT('',(-35.7,17.028015233206,-11.61794407264));
#7427 = DIRECTION('',(2.079699257056E-15,-1.745240643729E-02,
    -0.999847695156));
#7428 = DIRECTION('',(-1.102013609389E-17,-0.999847695156,
    1.745240643729E-02));
#7429 = DEFINITIONAL_REPRESENTATION('',(#7430),#7434);
#7430 = LINE('',#7431,#7432);
#7431 = CARTESIAN_POINT('',(1.028171828755,1.05));
#7432 = VECTOR('',#7433,1.);
#7433 = DIRECTION('',(1.,4.552949691428E-33));
#7434 = ( GEOMETRIC_REPRESENTATION_CONTEXT(2) 
PARAMETRIC_REPRESENTATION_CONTEXT() REPRESENTATION_CONTEXT('2D SPACE',''
  ) );
#7435 = ORIENTED_EDGE('',*,*,#7436,.F.);
#7436 = EDGE_CURVE('',#7437,#7404,#7439,.T.);
#7437 = VERTEX_POINT('',#7438);
#7438 = CARTESIAN_POINT('',(-37.9,16.,-10.45));
#7439 = SURFACE_CURVE('',#7440,(#7445,#7452),.PCURVE_S1.);
#7440 = CIRCLE('',#7441,1.15);
#7441 = AXIS2_PLACEMENT_3D('',#7442,#7443,#7444);
#7442 = CARTESIAN_POINT('',(-36.75,16.,-10.45));
#7443 = DIRECTION('',(0.,-1.,-0.));
#7444 = DIRECTION('',(-3.469446951954E-17,0.,-1.));
#7445 = PCURVE('',#7412,#7446);
#7446 = DEFINITIONAL_REPRESENTATION('',(#7447),#7451);
#7447 = LINE('',#7448,#7449);
#7448 = CARTESIAN_POINT('',(6.28318530718,-0.514007616603));
#7449 = VECTOR('',#7450,1.);
#7450 = DIRECTION('',(-1.,-7.066822816845E-17));
#7451 = ( GEOMETRIC_REPRESENTATION_CONTEXT(2) 
PARAMETRIC_REPRESENTATION_CONTEXT() REPRESENTATION_CONTEXT('2D SPACE',''
  ) );
#7452 = PCURVE('',#44,#7453);
#7453 = DEFINITIONAL_REPRESENTATION('',(#7454),#7462);
#7454 = ( BOUNDED_CURVE() B_SPLINE_CURVE(2,(#7455,#7456,#7457,#7458,
#7459,#7460,#7461),.UNSPECIFIED.,.T.,.F.) B_SPLINE_CURVE_WITH_KNOTS((1,2
    ,2,2,2,1),(-2.094395102393,0.,2.094395102393,4.188790204786,
6.28318530718,8.377580409573),.UNSPECIFIED.) CURVE() 
GEOMETRIC_REPRESENTATION_ITEM() RATIONAL_B_SPLINE_CURVE((1.,0.5,1.,0.5,
1.,0.5,1.)) REPRESENTATION_ITEM('') );
#7455 = CARTESIAN_POINT('',(-1.6,-16.75));
#7456 = CARTESIAN_POINT('',(-1.6,-14.75814157129));
#7457 = CARTESIAN_POINT('',(0.125,-15.75407078564));
#7458 = CARTESIAN_POINT('',(1.85,-16.75));
#7459 = CARTESIAN_POINT('',(0.125,-17.74592921435));
#7460 = CARTESIAN_POINT('',(-1.6,-18.7418584287));
#7461 = CARTESIAN_POINT('',(-1.6,-16.75));
#7462 = ( GEOMETRIC_REPRESENTATION_CONTEXT(2) 
PARAMETRIC_REPRESENTATION_CONTEXT() REPRESENTATION_CONTEXT('2D SPACE',''
  ) );
#7463 = ORIENTED_EDGE('',*,*,#7464,.F.);
#7464 = EDGE_CURVE('',#7465,#7437,#7467,.T.);
#7465 = VERTEX_POINT('',#7466);
#7466 = CARTESIAN_POINT('',(-37.91794407264,17.028015233206,-10.45));
#7467 = SURFACE_CURVE('',#7468,(#7472,#7479),.PCURVE_S1.);
#7468 = LINE('',#7469,#7470);
#7469 = CARTESIAN_POINT('',(-37.9,16.,-10.45));
#7470 = VECTOR('',#7471,1.);
#7471 = DIRECTION('',(1.745240643729E-02,-0.999847695156,
    1.208878777794E-17));
#7472 = PCURVE('',#7412,#7473);
#7473 = DEFINITIONAL_REPRESENTATION('',(#7474),#7478);
#7474 = LINE('',#7475,#7476);
#7475 = CARTESIAN_POINT('',(1.570796326795,-0.514007616603));
#7476 = VECTOR('',#7477,1.);
#7477 = DIRECTION('',(0.,-1.));
#7478 = ( GEOMETRIC_REPRESENTATION_CONTEXT(2) 
PARAMETRIC_REPRESENTATION_CONTEXT() REPRESENTATION_CONTEXT('2D SPACE',''
  ) );
#7479 = PCURVE('',#7480,#7485);
#7480 = PLANE('',#7481);
#7481 = AXIS2_PLACEMENT_3D('',#7482,#7483,#7484);
#7482 = CARTESIAN_POINT('',(-37.91794407264,17.028015233206,10.45));
#7483 = DIRECTION('',(0.999847695156,1.745240643729E-02,
    -4.595902120942E-16));
#7484 = DIRECTION('',(1.745240643729E-02,-0.999847695156,
    -1.32997917443E-17));
#7485 = DEFINITIONAL_REPRESENTATION('',(#7486),#7490);
#7486 = LINE('',#7487,#7488);
#7487 = CARTESIAN_POINT('',(1.028171828755,20.9));
#7488 = VECTOR('',#7489,1.);
#7489 = DIRECTION('',(1.,-2.538857952224E-17));
#7490 = ( GEOMETRIC_REPRESENTATION_CONTEXT(2) 
PARAMETRIC_REPRESENTATION_CONTEXT() REPRESENTATION_CONTEXT('2D SPACE',''
  ) );
#7491 = ORIENTED_EDGE('',*,*,#7492,.F.);
#7492 = EDGE_CURVE('',#7402,#7465,#7493,.T.);
#7493 = SURFACE_CURVE('',#7494,(#7499,#7506),.PCURVE_S1.);
#7494 = CIRCLE('',#7495,1.167944072643);
#7495 = AXIS2_PLACEMENT_3D('',#7496,#7497,#7498);
#7496 = CARTESIAN_POINT('',(-36.75,17.028015233206,-10.45));
#7497 = DIRECTION('',(5.737251350666E-16,1.,5.737251350666E-16));
#7498 = DIRECTION('',(7.569936955086E-15,5.737251350666E-16,-1.));
#7499 = PCURVE('',#7412,#7500);
#7500 = DEFINITIONAL_REPRESENTATION('',(#7501),#7505);
#7501 = LINE('',#7502,#7503);
#7502 = CARTESIAN_POINT('',(0.,0.514007616603));
#7503 = VECTOR('',#7504,1.);
#7504 = DIRECTION('',(1.,0.));
#7505 = ( GEOMETRIC_REPRESENTATION_CONTEXT(2) 
PARAMETRIC_REPRESENTATION_CONTEXT() REPRESENTATION_CONTEXT('2D SPACE',''
  ) );
#7506 = PCURVE('',#7507,#7512);
#7507 = TOROIDAL_SURFACE('',#7508,1.75,0.582144590798);
#7508 = AXIS2_PLACEMENT_3D('',#7509,#7510,#7511);
#7509 = CARTESIAN_POINT('',(-36.75,17.017855409202,-10.45));
#7510 = DIRECTION('',(0.,-1.,0.));
#7511 = DIRECTION('',(3.469446951954E-17,0.,1.));
#7512 = DEFINITIONAL_REPRESENTATION('',(#7513),#7517);
#7513 = LINE('',#7514,#7515);
#7514 = CARTESIAN_POINT('',(3.14159265359,3.15904594611));
#7515 = VECTOR('',#7516,1.);
#7516 = DIRECTION('',(-1.,0.));
#7517 = ( GEOMETRIC_REPRESENTATION_CONTEXT(2) 
PARAMETRIC_REPRESENTATION_CONTEXT() REPRESENTATION_CONTEXT('2D SPACE',''
  ) );
#7518 = ADVANCED_FACE('',(#7519),#7507,.F.);
#7519 = FACE_BOUND('',#7520,.F.);
#7520 = EDGE_LOOP('',(#7521,#7547,#7574,#7575));
#7521 = ORIENTED_EDGE('',*,*,#7522,.T.);
#7522 = EDGE_CURVE('',#7523,#7525,#7527,.T.);
#7523 = VERTEX_POINT('',#7524);
#7524 = CARTESIAN_POINT('',(-36.75,17.028015233206,-12.78205592735));
#7525 = VERTEX_POINT('',#7526);
#7526 = CARTESIAN_POINT('',(-39.08205592735,17.028015233206,-10.45));
#7527 = SURFACE_CURVE('',#7528,(#7533,#7540),.PCURVE_S1.);
#7528 = CIRCLE('',#7529,2.332055927357);
#7529 = AXIS2_PLACEMENT_3D('',#7530,#7531,#7532);
#7530 = CARTESIAN_POINT('',(-36.75,17.028015233206,-10.45));
#7531 = DIRECTION('',(2.873339626921E-16,1.,2.873339626921E-16));
#7532 = DIRECTION('',(1.86958751892E-15,2.873339626921E-16,-1.));
#7533 = PCURVE('',#7507,#7534);
#7534 = DEFINITIONAL_REPRESENTATION('',(#7535),#7539);
#7535 = LINE('',#7536,#7537);
#7536 = CARTESIAN_POINT('',(3.14159265359,6.26573201466));
#7537 = VECTOR('',#7538,1.);
#7538 = DIRECTION('',(-1.,0.));
#7539 = ( GEOMETRIC_REPRESENTATION_CONTEXT(2) 
PARAMETRIC_REPRESENTATION_CONTEXT() REPRESENTATION_CONTEXT('2D SPACE',''
  ) );
#7540 = PCURVE('',#6926,#7541);
#7541 = DEFINITIONAL_REPRESENTATION('',(#7542),#7546);
#7542 = LINE('',#7543,#7544);
#7543 = CARTESIAN_POINT('',(6.28318530718,-0.514007616603));
#7544 = VECTOR('',#7545,1.);
#7545 = DIRECTION('',(-1.,7.066822816845E-17));
#7546 = ( GEOMETRIC_REPRESENTATION_CONTEXT(2) 
PARAMETRIC_REPRESENTATION_CONTEXT() REPRESENTATION_CONTEXT('2D SPACE',''
  ) );
#7547 = ORIENTED_EDGE('',*,*,#7548,.T.);
#7548 = EDGE_CURVE('',#7525,#7465,#7549,.T.);
#7549 = SURFACE_CURVE('',#7550,(#7555,#7562),.PCURVE_S1.);
#7550 = CIRCLE('',#7551,0.582144590798);
#7551 = AXIS2_PLACEMENT_3D('',#7552,#7553,#7554);
#7552 = CARTESIAN_POINT('',(-38.5,17.017855409202,-10.45));
#7553 = DIRECTION('',(6.926716852129E-16,5.5384486978E-34,-1.));
#7554 = DIRECTION('',(0.999847695156,1.745240643728E-02,
    6.925661879602E-16));
#7555 = PCURVE('',#7507,#7556);
#7556 = DEFINITIONAL_REPRESENTATION('',(#7557),#7561);
#7557 = LINE('',#7558,#7559);
#7558 = CARTESIAN_POINT('',(1.570796326795,9.442231253289));
#7559 = VECTOR('',#7560,1.);
#7560 = DIRECTION('',(0.,-1.));
#7561 = ( GEOMETRIC_REPRESENTATION_CONTEXT(2) 
PARAMETRIC_REPRESENTATION_CONTEXT() REPRESENTATION_CONTEXT('2D SPACE',''
  ) );
#7562 = PCURVE('',#7563,#7568);
#7563 = CYLINDRICAL_SURFACE('',#7564,0.582144590798);
#7564 = AXIS2_PLACEMENT_3D('',#7565,#7566,#7567);
#7565 = CARTESIAN_POINT('',(-38.5,17.017855409202,10.45));
#7566 = DIRECTION('',(-4.596602205722E-16,0.,-1.));
#7567 = DIRECTION('',(0.999847695156,1.745240643728E-02,
    -4.595902120942E-16));
#7568 = DEFINITIONAL_REPRESENTATION('',(#7569),#7573);
#7569 = LINE('',#7570,#7571);
#7570 = CARTESIAN_POINT('',(8.881784197001E-16,20.9));
#7571 = VECTOR('',#7572,1.);
#7572 = DIRECTION('',(1.,0.));
#7573 = ( GEOMETRIC_REPRESENTATION_CONTEXT(2) 
PARAMETRIC_REPRESENTATION_CONTEXT() REPRESENTATION_CONTEXT('2D SPACE',''
  ) );
#7574 = ORIENTED_EDGE('',*,*,#7492,.F.);
#7575 = ORIENTED_EDGE('',*,*,#7576,.F.);
#7576 = EDGE_CURVE('',#7523,#7402,#7577,.T.);
#7577 = SURFACE_CURVE('',#7578,(#7583,#7590),.PCURVE_S1.);
#7578 = CIRCLE('',#7579,0.582144590798);
#7579 = AXIS2_PLACEMENT_3D('',#7580,#7581,#7582);
#7580 = CARTESIAN_POINT('',(-36.75,17.017855409202,-12.2));
#7581 = DIRECTION('',(1.,-1.573071588837E-33,6.314393452556E-16));
#7582 = DIRECTION('',(-6.313431739848E-16,1.745240643728E-02,
    0.999847695156));
#7583 = PCURVE('',#7507,#7584);
#7584 = DEFINITIONAL_REPRESENTATION('',(#7585),#7589);
#7585 = LINE('',#7586,#7587);
#7586 = CARTESIAN_POINT('',(3.14159265359,9.442231253289));
#7587 = VECTOR('',#7588,1.);
#7588 = DIRECTION('',(0.,-1.));
#7589 = ( GEOMETRIC_REPRESENTATION_CONTEXT(2) 
PARAMETRIC_REPRESENTATION_CONTEXT() REPRESENTATION_CONTEXT('2D SPACE',''
  ) );
#7590 = PCURVE('',#7591,#7596);
#7591 = CYLINDRICAL_SURFACE('',#7592,0.582144590798);
#7592 = AXIS2_PLACEMENT_3D('',#7593,#7594,#7595);
#7593 = CARTESIAN_POINT('',(-35.7,17.017855409202,-12.2));
#7594 = DIRECTION('',(1.,0.,2.080016053576E-15));
#7595 = DIRECTION('',(-2.079699257056E-15,1.745240643728E-02,
    0.999847695156));
#7596 = DEFINITIONAL_REPRESENTATION('',(#7597),#7601);
#7597 = LINE('',#7598,#7599);
#7598 = CARTESIAN_POINT('',(4.440892098501E-16,-1.05));
#7599 = VECTOR('',#7600,1.);
#7600 = DIRECTION('',(1.,2.287140445097E-15));
#7601 = ( GEOMETRIC_REPRESENTATION_CONTEXT(2) 
PARAMETRIC_REPRESENTATION_CONTEXT() REPRESENTATION_CONTEXT('2D SPACE',''
  ) );
#7602 = ADVANCED_FACE('',(#7603),#6926,.F.);
#7603 = FACE_BOUND('',#7604,.F.);
#7604 = EDGE_LOOP('',(#7605,#7606,#7627,#7628));
#7605 = ORIENTED_EDGE('',*,*,#6909,.T.);
#7606 = ORIENTED_EDGE('',*,*,#7607,.T.);
#7607 = EDGE_CURVE('',#6910,#7525,#7608,.T.);
#7608 = SURFACE_CURVE('',#7609,(#7613,#7620),.PCURVE_S1.);
#7609 = LINE('',#7610,#7611);
#7610 = CARTESIAN_POINT('',(-39.08205592735,17.028015233206,-10.45));
#7611 = VECTOR('',#7612,1.);
#7612 = DIRECTION('',(1.745240643729E-02,0.999847695156,
    1.208878777794E-17));
#7613 = PCURVE('',#6926,#7614);
#7614 = DEFINITIONAL_REPRESENTATION('',(#7615),#7619);
#7615 = LINE('',#7616,#7617);
#7616 = CARTESIAN_POINT('',(4.712388980385,-0.514007616603));
#7617 = VECTOR('',#7618,1.);
#7618 = DIRECTION('',(0.,-1.));
#7619 = ( GEOMETRIC_REPRESENTATION_CONTEXT(2) 
PARAMETRIC_REPRESENTATION_CONTEXT() REPRESENTATION_CONTEXT('2D SPACE',''
  ) );
#7620 = PCURVE('',#6954,#7621);
#7621 = DEFINITIONAL_REPRESENTATION('',(#7622),#7626);
#7622 = LINE('',#7623,#7624);
#7623 = CARTESIAN_POINT('',(1.028171828755,20.9));
#7624 = VECTOR('',#7625,1.);
#7625 = DIRECTION('',(1.,-2.538857952224E-17));
#7626 = ( GEOMETRIC_REPRESENTATION_CONTEXT(2) 
PARAMETRIC_REPRESENTATION_CONTEXT() REPRESENTATION_CONTEXT('2D SPACE',''
  ) );
#7627 = ORIENTED_EDGE('',*,*,#7522,.F.);
#7628 = ORIENTED_EDGE('',*,*,#7629,.F.);
#7629 = EDGE_CURVE('',#6882,#7523,#7630,.T.);
#7630 = SURFACE_CURVE('',#7631,(#7635,#7642),.PCURVE_S1.);
#7631 = LINE('',#7632,#7633);
#7632 = CARTESIAN_POINT('',(-36.75,17.028015233206,-12.78205592735));
#7633 = VECTOR('',#7634,1.);
#7634 = DIRECTION('',(-1.102013609389E-17,0.999847695156,
    1.745240643729E-02));
#7635 = PCURVE('',#6926,#7636);
#7636 = DEFINITIONAL_REPRESENTATION('',(#7637),#7641);
#7637 = LINE('',#7638,#7639);
#7638 = CARTESIAN_POINT('',(6.28318530718,-0.514007616603));
#7639 = VECTOR('',#7640,1.);
#7640 = DIRECTION('',(0.,-1.));
#7641 = ( GEOMETRIC_REPRESENTATION_CONTEXT(2) 
PARAMETRIC_REPRESENTATION_CONTEXT() REPRESENTATION_CONTEXT('2D SPACE',''
  ) );
#7642 = PCURVE('',#6897,#7643);
#7643 = DEFINITIONAL_REPRESENTATION('',(#7644),#7648);
#7644 = LINE('',#7645,#7646);
#7645 = CARTESIAN_POINT('',(1.028171828755,1.05));
#7646 = VECTOR('',#7647,1.);
#7647 = DIRECTION('',(1.,4.552949691428E-33));
#7648 = ( GEOMETRIC_REPRESENTATION_CONTEXT(2) 
PARAMETRIC_REPRESENTATION_CONTEXT() REPRESENTATION_CONTEXT('2D SPACE',''
  ) );
#7649 = ADVANCED_FACE('',(#7650),#7424,.T.);
#7650 = FACE_BOUND('',#7651,.T.);
#7651 = EDGE_LOOP('',(#7652,#7682,#7703,#7704));
#7652 = ORIENTED_EDGE('',*,*,#7653,.T.);
#7653 = EDGE_CURVE('',#7654,#7656,#7658,.T.);
#7654 = VERTEX_POINT('',#7655);
#7655 = CARTESIAN_POINT('',(-35.7,17.028015233206,-11.61794407264));
#7656 = VERTEX_POINT('',#7657);
#7657 = CARTESIAN_POINT('',(-35.7,16.,-11.6));
#7658 = SURFACE_CURVE('',#7659,(#7663,#7670),.PCURVE_S1.);
#7659 = LINE('',#7660,#7661);
#7660 = CARTESIAN_POINT('',(-35.7,16.,-11.6));
#7661 = VECTOR('',#7662,1.);
#7662 = DIRECTION('',(-1.102013609389E-17,-0.999847695156,
    1.745240643729E-02));
#7663 = PCURVE('',#7424,#7664);
#7664 = DEFINITIONAL_REPRESENTATION('',(#7665),#7669);
#7665 = LINE('',#7666,#7667);
#7666 = CARTESIAN_POINT('',(1.028171828755,-1.195315356216E-17));
#7667 = VECTOR('',#7668,1.);
#7668 = DIRECTION('',(1.,4.552949691428E-33));
#7669 = ( GEOMETRIC_REPRESENTATION_CONTEXT(2) 
PARAMETRIC_REPRESENTATION_CONTEXT() REPRESENTATION_CONTEXT('2D SPACE',''
  ) );
#7670 = PCURVE('',#7671,#7676);
#7671 = CONICAL_SURFACE('',#7672,4.091027963679,1.745329251995E-02);
#7672 = AXIS2_PLACEMENT_3D('',#7673,#7674,#7675);
#7673 = CARTESIAN_POINT('',(-35.7,16.514007616603,-15.7));
#7674 = DIRECTION('',(0.,-1.,0.));
#7675 = DIRECTION('',(-3.469446951954E-17,0.,-1.));
#7676 = DEFINITIONAL_REPRESENTATION('',(#7677),#7681);
#7677 = LINE('',#7678,#7679);
#7678 = CARTESIAN_POINT('',(3.14159265359,0.514007616603));
#7679 = VECTOR('',#7680,1.);
#7680 = DIRECTION('',(0.,1.));
#7681 = ( GEOMETRIC_REPRESENTATION_CONTEXT(2) 
PARAMETRIC_REPRESENTATION_CONTEXT() REPRESENTATION_CONTEXT('2D SPACE',''
  ) );
#7682 = ORIENTED_EDGE('',*,*,#7683,.F.);
#7683 = EDGE_CURVE('',#7404,#7656,#7684,.T.);
#7684 = SURFACE_CURVE('',#7685,(#7689,#7696),.PCURVE_S1.);
#7685 = LINE('',#7686,#7687);
#7686 = CARTESIAN_POINT('',(-27.85,16.,-11.6));
#7687 = VECTOR('',#7688,1.);
#7688 = DIRECTION('',(1.,0.,2.080016053576E-15));
#7689 = PCURVE('',#7424,#7690);
#7690 = DEFINITIONAL_REPRESENTATION('',(#7691),#7695);
#7691 = LINE('',#7692,#7693);
#7692 = CARTESIAN_POINT('',(1.028171828755,-7.85));
#7693 = VECTOR('',#7694,1.);
#7694 = DIRECTION('',(2.52811494692E-17,-1.));
#7695 = ( GEOMETRIC_REPRESENTATION_CONTEXT(2) 
PARAMETRIC_REPRESENTATION_CONTEXT() REPRESENTATION_CONTEXT('2D SPACE',''
  ) );
#7696 = PCURVE('',#44,#7697);
#7697 = DEFINITIONAL_REPRESENTATION('',(#7698),#7702);
#7698 = LINE('',#7699,#7700);
#7699 = CARTESIAN_POINT('',(-1.6,-7.85));
#7700 = VECTOR('',#7701,1.);
#7701 = DIRECTION('',(2.114710523096E-15,1.));
#7702 = ( GEOMETRIC_REPRESENTATION_CONTEXT(2) 
PARAMETRIC_REPRESENTATION_CONTEXT() REPRESENTATION_CONTEXT('2D SPACE',''
  ) );
#7703 = ORIENTED_EDGE('',*,*,#7401,.F.);
#7704 = ORIENTED_EDGE('',*,*,#7705,.F.);
#7705 = EDGE_CURVE('',#7654,#7402,#7706,.T.);
#7706 = SURFACE_CURVE('',#7707,(#7711,#7718),.PCURVE_S1.);
#7707 = LINE('',#7708,#7709);
#7708 = CARTESIAN_POINT('',(-35.7,17.028015233206,-11.61794407264));
#7709 = VECTOR('',#7710,1.);
#7710 = DIRECTION('',(-1.,0.,-2.080016053576E-15));
#7711 = PCURVE('',#7424,#7712);
#7712 = DEFINITIONAL_REPRESENTATION('',(#7713),#7717);
#7713 = LINE('',#7714,#7715);
#7714 = CARTESIAN_POINT('',(0.,-0.));
#7715 = VECTOR('',#7716,1.);
#7716 = DIRECTION('',(-2.52811494692E-17,1.));
#7717 = ( GEOMETRIC_REPRESENTATION_CONTEXT(2) 
PARAMETRIC_REPRESENTATION_CONTEXT() REPRESENTATION_CONTEXT('2D SPACE',''
  ) );
#7718 = PCURVE('',#7591,#7719);
#7719 = DEFINITIONAL_REPRESENTATION('',(#7720),#7724);
#7720 = LINE('',#7721,#7722);
#7721 = CARTESIAN_POINT('',(6.28318530718,7.105427357601E-15));
#7722 = VECTOR('',#7723,1.);
#7723 = DIRECTION('',(0.,-1.));
#7724 = ( GEOMETRIC_REPRESENTATION_CONTEXT(2) 
PARAMETRIC_REPRESENTATION_CONTEXT() REPRESENTATION_CONTEXT('2D SPACE',''
  ) );
#7725 = ADVANCED_FACE('',(#7726),#7591,.F.);
#7726 = FACE_BOUND('',#7727,.F.);
#7727 = EDGE_LOOP('',(#7728,#7751,#7752,#7753));
#7728 = ORIENTED_EDGE('',*,*,#7729,.T.);
#7729 = EDGE_CURVE('',#7730,#7523,#7732,.T.);
#7730 = VERTEX_POINT('',#7731);
#7731 = CARTESIAN_POINT('',(-35.7,17.028015233206,-12.78205592735));
#7732 = SURFACE_CURVE('',#7733,(#7737,#7744),.PCURVE_S1.);
#7733 = LINE('',#7734,#7735);
#7734 = CARTESIAN_POINT('',(-35.7,17.028015233206,-12.78205592735));
#7735 = VECTOR('',#7736,1.);
#7736 = DIRECTION('',(-1.,0.,-2.080016053576E-15));
#7737 = PCURVE('',#7591,#7738);
#7738 = DEFINITIONAL_REPRESENTATION('',(#7739),#7743);
#7739 = LINE('',#7740,#7741);
#7740 = CARTESIAN_POINT('',(3.17649923863,0.));
#7741 = VECTOR('',#7742,1.);
#7742 = DIRECTION('',(4.229421046191E-16,-1.));
#7743 = ( GEOMETRIC_REPRESENTATION_CONTEXT(2) 
PARAMETRIC_REPRESENTATION_CONTEXT() REPRESENTATION_CONTEXT('2D SPACE',''
  ) );
#7744 = PCURVE('',#6897,#7745);
#7745 = DEFINITIONAL_REPRESENTATION('',(#7746),#7750);
#7746 = LINE('',#7747,#7748);
#7747 = CARTESIAN_POINT('',(1.028171828755,-1.195315356216E-17));
#7748 = VECTOR('',#7749,1.);
#7749 = DIRECTION('',(-2.52811494692E-17,1.));
#7750 = ( GEOMETRIC_REPRESENTATION_CONTEXT(2) 
PARAMETRIC_REPRESENTATION_CONTEXT() REPRESENTATION_CONTEXT('2D SPACE',''
  ) );
#7751 = ORIENTED_EDGE('',*,*,#7576,.T.);
#7752 = ORIENTED_EDGE('',*,*,#7705,.F.);
#7753 = ORIENTED_EDGE('',*,*,#7754,.F.);
#7754 = EDGE_CURVE('',#7730,#7654,#7755,.T.);
#7755 = SURFACE_CURVE('',#7756,(#7761,#7768),.PCURVE_S1.);
#7756 = CIRCLE('',#7757,0.582144590798);
#7757 = AXIS2_PLACEMENT_3D('',#7758,#7759,#7760);
#7758 = CARTESIAN_POINT('',(-35.7,17.017855409202,-12.2));
#7759 = DIRECTION('',(1.,-1.573071588837E-33,6.314393452556E-16));
#7760 = DIRECTION('',(-6.313431739848E-16,1.745240643728E-02,
    0.999847695156));
#7761 = PCURVE('',#7591,#7762);
#7762 = DEFINITIONAL_REPRESENTATION('',(#7763),#7767);
#7763 = LINE('',#7764,#7765);
#7764 = CARTESIAN_POINT('',(0.,-7.265099882491E-15));
#7765 = VECTOR('',#7766,1.);
#7766 = DIRECTION('',(1.,2.287140445097E-15));
#7767 = ( GEOMETRIC_REPRESENTATION_CONTEXT(2) 
PARAMETRIC_REPRESENTATION_CONTEXT() REPRESENTATION_CONTEXT('2D SPACE',''
  ) );
#7768 = PCURVE('',#7769,#7774);
#7769 = TOROIDAL_SURFACE('',#7770,3.5,0.582144590798);
#7770 = AXIS2_PLACEMENT_3D('',#7771,#7772,#7773);
#7771 = CARTESIAN_POINT('',(-35.7,17.017855409202,-15.7));
#7772 = DIRECTION('',(0.,1.,0.));
#7773 = DIRECTION('',(-3.469446951954E-17,0.,-1.));
#7774 = DEFINITIONAL_REPRESENTATION('',(#7775),#7779);
#7775 = LINE('',#7776,#7777);
#7776 = CARTESIAN_POINT('',(3.14159265359,6.3006385997));
#7777 = VECTOR('',#7778,1.);
#7778 = DIRECTION('',(0.,-1.));
#7779 = ( GEOMETRIC_REPRESENTATION_CONTEXT(2) 
PARAMETRIC_REPRESENTATION_CONTEXT() REPRESENTATION_CONTEXT('2D SPACE',''
  ) );
#7780 = ADVANCED_FACE('',(#7781),#6897,.T.);
#7781 = FACE_BOUND('',#7782,.T.);
#7782 = EDGE_LOOP('',(#7783,#7804,#7805,#7806));
#7783 = ORIENTED_EDGE('',*,*,#7784,.T.);
#7784 = EDGE_CURVE('',#6849,#7730,#7785,.T.);
#7785 = SURFACE_CURVE('',#7786,(#7790,#7797),.PCURVE_S1.);
#7786 = LINE('',#7787,#7788);
#7787 = CARTESIAN_POINT('',(-35.7,17.028015233206,-12.78205592735));
#7788 = VECTOR('',#7789,1.);
#7789 = DIRECTION('',(-1.102013609389E-17,0.999847695156,
    1.745240643729E-02));
#7790 = PCURVE('',#6897,#7791);
#7791 = DEFINITIONAL_REPRESENTATION('',(#7792),#7796);
#7792 = LINE('',#7793,#7794);
#7793 = CARTESIAN_POINT('',(1.028171828755,-1.195315356216E-17));
#7794 = VECTOR('',#7795,1.);
#7795 = DIRECTION('',(1.,4.552949691428E-33));
#7796 = ( GEOMETRIC_REPRESENTATION_CONTEXT(2) 
PARAMETRIC_REPRESENTATION_CONTEXT() REPRESENTATION_CONTEXT('2D SPACE',''
  ) );
#7797 = PCURVE('',#6869,#7798);
#7798 = DEFINITIONAL_REPRESENTATION('',(#7799),#7803);
#7799 = LINE('',#7800,#7801);
#7800 = CARTESIAN_POINT('',(3.14159265359,0.514007616603));
#7801 = VECTOR('',#7802,1.);
#7802 = DIRECTION('',(0.,1.));
#7803 = ( GEOMETRIC_REPRESENTATION_CONTEXT(2) 
PARAMETRIC_REPRESENTATION_CONTEXT() REPRESENTATION_CONTEXT('2D SPACE',''
  ) );
#7804 = ORIENTED_EDGE('',*,*,#7729,.T.);
#7805 = ORIENTED_EDGE('',*,*,#7629,.F.);
#7806 = ORIENTED_EDGE('',*,*,#6881,.F.);
#7807 = ADVANCED_FACE('',(#7808),#7671,.F.);
#7808 = FACE_BOUND('',#7809,.F.);
#7809 = EDGE_LOOP('',(#7810,#7834,#7835,#7859));
#7810 = ORIENTED_EDGE('',*,*,#7811,.T.);
#7811 = EDGE_CURVE('',#7812,#7654,#7814,.T.);
#7812 = VERTEX_POINT('',#7813);
#7813 = CARTESIAN_POINT('',(-31.61794407264,17.028015233206,-15.7));
#7814 = SURFACE_CURVE('',#7815,(#7820,#7827),.PCURVE_S1.);
#7815 = CIRCLE('',#7816,4.082055927357);
#7816 = AXIS2_PLACEMENT_3D('',#7817,#7818,#7819);
#7817 = CARTESIAN_POINT('',(-35.7,17.028015233206,-15.7));
#7818 = DIRECTION('',(0.,-1.,0.));
#7819 = DIRECTION('',(1.,0.,1.053211276391E-15));
#7820 = PCURVE('',#7671,#7821);
#7821 = DEFINITIONAL_REPRESENTATION('',(#7822),#7826);
#7822 = LINE('',#7823,#7824);
#7823 = CARTESIAN_POINT('',(1.570796326795,-0.514007616603));
#7824 = VECTOR('',#7825,1.);
#7825 = DIRECTION('',(1.,0.));
#7826 = ( GEOMETRIC_REPRESENTATION_CONTEXT(2) 
PARAMETRIC_REPRESENTATION_CONTEXT() REPRESENTATION_CONTEXT('2D SPACE',''
  ) );
#7827 = PCURVE('',#7769,#7828);
#7828 = DEFINITIONAL_REPRESENTATION('',(#7829),#7833);
#7829 = LINE('',#7830,#7831);
#7830 = CARTESIAN_POINT('',(4.712388980385,1.745329251995E-02));
#7831 = VECTOR('',#7832,1.);
#7832 = DIRECTION('',(-1.,0.));
#7833 = ( GEOMETRIC_REPRESENTATION_CONTEXT(2) 
PARAMETRIC_REPRESENTATION_CONTEXT() REPRESENTATION_CONTEXT('2D SPACE',''
  ) );
#7834 = ORIENTED_EDGE('',*,*,#7653,.T.);
#7835 = ORIENTED_EDGE('',*,*,#7836,.T.);
#7836 = EDGE_CURVE('',#7656,#7837,#7839,.T.);
#7837 = VERTEX_POINT('',#7838);
#7838 = CARTESIAN_POINT('',(-31.6,16.,-15.7));
#7839 = SURFACE_CURVE('',#7840,(#7845,#7852),.PCURVE_S1.);
#7840 = CIRCLE('',#7841,4.1);
#7841 = AXIS2_PLACEMENT_3D('',#7842,#7843,#7844);
#7842 = CARTESIAN_POINT('',(-35.7,16.,-15.7));
#7843 = DIRECTION('',(0.,1.,0.));
#7844 = DIRECTION('',(-3.469446951954E-17,0.,-1.));
#7845 = PCURVE('',#7671,#7846);
#7846 = DEFINITIONAL_REPRESENTATION('',(#7847),#7851);
#7847 = LINE('',#7848,#7849);
#7848 = CARTESIAN_POINT('',(6.28318530718,0.514007616603));
#7849 = VECTOR('',#7850,1.);
#7850 = DIRECTION('',(-1.,0.));
#7851 = ( GEOMETRIC_REPRESENTATION_CONTEXT(2) 
PARAMETRIC_REPRESENTATION_CONTEXT() REPRESENTATION_CONTEXT('2D SPACE',''
  ) );
#7852 = PCURVE('',#44,#7853);
#7853 = DEFINITIONAL_REPRESENTATION('',(#7854),#7858);
#7854 = CIRCLE('',#7855,4.1);
#7855 = AXIS2_PLACEMENT_2D('',#7856,#7857);
#7856 = CARTESIAN_POINT('',(-5.7,-15.7));
#7857 = DIRECTION('',(-1.,0.));
#7858 = ( GEOMETRIC_REPRESENTATION_CONTEXT(2) 
PARAMETRIC_REPRESENTATION_CONTEXT() REPRESENTATION_CONTEXT('2D SPACE',''
  ) );
#7859 = ORIENTED_EDGE('',*,*,#7860,.F.);
#7860 = EDGE_CURVE('',#7812,#7837,#7861,.T.);
#7861 = SURFACE_CURVE('',#7862,(#7866,#7873),.PCURVE_S1.);
#7862 = LINE('',#7863,#7864);
#7863 = CARTESIAN_POINT('',(-31.6,16.,-15.7));
#7864 = VECTOR('',#7865,1.);
#7865 = DIRECTION('',(1.745240643729E-02,-0.999847695156,
    4.631497008611E-19));
#7866 = PCURVE('',#7671,#7867);
#7867 = DEFINITIONAL_REPRESENTATION('',(#7868),#7872);
#7868 = LINE('',#7869,#7870);
#7869 = CARTESIAN_POINT('',(1.570796326795,0.514007616603));
#7870 = VECTOR('',#7871,1.);
#7871 = DIRECTION('',(0.,1.));
#7872 = ( GEOMETRIC_REPRESENTATION_CONTEXT(2) 
PARAMETRIC_REPRESENTATION_CONTEXT() REPRESENTATION_CONTEXT('2D SPACE',''
  ) );
#7873 = PCURVE('',#7874,#7879);
#7874 = PLANE('',#7875);
#7875 = AXIS2_PLACEMENT_3D('',#7876,#7877,#7878);
#7876 = CARTESIAN_POINT('',(-31.61794407264,17.028015233206,-16.75));
#7877 = DIRECTION('',(-0.999847695156,-1.745240643729E-02,
    -4.194087699496E-15));
#7878 = DIRECTION('',(1.745240643729E-02,-0.999847695156,
    4.631497008611E-19));
#7879 = DEFINITIONAL_REPRESENTATION('',(#7880),#7884);
#7880 = LINE('',#7881,#7882);
#7881 = CARTESIAN_POINT('',(1.028171828755,1.05));
#7882 = VECTOR('',#7883,1.);
#7883 = DIRECTION('',(1.,-9.05187073862E-33));
#7884 = ( GEOMETRIC_REPRESENTATION_CONTEXT(2) 
PARAMETRIC_REPRESENTATION_CONTEXT() REPRESENTATION_CONTEXT('2D SPACE',''
  ) );
#7885 = ADVANCED_FACE('',(#7886),#7769,.F.);
#7886 = FACE_BOUND('',#7887,.F.);
#7887 = EDGE_LOOP('',(#7888,#7912,#7913,#7914));
#7888 = ORIENTED_EDGE('',*,*,#7889,.T.);
#7889 = EDGE_CURVE('',#7890,#7730,#7892,.T.);
#7890 = VERTEX_POINT('',#7891);
#7891 = CARTESIAN_POINT('',(-32.78205592735,17.028015233206,-15.7));
#7892 = SURFACE_CURVE('',#7893,(#7898,#7905),.PCURVE_S1.);
#7893 = CIRCLE('',#7894,2.917944072643);
#7894 = AXIS2_PLACEMENT_3D('',#7895,#7896,#7897);
#7895 = CARTESIAN_POINT('',(-35.7,17.028015233206,-15.7));
#7896 = DIRECTION('',(0.,-1.,0.));
#7897 = DIRECTION('',(1.,0.,-3.469446951954E-17));
#7898 = PCURVE('',#7769,#7899);
#7899 = DEFINITIONAL_REPRESENTATION('',(#7900),#7904);
#7900 = LINE('',#7901,#7902);
#7901 = CARTESIAN_POINT('',(4.712388980385,3.12413936107));
#7902 = VECTOR('',#7903,1.);
#7903 = DIRECTION('',(-1.,0.));
#7904 = ( GEOMETRIC_REPRESENTATION_CONTEXT(2) 
PARAMETRIC_REPRESENTATION_CONTEXT() REPRESENTATION_CONTEXT('2D SPACE',''
  ) );
#7905 = PCURVE('',#6869,#7906);
#7906 = DEFINITIONAL_REPRESENTATION('',(#7907),#7911);
#7907 = LINE('',#7908,#7909);
#7908 = CARTESIAN_POINT('',(4.712388980385,0.514007616603));
#7909 = VECTOR('',#7910,1.);
#7910 = DIRECTION('',(-1.,0.));
#7911 = ( GEOMETRIC_REPRESENTATION_CONTEXT(2) 
PARAMETRIC_REPRESENTATION_CONTEXT() REPRESENTATION_CONTEXT('2D SPACE',''
  ) );
#7912 = ORIENTED_EDGE('',*,*,#7754,.T.);
#7913 = ORIENTED_EDGE('',*,*,#7811,.F.);
#7914 = ORIENTED_EDGE('',*,*,#7915,.F.);
#7915 = EDGE_CURVE('',#7890,#7812,#7916,.T.);
#7916 = SURFACE_CURVE('',#7917,(#7922,#7929),.PCURVE_S1.);
#7917 = CIRCLE('',#7918,0.582144590798);
#7918 = AXIS2_PLACEMENT_3D('',#7919,#7920,#7921);
#7919 = CARTESIAN_POINT('',(-32.2,17.017855409202,-15.7));
#7920 = DIRECTION('',(2.653787043783E-17,1.761871870235E-34,-1.));
#7921 = DIRECTION('',(0.999847695156,1.745240643728E-02,
    2.653382859162E-17));
#7922 = PCURVE('',#7769,#7923);
#7923 = DEFINITIONAL_REPRESENTATION('',(#7924),#7928);
#7924 = LINE('',#7925,#7926);
#7925 = CARTESIAN_POINT('',(4.712388980385,6.3006385997));
#7926 = VECTOR('',#7927,1.);
#7927 = DIRECTION('',(0.,-1.));
#7928 = ( GEOMETRIC_REPRESENTATION_CONTEXT(2) 
PARAMETRIC_REPRESENTATION_CONTEXT() REPRESENTATION_CONTEXT('2D SPACE',''
  ) );
#7929 = PCURVE('',#7930,#7935);
#7930 = CYLINDRICAL_SURFACE('',#7931,0.582144590798);
#7931 = AXIS2_PLACEMENT_3D('',#7932,#7933,#7934);
#7932 = CARTESIAN_POINT('',(-32.2,17.017855409202,-16.75));
#7933 = DIRECTION('',(4.194726576672E-15,0.,-1.));
#7934 = DIRECTION('',(0.999847695156,1.745240643728E-02,
    4.194087699496E-15));
#7935 = DEFINITIONAL_REPRESENTATION('',(#7936),#7940);
#7936 = LINE('',#7937,#7938);
#7937 = CARTESIAN_POINT('',(0.,-1.05));
#7938 = VECTOR('',#7939,1.);
#7939 = DIRECTION('',(1.,1.715355333823E-15));
#7940 = ( GEOMETRIC_REPRESENTATION_CONTEXT(2) 
PARAMETRIC_REPRESENTATION_CONTEXT() REPRESENTATION_CONTEXT('2D SPACE',''
  ) );
#7941 = ADVANCED_FACE('',(#7942),#6869,.T.);
#7942 = FACE_BOUND('',#7943,.T.);
#7943 = EDGE_LOOP('',(#7944,#7965,#7966,#7967));
#7944 = ORIENTED_EDGE('',*,*,#7945,.T.);
#7945 = EDGE_CURVE('',#6821,#7890,#7946,.T.);
#7946 = SURFACE_CURVE('',#7947,(#7951,#7958),.PCURVE_S1.);
#7947 = LINE('',#7948,#7949);
#7948 = CARTESIAN_POINT('',(-32.78205592735,17.028015233206,-15.7));
#7949 = VECTOR('',#7950,1.);
#7950 = DIRECTION('',(1.745240643729E-02,0.999847695156,
    4.631497008611E-19));
#7951 = PCURVE('',#6869,#7952);
#7952 = DEFINITIONAL_REPRESENTATION('',(#7953),#7957);
#7953 = LINE('',#7954,#7955);
#7954 = CARTESIAN_POINT('',(4.712388980385,0.514007616603));
#7955 = VECTOR('',#7956,1.);
#7956 = DIRECTION('',(0.,1.));
#7957 = ( GEOMETRIC_REPRESENTATION_CONTEXT(2) 
PARAMETRIC_REPRESENTATION_CONTEXT() REPRESENTATION_CONTEXT('2D SPACE',''
  ) );
#7958 = PCURVE('',#6836,#7959);
#7959 = DEFINITIONAL_REPRESENTATION('',(#7960),#7964);
#7960 = LINE('',#7961,#7962);
#7961 = CARTESIAN_POINT('',(1.028171828755,1.05));
#7962 = VECTOR('',#7963,1.);
#7963 = DIRECTION('',(1.,-9.05187073862E-33));
#7964 = ( GEOMETRIC_REPRESENTATION_CONTEXT(2) 
PARAMETRIC_REPRESENTATION_CONTEXT() REPRESENTATION_CONTEXT('2D SPACE',''
  ) );
#7965 = ORIENTED_EDGE('',*,*,#7889,.T.);
#7966 = ORIENTED_EDGE('',*,*,#7784,.F.);
#7967 = ORIENTED_EDGE('',*,*,#6848,.F.);
#7968 = ADVANCED_FACE('',(#7969),#7874,.T.);
#7969 = FACE_BOUND('',#7970,.T.);
#7970 = EDGE_LOOP('',(#7971,#8001,#8022,#8023));
#7971 = ORIENTED_EDGE('',*,*,#7972,.T.);
#7972 = EDGE_CURVE('',#7973,#7975,#7977,.T.);
#7973 = VERTEX_POINT('',#7974);
#7974 = CARTESIAN_POINT('',(-31.61794407264,17.028015233206,-16.75));
#7975 = VERTEX_POINT('',#7976);
#7976 = CARTESIAN_POINT('',(-31.6,16.,-16.75));
#7977 = SURFACE_CURVE('',#7978,(#7982,#7989),.PCURVE_S1.);
#7978 = LINE('',#7979,#7980);
#7979 = CARTESIAN_POINT('',(-31.6,16.,-16.75));
#7980 = VECTOR('',#7981,1.);
#7981 = DIRECTION('',(1.745240643729E-02,-0.999847695156,
    4.631497008611E-19));
#7982 = PCURVE('',#7874,#7983);
#7983 = DEFINITIONAL_REPRESENTATION('',(#7984),#7988);
#7984 = LINE('',#7985,#7986);
#7985 = CARTESIAN_POINT('',(1.028171828755,-1.098757556288E-18));
#7986 = VECTOR('',#7987,1.);
#7987 = DIRECTION('',(1.,-9.05187073862E-33));
#7988 = ( GEOMETRIC_REPRESENTATION_CONTEXT(2) 
PARAMETRIC_REPRESENTATION_CONTEXT() REPRESENTATION_CONTEXT('2D SPACE',''
  ) );
#7989 = PCURVE('',#7990,#7995);
#7990 = CONICAL_SURFACE('',#7991,1.158972036321,1.745329251995E-02);
#7991 = AXIS2_PLACEMENT_3D('',#7992,#7993,#7994);
#7992 = CARTESIAN_POINT('',(-30.45,16.514007616603,-16.75));
#7993 = DIRECTION('',(0.,1.,0.));
#7994 = DIRECTION('',(-3.469446951954E-17,0.,-1.));
#7995 = DEFINITIONAL_REPRESENTATION('',(#7996),#8000);
#7996 = LINE('',#7997,#7998);
#7997 = CARTESIAN_POINT('',(1.570796326795,-0.514007616603));
#7998 = VECTOR('',#7999,1.);
#7999 = DIRECTION('',(0.,-1.));
#8000 = ( GEOMETRIC_REPRESENTATION_CONTEXT(2) 
PARAMETRIC_REPRESENTATION_CONTEXT() REPRESENTATION_CONTEXT('2D SPACE',''
  ) );
#8001 = ORIENTED_EDGE('',*,*,#8002,.F.);
#8002 = EDGE_CURVE('',#7837,#7975,#8003,.T.);
#8003 = SURFACE_CURVE('',#8004,(#8008,#8015),.PCURVE_S1.);
#8004 = LINE('',#8005,#8006);
#8005 = CARTESIAN_POINT('',(-31.6,16.,-13.375));
#8006 = VECTOR('',#8007,1.);
#8007 = DIRECTION('',(4.194726576672E-15,0.,-1.));
#8008 = PCURVE('',#7874,#8009);
#8009 = DEFINITIONAL_REPRESENTATION('',(#8010),#8014);
#8010 = LINE('',#8011,#8012);
#8011 = CARTESIAN_POINT('',(1.028171828755,3.375));
#8012 = VECTOR('',#8013,1.);
#8013 = DIRECTION('',(7.27449234085E-17,-1.));
#8014 = ( GEOMETRIC_REPRESENTATION_CONTEXT(2) 
PARAMETRIC_REPRESENTATION_CONTEXT() REPRESENTATION_CONTEXT('2D SPACE',''
  ) );
#8015 = PCURVE('',#44,#8016);
#8016 = DEFINITIONAL_REPRESENTATION('',(#8017),#8021);
#8017 = LINE('',#8018,#8019);
#8018 = CARTESIAN_POINT('',(-3.375,-11.6));
#8019 = VECTOR('',#8020,1.);
#8020 = DIRECTION('',(-1.,4.229421046191E-15));
#8021 = ( GEOMETRIC_REPRESENTATION_CONTEXT(2) 
PARAMETRIC_REPRESENTATION_CONTEXT() REPRESENTATION_CONTEXT('2D SPACE',''
  ) );
#8022 = ORIENTED_EDGE('',*,*,#7860,.F.);
#8023 = ORIENTED_EDGE('',*,*,#8024,.F.);
#8024 = EDGE_CURVE('',#7973,#7812,#8025,.T.);
#8025 = SURFACE_CURVE('',#8026,(#8030,#8037),.PCURVE_S1.);
#8026 = LINE('',#8027,#8028);
#8027 = CARTESIAN_POINT('',(-31.61794407264,17.028015233206,-16.75));
#8028 = VECTOR('',#8029,1.);
#8029 = DIRECTION('',(-4.194726576672E-15,0.,1.));
#8030 = PCURVE('',#7874,#8031);
#8031 = DEFINITIONAL_REPRESENTATION('',(#8032),#8036);
#8032 = LINE('',#8033,#8034);
#8033 = CARTESIAN_POINT('',(0.,0.));
#8034 = VECTOR('',#8035,1.);
#8035 = DIRECTION('',(-7.27449234085E-17,1.));
#8036 = ( GEOMETRIC_REPRESENTATION_CONTEXT(2) 
PARAMETRIC_REPRESENTATION_CONTEXT() REPRESENTATION_CONTEXT('2D SPACE',''
  ) );
#8037 = PCURVE('',#7930,#8038);
#8038 = DEFINITIONAL_REPRESENTATION('',(#8039),#8043);
#8039 = LINE('',#8040,#8041);
#8040 = CARTESIAN_POINT('',(6.28318530718,0.));
#8041 = VECTOR('',#8042,1.);
#8042 = DIRECTION('',(0.,-1.));
#8043 = ( GEOMETRIC_REPRESENTATION_CONTEXT(2) 
PARAMETRIC_REPRESENTATION_CONTEXT() REPRESENTATION_CONTEXT('2D SPACE',''
  ) );
#8044 = ADVANCED_FACE('',(#8045),#7930,.F.);
#8045 = FACE_BOUND('',#8046,.F.);
#8046 = EDGE_LOOP('',(#8047,#8070,#8071,#8072));
#8047 = ORIENTED_EDGE('',*,*,#8048,.T.);
#8048 = EDGE_CURVE('',#8049,#7890,#8051,.T.);
#8049 = VERTEX_POINT('',#8050);
#8050 = CARTESIAN_POINT('',(-32.78205592735,17.028015233206,-16.75));
#8051 = SURFACE_CURVE('',#8052,(#8056,#8063),.PCURVE_S1.);
#8052 = LINE('',#8053,#8054);
#8053 = CARTESIAN_POINT('',(-32.78205592735,17.028015233206,-16.75));
#8054 = VECTOR('',#8055,1.);
#8055 = DIRECTION('',(-4.194726576672E-15,0.,1.));
#8056 = PCURVE('',#7930,#8057);
#8057 = DEFINITIONAL_REPRESENTATION('',(#8058),#8062);
#8058 = LINE('',#8059,#8060);
#8059 = CARTESIAN_POINT('',(3.17649923863,-3.552713678801E-15));
#8060 = VECTOR('',#8061,1.);
#8061 = DIRECTION('',(-4.229421046191E-16,-1.));
#8062 = ( GEOMETRIC_REPRESENTATION_CONTEXT(2) 
PARAMETRIC_REPRESENTATION_CONTEXT() REPRESENTATION_CONTEXT('2D SPACE',''
  ) );
#8063 = PCURVE('',#6836,#8064);
#8064 = DEFINITIONAL_REPRESENTATION('',(#8065),#8069);
#8065 = LINE('',#8066,#8067);
#8066 = CARTESIAN_POINT('',(1.028171828755,-1.098757556273E-18));
#8067 = VECTOR('',#8068,1.);
#8068 = DIRECTION('',(-7.27449234085E-17,1.));
#8069 = ( GEOMETRIC_REPRESENTATION_CONTEXT(2) 
PARAMETRIC_REPRESENTATION_CONTEXT() REPRESENTATION_CONTEXT('2D SPACE',''
  ) );
#8070 = ORIENTED_EDGE('',*,*,#7915,.T.);
#8071 = ORIENTED_EDGE('',*,*,#8024,.F.);
#8072 = ORIENTED_EDGE('',*,*,#8073,.F.);
#8073 = EDGE_CURVE('',#8049,#7973,#8074,.T.);
#8074 = SURFACE_CURVE('',#8075,(#8080,#8087),.PCURVE_S1.);
#8075 = CIRCLE('',#8076,0.582144590798);
#8076 = AXIS2_PLACEMENT_3D('',#8077,#8078,#8079);
#8077 = CARTESIAN_POINT('',(-32.2,17.017855409202,-16.75));
#8078 = DIRECTION('',(2.653787043783E-17,1.761871870235E-34,-1.));
#8079 = DIRECTION('',(0.999847695156,1.745240643728E-02,
    2.653382859162E-17));
#8080 = PCURVE('',#7930,#8081);
#8081 = DEFINITIONAL_REPRESENTATION('',(#8082),#8086);
#8082 = LINE('',#8083,#8084);
#8083 = CARTESIAN_POINT('',(0.,-7.185263620046E-15));
#8084 = VECTOR('',#8085,1.);
#8085 = DIRECTION('',(1.,1.143570222549E-15));
#8086 = ( GEOMETRIC_REPRESENTATION_CONTEXT(2) 
PARAMETRIC_REPRESENTATION_CONTEXT() REPRESENTATION_CONTEXT('2D SPACE',''
  ) );
#8087 = PCURVE('',#8088,#8093);
#8088 = TOROIDAL_SURFACE('',#8089,1.75,0.582144590798);
#8089 = AXIS2_PLACEMENT_3D('',#8090,#8091,#8092);
#8090 = CARTESIAN_POINT('',(-30.45,17.017855409202,-16.75));
#8091 = DIRECTION('',(0.,-1.,0.));
#8092 = DIRECTION('',(3.469446951954E-17,0.,1.));
#8093 = DEFINITIONAL_REPRESENTATION('',(#8094),#8098);
#8094 = LINE('',#8095,#8096);
#8095 = CARTESIAN_POINT('',(1.570796326795,9.442231253289));
#8096 = VECTOR('',#8097,1.);
#8097 = DIRECTION('',(0.,-1.));
#8098 = ( GEOMETRIC_REPRESENTATION_CONTEXT(2) 
PARAMETRIC_REPRESENTATION_CONTEXT() REPRESENTATION_CONTEXT('2D SPACE',''
  ) );
#8099 = ADVANCED_FACE('',(#8100),#6836,.T.);
#8100 = FACE_BOUND('',#8101,.T.);
#8101 = EDGE_LOOP('',(#8102,#8123,#8124,#8125));
#8102 = ORIENTED_EDGE('',*,*,#8103,.T.);
#8103 = EDGE_CURVE('',#6792,#8049,#8104,.T.);
#8104 = SURFACE_CURVE('',#8105,(#8109,#8116),.PCURVE_S1.);
#8105 = LINE('',#8106,#8107);
#8106 = CARTESIAN_POINT('',(-32.78205592735,17.028015233206,-16.75));
#8107 = VECTOR('',#8108,1.);
#8108 = DIRECTION('',(1.745240643729E-02,0.999847695156,
    4.631497008611E-19));
#8109 = PCURVE('',#6836,#8110);
#8110 = DEFINITIONAL_REPRESENTATION('',(#8111),#8115);
#8111 = LINE('',#8112,#8113);
#8112 = CARTESIAN_POINT('',(1.028171828755,-1.098757556273E-18));
#8113 = VECTOR('',#8114,1.);
#8114 = DIRECTION('',(1.,-9.05187073862E-33));
#8115 = ( GEOMETRIC_REPRESENTATION_CONTEXT(2) 
PARAMETRIC_REPRESENTATION_CONTEXT() REPRESENTATION_CONTEXT('2D SPACE',''
  ) );
#8116 = PCURVE('',#6808,#8117);
#8117 = DEFINITIONAL_REPRESENTATION('',(#8118),#8122);
#8118 = LINE('',#8119,#8120);
#8119 = CARTESIAN_POINT('',(4.712388980385,-0.514007616603));
#8120 = VECTOR('',#8121,1.);
#8121 = DIRECTION('',(0.,-1.));
#8122 = ( GEOMETRIC_REPRESENTATION_CONTEXT(2) 
PARAMETRIC_REPRESENTATION_CONTEXT() REPRESENTATION_CONTEXT('2D SPACE',''
  ) );
#8123 = ORIENTED_EDGE('',*,*,#8048,.T.);
#8124 = ORIENTED_EDGE('',*,*,#7945,.F.);
#8125 = ORIENTED_EDGE('',*,*,#6820,.F.);
#8126 = ADVANCED_FACE('',(#8127),#7990,.T.);
#8127 = FACE_BOUND('',#8128,.T.);
#8128 = EDGE_LOOP('',(#8129,#8154,#8180,#8181));
#8129 = ORIENTED_EDGE('',*,*,#8130,.T.);
#8130 = EDGE_CURVE('',#8131,#8133,#8135,.T.);
#8131 = VERTEX_POINT('',#8132);
#8132 = CARTESIAN_POINT('',(-30.45,17.028015233206,-17.91794407264));
#8133 = VERTEX_POINT('',#8134);
#8134 = CARTESIAN_POINT('',(-30.45,16.,-17.9));
#8135 = SURFACE_CURVE('',#8136,(#8140,#8147),.PCURVE_S1.);
#8136 = LINE('',#8137,#8138);
#8137 = CARTESIAN_POINT('',(-30.45,16.,-17.9));
#8138 = VECTOR('',#8139,1.);
#8139 = DIRECTION('',(6.05501983181E-19,-0.999847695156,
    1.745240643729E-02));
#8140 = PCURVE('',#7990,#8141);
#8141 = DEFINITIONAL_REPRESENTATION('',(#8142),#8146);
#8142 = LINE('',#8143,#8144);
#8143 = CARTESIAN_POINT('',(0.,-0.514007616603));
#8144 = VECTOR('',#8145,1.);
#8145 = DIRECTION('',(0.,-1.));
#8146 = ( GEOMETRIC_REPRESENTATION_CONTEXT(2) 
PARAMETRIC_REPRESENTATION_CONTEXT() REPRESENTATION_CONTEXT('2D SPACE',''
  ) );
#8147 = PCURVE('',#6327,#8148);
#8148 = DEFINITIONAL_REPRESENTATION('',(#8149),#8153);
#8149 = LINE('',#8150,#8151);
#8150 = CARTESIAN_POINT('',(1.028171828755,30.45));
#8151 = VECTOR('',#8152,1.);
#8152 = DIRECTION('',(1.,1.701674143774E-35));
#8153 = ( GEOMETRIC_REPRESENTATION_CONTEXT(2) 
PARAMETRIC_REPRESENTATION_CONTEXT() REPRESENTATION_CONTEXT('2D SPACE',''
  ) );
#8154 = ORIENTED_EDGE('',*,*,#8155,.F.);
#8155 = EDGE_CURVE('',#7975,#8133,#8156,.T.);
#8156 = SURFACE_CURVE('',#8157,(#8162,#8169),.PCURVE_S1.);
#8157 = CIRCLE('',#8158,1.15);
#8158 = AXIS2_PLACEMENT_3D('',#8159,#8160,#8161);
#8159 = CARTESIAN_POINT('',(-30.45,16.,-16.75));
#8160 = DIRECTION('',(0.,-1.,-0.));
#8161 = DIRECTION('',(-3.469446951954E-17,0.,-1.));
#8162 = PCURVE('',#7990,#8163);
#8163 = DEFINITIONAL_REPRESENTATION('',(#8164),#8168);
#8164 = LINE('',#8165,#8166);
#8165 = CARTESIAN_POINT('',(6.28318530718,-0.514007616603));
#8166 = VECTOR('',#8167,1.);
#8167 = DIRECTION('',(-1.,0.));
#8168 = ( GEOMETRIC_REPRESENTATION_CONTEXT(2) 
PARAMETRIC_REPRESENTATION_CONTEXT() REPRESENTATION_CONTEXT('2D SPACE',''
  ) );
#8169 = PCURVE('',#44,#8170);
#8170 = DEFINITIONAL_REPRESENTATION('',(#8171),#8179);
#8171 = ( BOUNDED_CURVE() B_SPLINE_CURVE(2,(#8172,#8173,#8174,#8175,
#8176,#8177,#8178),.UNSPECIFIED.,.T.,.F.) B_SPLINE_CURVE_WITH_KNOTS((1,2
    ,2,2,2,1),(-2.094395102393,0.,2.094395102393,4.188790204786,
6.28318530718,8.377580409573),.UNSPECIFIED.) CURVE() 
GEOMETRIC_REPRESENTATION_ITEM() RATIONAL_B_SPLINE_CURVE((1.,0.5,1.,0.5,
1.,0.5,1.)) REPRESENTATION_ITEM('') );
#8172 = CARTESIAN_POINT('',(-7.9,-10.45));
#8173 = CARTESIAN_POINT('',(-7.9,-8.458141571296));
#8174 = CARTESIAN_POINT('',(-6.175,-9.454070785648));
#8175 = CARTESIAN_POINT('',(-4.45,-10.45));
#8176 = CARTESIAN_POINT('',(-6.175,-11.44592921435));
#8177 = CARTESIAN_POINT('',(-7.9,-12.4418584287));
#8178 = CARTESIAN_POINT('',(-7.9,-10.45));
#8179 = ( GEOMETRIC_REPRESENTATION_CONTEXT(2) 
PARAMETRIC_REPRESENTATION_CONTEXT() REPRESENTATION_CONTEXT('2D SPACE',''
  ) );
#8180 = ORIENTED_EDGE('',*,*,#7972,.F.);
#8181 = ORIENTED_EDGE('',*,*,#8182,.F.);
#8182 = EDGE_CURVE('',#8131,#7973,#8183,.T.);
#8183 = SURFACE_CURVE('',#8184,(#8189,#8196),.PCURVE_S1.);
#8184 = CIRCLE('',#8185,1.167944072643);
#8185 = AXIS2_PLACEMENT_3D('',#8186,#8187,#8188);
#8186 = CARTESIAN_POINT('',(-30.45,17.028015233206,-16.75));
#8187 = DIRECTION('',(5.737251350666E-16,1.,5.737251350666E-16));
#8188 = DIRECTION('',(-3.469446951954E-17,5.737251350666E-16,-1.));
#8189 = PCURVE('',#7990,#8190);
#8190 = DEFINITIONAL_REPRESENTATION('',(#8191),#8195);
#8191 = LINE('',#8192,#8193);
#8192 = CARTESIAN_POINT('',(0.,0.514007616603));
#8193 = VECTOR('',#8194,1.);
#8194 = DIRECTION('',(1.,0.));
#8195 = ( GEOMETRIC_REPRESENTATION_CONTEXT(2) 
PARAMETRIC_REPRESENTATION_CONTEXT() REPRESENTATION_CONTEXT('2D SPACE',''
  ) );
#8196 = PCURVE('',#8088,#8197);
#8197 = DEFINITIONAL_REPRESENTATION('',(#8198),#8202);
#8198 = LINE('',#8199,#8200);
#8199 = CARTESIAN_POINT('',(3.14159265359,3.15904594611));
#8200 = VECTOR('',#8201,1.);
#8201 = DIRECTION('',(-1.,0.));
#8202 = ( GEOMETRIC_REPRESENTATION_CONTEXT(2) 
PARAMETRIC_REPRESENTATION_CONTEXT() REPRESENTATION_CONTEXT('2D SPACE',''
  ) );
#8203 = ADVANCED_FACE('',(#8204),#8088,.F.);
#8204 = FACE_BOUND('',#8205,.F.);
#8205 = EDGE_LOOP('',(#8206,#8230,#8231,#8232));
#8206 = ORIENTED_EDGE('',*,*,#8207,.T.);
#8207 = EDGE_CURVE('',#8208,#8049,#8210,.T.);
#8208 = VERTEX_POINT('',#8209);
#8209 = CARTESIAN_POINT('',(-30.45,17.028015233206,-19.08205592735));
#8210 = SURFACE_CURVE('',#8211,(#8216,#8223),.PCURVE_S1.);
#8211 = CIRCLE('',#8212,2.332055927357);
#8212 = AXIS2_PLACEMENT_3D('',#8213,#8214,#8215);
#8213 = CARTESIAN_POINT('',(-30.45,17.028015233206,-16.75));
#8214 = DIRECTION('',(2.873339626921E-16,1.,2.873339626921E-16));
#8215 = DIRECTION('',(1.86958751892E-15,2.873339626921E-16,-1.));
#8216 = PCURVE('',#8088,#8217);
#8217 = DEFINITIONAL_REPRESENTATION('',(#8218),#8222);
#8218 = LINE('',#8219,#8220);
#8219 = CARTESIAN_POINT('',(3.14159265359,6.26573201466));
#8220 = VECTOR('',#8221,1.);
#8221 = DIRECTION('',(-1.,0.));
#8222 = ( GEOMETRIC_REPRESENTATION_CONTEXT(2) 
PARAMETRIC_REPRESENTATION_CONTEXT() REPRESENTATION_CONTEXT('2D SPACE',''
  ) );
#8223 = PCURVE('',#6808,#8224);
#8224 = DEFINITIONAL_REPRESENTATION('',(#8225),#8229);
#8225 = LINE('',#8226,#8227);
#8226 = CARTESIAN_POINT('',(6.28318530718,-0.514007616603));
#8227 = VECTOR('',#8228,1.);
#8228 = DIRECTION('',(-1.,-7.066822816845E-17));
#8229 = ( GEOMETRIC_REPRESENTATION_CONTEXT(2) 
PARAMETRIC_REPRESENTATION_CONTEXT() REPRESENTATION_CONTEXT('2D SPACE',''
  ) );
#8230 = ORIENTED_EDGE('',*,*,#8073,.T.);
#8231 = ORIENTED_EDGE('',*,*,#8182,.F.);
#8232 = ORIENTED_EDGE('',*,*,#8233,.F.);
#8233 = EDGE_CURVE('',#8208,#8131,#8234,.T.);
#8234 = SURFACE_CURVE('',#8235,(#8240,#8247),.PCURVE_S1.);
#8235 = CIRCLE('',#8236,0.582144590798);
#8236 = AXIS2_PLACEMENT_3D('',#8237,#8238,#8239);
#8237 = CARTESIAN_POINT('',(-30.45,17.017855409202,-18.5));
#8238 = DIRECTION('',(1.,4.318074748742E-35,-3.469446951954E-17));
#8239 = DIRECTION('',(3.468918538378E-17,1.745240643728E-02,
    0.999847695156));
#8240 = PCURVE('',#8088,#8241);
#8241 = DEFINITIONAL_REPRESENTATION('',(#8242),#8246);
#8242 = LINE('',#8243,#8244);
#8243 = CARTESIAN_POINT('',(3.14159265359,9.442231253289));
#8244 = VECTOR('',#8245,1.);
#8245 = DIRECTION('',(0.,-1.));
#8246 = ( GEOMETRIC_REPRESENTATION_CONTEXT(2) 
PARAMETRIC_REPRESENTATION_CONTEXT() REPRESENTATION_CONTEXT('2D SPACE',''
  ) );
#8247 = PCURVE('',#6432,#8248);
#8248 = DEFINITIONAL_REPRESENTATION('',(#8249),#8253);
#8249 = LINE('',#8250,#8251);
#8250 = CARTESIAN_POINT('',(-8.881784197001E-16,-30.45));
#8251 = VECTOR('',#8252,1.);
#8252 = DIRECTION('',(1.,0.));
#8253 = ( GEOMETRIC_REPRESENTATION_CONTEXT(2) 
PARAMETRIC_REPRESENTATION_CONTEXT() REPRESENTATION_CONTEXT('2D SPACE',''
  ) );
#8254 = ADVANCED_FACE('',(#8255),#6808,.F.);
#8255 = FACE_BOUND('',#8256,.F.);
#8256 = EDGE_LOOP('',(#8257,#8258,#8259,#8260));
#8257 = ORIENTED_EDGE('',*,*,#6791,.T.);
#8258 = ORIENTED_EDGE('',*,*,#8103,.T.);
#8259 = ORIENTED_EDGE('',*,*,#8207,.F.);
#8260 = ORIENTED_EDGE('',*,*,#8261,.F.);
#8261 = EDGE_CURVE('',#6769,#8208,#8262,.T.);
#8262 = SURFACE_CURVE('',#8263,(#8267,#8274),.PCURVE_S1.);
#8263 = LINE('',#8264,#8265);
#8264 = CARTESIAN_POINT('',(-30.45,17.028015233206,-19.08205592735));
#8265 = VECTOR('',#8266,1.);
#8266 = DIRECTION('',(6.05501983181E-19,0.999847695156,
    1.745240643729E-02));
#8267 = PCURVE('',#6808,#8268);
#8268 = DEFINITIONAL_REPRESENTATION('',(#8269),#8273);
#8269 = LINE('',#8270,#8271);
#8270 = CARTESIAN_POINT('',(6.28318530718,-0.514007616603));
#8271 = VECTOR('',#8272,1.);
#8272 = DIRECTION('',(0.,-1.));
#8273 = ( GEOMETRIC_REPRESENTATION_CONTEXT(2) 
PARAMETRIC_REPRESENTATION_CONTEXT() REPRESENTATION_CONTEXT('2D SPACE',''
  ) );
#8274 = PCURVE('',#6487,#8275);
#8275 = DEFINITIONAL_REPRESENTATION('',(#8276),#8280);
#8276 = LINE('',#8277,#8278);
#8277 = CARTESIAN_POINT('',(1.028171828755,30.45));
#8278 = VECTOR('',#8279,1.);
#8279 = DIRECTION('',(1.,1.701674143774E-35));
#8280 = ( GEOMETRIC_REPRESENTATION_CONTEXT(2) 
PARAMETRIC_REPRESENTATION_CONTEXT() REPRESENTATION_CONTEXT('2D SPACE',''
  ) );
#8281 = ADVANCED_FACE('',(#8282),#6327,.T.);
#8282 = FACE_BOUND('',#8283,.T.);
#8283 = EDGE_LOOP('',(#8284,#8305,#8306,#8327));
#8284 = ORIENTED_EDGE('',*,*,#8285,.F.);
#8285 = EDGE_CURVE('',#8133,#6312,#8286,.T.);
#8286 = SURFACE_CURVE('',#8287,(#8291,#8298),.PCURVE_S1.);
#8287 = LINE('',#8288,#8289);
#8288 = CARTESIAN_POINT('',(-10.,16.,-17.9));
#8289 = VECTOR('',#8290,1.);
#8290 = DIRECTION('',(1.,0.,-5.451418371633E-16));
#8291 = PCURVE('',#6327,#8292);
#8292 = DEFINITIONAL_REPRESENTATION('',(#8293),#8297);
#8293 = LINE('',#8294,#8295);
#8294 = CARTESIAN_POINT('',(1.028171828755,10.));
#8295 = VECTOR('',#8296,1.);
#8296 = DIRECTION('',(-8.908534924962E-18,-1.));
#8297 = ( GEOMETRIC_REPRESENTATION_CONTEXT(2) 
PARAMETRIC_REPRESENTATION_CONTEXT() REPRESENTATION_CONTEXT('2D SPACE',''
  ) );
#8298 = PCURVE('',#44,#8299);
#8299 = DEFINITIONAL_REPRESENTATION('',(#8300),#8304);
#8300 = LINE('',#8301,#8302);
#8301 = CARTESIAN_POINT('',(-7.9,10.));
#8302 = VECTOR('',#8303,1.);
#8303 = DIRECTION('',(-5.104473676438E-16,1.));
#8304 = ( GEOMETRIC_REPRESENTATION_CONTEXT(2) 
PARAMETRIC_REPRESENTATION_CONTEXT() REPRESENTATION_CONTEXT('2D SPACE',''
  ) );
#8305 = ORIENTED_EDGE('',*,*,#8130,.F.);
#8306 = ORIENTED_EDGE('',*,*,#8307,.T.);
#8307 = EDGE_CURVE('',#8131,#6310,#8308,.T.);
#8308 = SURFACE_CURVE('',#8309,(#8313,#8320),.PCURVE_S1.);
#8309 = LINE('',#8310,#8311);
#8310 = CARTESIAN_POINT('',(3.490548322352E-14,17.028015233206,
    -17.91794407264));
#8311 = VECTOR('',#8312,1.);
#8312 = DIRECTION('',(1.,0.,4.757528981242E-16));
#8313 = PCURVE('',#6327,#8314);
#8314 = DEFINITIONAL_REPRESENTATION('',(#8315),#8319);
#8315 = LINE('',#8316,#8317);
#8316 = CARTESIAN_POINT('',(0.,0.));
#8317 = VECTOR('',#8318,1.);
#8318 = DIRECTION('',(8.908534924962E-18,-1.));
#8319 = ( GEOMETRIC_REPRESENTATION_CONTEXT(2) 
PARAMETRIC_REPRESENTATION_CONTEXT() REPRESENTATION_CONTEXT('2D SPACE',''
  ) );
#8320 = PCURVE('',#6432,#8321);
#8321 = DEFINITIONAL_REPRESENTATION('',(#8322),#8326);
#8322 = LINE('',#8323,#8324);
#8323 = CARTESIAN_POINT('',(6.28318530718,0.));
#8324 = VECTOR('',#8325,1.);
#8325 = DIRECTION('',(0.,1.));
#8326 = ( GEOMETRIC_REPRESENTATION_CONTEXT(2) 
PARAMETRIC_REPRESENTATION_CONTEXT() REPRESENTATION_CONTEXT('2D SPACE',''
  ) );
#8327 = ORIENTED_EDGE('',*,*,#6309,.T.);
#8328 = ADVANCED_FACE('',(#8329),#6432,.F.);
#8329 = FACE_BOUND('',#8330,.F.);
#8330 = EDGE_LOOP('',(#8331,#8332,#8353,#8354));
#8331 = ORIENTED_EDGE('',*,*,#6417,.F.);
#8332 = ORIENTED_EDGE('',*,*,#8333,.T.);
#8333 = EDGE_CURVE('',#6394,#8208,#8334,.T.);
#8334 = SURFACE_CURVE('',#8335,(#8339,#8346),.PCURVE_S1.);
#8335 = LINE('',#8336,#8337);
#8336 = CARTESIAN_POINT('',(3.486509498026E-14,17.028015233206,
    -19.08205592735));
#8337 = VECTOR('',#8338,1.);
#8338 = DIRECTION('',(-1.,0.,5.451418371633E-16));
#8339 = PCURVE('',#6432,#8340);
#8340 = DEFINITIONAL_REPRESENTATION('',(#8341),#8345);
#8341 = LINE('',#8342,#8343);
#8342 = CARTESIAN_POINT('',(3.17649923863,0.));
#8343 = VECTOR('',#8344,1.);
#8344 = DIRECTION('',(0.,-1.));
#8345 = ( GEOMETRIC_REPRESENTATION_CONTEXT(2) 
PARAMETRIC_REPRESENTATION_CONTEXT() REPRESENTATION_CONTEXT('2D SPACE',''
  ) );
#8346 = PCURVE('',#6487,#8347);
#8347 = DEFINITIONAL_REPRESENTATION('',(#8348),#8352);
#8348 = LINE('',#8349,#8350);
#8349 = CARTESIAN_POINT('',(1.028171828755,-2.792146108497E-30));
#8350 = VECTOR('',#8351,1.);
#8351 = DIRECTION('',(8.908534924962E-18,1.));
#8352 = ( GEOMETRIC_REPRESENTATION_CONTEXT(2) 
PARAMETRIC_REPRESENTATION_CONTEXT() REPRESENTATION_CONTEXT('2D SPACE',''
  ) );
#8353 = ORIENTED_EDGE('',*,*,#8233,.T.);
#8354 = ORIENTED_EDGE('',*,*,#8307,.T.);
#8355 = ADVANCED_FACE('',(#8356),#6487,.T.);
#8356 = FACE_BOUND('',#8357,.T.);
#8357 = EDGE_LOOP('',(#8358,#8359,#8360,#8361));
#8358 = ORIENTED_EDGE('',*,*,#8333,.T.);
#8359 = ORIENTED_EDGE('',*,*,#8261,.F.);
#8360 = ORIENTED_EDGE('',*,*,#6768,.F.);
#8361 = ORIENTED_EDGE('',*,*,#6473,.T.);
#8362 = ADVANCED_FACE('',(#8363),#5529,.T.);
#8363 = FACE_BOUND('',#8364,.T.);
#8364 = EDGE_LOOP('',(#8365,#8395,#8416,#8417));
#8365 = ORIENTED_EDGE('',*,*,#8366,.T.);
#8366 = EDGE_CURVE('',#8367,#8369,#8371,.T.);
#8367 = VERTEX_POINT('',#8368);
#8368 = CARTESIAN_POINT('',(37.917944072643,17.028015233206,10.45));
#8369 = VERTEX_POINT('',#8370);
#8370 = CARTESIAN_POINT('',(37.9,16.,10.45));
#8371 = SURFACE_CURVE('',#8372,(#8376,#8383),.PCURVE_S1.);
#8372 = LINE('',#8373,#8374);
#8373 = CARTESIAN_POINT('',(37.9,16.,10.45));
#8374 = VECTOR('',#8375,1.);
#8375 = DIRECTION('',(-1.745240643729E-02,-0.999847695156,
    -1.208878777794E-17));
#8376 = PCURVE('',#5529,#8377);
#8377 = DEFINITIONAL_REPRESENTATION('',(#8378),#8382);
#8378 = LINE('',#8379,#8380);
#8379 = CARTESIAN_POINT('',(1.028171828755,-1.305191111844E-17));
#8380 = VECTOR('',#8381,1.);
#8381 = DIRECTION('',(1.,0.));
#8382 = ( GEOMETRIC_REPRESENTATION_CONTEXT(2) 
PARAMETRIC_REPRESENTATION_CONTEXT() REPRESENTATION_CONTEXT('2D SPACE',''
  ) );
#8383 = PCURVE('',#8384,#8389);
#8384 = CONICAL_SURFACE('',#8385,1.158972036321,1.745329251995E-02);
#8385 = AXIS2_PLACEMENT_3D('',#8386,#8387,#8388);
#8386 = CARTESIAN_POINT('',(36.75,16.514007616603,10.45));
#8387 = DIRECTION('',(0.,1.,0.));
#8388 = DIRECTION('',(3.469446951954E-17,0.,1.));
#8389 = DEFINITIONAL_REPRESENTATION('',(#8390),#8394);
#8390 = LINE('',#8391,#8392);
#8391 = CARTESIAN_POINT('',(1.570796326795,-0.514007616603));
#8392 = VECTOR('',#8393,1.);
#8393 = DIRECTION('',(0.,-1.));
#8394 = ( GEOMETRIC_REPRESENTATION_CONTEXT(2) 
PARAMETRIC_REPRESENTATION_CONTEXT() REPRESENTATION_CONTEXT('2D SPACE',''
  ) );
#8395 = ORIENTED_EDGE('',*,*,#8396,.F.);
#8396 = EDGE_CURVE('',#5514,#8369,#8397,.T.);
#8397 = SURFACE_CURVE('',#8398,(#8402,#8409),.PCURVE_S1.);
#8398 = LINE('',#8399,#8400);
#8399 = CARTESIAN_POINT('',(37.9,16.,0.225));
#8400 = VECTOR('',#8401,1.);
#8401 = DIRECTION('',(-3.902712815332E-16,0.,1.));
#8402 = PCURVE('',#5529,#8403);
#8403 = DEFINITIONAL_REPRESENTATION('',(#8404),#8408);
#8404 = LINE('',#8405,#8406);
#8405 = CARTESIAN_POINT('',(1.028171828755,10.225));
#8406 = VECTOR('',#8407,1.);
#8407 = DIRECTION('',(-5.277614751819E-18,-1.));
#8408 = ( GEOMETRIC_REPRESENTATION_CONTEXT(2) 
PARAMETRIC_REPRESENTATION_CONTEXT() REPRESENTATION_CONTEXT('2D SPACE',''
  ) );
#8409 = PCURVE('',#44,#8410);
#8410 = DEFINITIONAL_REPRESENTATION('',(#8411),#8415);
#8411 = LINE('',#8412,#8413);
#8412 = CARTESIAN_POINT('',(10.225,57.9));
#8413 = VECTOR('',#8414,1.);
#8414 = DIRECTION('',(1.,-4.249657510527E-16));
#8415 = ( GEOMETRIC_REPRESENTATION_CONTEXT(2) 
PARAMETRIC_REPRESENTATION_CONTEXT() REPRESENTATION_CONTEXT('2D SPACE',''
  ) );
#8416 = ORIENTED_EDGE('',*,*,#5513,.F.);
#8417 = ORIENTED_EDGE('',*,*,#8418,.F.);
#8418 = EDGE_CURVE('',#8367,#5485,#8419,.T.);
#8419 = SURFACE_CURVE('',#8420,(#8424,#8431),.PCURVE_S1.);
#8420 = LINE('',#8421,#8422);
#8421 = CARTESIAN_POINT('',(37.917944072643,17.028015233206,10.45));
#8422 = VECTOR('',#8423,1.);
#8423 = DIRECTION('',(3.902712815332E-16,0.,-1.));
#8424 = PCURVE('',#5529,#8425);
#8425 = DEFINITIONAL_REPRESENTATION('',(#8426),#8430);
#8426 = LINE('',#8427,#8428);
#8427 = CARTESIAN_POINT('',(-0.,0.));
#8428 = VECTOR('',#8429,1.);
#8429 = DIRECTION('',(5.277614751819E-18,1.));
#8430 = ( GEOMETRIC_REPRESENTATION_CONTEXT(2) 
PARAMETRIC_REPRESENTATION_CONTEXT() REPRESENTATION_CONTEXT('2D SPACE',''
  ) );
#8431 = PCURVE('',#5588,#8432);
#8432 = DEFINITIONAL_REPRESENTATION('',(#8433),#8437);
#8433 = LINE('',#8434,#8435);
#8434 = CARTESIAN_POINT('',(6.28318530718,0.));
#8435 = VECTOR('',#8436,1.);
#8436 = DIRECTION('',(0.,-1.));
#8437 = ( GEOMETRIC_REPRESENTATION_CONTEXT(2) 
PARAMETRIC_REPRESENTATION_CONTEXT() REPRESENTATION_CONTEXT('2D SPACE',''
  ) );
#8438 = ADVANCED_FACE('',(#8439),#5588,.F.);
#8439 = FACE_BOUND('',#8440,.F.);
#8440 = EDGE_LOOP('',(#8441,#8464,#8465,#8466));
#8441 = ORIENTED_EDGE('',*,*,#8442,.T.);
#8442 = EDGE_CURVE('',#8443,#5572,#8445,.T.);
#8443 = VERTEX_POINT('',#8444);
#8444 = CARTESIAN_POINT('',(39.082055927357,17.028015233206,10.45));
#8445 = SURFACE_CURVE('',#8446,(#8450,#8457),.PCURVE_S1.);
#8446 = LINE('',#8447,#8448);
#8447 = CARTESIAN_POINT('',(39.082055927357,17.028015233206,10.45));
#8448 = VECTOR('',#8449,1.);
#8449 = DIRECTION('',(3.902712815332E-16,0.,-1.));
#8450 = PCURVE('',#5588,#8451);
#8451 = DEFINITIONAL_REPRESENTATION('',(#8452),#8456);
#8452 = LINE('',#8453,#8454);
#8453 = CARTESIAN_POINT('',(3.17649923863,0.));
#8454 = VECTOR('',#8455,1.);
#8455 = DIRECTION('',(2.124828755263E-17,-1.));
#8456 = ( GEOMETRIC_REPRESENTATION_CONTEXT(2) 
PARAMETRIC_REPRESENTATION_CONTEXT() REPRESENTATION_CONTEXT('2D SPACE',''
  ) );
#8457 = PCURVE('',#5676,#8458);
#8458 = DEFINITIONAL_REPRESENTATION('',(#8459),#8463);
#8459 = LINE('',#8460,#8461);
#8460 = CARTESIAN_POINT('',(1.028171828755,-1.305191111844E-17));
#8461 = VECTOR('',#8462,1.);
#8462 = DIRECTION('',(5.277614751819E-18,1.));
#8463 = ( GEOMETRIC_REPRESENTATION_CONTEXT(2) 
PARAMETRIC_REPRESENTATION_CONTEXT() REPRESENTATION_CONTEXT('2D SPACE',''
  ) );
#8464 = ORIENTED_EDGE('',*,*,#5571,.T.);
#8465 = ORIENTED_EDGE('',*,*,#8418,.F.);
#8466 = ORIENTED_EDGE('',*,*,#8467,.F.);
#8467 = EDGE_CURVE('',#8443,#8367,#8468,.T.);
#8468 = SURFACE_CURVE('',#8469,(#8474,#8481),.PCURVE_S1.);
#8469 = CIRCLE('',#8470,0.582144590798);
#8470 = AXIS2_PLACEMENT_3D('',#8471,#8472,#8473);
#8471 = CARTESIAN_POINT('',(38.5,17.017855409202,10.45));
#8472 = DIRECTION('',(-6.926716852129E-16,5.5384486978E-34,1.));
#8473 = DIRECTION('',(-0.999847695156,1.745240643728E-02,
    -6.925661879602E-16));
#8474 = PCURVE('',#5588,#8475);
#8475 = DEFINITIONAL_REPRESENTATION('',(#8476),#8480);
#8476 = LINE('',#8477,#8478);
#8477 = CARTESIAN_POINT('',(0.,0.));
#8478 = VECTOR('',#8479,1.);
#8479 = DIRECTION('',(1.,0.));
#8480 = ( GEOMETRIC_REPRESENTATION_CONTEXT(2) 
PARAMETRIC_REPRESENTATION_CONTEXT() REPRESENTATION_CONTEXT('2D SPACE',''
  ) );
#8481 = PCURVE('',#8482,#8487);
#8482 = TOROIDAL_SURFACE('',#8483,1.75,0.582144590798);
#8483 = AXIS2_PLACEMENT_3D('',#8484,#8485,#8486);
#8484 = CARTESIAN_POINT('',(36.75,17.017855409202,10.45));
#8485 = DIRECTION('',(0.,-1.,0.));
#8486 = DIRECTION('',(-3.469446951954E-17,0.,-1.));
#8487 = DEFINITIONAL_REPRESENTATION('',(#8488),#8492);
#8488 = LINE('',#8489,#8490);
#8489 = CARTESIAN_POINT('',(1.570796326795,9.442231253289));
#8490 = VECTOR('',#8491,1.);
#8491 = DIRECTION('',(0.,-1.));
#8492 = ( GEOMETRIC_REPRESENTATION_CONTEXT(2) 
PARAMETRIC_REPRESENTATION_CONTEXT() REPRESENTATION_CONTEXT('2D SPACE',''
  ) );
#8493 = ADVANCED_FACE('',(#8494),#5676,.T.);
#8494 = FACE_BOUND('',#8495,.T.);
#8495 = EDGE_LOOP('',(#8496,#8517,#8518,#8519));
#8496 = ORIENTED_EDGE('',*,*,#8497,.T.);
#8497 = EDGE_CURVE('',#6741,#8443,#8498,.T.);
#8498 = SURFACE_CURVE('',#8499,(#8503,#8510),.PCURVE_S1.);
#8499 = LINE('',#8500,#8501);
#8500 = CARTESIAN_POINT('',(39.082055927357,17.028015233206,10.45));
#8501 = VECTOR('',#8502,1.);
#8502 = DIRECTION('',(-1.745240643729E-02,0.999847695156,
    -1.208878777794E-17));
#8503 = PCURVE('',#5676,#8504);
#8504 = DEFINITIONAL_REPRESENTATION('',(#8505),#8509);
#8505 = LINE('',#8506,#8507);
#8506 = CARTESIAN_POINT('',(1.028171828755,-1.305191111844E-17));
#8507 = VECTOR('',#8508,1.);
#8508 = DIRECTION('',(1.,0.));
#8509 = ( GEOMETRIC_REPRESENTATION_CONTEXT(2) 
PARAMETRIC_REPRESENTATION_CONTEXT() REPRESENTATION_CONTEXT('2D SPACE',''
  ) );
#8510 = PCURVE('',#7274,#8511);
#8511 = DEFINITIONAL_REPRESENTATION('',(#8512),#8516);
#8512 = LINE('',#8513,#8514);
#8513 = CARTESIAN_POINT('',(4.712388980385,-0.514007616603));
#8514 = VECTOR('',#8515,1.);
#8515 = DIRECTION('',(0.,-1.));
#8516 = ( GEOMETRIC_REPRESENTATION_CONTEXT(2) 
PARAMETRIC_REPRESENTATION_CONTEXT() REPRESENTATION_CONTEXT('2D SPACE',''
  ) );
#8517 = ORIENTED_EDGE('',*,*,#8442,.T.);
#8518 = ORIENTED_EDGE('',*,*,#5660,.F.);
#8519 = ORIENTED_EDGE('',*,*,#6740,.F.);
#8520 = ADVANCED_FACE('',(#8521),#8384,.T.);
#8521 = FACE_BOUND('',#8522,.T.);
#8522 = EDGE_LOOP('',(#8523,#8553,#8579,#8580));
#8523 = ORIENTED_EDGE('',*,*,#8524,.T.);
#8524 = EDGE_CURVE('',#8525,#8527,#8529,.T.);
#8525 = VERTEX_POINT('',#8526);
#8526 = CARTESIAN_POINT('',(36.75,17.028015233206,11.617944072643));
#8527 = VERTEX_POINT('',#8528);
#8528 = CARTESIAN_POINT('',(36.75,16.,11.6));
#8529 = SURFACE_CURVE('',#8530,(#8534,#8541),.PCURVE_S1.);
#8530 = LINE('',#8531,#8532);
#8531 = CARTESIAN_POINT('',(36.75,16.,11.6));
#8532 = VECTOR('',#8533,1.);
#8533 = DIRECTION('',(1.102013609389E-17,-0.999847695156,
    -1.745240643729E-02));
#8534 = PCURVE('',#8384,#8535);
#8535 = DEFINITIONAL_REPRESENTATION('',(#8536),#8540);
#8536 = LINE('',#8537,#8538);
#8537 = CARTESIAN_POINT('',(0.,-0.514007616603));
#8538 = VECTOR('',#8539,1.);
#8539 = DIRECTION('',(0.,-1.));
#8540 = ( GEOMETRIC_REPRESENTATION_CONTEXT(2) 
PARAMETRIC_REPRESENTATION_CONTEXT() REPRESENTATION_CONTEXT('2D SPACE',''
  ) );
#8541 = PCURVE('',#8542,#8547);
#8542 = PLANE('',#8543);
#8543 = AXIS2_PLACEMENT_3D('',#8544,#8545,#8546);
#8544 = CARTESIAN_POINT('',(35.7,17.028015233206,11.617944072643));
#8545 = DIRECTION('',(-2.079699257056E-15,-1.745240643729E-02,
    0.999847695156));
#8546 = DIRECTION('',(1.102013609389E-17,-0.999847695156,
    -1.745240643729E-02));
#8547 = DEFINITIONAL_REPRESENTATION('',(#8548),#8552);
#8548 = LINE('',#8549,#8550);
#8549 = CARTESIAN_POINT('',(1.028171828755,1.05));
#8550 = VECTOR('',#8551,1.);
#8551 = DIRECTION('',(1.,4.552949691428E-33));
#8552 = ( GEOMETRIC_REPRESENTATION_CONTEXT(2) 
PARAMETRIC_REPRESENTATION_CONTEXT() REPRESENTATION_CONTEXT('2D SPACE',''
  ) );
#8553 = ORIENTED_EDGE('',*,*,#8554,.F.);
#8554 = EDGE_CURVE('',#8369,#8527,#8555,.T.);
#8555 = SURFACE_CURVE('',#8556,(#8561,#8568),.PCURVE_S1.);
#8556 = CIRCLE('',#8557,1.15);
#8557 = AXIS2_PLACEMENT_3D('',#8558,#8559,#8560);
#8558 = CARTESIAN_POINT('',(36.75,16.,10.45));
#8559 = DIRECTION('',(0.,-1.,0.));
#8560 = DIRECTION('',(3.469446951954E-17,0.,1.));
#8561 = PCURVE('',#8384,#8562);
#8562 = DEFINITIONAL_REPRESENTATION('',(#8563),#8567);
#8563 = LINE('',#8564,#8565);
#8564 = CARTESIAN_POINT('',(6.28318530718,-0.514007616603));
#8565 = VECTOR('',#8566,1.);
#8566 = DIRECTION('',(-1.,-7.066822816845E-17));
#8567 = ( GEOMETRIC_REPRESENTATION_CONTEXT(2) 
PARAMETRIC_REPRESENTATION_CONTEXT() REPRESENTATION_CONTEXT('2D SPACE',''
  ) );
#8568 = PCURVE('',#44,#8569);
#8569 = DEFINITIONAL_REPRESENTATION('',(#8570),#8578);
#8570 = ( BOUNDED_CURVE() B_SPLINE_CURVE(2,(#8571,#8572,#8573,#8574,
#8575,#8576,#8577),.UNSPECIFIED.,.T.,.F.) B_SPLINE_CURVE_WITH_KNOTS((1,2
    ,2,2,2,1),(-2.094395102393,0.,2.094395102393,4.188790204786,
6.28318530718,8.377580409573),.UNSPECIFIED.) CURVE() 
GEOMETRIC_REPRESENTATION_ITEM() RATIONAL_B_SPLINE_CURVE((1.,0.5,1.,0.5,
1.,0.5,1.)) REPRESENTATION_ITEM('') );
#8571 = CARTESIAN_POINT('',(21.6,56.75));
#8572 = CARTESIAN_POINT('',(21.6,54.758141571296));
#8573 = CARTESIAN_POINT('',(19.875,55.754070785648));
#8574 = CARTESIAN_POINT('',(18.15,56.75));
#8575 = CARTESIAN_POINT('',(19.875,57.745929214352));
#8576 = CARTESIAN_POINT('',(21.6,58.741858428704));
#8577 = CARTESIAN_POINT('',(21.6,56.75));
#8578 = ( GEOMETRIC_REPRESENTATION_CONTEXT(2) 
PARAMETRIC_REPRESENTATION_CONTEXT() REPRESENTATION_CONTEXT('2D SPACE',''
  ) );
#8579 = ORIENTED_EDGE('',*,*,#8366,.F.);
#8580 = ORIENTED_EDGE('',*,*,#8581,.F.);
#8581 = EDGE_CURVE('',#8525,#8367,#8582,.T.);
#8582 = SURFACE_CURVE('',#8583,(#8588,#8595),.PCURVE_S1.);
#8583 = CIRCLE('',#8584,1.167944072643);
#8584 = AXIS2_PLACEMENT_3D('',#8585,#8586,#8587);
#8585 = CARTESIAN_POINT('',(36.75,17.028015233206,10.45));
#8586 = DIRECTION('',(-5.737251350666E-16,1.,-5.737251350666E-16));
#8587 = DIRECTION('',(-7.569936955086E-15,5.737251350666E-16,1.));
#8588 = PCURVE('',#8384,#8589);
#8589 = DEFINITIONAL_REPRESENTATION('',(#8590),#8594);
#8590 = LINE('',#8591,#8592);
#8591 = CARTESIAN_POINT('',(0.,0.514007616603));
#8592 = VECTOR('',#8593,1.);
#8593 = DIRECTION('',(1.,0.));
#8594 = ( GEOMETRIC_REPRESENTATION_CONTEXT(2) 
PARAMETRIC_REPRESENTATION_CONTEXT() REPRESENTATION_CONTEXT('2D SPACE',''
  ) );
#8595 = PCURVE('',#8482,#8596);
#8596 = DEFINITIONAL_REPRESENTATION('',(#8597),#8601);
#8597 = LINE('',#8598,#8599);
#8598 = CARTESIAN_POINT('',(3.14159265359,3.15904594611));
#8599 = VECTOR('',#8600,1.);
#8600 = DIRECTION('',(-1.,0.));
#8601 = ( GEOMETRIC_REPRESENTATION_CONTEXT(2) 
PARAMETRIC_REPRESENTATION_CONTEXT() REPRESENTATION_CONTEXT('2D SPACE',''
  ) );
#8602 = ADVANCED_FACE('',(#8603),#8482,.F.);
#8603 = FACE_BOUND('',#8604,.F.);
#8604 = EDGE_LOOP('',(#8605,#8629,#8630,#8631));
#8605 = ORIENTED_EDGE('',*,*,#8606,.T.);
#8606 = EDGE_CURVE('',#8607,#8443,#8609,.T.);
#8607 = VERTEX_POINT('',#8608);
#8608 = CARTESIAN_POINT('',(36.75,17.028015233206,12.782055927357));
#8609 = SURFACE_CURVE('',#8610,(#8615,#8622),.PCURVE_S1.);
#8610 = CIRCLE('',#8611,2.332055927357);
#8611 = AXIS2_PLACEMENT_3D('',#8612,#8613,#8614);
#8612 = CARTESIAN_POINT('',(36.75,17.028015233206,10.45));
#8613 = DIRECTION('',(-2.873339626921E-16,1.,-2.873339626921E-16));
#8614 = DIRECTION('',(-1.86958751892E-15,2.873339626921E-16,1.));
#8615 = PCURVE('',#8482,#8616);
#8616 = DEFINITIONAL_REPRESENTATION('',(#8617),#8621);
#8617 = LINE('',#8618,#8619);
#8618 = CARTESIAN_POINT('',(3.14159265359,6.26573201466));
#8619 = VECTOR('',#8620,1.);
#8620 = DIRECTION('',(-1.,0.));
#8621 = ( GEOMETRIC_REPRESENTATION_CONTEXT(2) 
PARAMETRIC_REPRESENTATION_CONTEXT() REPRESENTATION_CONTEXT('2D SPACE',''
  ) );
#8622 = PCURVE('',#7274,#8623);
#8623 = DEFINITIONAL_REPRESENTATION('',(#8624),#8628);
#8624 = LINE('',#8625,#8626);
#8625 = CARTESIAN_POINT('',(6.28318530718,-0.514007616603));
#8626 = VECTOR('',#8627,1.);
#8627 = DIRECTION('',(-1.,7.066822816845E-17));
#8628 = ( GEOMETRIC_REPRESENTATION_CONTEXT(2) 
PARAMETRIC_REPRESENTATION_CONTEXT() REPRESENTATION_CONTEXT('2D SPACE',''
  ) );
#8629 = ORIENTED_EDGE('',*,*,#8467,.T.);
#8630 = ORIENTED_EDGE('',*,*,#8581,.F.);
#8631 = ORIENTED_EDGE('',*,*,#8632,.F.);
#8632 = EDGE_CURVE('',#8607,#8525,#8633,.T.);
#8633 = SURFACE_CURVE('',#8634,(#8639,#8646),.PCURVE_S1.);
#8634 = CIRCLE('',#8635,0.582144590798);
#8635 = AXIS2_PLACEMENT_3D('',#8636,#8637,#8638);
#8636 = CARTESIAN_POINT('',(36.75,17.017855409202,12.2));
#8637 = DIRECTION('',(-1.,-1.573071588837E-33,-6.314393452556E-16));
#8638 = DIRECTION('',(6.313431739848E-16,1.745240643728E-02,
    -0.999847695156));
#8639 = PCURVE('',#8482,#8640);
#8640 = DEFINITIONAL_REPRESENTATION('',(#8641),#8645);
#8641 = LINE('',#8642,#8643);
#8642 = CARTESIAN_POINT('',(3.14159265359,9.442231253289));
#8643 = VECTOR('',#8644,1.);
#8644 = DIRECTION('',(0.,-1.));
#8645 = ( GEOMETRIC_REPRESENTATION_CONTEXT(2) 
PARAMETRIC_REPRESENTATION_CONTEXT() REPRESENTATION_CONTEXT('2D SPACE',''
  ) );
#8646 = PCURVE('',#8647,#8652);
#8647 = CYLINDRICAL_SURFACE('',#8648,0.582144590798);
#8648 = AXIS2_PLACEMENT_3D('',#8649,#8650,#8651);
#8649 = CARTESIAN_POINT('',(35.7,17.017855409202,12.2));
#8650 = DIRECTION('',(-1.,0.,-2.080016053576E-15));
#8651 = DIRECTION('',(2.079699257056E-15,1.745240643728E-02,
    -0.999847695156));
#8652 = DEFINITIONAL_REPRESENTATION('',(#8653),#8657);
#8653 = LINE('',#8654,#8655);
#8654 = CARTESIAN_POINT('',(4.440892098501E-16,-1.05));
#8655 = VECTOR('',#8656,1.);
#8656 = DIRECTION('',(1.,2.287140445097E-15));
#8657 = ( GEOMETRIC_REPRESENTATION_CONTEXT(2) 
PARAMETRIC_REPRESENTATION_CONTEXT() REPRESENTATION_CONTEXT('2D SPACE',''
  ) );
#8658 = ADVANCED_FACE('',(#8659),#7274,.F.);
#8659 = FACE_BOUND('',#8660,.F.);
#8660 = EDGE_LOOP('',(#8661,#8662,#8663,#8664));
#8661 = ORIENTED_EDGE('',*,*,#7259,.T.);
#8662 = ORIENTED_EDGE('',*,*,#8497,.T.);
#8663 = ORIENTED_EDGE('',*,*,#8606,.F.);
#8664 = ORIENTED_EDGE('',*,*,#8665,.F.);
#8665 = EDGE_CURVE('',#7232,#8607,#8666,.T.);
#8666 = SURFACE_CURVE('',#8667,(#8671,#8678),.PCURVE_S1.);
#8667 = LINE('',#8668,#8669);
#8668 = CARTESIAN_POINT('',(36.75,17.028015233206,12.782055927357));
#8669 = VECTOR('',#8670,1.);
#8670 = DIRECTION('',(1.102013609389E-17,0.999847695156,
    -1.745240643729E-02));
#8671 = PCURVE('',#7274,#8672);
#8672 = DEFINITIONAL_REPRESENTATION('',(#8673),#8677);
#8673 = LINE('',#8674,#8675);
#8674 = CARTESIAN_POINT('',(6.28318530718,-0.514007616603));
#8675 = VECTOR('',#8676,1.);
#8676 = DIRECTION('',(0.,-1.));
#8677 = ( GEOMETRIC_REPRESENTATION_CONTEXT(2) 
PARAMETRIC_REPRESENTATION_CONTEXT() REPRESENTATION_CONTEXT('2D SPACE',''
  ) );
#8678 = PCURVE('',#7247,#8679);
#8679 = DEFINITIONAL_REPRESENTATION('',(#8680),#8684);
#8680 = LINE('',#8681,#8682);
#8681 = CARTESIAN_POINT('',(1.028171828755,1.05));
#8682 = VECTOR('',#8683,1.);
#8683 = DIRECTION('',(1.,4.552949691428E-33));
#8684 = ( GEOMETRIC_REPRESENTATION_CONTEXT(2) 
PARAMETRIC_REPRESENTATION_CONTEXT() REPRESENTATION_CONTEXT('2D SPACE',''
  ) );
#8685 = ADVANCED_FACE('',(#8686),#8542,.T.);
#8686 = FACE_BOUND('',#8687,.T.);
#8687 = EDGE_LOOP('',(#8688,#8718,#8739,#8740));
#8688 = ORIENTED_EDGE('',*,*,#8689,.T.);
#8689 = EDGE_CURVE('',#8690,#8692,#8694,.T.);
#8690 = VERTEX_POINT('',#8691);
#8691 = CARTESIAN_POINT('',(35.7,17.028015233206,11.617944072643));
#8692 = VERTEX_POINT('',#8693);
#8693 = CARTESIAN_POINT('',(35.7,16.,11.6));
#8694 = SURFACE_CURVE('',#8695,(#8699,#8706),.PCURVE_S1.);
#8695 = LINE('',#8696,#8697);
#8696 = CARTESIAN_POINT('',(35.7,16.,11.6));
#8697 = VECTOR('',#8698,1.);
#8698 = DIRECTION('',(1.102013609389E-17,-0.999847695156,
    -1.745240643729E-02));
#8699 = PCURVE('',#8542,#8700);
#8700 = DEFINITIONAL_REPRESENTATION('',(#8701),#8705);
#8701 = LINE('',#8702,#8703);
#8702 = CARTESIAN_POINT('',(1.028171828755,-1.195315356216E-17));
#8703 = VECTOR('',#8704,1.);
#8704 = DIRECTION('',(1.,4.552949691428E-33));
#8705 = ( GEOMETRIC_REPRESENTATION_CONTEXT(2) 
PARAMETRIC_REPRESENTATION_CONTEXT() REPRESENTATION_CONTEXT('2D SPACE',''
  ) );
#8706 = PCURVE('',#8707,#8712);
#8707 = CONICAL_SURFACE('',#8708,4.091027963679,1.745329251995E-02);
#8708 = AXIS2_PLACEMENT_3D('',#8709,#8710,#8711);
#8709 = CARTESIAN_POINT('',(35.7,16.514007616603,15.7));
#8710 = DIRECTION('',(0.,-1.,0.));
#8711 = DIRECTION('',(3.469446951954E-17,0.,1.));
#8712 = DEFINITIONAL_REPRESENTATION('',(#8713),#8717);
#8713 = LINE('',#8714,#8715);
#8714 = CARTESIAN_POINT('',(3.14159265359,0.514007616603));
#8715 = VECTOR('',#8716,1.);
#8716 = DIRECTION('',(0.,1.));
#8717 = ( GEOMETRIC_REPRESENTATION_CONTEXT(2) 
PARAMETRIC_REPRESENTATION_CONTEXT() REPRESENTATION_CONTEXT('2D SPACE',''
  ) );
#8718 = ORIENTED_EDGE('',*,*,#8719,.F.);
#8719 = EDGE_CURVE('',#8527,#8692,#8720,.T.);
#8720 = SURFACE_CURVE('',#8721,(#8725,#8732),.PCURVE_S1.);
#8721 = LINE('',#8722,#8723);
#8722 = CARTESIAN_POINT('',(7.85,16.,11.6));
#8723 = VECTOR('',#8724,1.);
#8724 = DIRECTION('',(-1.,0.,-2.080016053576E-15));
#8725 = PCURVE('',#8542,#8726);
#8726 = DEFINITIONAL_REPRESENTATION('',(#8727),#8731);
#8727 = LINE('',#8728,#8729);
#8728 = CARTESIAN_POINT('',(1.028171828755,-27.85));
#8729 = VECTOR('',#8730,1.);
#8730 = DIRECTION('',(2.52811494692E-17,-1.));
#8731 = ( GEOMETRIC_REPRESENTATION_CONTEXT(2) 
PARAMETRIC_REPRESENTATION_CONTEXT() REPRESENTATION_CONTEXT('2D SPACE',''
  ) );
#8732 = PCURVE('',#44,#8733);
#8733 = DEFINITIONAL_REPRESENTATION('',(#8734),#8738);
#8734 = LINE('',#8735,#8736);
#8735 = CARTESIAN_POINT('',(21.6,27.85));
#8736 = VECTOR('',#8737,1.);
#8737 = DIRECTION('',(-2.114710523096E-15,-1.));
#8738 = ( GEOMETRIC_REPRESENTATION_CONTEXT(2) 
PARAMETRIC_REPRESENTATION_CONTEXT() REPRESENTATION_CONTEXT('2D SPACE',''
  ) );
#8739 = ORIENTED_EDGE('',*,*,#8524,.F.);
#8740 = ORIENTED_EDGE('',*,*,#8741,.F.);
#8741 = EDGE_CURVE('',#8690,#8525,#8742,.T.);
#8742 = SURFACE_CURVE('',#8743,(#8747,#8754),.PCURVE_S1.);
#8743 = LINE('',#8744,#8745);
#8744 = CARTESIAN_POINT('',(35.7,17.028015233206,11.617944072643));
#8745 = VECTOR('',#8746,1.);
#8746 = DIRECTION('',(1.,0.,2.080016053576E-15));
#8747 = PCURVE('',#8542,#8748);
#8748 = DEFINITIONAL_REPRESENTATION('',(#8749),#8753);
#8749 = LINE('',#8750,#8751);
#8750 = CARTESIAN_POINT('',(0.,0.));
#8751 = VECTOR('',#8752,1.);
#8752 = DIRECTION('',(-2.52811494692E-17,1.));
#8753 = ( GEOMETRIC_REPRESENTATION_CONTEXT(2) 
PARAMETRIC_REPRESENTATION_CONTEXT() REPRESENTATION_CONTEXT('2D SPACE',''
  ) );
#8754 = PCURVE('',#8647,#8755);
#8755 = DEFINITIONAL_REPRESENTATION('',(#8756),#8760);
#8756 = LINE('',#8757,#8758);
#8757 = CARTESIAN_POINT('',(6.28318530718,7.105427357601E-15));
#8758 = VECTOR('',#8759,1.);
#8759 = DIRECTION('',(0.,-1.));
#8760 = ( GEOMETRIC_REPRESENTATION_CONTEXT(2) 
PARAMETRIC_REPRESENTATION_CONTEXT() REPRESENTATION_CONTEXT('2D SPACE',''
  ) );
#8761 = ADVANCED_FACE('',(#8762),#8647,.F.);
#8762 = FACE_BOUND('',#8763,.F.);
#8763 = EDGE_LOOP('',(#8764,#8787,#8788,#8789));
#8764 = ORIENTED_EDGE('',*,*,#8765,.T.);
#8765 = EDGE_CURVE('',#8766,#8607,#8768,.T.);
#8766 = VERTEX_POINT('',#8767);
#8767 = CARTESIAN_POINT('',(35.7,17.028015233206,12.782055927357));
#8768 = SURFACE_CURVE('',#8769,(#8773,#8780),.PCURVE_S1.);
#8769 = LINE('',#8770,#8771);
#8770 = CARTESIAN_POINT('',(35.7,17.028015233206,12.782055927357));
#8771 = VECTOR('',#8772,1.);
#8772 = DIRECTION('',(1.,0.,2.080016053576E-15));
#8773 = PCURVE('',#8647,#8774);
#8774 = DEFINITIONAL_REPRESENTATION('',(#8775),#8779);
#8775 = LINE('',#8776,#8777);
#8776 = CARTESIAN_POINT('',(3.17649923863,0.));
#8777 = VECTOR('',#8778,1.);
#8778 = DIRECTION('',(4.229421046191E-16,-1.));
#8779 = ( GEOMETRIC_REPRESENTATION_CONTEXT(2) 
PARAMETRIC_REPRESENTATION_CONTEXT() REPRESENTATION_CONTEXT('2D SPACE',''
  ) );
#8780 = PCURVE('',#7247,#8781);
#8781 = DEFINITIONAL_REPRESENTATION('',(#8782),#8786);
#8782 = LINE('',#8783,#8784);
#8783 = CARTESIAN_POINT('',(1.028171828755,-1.195315356216E-17));
#8784 = VECTOR('',#8785,1.);
#8785 = DIRECTION('',(-2.52811494692E-17,1.));
#8786 = ( GEOMETRIC_REPRESENTATION_CONTEXT(2) 
PARAMETRIC_REPRESENTATION_CONTEXT() REPRESENTATION_CONTEXT('2D SPACE',''
  ) );
#8787 = ORIENTED_EDGE('',*,*,#8632,.T.);
#8788 = ORIENTED_EDGE('',*,*,#8741,.F.);
#8789 = ORIENTED_EDGE('',*,*,#8790,.F.);
#8790 = EDGE_CURVE('',#8766,#8690,#8791,.T.);
#8791 = SURFACE_CURVE('',#8792,(#8797,#8804),.PCURVE_S1.);
#8792 = CIRCLE('',#8793,0.582144590798);
#8793 = AXIS2_PLACEMENT_3D('',#8794,#8795,#8796);
#8794 = CARTESIAN_POINT('',(35.7,17.017855409202,12.2));
#8795 = DIRECTION('',(-1.,-1.573071588837E-33,-6.314393452556E-16));
#8796 = DIRECTION('',(6.313431739848E-16,1.745240643728E-02,
    -0.999847695156));
#8797 = PCURVE('',#8647,#8798);
#8798 = DEFINITIONAL_REPRESENTATION('',(#8799),#8803);
#8799 = LINE('',#8800,#8801);
#8800 = CARTESIAN_POINT('',(0.,-7.265099882491E-15));
#8801 = VECTOR('',#8802,1.);
#8802 = DIRECTION('',(1.,2.287140445097E-15));
#8803 = ( GEOMETRIC_REPRESENTATION_CONTEXT(2) 
PARAMETRIC_REPRESENTATION_CONTEXT() REPRESENTATION_CONTEXT('2D SPACE',''
  ) );
#8804 = PCURVE('',#8805,#8810);
#8805 = TOROIDAL_SURFACE('',#8806,3.5,0.582144590798);
#8806 = AXIS2_PLACEMENT_3D('',#8807,#8808,#8809);
#8807 = CARTESIAN_POINT('',(35.7,17.017855409202,15.7));
#8808 = DIRECTION('',(0.,1.,0.));
#8809 = DIRECTION('',(3.469446951954E-17,0.,1.));
#8810 = DEFINITIONAL_REPRESENTATION('',(#8811),#8815);
#8811 = LINE('',#8812,#8813);
#8812 = CARTESIAN_POINT('',(3.14159265359,6.3006385997));
#8813 = VECTOR('',#8814,1.);
#8814 = DIRECTION('',(0.,-1.));
#8815 = ( GEOMETRIC_REPRESENTATION_CONTEXT(2) 
PARAMETRIC_REPRESENTATION_CONTEXT() REPRESENTATION_CONTEXT('2D SPACE',''
  ) );
#8816 = ADVANCED_FACE('',(#8817),#7247,.T.);
#8817 = FACE_BOUND('',#8818,.T.);
#8818 = EDGE_LOOP('',(#8819,#8840,#8841,#8842));
#8819 = ORIENTED_EDGE('',*,*,#8820,.T.);
#8820 = EDGE_CURVE('',#7199,#8766,#8821,.T.);
#8821 = SURFACE_CURVE('',#8822,(#8826,#8833),.PCURVE_S1.);
#8822 = LINE('',#8823,#8824);
#8823 = CARTESIAN_POINT('',(35.7,17.028015233206,12.782055927357));
#8824 = VECTOR('',#8825,1.);
#8825 = DIRECTION('',(1.102013609389E-17,0.999847695156,
    -1.745240643729E-02));
#8826 = PCURVE('',#7247,#8827);
#8827 = DEFINITIONAL_REPRESENTATION('',(#8828),#8832);
#8828 = LINE('',#8829,#8830);
#8829 = CARTESIAN_POINT('',(1.028171828755,-1.195315356216E-17));
#8830 = VECTOR('',#8831,1.);
#8831 = DIRECTION('',(1.,4.552949691428E-33));
#8832 = ( GEOMETRIC_REPRESENTATION_CONTEXT(2) 
PARAMETRIC_REPRESENTATION_CONTEXT() REPRESENTATION_CONTEXT('2D SPACE',''
  ) );
#8833 = PCURVE('',#7219,#8834);
#8834 = DEFINITIONAL_REPRESENTATION('',(#8835),#8839);
#8835 = LINE('',#8836,#8837);
#8836 = CARTESIAN_POINT('',(3.14159265359,0.514007616603));
#8837 = VECTOR('',#8838,1.);
#8838 = DIRECTION('',(0.,1.));
#8839 = ( GEOMETRIC_REPRESENTATION_CONTEXT(2) 
PARAMETRIC_REPRESENTATION_CONTEXT() REPRESENTATION_CONTEXT('2D SPACE',''
  ) );
#8840 = ORIENTED_EDGE('',*,*,#8765,.T.);
#8841 = ORIENTED_EDGE('',*,*,#8665,.F.);
#8842 = ORIENTED_EDGE('',*,*,#7231,.F.);
#8843 = ADVANCED_FACE('',(#8844),#8707,.F.);
#8844 = FACE_BOUND('',#8845,.F.);
#8845 = EDGE_LOOP('',(#8846,#8870,#8871,#8895));
#8846 = ORIENTED_EDGE('',*,*,#8847,.T.);
#8847 = EDGE_CURVE('',#8848,#8690,#8850,.T.);
#8848 = VERTEX_POINT('',#8849);
#8849 = CARTESIAN_POINT('',(31.617944072643,17.028015233206,15.7));
#8850 = SURFACE_CURVE('',#8851,(#8856,#8863),.PCURVE_S1.);
#8851 = CIRCLE('',#8852,4.082055927357);
#8852 = AXIS2_PLACEMENT_3D('',#8853,#8854,#8855);
#8853 = CARTESIAN_POINT('',(35.7,17.028015233206,15.7));
#8854 = DIRECTION('',(0.,-1.,0.));
#8855 = DIRECTION('',(-1.,-0.,-1.053211276391E-15));
#8856 = PCURVE('',#8707,#8857);
#8857 = DEFINITIONAL_REPRESENTATION('',(#8858),#8862);
#8858 = LINE('',#8859,#8860);
#8859 = CARTESIAN_POINT('',(1.570796326795,-0.514007616603));
#8860 = VECTOR('',#8861,1.);
#8861 = DIRECTION('',(1.,0.));
#8862 = ( GEOMETRIC_REPRESENTATION_CONTEXT(2) 
PARAMETRIC_REPRESENTATION_CONTEXT() REPRESENTATION_CONTEXT('2D SPACE',''
  ) );
#8863 = PCURVE('',#8805,#8864);
#8864 = DEFINITIONAL_REPRESENTATION('',(#8865),#8869);
#8865 = LINE('',#8866,#8867);
#8866 = CARTESIAN_POINT('',(4.712388980385,1.745329251995E-02));
#8867 = VECTOR('',#8868,1.);
#8868 = DIRECTION('',(-1.,0.));
#8869 = ( GEOMETRIC_REPRESENTATION_CONTEXT(2) 
PARAMETRIC_REPRESENTATION_CONTEXT() REPRESENTATION_CONTEXT('2D SPACE',''
  ) );
#8870 = ORIENTED_EDGE('',*,*,#8689,.T.);
#8871 = ORIENTED_EDGE('',*,*,#8872,.T.);
#8872 = EDGE_CURVE('',#8692,#8873,#8875,.T.);
#8873 = VERTEX_POINT('',#8874);
#8874 = CARTESIAN_POINT('',(31.6,16.,15.7));
#8875 = SURFACE_CURVE('',#8876,(#8881,#8888),.PCURVE_S1.);
#8876 = CIRCLE('',#8877,4.1);
#8877 = AXIS2_PLACEMENT_3D('',#8878,#8879,#8880);
#8878 = CARTESIAN_POINT('',(35.7,16.,15.7));
#8879 = DIRECTION('',(-0.,1.,0.));
#8880 = DIRECTION('',(3.469446951954E-17,0.,1.));
#8881 = PCURVE('',#8707,#8882);
#8882 = DEFINITIONAL_REPRESENTATION('',(#8883),#8887);
#8883 = LINE('',#8884,#8885);
#8884 = CARTESIAN_POINT('',(6.28318530718,0.514007616603));
#8885 = VECTOR('',#8886,1.);
#8886 = DIRECTION('',(-1.,0.));
#8887 = ( GEOMETRIC_REPRESENTATION_CONTEXT(2) 
PARAMETRIC_REPRESENTATION_CONTEXT() REPRESENTATION_CONTEXT('2D SPACE',''
  ) );
#8888 = PCURVE('',#44,#8889);
#8889 = DEFINITIONAL_REPRESENTATION('',(#8890),#8894);
#8890 = CIRCLE('',#8891,4.1);
#8891 = AXIS2_PLACEMENT_2D('',#8892,#8893);
#8892 = CARTESIAN_POINT('',(25.7,55.7));
#8893 = DIRECTION('',(1.,0.));
#8894 = ( GEOMETRIC_REPRESENTATION_CONTEXT(2) 
PARAMETRIC_REPRESENTATION_CONTEXT() REPRESENTATION_CONTEXT('2D SPACE',''
  ) );
#8895 = ORIENTED_EDGE('',*,*,#8896,.F.);
#8896 = EDGE_CURVE('',#8848,#8873,#8897,.T.);
#8897 = SURFACE_CURVE('',#8898,(#8902,#8909),.PCURVE_S1.);
#8898 = LINE('',#8899,#8900);
#8899 = CARTESIAN_POINT('',(31.6,16.,15.7));
#8900 = VECTOR('',#8901,1.);
#8901 = DIRECTION('',(-1.745240643729E-02,-0.999847695156,
    -4.631497008611E-19));
#8902 = PCURVE('',#8707,#8903);
#8903 = DEFINITIONAL_REPRESENTATION('',(#8904),#8908);
#8904 = LINE('',#8905,#8906);
#8905 = CARTESIAN_POINT('',(1.570796326795,0.514007616603));
#8906 = VECTOR('',#8907,1.);
#8907 = DIRECTION('',(0.,1.));
#8908 = ( GEOMETRIC_REPRESENTATION_CONTEXT(2) 
PARAMETRIC_REPRESENTATION_CONTEXT() REPRESENTATION_CONTEXT('2D SPACE',''
  ) );
#8909 = PCURVE('',#8910,#8915);
#8910 = PLANE('',#8911);
#8911 = AXIS2_PLACEMENT_3D('',#8912,#8913,#8914);
#8912 = CARTESIAN_POINT('',(31.617944072643,17.028015233206,16.75));
#8913 = DIRECTION('',(0.999847695156,-1.745240643729E-02,
    4.194087699496E-15));
#8914 = DIRECTION('',(-1.745240643729E-02,-0.999847695156,
    -4.631497008611E-19));
#8915 = DEFINITIONAL_REPRESENTATION('',(#8916),#8920);
#8916 = LINE('',#8917,#8918);
#8917 = CARTESIAN_POINT('',(1.028171828755,1.05));
#8918 = VECTOR('',#8919,1.);
#8919 = DIRECTION('',(1.,-9.05187073862E-33));
#8920 = ( GEOMETRIC_REPRESENTATION_CONTEXT(2) 
PARAMETRIC_REPRESENTATION_CONTEXT() REPRESENTATION_CONTEXT('2D SPACE',''
  ) );
#8921 = ADVANCED_FACE('',(#8922),#8805,.F.);
#8922 = FACE_BOUND('',#8923,.F.);
#8923 = EDGE_LOOP('',(#8924,#8948,#8949,#8950));
#8924 = ORIENTED_EDGE('',*,*,#8925,.T.);
#8925 = EDGE_CURVE('',#8926,#8766,#8928,.T.);
#8926 = VERTEX_POINT('',#8927);
#8927 = CARTESIAN_POINT('',(32.782055927357,17.028015233206,15.7));
#8928 = SURFACE_CURVE('',#8929,(#8934,#8941),.PCURVE_S1.);
#8929 = CIRCLE('',#8930,2.917944072643);
#8930 = AXIS2_PLACEMENT_3D('',#8931,#8932,#8933);
#8931 = CARTESIAN_POINT('',(35.7,17.028015233206,15.7));
#8932 = DIRECTION('',(0.,-1.,0.));
#8933 = DIRECTION('',(-1.,0.,3.469446951954E-17));
#8934 = PCURVE('',#8805,#8935);
#8935 = DEFINITIONAL_REPRESENTATION('',(#8936),#8940);
#8936 = LINE('',#8937,#8938);
#8937 = CARTESIAN_POINT('',(4.712388980385,3.12413936107));
#8938 = VECTOR('',#8939,1.);
#8939 = DIRECTION('',(-1.,0.));
#8940 = ( GEOMETRIC_REPRESENTATION_CONTEXT(2) 
PARAMETRIC_REPRESENTATION_CONTEXT() REPRESENTATION_CONTEXT('2D SPACE',''
  ) );
#8941 = PCURVE('',#7219,#8942);
#8942 = DEFINITIONAL_REPRESENTATION('',(#8943),#8947);
#8943 = LINE('',#8944,#8945);
#8944 = CARTESIAN_POINT('',(4.712388980385,0.514007616603));
#8945 = VECTOR('',#8946,1.);
#8946 = DIRECTION('',(-1.,0.));
#8947 = ( GEOMETRIC_REPRESENTATION_CONTEXT(2) 
PARAMETRIC_REPRESENTATION_CONTEXT() REPRESENTATION_CONTEXT('2D SPACE',''
  ) );
#8948 = ORIENTED_EDGE('',*,*,#8790,.T.);
#8949 = ORIENTED_EDGE('',*,*,#8847,.F.);
#8950 = ORIENTED_EDGE('',*,*,#8951,.F.);
#8951 = EDGE_CURVE('',#8926,#8848,#8952,.T.);
#8952 = SURFACE_CURVE('',#8953,(#8958,#8965),.PCURVE_S1.);
#8953 = CIRCLE('',#8954,0.582144590798);
#8954 = AXIS2_PLACEMENT_3D('',#8955,#8956,#8957);
#8955 = CARTESIAN_POINT('',(32.2,17.017855409202,15.7));
#8956 = DIRECTION('',(-2.653787043783E-17,1.761871870235E-34,1.));
#8957 = DIRECTION('',(-0.999847695156,1.745240643728E-02,
    -2.653382859162E-17));
#8958 = PCURVE('',#8805,#8959);
#8959 = DEFINITIONAL_REPRESENTATION('',(#8960),#8964);
#8960 = LINE('',#8961,#8962);
#8961 = CARTESIAN_POINT('',(4.712388980385,6.3006385997));
#8962 = VECTOR('',#8963,1.);
#8963 = DIRECTION('',(0.,-1.));
#8964 = ( GEOMETRIC_REPRESENTATION_CONTEXT(2) 
PARAMETRIC_REPRESENTATION_CONTEXT() REPRESENTATION_CONTEXT('2D SPACE',''
  ) );
#8965 = PCURVE('',#8966,#8971);
#8966 = CYLINDRICAL_SURFACE('',#8967,0.582144590798);
#8967 = AXIS2_PLACEMENT_3D('',#8968,#8969,#8970);
#8968 = CARTESIAN_POINT('',(32.2,17.017855409202,16.75));
#8969 = DIRECTION('',(-4.194726576672E-15,0.,1.));
#8970 = DIRECTION('',(-0.999847695156,1.745240643728E-02,
    -4.194087699496E-15));
#8971 = DEFINITIONAL_REPRESENTATION('',(#8972),#8976);
#8972 = LINE('',#8973,#8974);
#8973 = CARTESIAN_POINT('',(0.,-1.05));
#8974 = VECTOR('',#8975,1.);
#8975 = DIRECTION('',(1.,1.715355333823E-15));
#8976 = ( GEOMETRIC_REPRESENTATION_CONTEXT(2) 
PARAMETRIC_REPRESENTATION_CONTEXT() REPRESENTATION_CONTEXT('2D SPACE',''
  ) );
#8977 = ADVANCED_FACE('',(#8978),#7219,.T.);
#8978 = FACE_BOUND('',#8979,.T.);
#8979 = EDGE_LOOP('',(#8980,#9001,#9002,#9003));
#8980 = ORIENTED_EDGE('',*,*,#8981,.T.);
#8981 = EDGE_CURVE('',#7171,#8926,#8982,.T.);
#8982 = SURFACE_CURVE('',#8983,(#8987,#8994),.PCURVE_S1.);
#8983 = LINE('',#8984,#8985);
#8984 = CARTESIAN_POINT('',(32.782055927357,17.028015233206,15.7));
#8985 = VECTOR('',#8986,1.);
#8986 = DIRECTION('',(-1.745240643729E-02,0.999847695156,
    -4.631497008611E-19));
#8987 = PCURVE('',#7219,#8988);
#8988 = DEFINITIONAL_REPRESENTATION('',(#8989),#8993);
#8989 = LINE('',#8990,#8991);
#8990 = CARTESIAN_POINT('',(4.712388980385,0.514007616603));
#8991 = VECTOR('',#8992,1.);
#8992 = DIRECTION('',(0.,1.));
#8993 = ( GEOMETRIC_REPRESENTATION_CONTEXT(2) 
PARAMETRIC_REPRESENTATION_CONTEXT() REPRESENTATION_CONTEXT('2D SPACE',''
  ) );
#8994 = PCURVE('',#7186,#8995);
#8995 = DEFINITIONAL_REPRESENTATION('',(#8996),#9000);
#8996 = LINE('',#8997,#8998);
#8997 = CARTESIAN_POINT('',(1.028171828755,1.05));
#8998 = VECTOR('',#8999,1.);
#8999 = DIRECTION('',(1.,-9.05187073862E-33));
#9000 = ( GEOMETRIC_REPRESENTATION_CONTEXT(2) 
PARAMETRIC_REPRESENTATION_CONTEXT() REPRESENTATION_CONTEXT('2D SPACE',''
  ) );
#9001 = ORIENTED_EDGE('',*,*,#8925,.T.);
#9002 = ORIENTED_EDGE('',*,*,#8820,.F.);
#9003 = ORIENTED_EDGE('',*,*,#7198,.F.);
#9004 = ADVANCED_FACE('',(#9005),#8910,.T.);
#9005 = FACE_BOUND('',#9006,.T.);
#9006 = EDGE_LOOP('',(#9007,#9037,#9058,#9059));
#9007 = ORIENTED_EDGE('',*,*,#9008,.T.);
#9008 = EDGE_CURVE('',#9009,#9011,#9013,.T.);
#9009 = VERTEX_POINT('',#9010);
#9010 = CARTESIAN_POINT('',(31.617944072643,17.028015233206,16.75));
#9011 = VERTEX_POINT('',#9012);
#9012 = CARTESIAN_POINT('',(31.6,16.,16.75));
#9013 = SURFACE_CURVE('',#9014,(#9018,#9025),.PCURVE_S1.);
#9014 = LINE('',#9015,#9016);
#9015 = CARTESIAN_POINT('',(31.6,16.,16.75));
#9016 = VECTOR('',#9017,1.);
#9017 = DIRECTION('',(-1.745240643729E-02,-0.999847695156,
    -4.631497008611E-19));
#9018 = PCURVE('',#8910,#9019);
#9019 = DEFINITIONAL_REPRESENTATION('',(#9020),#9024);
#9020 = LINE('',#9021,#9022);
#9021 = CARTESIAN_POINT('',(1.028171828755,-1.098757556288E-18));
#9022 = VECTOR('',#9023,1.);
#9023 = DIRECTION('',(1.,-9.05187073862E-33));
#9024 = ( GEOMETRIC_REPRESENTATION_CONTEXT(2) 
PARAMETRIC_REPRESENTATION_CONTEXT() REPRESENTATION_CONTEXT('2D SPACE',''
  ) );
#9025 = PCURVE('',#9026,#9031);
#9026 = CONICAL_SURFACE('',#9027,1.158972036321,1.745329251995E-02);
#9027 = AXIS2_PLACEMENT_3D('',#9028,#9029,#9030);
#9028 = CARTESIAN_POINT('',(30.45,16.514007616603,16.75));
#9029 = DIRECTION('',(0.,1.,0.));
#9030 = DIRECTION('',(3.469446951954E-17,0.,1.));
#9031 = DEFINITIONAL_REPRESENTATION('',(#9032),#9036);
#9032 = LINE('',#9033,#9034);
#9033 = CARTESIAN_POINT('',(1.570796326795,-0.514007616603));
#9034 = VECTOR('',#9035,1.);
#9035 = DIRECTION('',(0.,-1.));
#9036 = ( GEOMETRIC_REPRESENTATION_CONTEXT(2) 
PARAMETRIC_REPRESENTATION_CONTEXT() REPRESENTATION_CONTEXT('2D SPACE',''
  ) );
#9037 = ORIENTED_EDGE('',*,*,#9038,.F.);
#9038 = EDGE_CURVE('',#8873,#9011,#9039,.T.);
#9039 = SURFACE_CURVE('',#9040,(#9044,#9051),.PCURVE_S1.);
#9040 = LINE('',#9041,#9042);
#9041 = CARTESIAN_POINT('',(31.6,16.,3.375));
#9042 = VECTOR('',#9043,1.);
#9043 = DIRECTION('',(-4.194726576672E-15,0.,1.));
#9044 = PCURVE('',#8910,#9045);
#9045 = DEFINITIONAL_REPRESENTATION('',(#9046),#9050);
#9046 = LINE('',#9047,#9048);
#9047 = CARTESIAN_POINT('',(1.028171828755,13.375));
#9048 = VECTOR('',#9049,1.);
#9049 = DIRECTION('',(7.27449234085E-17,-1.));
#9050 = ( GEOMETRIC_REPRESENTATION_CONTEXT(2) 
PARAMETRIC_REPRESENTATION_CONTEXT() REPRESENTATION_CONTEXT('2D SPACE',''
  ) );
#9051 = PCURVE('',#44,#9052);
#9052 = DEFINITIONAL_REPRESENTATION('',(#9053),#9057);
#9053 = LINE('',#9054,#9055);
#9054 = CARTESIAN_POINT('',(13.375,51.6));
#9055 = VECTOR('',#9056,1.);
#9056 = DIRECTION('',(1.,-4.229421046191E-15));
#9057 = ( GEOMETRIC_REPRESENTATION_CONTEXT(2) 
PARAMETRIC_REPRESENTATION_CONTEXT() REPRESENTATION_CONTEXT('2D SPACE',''
  ) );
#9058 = ORIENTED_EDGE('',*,*,#8896,.F.);
#9059 = ORIENTED_EDGE('',*,*,#9060,.F.);
#9060 = EDGE_CURVE('',#9009,#8848,#9061,.T.);
#9061 = SURFACE_CURVE('',#9062,(#9066,#9073),.PCURVE_S1.);
#9062 = LINE('',#9063,#9064);
#9063 = CARTESIAN_POINT('',(31.617944072643,17.028015233206,16.75));
#9064 = VECTOR('',#9065,1.);
#9065 = DIRECTION('',(4.194726576672E-15,0.,-1.));
#9066 = PCURVE('',#8910,#9067);
#9067 = DEFINITIONAL_REPRESENTATION('',(#9068),#9072);
#9068 = LINE('',#9069,#9070);
#9069 = CARTESIAN_POINT('',(-0.,0.));
#9070 = VECTOR('',#9071,1.);
#9071 = DIRECTION('',(-7.27449234085E-17,1.));
#9072 = ( GEOMETRIC_REPRESENTATION_CONTEXT(2) 
PARAMETRIC_REPRESENTATION_CONTEXT() REPRESENTATION_CONTEXT('2D SPACE',''
  ) );
#9073 = PCURVE('',#8966,#9074);
#9074 = DEFINITIONAL_REPRESENTATION('',(#9075),#9079);
#9075 = LINE('',#9076,#9077);
#9076 = CARTESIAN_POINT('',(6.28318530718,0.));
#9077 = VECTOR('',#9078,1.);
#9078 = DIRECTION('',(0.,-1.));
#9079 = ( GEOMETRIC_REPRESENTATION_CONTEXT(2) 
PARAMETRIC_REPRESENTATION_CONTEXT() REPRESENTATION_CONTEXT('2D SPACE',''
  ) );
#9080 = ADVANCED_FACE('',(#9081),#8966,.F.);
#9081 = FACE_BOUND('',#9082,.F.);
#9082 = EDGE_LOOP('',(#9083,#9106,#9107,#9108));
#9083 = ORIENTED_EDGE('',*,*,#9084,.T.);
#9084 = EDGE_CURVE('',#9085,#8926,#9087,.T.);
#9085 = VERTEX_POINT('',#9086);
#9086 = CARTESIAN_POINT('',(32.782055927357,17.028015233206,16.75));
#9087 = SURFACE_CURVE('',#9088,(#9092,#9099),.PCURVE_S1.);
#9088 = LINE('',#9089,#9090);
#9089 = CARTESIAN_POINT('',(32.782055927357,17.028015233206,16.75));
#9090 = VECTOR('',#9091,1.);
#9091 = DIRECTION('',(4.194726576672E-15,0.,-1.));
#9092 = PCURVE('',#8966,#9093);
#9093 = DEFINITIONAL_REPRESENTATION('',(#9094),#9098);
#9094 = LINE('',#9095,#9096);
#9095 = CARTESIAN_POINT('',(3.17649923863,-3.552713678801E-15));
#9096 = VECTOR('',#9097,1.);
#9097 = DIRECTION('',(-4.229421046191E-16,-1.));
#9098 = ( GEOMETRIC_REPRESENTATION_CONTEXT(2) 
PARAMETRIC_REPRESENTATION_CONTEXT() REPRESENTATION_CONTEXT('2D SPACE',''
  ) );
#9099 = PCURVE('',#7186,#9100);
#9100 = DEFINITIONAL_REPRESENTATION('',(#9101),#9105);
#9101 = LINE('',#9102,#9103);
#9102 = CARTESIAN_POINT('',(1.028171828755,-1.098757556273E-18));
#9103 = VECTOR('',#9104,1.);
#9104 = DIRECTION('',(-7.27449234085E-17,1.));
#9105 = ( GEOMETRIC_REPRESENTATION_CONTEXT(2) 
PARAMETRIC_REPRESENTATION_CONTEXT() REPRESENTATION_CONTEXT('2D SPACE',''
  ) );
#9106 = ORIENTED_EDGE('',*,*,#8951,.T.);
#9107 = ORIENTED_EDGE('',*,*,#9060,.F.);
#9108 = ORIENTED_EDGE('',*,*,#9109,.F.);
#9109 = EDGE_CURVE('',#9085,#9009,#9110,.T.);
#9110 = SURFACE_CURVE('',#9111,(#9116,#9123),.PCURVE_S1.);
#9111 = CIRCLE('',#9112,0.582144590798);
#9112 = AXIS2_PLACEMENT_3D('',#9113,#9114,#9115);
#9113 = CARTESIAN_POINT('',(32.2,17.017855409202,16.75));
#9114 = DIRECTION('',(-2.653787043783E-17,1.761871870235E-34,1.));
#9115 = DIRECTION('',(-0.999847695156,1.745240643728E-02,
    -2.653382859162E-17));
#9116 = PCURVE('',#8966,#9117);
#9117 = DEFINITIONAL_REPRESENTATION('',(#9118),#9122);
#9118 = LINE('',#9119,#9120);
#9119 = CARTESIAN_POINT('',(0.,-7.185263620046E-15));
#9120 = VECTOR('',#9121,1.);
#9121 = DIRECTION('',(1.,1.143570222549E-15));
#9122 = ( GEOMETRIC_REPRESENTATION_CONTEXT(2) 
PARAMETRIC_REPRESENTATION_CONTEXT() REPRESENTATION_CONTEXT('2D SPACE',''
  ) );
#9123 = PCURVE('',#9124,#9129);
#9124 = TOROIDAL_SURFACE('',#9125,1.75,0.582144590798);
#9125 = AXIS2_PLACEMENT_3D('',#9126,#9127,#9128);
#9126 = CARTESIAN_POINT('',(30.45,17.017855409202,16.75));
#9127 = DIRECTION('',(0.,-1.,0.));
#9128 = DIRECTION('',(-3.469446951954E-17,0.,-1.));
#9129 = DEFINITIONAL_REPRESENTATION('',(#9130),#9134);
#9130 = LINE('',#9131,#9132);
#9131 = CARTESIAN_POINT('',(1.570796326795,9.442231253289));
#9132 = VECTOR('',#9133,1.);
#9133 = DIRECTION('',(0.,-1.));
#9134 = ( GEOMETRIC_REPRESENTATION_CONTEXT(2) 
PARAMETRIC_REPRESENTATION_CONTEXT() REPRESENTATION_CONTEXT('2D SPACE',''
  ) );
#9135 = ADVANCED_FACE('',(#9136),#7186,.T.);
#9136 = FACE_BOUND('',#9137,.T.);
#9137 = EDGE_LOOP('',(#9138,#9159,#9160,#9161));
#9138 = ORIENTED_EDGE('',*,*,#9139,.T.);
#9139 = EDGE_CURVE('',#7142,#9085,#9140,.T.);
#9140 = SURFACE_CURVE('',#9141,(#9145,#9152),.PCURVE_S1.);
#9141 = LINE('',#9142,#9143);
#9142 = CARTESIAN_POINT('',(32.782055927357,17.028015233206,16.75));
#9143 = VECTOR('',#9144,1.);
#9144 = DIRECTION('',(-1.745240643729E-02,0.999847695156,
    -4.631497008611E-19));
#9145 = PCURVE('',#7186,#9146);
#9146 = DEFINITIONAL_REPRESENTATION('',(#9147),#9151);
#9147 = LINE('',#9148,#9149);
#9148 = CARTESIAN_POINT('',(1.028171828755,-1.098757556273E-18));
#9149 = VECTOR('',#9150,1.);
#9150 = DIRECTION('',(1.,-9.05187073862E-33));
#9151 = ( GEOMETRIC_REPRESENTATION_CONTEXT(2) 
PARAMETRIC_REPRESENTATION_CONTEXT() REPRESENTATION_CONTEXT('2D SPACE',''
  ) );
#9152 = PCURVE('',#7158,#9153);
#9153 = DEFINITIONAL_REPRESENTATION('',(#9154),#9158);
#9154 = LINE('',#9155,#9156);
#9155 = CARTESIAN_POINT('',(4.712388980385,-0.514007616603));
#9156 = VECTOR('',#9157,1.);
#9157 = DIRECTION('',(0.,-1.));
#9158 = ( GEOMETRIC_REPRESENTATION_CONTEXT(2) 
PARAMETRIC_REPRESENTATION_CONTEXT() REPRESENTATION_CONTEXT('2D SPACE',''
  ) );
#9159 = ORIENTED_EDGE('',*,*,#9084,.T.);
#9160 = ORIENTED_EDGE('',*,*,#8981,.F.);
#9161 = ORIENTED_EDGE('',*,*,#7170,.F.);
#9162 = ADVANCED_FACE('',(#9163),#9026,.T.);
#9163 = FACE_BOUND('',#9164,.T.);
#9164 = EDGE_LOOP('',(#9165,#9195,#9221,#9222));
#9165 = ORIENTED_EDGE('',*,*,#9166,.T.);
#9166 = EDGE_CURVE('',#9167,#9169,#9171,.T.);
#9167 = VERTEX_POINT('',#9168);
#9168 = CARTESIAN_POINT('',(30.45,17.028015233206,17.917944072643));
#9169 = VERTEX_POINT('',#9170);
#9170 = CARTESIAN_POINT('',(30.45,16.,17.9));
#9171 = SURFACE_CURVE('',#9172,(#9176,#9183),.PCURVE_S1.);
#9172 = LINE('',#9173,#9174);
#9173 = CARTESIAN_POINT('',(30.45,16.,17.9));
#9174 = VECTOR('',#9175,1.);
#9175 = DIRECTION('',(-6.05501983181E-19,-0.999847695156,
    -1.745240643729E-02));
#9176 = PCURVE('',#9026,#9177);
#9177 = DEFINITIONAL_REPRESENTATION('',(#9178),#9182);
#9178 = LINE('',#9179,#9180);
#9179 = CARTESIAN_POINT('',(0.,-0.514007616603));
#9180 = VECTOR('',#9181,1.);
#9181 = DIRECTION('',(0.,-1.));
#9182 = ( GEOMETRIC_REPRESENTATION_CONTEXT(2) 
PARAMETRIC_REPRESENTATION_CONTEXT() REPRESENTATION_CONTEXT('2D SPACE',''
  ) );
#9183 = PCURVE('',#9184,#9189);
#9184 = PLANE('',#9185);
#9185 = AXIS2_PLACEMENT_3D('',#9186,#9187,#9188);
#9186 = CARTESIAN_POINT('',(3.614879035249E-14,17.028015233206,
    17.917944072643));
#9187 = DIRECTION('',(4.756804386535E-16,1.745240643729E-02,
    -0.999847695156));
#9188 = DIRECTION('',(-6.05501983181E-19,-0.999847695156,
    -1.745240643729E-02));
#9189 = DEFINITIONAL_REPRESENTATION('',(#9190),#9194);
#9190 = LINE('',#9191,#9192);
#9191 = CARTESIAN_POINT('',(1.028171828755,-30.45));
#9192 = VECTOR('',#9193,1.);
#9193 = DIRECTION('',(1.,1.701674143774E-35));
#9194 = ( GEOMETRIC_REPRESENTATION_CONTEXT(2) 
PARAMETRIC_REPRESENTATION_CONTEXT() REPRESENTATION_CONTEXT('2D SPACE',''
  ) );
#9195 = ORIENTED_EDGE('',*,*,#9196,.F.);
#9196 = EDGE_CURVE('',#9011,#9169,#9197,.T.);
#9197 = SURFACE_CURVE('',#9198,(#9203,#9210),.PCURVE_S1.);
#9198 = CIRCLE('',#9199,1.15);
#9199 = AXIS2_PLACEMENT_3D('',#9200,#9201,#9202);
#9200 = CARTESIAN_POINT('',(30.45,16.,16.75));
#9201 = DIRECTION('',(0.,-1.,0.));
#9202 = DIRECTION('',(3.469446951954E-17,0.,1.));
#9203 = PCURVE('',#9026,#9204);
#9204 = DEFINITIONAL_REPRESENTATION('',(#9205),#9209);
#9205 = LINE('',#9206,#9207);
#9206 = CARTESIAN_POINT('',(6.28318530718,-0.514007616603));
#9207 = VECTOR('',#9208,1.);
#9208 = DIRECTION('',(-1.,0.));
#9209 = ( GEOMETRIC_REPRESENTATION_CONTEXT(2) 
PARAMETRIC_REPRESENTATION_CONTEXT() REPRESENTATION_CONTEXT('2D SPACE',''
  ) );
#9210 = PCURVE('',#44,#9211);
#9211 = DEFINITIONAL_REPRESENTATION('',(#9212),#9220);
#9212 = ( BOUNDED_CURVE() B_SPLINE_CURVE(2,(#9213,#9214,#9215,#9216,
#9217,#9218,#9219),.UNSPECIFIED.,.T.,.F.) B_SPLINE_CURVE_WITH_KNOTS((1,2
    ,2,2,2,1),(-2.094395102393,0.,2.094395102393,4.188790204786,
6.28318530718,8.377580409573),.UNSPECIFIED.) CURVE() 
GEOMETRIC_REPRESENTATION_ITEM() RATIONAL_B_SPLINE_CURVE((1.,0.5,1.,0.5,
1.,0.5,1.)) REPRESENTATION_ITEM('') );
#9213 = CARTESIAN_POINT('',(27.9,50.45));
#9214 = CARTESIAN_POINT('',(27.9,48.458141571296));
#9215 = CARTESIAN_POINT('',(26.175,49.454070785648));
#9216 = CARTESIAN_POINT('',(24.45,50.45));
#9217 = CARTESIAN_POINT('',(26.175,51.445929214352));
#9218 = CARTESIAN_POINT('',(27.9,52.441858428704));
#9219 = CARTESIAN_POINT('',(27.9,50.45));
#9220 = ( GEOMETRIC_REPRESENTATION_CONTEXT(2) 
PARAMETRIC_REPRESENTATION_CONTEXT() REPRESENTATION_CONTEXT('2D SPACE',''
  ) );
#9221 = ORIENTED_EDGE('',*,*,#9008,.F.);
#9222 = ORIENTED_EDGE('',*,*,#9223,.F.);
#9223 = EDGE_CURVE('',#9167,#9009,#9224,.T.);
#9224 = SURFACE_CURVE('',#9225,(#9230,#9237),.PCURVE_S1.);
#9225 = CIRCLE('',#9226,1.167944072643);
#9226 = AXIS2_PLACEMENT_3D('',#9227,#9228,#9229);
#9227 = CARTESIAN_POINT('',(30.45,17.028015233206,16.75));
#9228 = DIRECTION('',(-5.737251350666E-16,1.,-5.737251350666E-16));
#9229 = DIRECTION('',(3.469446951954E-17,5.737251350666E-16,1.));
#9230 = PCURVE('',#9026,#9231);
#9231 = DEFINITIONAL_REPRESENTATION('',(#9232),#9236);
#9232 = LINE('',#9233,#9234);
#9233 = CARTESIAN_POINT('',(0.,0.514007616603));
#9234 = VECTOR('',#9235,1.);
#9235 = DIRECTION('',(1.,0.));
#9236 = ( GEOMETRIC_REPRESENTATION_CONTEXT(2) 
PARAMETRIC_REPRESENTATION_CONTEXT() REPRESENTATION_CONTEXT('2D SPACE',''
  ) );
#9237 = PCURVE('',#9124,#9238);
#9238 = DEFINITIONAL_REPRESENTATION('',(#9239),#9243);
#9239 = LINE('',#9240,#9241);
#9240 = CARTESIAN_POINT('',(3.14159265359,3.15904594611));
#9241 = VECTOR('',#9242,1.);
#9242 = DIRECTION('',(-1.,0.));
#9243 = ( GEOMETRIC_REPRESENTATION_CONTEXT(2) 
PARAMETRIC_REPRESENTATION_CONTEXT() REPRESENTATION_CONTEXT('2D SPACE',''
  ) );
#9244 = ADVANCED_FACE('',(#9245),#9124,.F.);
#9245 = FACE_BOUND('',#9246,.F.);
#9246 = EDGE_LOOP('',(#9247,#9271,#9272,#9273));
#9247 = ORIENTED_EDGE('',*,*,#9248,.T.);
#9248 = EDGE_CURVE('',#9249,#9085,#9251,.T.);
#9249 = VERTEX_POINT('',#9250);
#9250 = CARTESIAN_POINT('',(30.45,17.028015233206,19.082055927357));
#9251 = SURFACE_CURVE('',#9252,(#9257,#9264),.PCURVE_S1.);
#9252 = CIRCLE('',#9253,2.332055927357);
#9253 = AXIS2_PLACEMENT_3D('',#9254,#9255,#9256);
#9254 = CARTESIAN_POINT('',(30.45,17.028015233206,16.75));
#9255 = DIRECTION('',(-2.873339626921E-16,1.,-2.873339626921E-16));
#9256 = DIRECTION('',(-1.86958751892E-15,2.873339626921E-16,1.));
#9257 = PCURVE('',#9124,#9258);
#9258 = DEFINITIONAL_REPRESENTATION('',(#9259),#9263);
#9259 = LINE('',#9260,#9261);
#9260 = CARTESIAN_POINT('',(3.14159265359,6.26573201466));
#9261 = VECTOR('',#9262,1.);
#9262 = DIRECTION('',(-1.,0.));
#9263 = ( GEOMETRIC_REPRESENTATION_CONTEXT(2) 
PARAMETRIC_REPRESENTATION_CONTEXT() REPRESENTATION_CONTEXT('2D SPACE',''
  ) );
#9264 = PCURVE('',#7158,#9265);
#9265 = DEFINITIONAL_REPRESENTATION('',(#9266),#9270);
#9266 = LINE('',#9267,#9268);
#9267 = CARTESIAN_POINT('',(6.28318530718,-0.514007616603));
#9268 = VECTOR('',#9269,1.);
#9269 = DIRECTION('',(-1.,-7.066822816845E-17));
#9270 = ( GEOMETRIC_REPRESENTATION_CONTEXT(2) 
PARAMETRIC_REPRESENTATION_CONTEXT() REPRESENTATION_CONTEXT('2D SPACE',''
  ) );
#9271 = ORIENTED_EDGE('',*,*,#9109,.T.);
#9272 = ORIENTED_EDGE('',*,*,#9223,.F.);
#9273 = ORIENTED_EDGE('',*,*,#9274,.F.);
#9274 = EDGE_CURVE('',#9249,#9167,#9275,.T.);
#9275 = SURFACE_CURVE('',#9276,(#9281,#9288),.PCURVE_S1.);
#9276 = CIRCLE('',#9277,0.582144590798);
#9277 = AXIS2_PLACEMENT_3D('',#9278,#9279,#9280);
#9278 = CARTESIAN_POINT('',(30.45,17.017855409202,18.5));
#9279 = DIRECTION('',(-1.,4.318074748742E-35,3.469446951954E-17));
#9280 = DIRECTION('',(-3.468918538378E-17,1.745240643728E-02,
    -0.999847695156));
#9281 = PCURVE('',#9124,#9282);
#9282 = DEFINITIONAL_REPRESENTATION('',(#9283),#9287);
#9283 = LINE('',#9284,#9285);
#9284 = CARTESIAN_POINT('',(3.14159265359,9.442231253289));
#9285 = VECTOR('',#9286,1.);
#9286 = DIRECTION('',(0.,-1.));
#9287 = ( GEOMETRIC_REPRESENTATION_CONTEXT(2) 
PARAMETRIC_REPRESENTATION_CONTEXT() REPRESENTATION_CONTEXT('2D SPACE',''
  ) );
#9288 = PCURVE('',#9289,#9294);
#9289 = CYLINDRICAL_SURFACE('',#9290,0.582144590798);
#9290 = AXIS2_PLACEMENT_3D('',#9291,#9292,#9293);
#9291 = CARTESIAN_POINT('',(3.616898447412E-14,17.017855409202,18.5));
#9292 = DIRECTION('',(-1.,0.,-4.757528981242E-16));
#9293 = DIRECTION('',(4.756804386535E-16,1.745240643728E-02,
    -0.999847695156));
#9294 = DEFINITIONAL_REPRESENTATION('',(#9295),#9299);
#9295 = LINE('',#9296,#9297);
#9296 = CARTESIAN_POINT('',(4.440892098501E-16,-30.45));
#9297 = VECTOR('',#9298,1.);
#9298 = DIRECTION('',(1.,0.));
#9299 = ( GEOMETRIC_REPRESENTATION_CONTEXT(2) 
PARAMETRIC_REPRESENTATION_CONTEXT() REPRESENTATION_CONTEXT('2D SPACE',''
  ) );
#9300 = ADVANCED_FACE('',(#9301),#7158,.F.);
#9301 = FACE_BOUND('',#9302,.F.);
#9302 = EDGE_LOOP('',(#9303,#9304,#9305,#9306));
#9303 = ORIENTED_EDGE('',*,*,#7141,.T.);
#9304 = ORIENTED_EDGE('',*,*,#9139,.T.);
#9305 = ORIENTED_EDGE('',*,*,#9248,.F.);
#9306 = ORIENTED_EDGE('',*,*,#9307,.F.);
#9307 = EDGE_CURVE('',#7114,#9249,#9308,.T.);
#9308 = SURFACE_CURVE('',#9309,(#9313,#9320),.PCURVE_S1.);
#9309 = LINE('',#9310,#9311);
#9310 = CARTESIAN_POINT('',(30.45,17.028015233206,19.082055927357));
#9311 = VECTOR('',#9312,1.);
#9312 = DIRECTION('',(-6.05501983181E-19,0.999847695156,
    -1.745240643729E-02));
#9313 = PCURVE('',#7158,#9314);
#9314 = DEFINITIONAL_REPRESENTATION('',(#9315),#9319);
#9315 = LINE('',#9316,#9317);
#9316 = CARTESIAN_POINT('',(6.28318530718,-0.514007616603));
#9317 = VECTOR('',#9318,1.);
#9318 = DIRECTION('',(0.,-1.));
#9319 = ( GEOMETRIC_REPRESENTATION_CONTEXT(2) 
PARAMETRIC_REPRESENTATION_CONTEXT() REPRESENTATION_CONTEXT('2D SPACE',''
  ) );
#9320 = PCURVE('',#7129,#9321);
#9321 = DEFINITIONAL_REPRESENTATION('',(#9322),#9326);
#9322 = LINE('',#9323,#9324);
#9323 = CARTESIAN_POINT('',(1.028171828755,-30.45));
#9324 = VECTOR('',#9325,1.);
#9325 = DIRECTION('',(1.,1.701674143774E-35));
#9326 = ( GEOMETRIC_REPRESENTATION_CONTEXT(2) 
PARAMETRIC_REPRESENTATION_CONTEXT() REPRESENTATION_CONTEXT('2D SPACE',''
  ) );
#9327 = ADVANCED_FACE('',(#9328),#7480,.F.);
#9328 = FACE_BOUND('',#9329,.T.);
#9329 = EDGE_LOOP('',(#9330,#9360,#9381,#9382));
#9330 = ORIENTED_EDGE('',*,*,#9331,.F.);
#9331 = EDGE_CURVE('',#9332,#9334,#9336,.T.);
#9332 = VERTEX_POINT('',#9333);
#9333 = CARTESIAN_POINT('',(-37.91794407264,17.028015233206,10.45));
#9334 = VERTEX_POINT('',#9335);
#9335 = CARTESIAN_POINT('',(-37.9,16.,10.45));
#9336 = SURFACE_CURVE('',#9337,(#9341,#9348),.PCURVE_S1.);
#9337 = LINE('',#9338,#9339);
#9338 = CARTESIAN_POINT('',(-37.9,16.,10.45));
#9339 = VECTOR('',#9340,1.);
#9340 = DIRECTION('',(1.745240643729E-02,-0.999847695156,
    -1.32997917443E-17));
#9341 = PCURVE('',#7480,#9342);
#9342 = DEFINITIONAL_REPRESENTATION('',(#9343),#9347);
#9343 = LINE('',#9344,#9345);
#9344 = CARTESIAN_POINT('',(1.028171828755,-1.305191111844E-17));
#9345 = VECTOR('',#9346,1.);
#9346 = DIRECTION('',(1.,0.));
#9347 = ( GEOMETRIC_REPRESENTATION_CONTEXT(2) 
PARAMETRIC_REPRESENTATION_CONTEXT() REPRESENTATION_CONTEXT('2D SPACE',''
  ) );
#9348 = PCURVE('',#9349,#9354);
#9349 = CONICAL_SURFACE('',#9350,1.158972036321,1.745329251995E-02);
#9350 = AXIS2_PLACEMENT_3D('',#9351,#9352,#9353);
#9351 = CARTESIAN_POINT('',(-36.75,16.514007616603,10.45));
#9352 = DIRECTION('',(0.,1.,0.));
#9353 = DIRECTION('',(3.469446951954E-17,0.,1.));
#9354 = DEFINITIONAL_REPRESENTATION('',(#9355),#9359);
#9355 = LINE('',#9356,#9357);
#9356 = CARTESIAN_POINT('',(4.712388980385,-0.514007616603));
#9357 = VECTOR('',#9358,1.);
#9358 = DIRECTION('',(0.,-1.));
#9359 = ( GEOMETRIC_REPRESENTATION_CONTEXT(2) 
PARAMETRIC_REPRESENTATION_CONTEXT() REPRESENTATION_CONTEXT('2D SPACE',''
  ) );
#9360 = ORIENTED_EDGE('',*,*,#9361,.T.);
#9361 = EDGE_CURVE('',#9332,#7465,#9362,.T.);
#9362 = SURFACE_CURVE('',#9363,(#9367,#9374),.PCURVE_S1.);
#9363 = LINE('',#9364,#9365);
#9364 = CARTESIAN_POINT('',(-37.91794407264,17.028015233206,10.45));
#9365 = VECTOR('',#9366,1.);
#9366 = DIRECTION('',(-4.596602205722E-16,0.,-1.));
#9367 = PCURVE('',#7480,#9368);
#9368 = DEFINITIONAL_REPRESENTATION('',(#9369),#9373);
#9369 = LINE('',#9370,#9371);
#9370 = CARTESIAN_POINT('',(0.,0.));
#9371 = VECTOR('',#9372,1.);
#9372 = DIRECTION('',(5.277614751819E-18,1.));
#9373 = ( GEOMETRIC_REPRESENTATION_CONTEXT(2) 
PARAMETRIC_REPRESENTATION_CONTEXT() REPRESENTATION_CONTEXT('2D SPACE',''
  ) );
#9374 = PCURVE('',#7563,#9375);
#9375 = DEFINITIONAL_REPRESENTATION('',(#9376),#9380);
#9376 = LINE('',#9377,#9378);
#9377 = CARTESIAN_POINT('',(6.28318530718,0.));
#9378 = VECTOR('',#9379,1.);
#9379 = DIRECTION('',(0.,1.));
#9380 = ( GEOMETRIC_REPRESENTATION_CONTEXT(2) 
PARAMETRIC_REPRESENTATION_CONTEXT() REPRESENTATION_CONTEXT('2D SPACE',''
  ) );
#9381 = ORIENTED_EDGE('',*,*,#7464,.T.);
#9382 = ORIENTED_EDGE('',*,*,#9383,.F.);
#9383 = EDGE_CURVE('',#9334,#7437,#9384,.T.);
#9384 = SURFACE_CURVE('',#9385,(#9389,#9396),.PCURVE_S1.);
#9385 = LINE('',#9386,#9387);
#9386 = CARTESIAN_POINT('',(-37.9,16.,0.225));
#9387 = VECTOR('',#9388,1.);
#9388 = DIRECTION('',(-4.596602205722E-16,0.,-1.));
#9389 = PCURVE('',#7480,#9390);
#9390 = DEFINITIONAL_REPRESENTATION('',(#9391),#9395);
#9391 = LINE('',#9392,#9393);
#9392 = CARTESIAN_POINT('',(1.028171828755,10.225));
#9393 = VECTOR('',#9394,1.);
#9394 = DIRECTION('',(5.277614751819E-18,1.));
#9395 = ( GEOMETRIC_REPRESENTATION_CONTEXT(2) 
PARAMETRIC_REPRESENTATION_CONTEXT() REPRESENTATION_CONTEXT('2D SPACE',''
  ) );
#9396 = PCURVE('',#44,#9397);
#9397 = DEFINITIONAL_REPRESENTATION('',(#9398),#9402);
#9398 = LINE('',#9399,#9400);
#9399 = CARTESIAN_POINT('',(10.225,-17.9));
#9400 = VECTOR('',#9401,1.);
#9401 = DIRECTION('',(-1.,-4.249657510527E-16));
#9402 = ( GEOMETRIC_REPRESENTATION_CONTEXT(2) 
PARAMETRIC_REPRESENTATION_CONTEXT() REPRESENTATION_CONTEXT('2D SPACE',''
  ) );
#9403 = ADVANCED_FACE('',(#9404),#7563,.F.);
#9404 = FACE_BOUND('',#9405,.F.);
#9405 = EDGE_LOOP('',(#9406,#9407,#9408,#9431));
#9406 = ORIENTED_EDGE('',*,*,#9361,.T.);
#9407 = ORIENTED_EDGE('',*,*,#7548,.F.);
#9408 = ORIENTED_EDGE('',*,*,#9409,.F.);
#9409 = EDGE_CURVE('',#9410,#7525,#9412,.T.);
#9410 = VERTEX_POINT('',#9411);
#9411 = CARTESIAN_POINT('',(-39.08205592735,17.028015233206,10.45));
#9412 = SURFACE_CURVE('',#9413,(#9417,#9424),.PCURVE_S1.);
#9413 = LINE('',#9414,#9415);
#9414 = CARTESIAN_POINT('',(-39.08205592735,17.028015233206,10.45));
#9415 = VECTOR('',#9416,1.);
#9416 = DIRECTION('',(-4.596602205722E-16,0.,-1.));
#9417 = PCURVE('',#7563,#9418);
#9418 = DEFINITIONAL_REPRESENTATION('',(#9419),#9423);
#9419 = LINE('',#9420,#9421);
#9420 = CARTESIAN_POINT('',(3.17649923863,0.));
#9421 = VECTOR('',#9422,1.);
#9422 = DIRECTION('',(2.124828755263E-17,1.));
#9423 = ( GEOMETRIC_REPRESENTATION_CONTEXT(2) 
PARAMETRIC_REPRESENTATION_CONTEXT() REPRESENTATION_CONTEXT('2D SPACE',''
  ) );
#9424 = PCURVE('',#6954,#9425);
#9425 = DEFINITIONAL_REPRESENTATION('',(#9426),#9430);
#9426 = LINE('',#9427,#9428);
#9427 = CARTESIAN_POINT('',(1.028171828755,-1.305191111844E-17));
#9428 = VECTOR('',#9429,1.);
#9429 = DIRECTION('',(5.277614751819E-18,1.));
#9430 = ( GEOMETRIC_REPRESENTATION_CONTEXT(2) 
PARAMETRIC_REPRESENTATION_CONTEXT() REPRESENTATION_CONTEXT('2D SPACE',''
  ) );
#9431 = ORIENTED_EDGE('',*,*,#9432,.T.);
#9432 = EDGE_CURVE('',#9410,#9332,#9433,.T.);
#9433 = SURFACE_CURVE('',#9434,(#9439,#9446),.PCURVE_S1.);
#9434 = CIRCLE('',#9435,0.582144590798);
#9435 = AXIS2_PLACEMENT_3D('',#9436,#9437,#9438);
#9436 = CARTESIAN_POINT('',(-38.5,17.017855409202,10.45));
#9437 = DIRECTION('',(-7.62060624252E-16,-1.125135329211E-33,-1.));
#9438 = DIRECTION('',(0.999847695156,1.745240643728E-02,
    -7.619445587278E-16));
#9439 = PCURVE('',#7563,#9440);
#9440 = DEFINITIONAL_REPRESENTATION('',(#9441),#9445);
#9441 = LINE('',#9442,#9443);
#9442 = CARTESIAN_POINT('',(0.,0.));
#9443 = VECTOR('',#9444,1.);
#9444 = DIRECTION('',(1.,0.));
#9445 = ( GEOMETRIC_REPRESENTATION_CONTEXT(2) 
PARAMETRIC_REPRESENTATION_CONTEXT() REPRESENTATION_CONTEXT('2D SPACE',''
  ) );
#9446 = PCURVE('',#9447,#9452);
#9447 = TOROIDAL_SURFACE('',#9448,1.75,0.582144590798);
#9448 = AXIS2_PLACEMENT_3D('',#9449,#9450,#9451);
#9449 = CARTESIAN_POINT('',(-36.75,17.017855409202,10.45));
#9450 = DIRECTION('',(0.,-1.,0.));
#9451 = DIRECTION('',(-3.469446951954E-17,0.,-1.));
#9452 = DEFINITIONAL_REPRESENTATION('',(#9453),#9457);
#9453 = LINE('',#9454,#9455);
#9454 = CARTESIAN_POINT('',(4.712388980385,9.442231253289));
#9455 = VECTOR('',#9456,1.);
#9456 = DIRECTION('',(0.,-1.));
#9457 = ( GEOMETRIC_REPRESENTATION_CONTEXT(2) 
PARAMETRIC_REPRESENTATION_CONTEXT() REPRESENTATION_CONTEXT('2D SPACE',''
  ) );
#9458 = ADVANCED_FACE('',(#9459),#6954,.F.);
#9459 = FACE_BOUND('',#9460,.T.);
#9460 = EDGE_LOOP('',(#9461,#9482,#9483,#9484));
#9461 = ORIENTED_EDGE('',*,*,#9462,.F.);
#9462 = EDGE_CURVE('',#6939,#9410,#9463,.T.);
#9463 = SURFACE_CURVE('',#9464,(#9468,#9475),.PCURVE_S1.);
#9464 = LINE('',#9465,#9466);
#9465 = CARTESIAN_POINT('',(-39.08205592735,17.028015233206,10.45));
#9466 = VECTOR('',#9467,1.);
#9467 = DIRECTION('',(1.745240643729E-02,0.999847695156,
    -1.32997917443E-17));
#9468 = PCURVE('',#6954,#9469);
#9469 = DEFINITIONAL_REPRESENTATION('',(#9470),#9474);
#9470 = LINE('',#9471,#9472);
#9471 = CARTESIAN_POINT('',(1.028171828755,-1.305191111844E-17));
#9472 = VECTOR('',#9473,1.);
#9473 = DIRECTION('',(1.,0.));
#9474 = ( GEOMETRIC_REPRESENTATION_CONTEXT(2) 
PARAMETRIC_REPRESENTATION_CONTEXT() REPRESENTATION_CONTEXT('2D SPACE',''
  ) );
#9475 = PCURVE('',#6983,#9476);
#9476 = DEFINITIONAL_REPRESENTATION('',(#9477),#9481);
#9477 = LINE('',#9478,#9479);
#9478 = CARTESIAN_POINT('',(1.570796326795,-0.514007616603));
#9479 = VECTOR('',#9480,1.);
#9480 = DIRECTION('',(0.,-1.));
#9481 = ( GEOMETRIC_REPRESENTATION_CONTEXT(2) 
PARAMETRIC_REPRESENTATION_CONTEXT() REPRESENTATION_CONTEXT('2D SPACE',''
  ) );
#9482 = ORIENTED_EDGE('',*,*,#6938,.F.);
#9483 = ORIENTED_EDGE('',*,*,#7607,.T.);
#9484 = ORIENTED_EDGE('',*,*,#9409,.F.);
#9485 = ADVANCED_FACE('',(#9486),#9349,.T.);
#9486 = FACE_BOUND('',#9487,.T.);
#9487 = EDGE_LOOP('',(#9488,#9518,#9540,#9541));
#9488 = ORIENTED_EDGE('',*,*,#9489,.F.);
#9489 = EDGE_CURVE('',#9490,#9492,#9494,.T.);
#9490 = VERTEX_POINT('',#9491);
#9491 = CARTESIAN_POINT('',(-36.75,17.028015233206,11.617944072643));
#9492 = VERTEX_POINT('',#9493);
#9493 = CARTESIAN_POINT('',(-36.75,16.,11.6));
#9494 = SURFACE_CURVE('',#9495,(#9499,#9506),.PCURVE_S1.);
#9495 = LINE('',#9496,#9497);
#9496 = CARTESIAN_POINT('',(-36.75,16.,11.6));
#9497 = VECTOR('',#9498,1.);
#9498 = DIRECTION('',(-1.223114006026E-17,-0.999847695156,
    -1.745240643729E-02));
#9499 = PCURVE('',#9349,#9500);
#9500 = DEFINITIONAL_REPRESENTATION('',(#9501),#9505);
#9501 = LINE('',#9502,#9503);
#9502 = CARTESIAN_POINT('',(6.28318530718,-0.514007616603));
#9503 = VECTOR('',#9504,1.);
#9504 = DIRECTION('',(0.,-1.));
#9505 = ( GEOMETRIC_REPRESENTATION_CONTEXT(2) 
PARAMETRIC_REPRESENTATION_CONTEXT() REPRESENTATION_CONTEXT('2D SPACE',''
  ) );
#9506 = PCURVE('',#9507,#9512);
#9507 = PLANE('',#9508);
#9508 = AXIS2_PLACEMENT_3D('',#9509,#9510,#9511);
#9509 = CARTESIAN_POINT('',(-35.7,17.028015233206,11.617944072643));
#9510 = DIRECTION('',(-2.149077627824E-15,1.745240643729E-02,
    -0.999847695156));
#9511 = DIRECTION('',(-1.223114006026E-17,-0.999847695156,
    -1.745240643729E-02));
#9512 = DEFINITIONAL_REPRESENTATION('',(#9513),#9517);
#9513 = LINE('',#9514,#9515);
#9514 = CARTESIAN_POINT('',(1.028171828755,1.05));
#9515 = VECTOR('',#9516,1.);
#9516 = DIRECTION('',(1.,4.552949691428E-33));
#9517 = ( GEOMETRIC_REPRESENTATION_CONTEXT(2) 
PARAMETRIC_REPRESENTATION_CONTEXT() REPRESENTATION_CONTEXT('2D SPACE',''
  ) );
#9518 = ORIENTED_EDGE('',*,*,#9519,.T.);
#9519 = EDGE_CURVE('',#9490,#9332,#9520,.T.);
#9520 = SURFACE_CURVE('',#9521,(#9526,#9533),.PCURVE_S1.);
#9521 = CIRCLE('',#9522,1.167944072643);
#9522 = AXIS2_PLACEMENT_3D('',#9523,#9524,#9525);
#9523 = CARTESIAN_POINT('',(-36.75,17.028015233206,10.45));
#9524 = DIRECTION('',(-5.737251350666E-16,-1.,5.737251350666E-16));
#9525 = DIRECTION('',(7.639325894125E-15,5.737251350666E-16,1.));
#9526 = PCURVE('',#9349,#9527);
#9527 = DEFINITIONAL_REPRESENTATION('',(#9528),#9532);
#9528 = LINE('',#9529,#9530);
#9529 = CARTESIAN_POINT('',(6.28318530718,0.514007616603));
#9530 = VECTOR('',#9531,1.);
#9531 = DIRECTION('',(-1.,0.));
#9532 = ( GEOMETRIC_REPRESENTATION_CONTEXT(2) 
PARAMETRIC_REPRESENTATION_CONTEXT() REPRESENTATION_CONTEXT('2D SPACE',''
  ) );
#9533 = PCURVE('',#9447,#9534);
#9534 = DEFINITIONAL_REPRESENTATION('',(#9535),#9539);
#9535 = LINE('',#9536,#9537);
#9536 = CARTESIAN_POINT('',(3.14159265359,3.15904594611));
#9537 = VECTOR('',#9538,1.);
#9538 = DIRECTION('',(1.,0.));
#9539 = ( GEOMETRIC_REPRESENTATION_CONTEXT(2) 
PARAMETRIC_REPRESENTATION_CONTEXT() REPRESENTATION_CONTEXT('2D SPACE',''
  ) );
#9540 = ORIENTED_EDGE('',*,*,#9331,.T.);
#9541 = ORIENTED_EDGE('',*,*,#9542,.F.);
#9542 = EDGE_CURVE('',#9492,#9334,#9543,.T.);
#9543 = SURFACE_CURVE('',#9544,(#9549,#9556),.PCURVE_S1.);
#9544 = CIRCLE('',#9545,1.15);
#9545 = AXIS2_PLACEMENT_3D('',#9546,#9547,#9548);
#9546 = CARTESIAN_POINT('',(-36.75,16.,10.45));
#9547 = DIRECTION('',(0.,-1.,0.));
#9548 = DIRECTION('',(3.469446951954E-17,0.,1.));
#9549 = PCURVE('',#9349,#9550);
#9550 = DEFINITIONAL_REPRESENTATION('',(#9551),#9555);
#9551 = LINE('',#9552,#9553);
#9552 = CARTESIAN_POINT('',(6.28318530718,-0.514007616603));
#9553 = VECTOR('',#9554,1.);
#9554 = DIRECTION('',(-1.,7.066822816845E-17));
#9555 = ( GEOMETRIC_REPRESENTATION_CONTEXT(2) 
PARAMETRIC_REPRESENTATION_CONTEXT() REPRESENTATION_CONTEXT('2D SPACE',''
  ) );
#9556 = PCURVE('',#44,#9557);
#9557 = DEFINITIONAL_REPRESENTATION('',(#9558),#9566);
#9558 = ( BOUNDED_CURVE() B_SPLINE_CURVE(2,(#9559,#9560,#9561,#9562,
#9563,#9564,#9565),.UNSPECIFIED.,.T.,.F.) B_SPLINE_CURVE_WITH_KNOTS((1,2
    ,2,2,2,1),(-2.094395102393,0.,2.094395102393,4.188790204786,
6.28318530718,8.377580409573),.UNSPECIFIED.) CURVE() 
GEOMETRIC_REPRESENTATION_ITEM() RATIONAL_B_SPLINE_CURVE((1.,0.5,1.,0.5,
1.,0.5,1.)) REPRESENTATION_ITEM('') );
#9559 = CARTESIAN_POINT('',(21.6,-16.75));
#9560 = CARTESIAN_POINT('',(21.6,-18.7418584287));
#9561 = CARTESIAN_POINT('',(19.875,-17.74592921435));
#9562 = CARTESIAN_POINT('',(18.15,-16.75));
#9563 = CARTESIAN_POINT('',(19.875,-15.75407078564));
#9564 = CARTESIAN_POINT('',(21.6,-14.75814157129));
#9565 = CARTESIAN_POINT('',(21.6,-16.75));
#9566 = ( GEOMETRIC_REPRESENTATION_CONTEXT(2) 
PARAMETRIC_REPRESENTATION_CONTEXT() REPRESENTATION_CONTEXT('2D SPACE',''
  ) );
#9567 = ADVANCED_FACE('',(#9568),#9447,.F.);
#9568 = FACE_BOUND('',#9569,.F.);
#9569 = EDGE_LOOP('',(#9570,#9571,#9572,#9596));
#9570 = ORIENTED_EDGE('',*,*,#9519,.T.);
#9571 = ORIENTED_EDGE('',*,*,#9432,.F.);
#9572 = ORIENTED_EDGE('',*,*,#9573,.F.);
#9573 = EDGE_CURVE('',#9574,#9410,#9576,.T.);
#9574 = VERTEX_POINT('',#9575);
#9575 = CARTESIAN_POINT('',(-36.75,17.028015233206,12.782055927357));
#9576 = SURFACE_CURVE('',#9577,(#9582,#9589),.PCURVE_S1.);
#9577 = CIRCLE('',#9578,2.332055927357);
#9578 = AXIS2_PLACEMENT_3D('',#9579,#9580,#9581);
#9579 = CARTESIAN_POINT('',(-36.75,17.028015233206,10.45));
#9580 = DIRECTION('',(-2.873339626921E-16,-1.,2.873339626921E-16));
#9581 = DIRECTION('',(1.938976457959E-15,2.873339626921E-16,1.));
#9582 = PCURVE('',#9447,#9583);
#9583 = DEFINITIONAL_REPRESENTATION('',(#9584),#9588);
#9584 = LINE('',#9585,#9586);
#9585 = CARTESIAN_POINT('',(3.14159265359,6.26573201466));
#9586 = VECTOR('',#9587,1.);
#9587 = DIRECTION('',(1.,0.));
#9588 = ( GEOMETRIC_REPRESENTATION_CONTEXT(2) 
PARAMETRIC_REPRESENTATION_CONTEXT() REPRESENTATION_CONTEXT('2D SPACE',''
  ) );
#9589 = PCURVE('',#6983,#9590);
#9590 = DEFINITIONAL_REPRESENTATION('',(#9591),#9595);
#9591 = LINE('',#9592,#9593);
#9592 = CARTESIAN_POINT('',(0.,-0.514007616603));
#9593 = VECTOR('',#9594,1.);
#9594 = DIRECTION('',(1.,7.066822816845E-17));
#9595 = ( GEOMETRIC_REPRESENTATION_CONTEXT(2) 
PARAMETRIC_REPRESENTATION_CONTEXT() REPRESENTATION_CONTEXT('2D SPACE',''
  ) );
#9596 = ORIENTED_EDGE('',*,*,#9597,.T.);
#9597 = EDGE_CURVE('',#9574,#9490,#9598,.T.);
#9598 = SURFACE_CURVE('',#9599,(#9604,#9611),.PCURVE_S1.);
#9599 = CIRCLE('',#9600,0.582144590798);
#9600 = AXIS2_PLACEMENT_3D('',#9601,#9602,#9603);
#9601 = CARTESIAN_POINT('',(-36.75,17.017855409202,12.2));
#9602 = DIRECTION('',(-1.,6.966734415398E-34,7.008282842946E-16));
#9603 = DIRECTION('',(-7.007215447524E-16,1.745240643728E-02,
    -0.999847695156));
#9604 = PCURVE('',#9447,#9605);
#9605 = DEFINITIONAL_REPRESENTATION('',(#9606),#9610);
#9606 = LINE('',#9607,#9608);
#9607 = CARTESIAN_POINT('',(3.14159265359,9.442231253289));
#9608 = VECTOR('',#9609,1.);
#9609 = DIRECTION('',(0.,-1.));
#9610 = ( GEOMETRIC_REPRESENTATION_CONTEXT(2) 
PARAMETRIC_REPRESENTATION_CONTEXT() REPRESENTATION_CONTEXT('2D SPACE',''
  ) );
#9611 = PCURVE('',#9612,#9617);
#9612 = CYLINDRICAL_SURFACE('',#9613,0.582144590798);
#9613 = AXIS2_PLACEMENT_3D('',#9614,#9615,#9616);
#9614 = CARTESIAN_POINT('',(-35.7,17.017855409202,12.2));
#9615 = DIRECTION('',(-1.,0.,2.149404992615E-15));
#9616 = DIRECTION('',(-2.149077627824E-15,1.745240643728E-02,
    -0.999847695156));
#9617 = DEFINITIONAL_REPRESENTATION('',(#9618),#9622);
#9618 = LINE('',#9619,#9620);
#9619 = CARTESIAN_POINT('',(4.440892098501E-16,1.05));
#9620 = VECTOR('',#9621,1.);
#9621 = DIRECTION('',(1.,-2.287140445097E-15));
#9622 = ( GEOMETRIC_REPRESENTATION_CONTEXT(2) 
PARAMETRIC_REPRESENTATION_CONTEXT() REPRESENTATION_CONTEXT('2D SPACE',''
  ) );
#9623 = ADVANCED_FACE('',(#9624),#6983,.F.);
#9624 = FACE_BOUND('',#9625,.F.);
#9625 = EDGE_LOOP('',(#9626,#9627,#9628,#9629));
#9626 = ORIENTED_EDGE('',*,*,#9573,.T.);
#9627 = ORIENTED_EDGE('',*,*,#9462,.F.);
#9628 = ORIENTED_EDGE('',*,*,#6966,.T.);
#9629 = ORIENTED_EDGE('',*,*,#9630,.T.);
#9630 = EDGE_CURVE('',#6967,#9574,#9631,.T.);
#9631 = SURFACE_CURVE('',#9632,(#9636,#9643),.PCURVE_S1.);
#9632 = LINE('',#9633,#9634);
#9633 = CARTESIAN_POINT('',(-36.75,17.028015233206,12.782055927357));
#9634 = VECTOR('',#9635,1.);
#9635 = DIRECTION('',(-1.223114006026E-17,0.999847695156,
    -1.745240643729E-02));
#9636 = PCURVE('',#6983,#9637);
#9637 = DEFINITIONAL_REPRESENTATION('',(#9638),#9642);
#9638 = LINE('',#9639,#9640);
#9639 = CARTESIAN_POINT('',(0.,-0.514007616603));
#9640 = VECTOR('',#9641,1.);
#9641 = DIRECTION('',(0.,-1.));
#9642 = ( GEOMETRIC_REPRESENTATION_CONTEXT(2) 
PARAMETRIC_REPRESENTATION_CONTEXT() REPRESENTATION_CONTEXT('2D SPACE',''
  ) );
#9643 = PCURVE('',#7011,#9644);
#9644 = DEFINITIONAL_REPRESENTATION('',(#9645),#9649);
#9645 = LINE('',#9646,#9647);
#9646 = CARTESIAN_POINT('',(1.028171828755,1.05));
#9647 = VECTOR('',#9648,1.);
#9648 = DIRECTION('',(1.,4.552949691428E-33));
#9649 = ( GEOMETRIC_REPRESENTATION_CONTEXT(2) 
PARAMETRIC_REPRESENTATION_CONTEXT() REPRESENTATION_CONTEXT('2D SPACE',''
  ) );
#9650 = ADVANCED_FACE('',(#9651),#9507,.F.);
#9651 = FACE_BOUND('',#9652,.T.);
#9652 = EDGE_LOOP('',(#9653,#9683,#9704,#9705));
#9653 = ORIENTED_EDGE('',*,*,#9654,.F.);
#9654 = EDGE_CURVE('',#9655,#9657,#9659,.T.);
#9655 = VERTEX_POINT('',#9656);
#9656 = CARTESIAN_POINT('',(-35.7,17.028015233206,11.617944072643));
#9657 = VERTEX_POINT('',#9658);
#9658 = CARTESIAN_POINT('',(-35.7,16.,11.6));
#9659 = SURFACE_CURVE('',#9660,(#9664,#9671),.PCURVE_S1.);
#9660 = LINE('',#9661,#9662);
#9661 = CARTESIAN_POINT('',(-35.7,16.,11.6));
#9662 = VECTOR('',#9663,1.);
#9663 = DIRECTION('',(-1.223114006026E-17,-0.999847695156,
    -1.745240643729E-02));
#9664 = PCURVE('',#9507,#9665);
#9665 = DEFINITIONAL_REPRESENTATION('',(#9666),#9670);
#9666 = LINE('',#9667,#9668);
#9667 = CARTESIAN_POINT('',(1.028171828755,-1.195315356216E-17));
#9668 = VECTOR('',#9669,1.);
#9669 = DIRECTION('',(1.,4.552949691428E-33));
#9670 = ( GEOMETRIC_REPRESENTATION_CONTEXT(2) 
PARAMETRIC_REPRESENTATION_CONTEXT() REPRESENTATION_CONTEXT('2D SPACE',''
  ) );
#9671 = PCURVE('',#9672,#9677);
#9672 = CONICAL_SURFACE('',#9673,4.091027963679,1.745329251995E-02);
#9673 = AXIS2_PLACEMENT_3D('',#9674,#9675,#9676);
#9674 = CARTESIAN_POINT('',(-35.7,16.514007616603,15.7));
#9675 = DIRECTION('',(0.,-1.,0.));
#9676 = DIRECTION('',(3.469446951954E-17,0.,1.));
#9677 = DEFINITIONAL_REPRESENTATION('',(#9678),#9682);
#9678 = LINE('',#9679,#9680);
#9679 = CARTESIAN_POINT('',(3.14159265359,0.514007616603));
#9680 = VECTOR('',#9681,1.);
#9681 = DIRECTION('',(0.,1.));
#9682 = ( GEOMETRIC_REPRESENTATION_CONTEXT(2) 
PARAMETRIC_REPRESENTATION_CONTEXT() REPRESENTATION_CONTEXT('2D SPACE',''
  ) );
#9683 = ORIENTED_EDGE('',*,*,#9684,.T.);
#9684 = EDGE_CURVE('',#9655,#9490,#9685,.T.);
#9685 = SURFACE_CURVE('',#9686,(#9690,#9697),.PCURVE_S1.);
#9686 = LINE('',#9687,#9688);
#9687 = CARTESIAN_POINT('',(-35.7,17.028015233206,11.617944072643));
#9688 = VECTOR('',#9689,1.);
#9689 = DIRECTION('',(-1.,0.,2.149404992615E-15));
#9690 = PCURVE('',#9507,#9691);
#9691 = DEFINITIONAL_REPRESENTATION('',(#9692),#9696);
#9692 = LINE('',#9693,#9694);
#9693 = CARTESIAN_POINT('',(-0.,0.));
#9694 = VECTOR('',#9695,1.);
#9695 = DIRECTION('',(-2.52811494692E-17,1.));
#9696 = ( GEOMETRIC_REPRESENTATION_CONTEXT(2) 
PARAMETRIC_REPRESENTATION_CONTEXT() REPRESENTATION_CONTEXT('2D SPACE',''
  ) );
#9697 = PCURVE('',#9612,#9698);
#9698 = DEFINITIONAL_REPRESENTATION('',(#9699),#9703);
#9699 = LINE('',#9700,#9701);
#9700 = CARTESIAN_POINT('',(6.28318530718,-7.105427357601E-15));
#9701 = VECTOR('',#9702,1.);
#9702 = DIRECTION('',(0.,1.));
#9703 = ( GEOMETRIC_REPRESENTATION_CONTEXT(2) 
PARAMETRIC_REPRESENTATION_CONTEXT() REPRESENTATION_CONTEXT('2D SPACE',''
  ) );
#9704 = ORIENTED_EDGE('',*,*,#9489,.T.);
#9705 = ORIENTED_EDGE('',*,*,#9706,.F.);
#9706 = EDGE_CURVE('',#9657,#9492,#9707,.T.);
#9707 = SURFACE_CURVE('',#9708,(#9712,#9719),.PCURVE_S1.);
#9708 = LINE('',#9709,#9710);
#9709 = CARTESIAN_POINT('',(-27.85,16.,11.6));
#9710 = VECTOR('',#9711,1.);
#9711 = DIRECTION('',(-1.,0.,2.149404992615E-15));
#9712 = PCURVE('',#9507,#9713);
#9713 = DEFINITIONAL_REPRESENTATION('',(#9714),#9718);
#9714 = LINE('',#9715,#9716);
#9715 = CARTESIAN_POINT('',(1.028171828755,-7.85));
#9716 = VECTOR('',#9717,1.);
#9717 = DIRECTION('',(-2.52811494692E-17,1.));
#9718 = ( GEOMETRIC_REPRESENTATION_CONTEXT(2) 
PARAMETRIC_REPRESENTATION_CONTEXT() REPRESENTATION_CONTEXT('2D SPACE',''
  ) );
#9719 = PCURVE('',#44,#9720);
#9720 = DEFINITIONAL_REPRESENTATION('',(#9721),#9725);
#9721 = LINE('',#9722,#9723);
#9722 = CARTESIAN_POINT('',(21.6,-7.85));
#9723 = VECTOR('',#9724,1.);
#9724 = DIRECTION('',(2.114710523096E-15,-1.));
#9725 = ( GEOMETRIC_REPRESENTATION_CONTEXT(2) 
PARAMETRIC_REPRESENTATION_CONTEXT() REPRESENTATION_CONTEXT('2D SPACE',''
  ) );
#9726 = ADVANCED_FACE('',(#9727),#9612,.F.);
#9727 = FACE_BOUND('',#9728,.F.);
#9728 = EDGE_LOOP('',(#9729,#9730,#9731,#9754));
#9729 = ORIENTED_EDGE('',*,*,#9684,.T.);
#9730 = ORIENTED_EDGE('',*,*,#9597,.F.);
#9731 = ORIENTED_EDGE('',*,*,#9732,.F.);
#9732 = EDGE_CURVE('',#9733,#9574,#9735,.T.);
#9733 = VERTEX_POINT('',#9734);
#9734 = CARTESIAN_POINT('',(-35.7,17.028015233206,12.782055927357));
#9735 = SURFACE_CURVE('',#9736,(#9740,#9747),.PCURVE_S1.);
#9736 = LINE('',#9737,#9738);
#9737 = CARTESIAN_POINT('',(-35.7,17.028015233206,12.782055927357));
#9738 = VECTOR('',#9739,1.);
#9739 = DIRECTION('',(-1.,0.,2.149404992615E-15));
#9740 = PCURVE('',#9612,#9741);
#9741 = DEFINITIONAL_REPRESENTATION('',(#9742),#9746);
#9742 = LINE('',#9743,#9744);
#9743 = CARTESIAN_POINT('',(3.17649923863,0.));
#9744 = VECTOR('',#9745,1.);
#9745 = DIRECTION('',(4.229421046191E-16,1.));
#9746 = ( GEOMETRIC_REPRESENTATION_CONTEXT(2) 
PARAMETRIC_REPRESENTATION_CONTEXT() REPRESENTATION_CONTEXT('2D SPACE',''
  ) );
#9747 = PCURVE('',#7011,#9748);
#9748 = DEFINITIONAL_REPRESENTATION('',(#9749),#9753);
#9749 = LINE('',#9750,#9751);
#9750 = CARTESIAN_POINT('',(1.028171828755,-1.195315356216E-17));
#9751 = VECTOR('',#9752,1.);
#9752 = DIRECTION('',(-2.52811494692E-17,1.));
#9753 = ( GEOMETRIC_REPRESENTATION_CONTEXT(2) 
PARAMETRIC_REPRESENTATION_CONTEXT() REPRESENTATION_CONTEXT('2D SPACE',''
  ) );
#9754 = ORIENTED_EDGE('',*,*,#9755,.T.);
#9755 = EDGE_CURVE('',#9733,#9655,#9756,.T.);
#9756 = SURFACE_CURVE('',#9757,(#9762,#9769),.PCURVE_S1.);
#9757 = CIRCLE('',#9758,0.582144590798);
#9758 = AXIS2_PLACEMENT_3D('',#9759,#9760,#9761);
#9759 = CARTESIAN_POINT('',(-35.7,17.017855409202,12.2));
#9760 = DIRECTION('',(-1.,6.966734415398E-34,7.008282842946E-16));
#9761 = DIRECTION('',(-7.007215447524E-16,1.745240643728E-02,
    -0.999847695156));
#9762 = PCURVE('',#9612,#9763);
#9763 = DEFINITIONAL_REPRESENTATION('',(#9764),#9768);
#9764 = LINE('',#9765,#9766);
#9765 = CARTESIAN_POINT('',(0.,7.265099882491E-15));
#9766 = VECTOR('',#9767,1.);
#9767 = DIRECTION('',(1.,-2.287140445097E-15));
#9768 = ( GEOMETRIC_REPRESENTATION_CONTEXT(2) 
PARAMETRIC_REPRESENTATION_CONTEXT() REPRESENTATION_CONTEXT('2D SPACE',''
  ) );
#9769 = PCURVE('',#9770,#9775);
#9770 = TOROIDAL_SURFACE('',#9771,3.5,0.582144590798);
#9771 = AXIS2_PLACEMENT_3D('',#9772,#9773,#9774);
#9772 = CARTESIAN_POINT('',(-35.7,17.017855409202,15.7));
#9773 = DIRECTION('',(0.,1.,0.));
#9774 = DIRECTION('',(3.469446951954E-17,0.,1.));
#9775 = DEFINITIONAL_REPRESENTATION('',(#9776),#9780);
#9776 = LINE('',#9777,#9778);
#9777 = CARTESIAN_POINT('',(3.14159265359,6.3006385997));
#9778 = VECTOR('',#9779,1.);
#9779 = DIRECTION('',(0.,-1.));
#9780 = ( GEOMETRIC_REPRESENTATION_CONTEXT(2) 
PARAMETRIC_REPRESENTATION_CONTEXT() REPRESENTATION_CONTEXT('2D SPACE',''
  ) );
#9781 = ADVANCED_FACE('',(#9782),#7011,.F.);
#9782 = FACE_BOUND('',#9783,.T.);
#9783 = EDGE_LOOP('',(#9784,#9805,#9806,#9807));
#9784 = ORIENTED_EDGE('',*,*,#9785,.F.);
#9785 = EDGE_CURVE('',#6996,#9733,#9786,.T.);
#9786 = SURFACE_CURVE('',#9787,(#9791,#9798),.PCURVE_S1.);
#9787 = LINE('',#9788,#9789);
#9788 = CARTESIAN_POINT('',(-35.7,17.028015233206,12.782055927357));
#9789 = VECTOR('',#9790,1.);
#9790 = DIRECTION('',(-1.223114006026E-17,0.999847695156,
    -1.745240643729E-02));
#9791 = PCURVE('',#7011,#9792);
#9792 = DEFINITIONAL_REPRESENTATION('',(#9793),#9797);
#9793 = LINE('',#9794,#9795);
#9794 = CARTESIAN_POINT('',(1.028171828755,-1.195315356216E-17));
#9795 = VECTOR('',#9796,1.);
#9796 = DIRECTION('',(1.,4.552949691428E-33));
#9797 = ( GEOMETRIC_REPRESENTATION_CONTEXT(2) 
PARAMETRIC_REPRESENTATION_CONTEXT() REPRESENTATION_CONTEXT('2D SPACE',''
  ) );
#9798 = PCURVE('',#7044,#9799);
#9799 = DEFINITIONAL_REPRESENTATION('',(#9800),#9804);
#9800 = LINE('',#9801,#9802);
#9801 = CARTESIAN_POINT('',(3.14159265359,0.514007616603));
#9802 = VECTOR('',#9803,1.);
#9803 = DIRECTION('',(0.,1.));
#9804 = ( GEOMETRIC_REPRESENTATION_CONTEXT(2) 
PARAMETRIC_REPRESENTATION_CONTEXT() REPRESENTATION_CONTEXT('2D SPACE',''
  ) );
#9805 = ORIENTED_EDGE('',*,*,#6995,.F.);
#9806 = ORIENTED_EDGE('',*,*,#9630,.T.);
#9807 = ORIENTED_EDGE('',*,*,#9732,.F.);
#9808 = ADVANCED_FACE('',(#9809),#9672,.F.);
#9809 = FACE_BOUND('',#9810,.F.);
#9810 = EDGE_LOOP('',(#9811,#9835,#9836,#9860));
#9811 = ORIENTED_EDGE('',*,*,#9812,.T.);
#9812 = EDGE_CURVE('',#9813,#9657,#9815,.T.);
#9813 = VERTEX_POINT('',#9814);
#9814 = CARTESIAN_POINT('',(-31.6,16.,15.7));
#9815 = SURFACE_CURVE('',#9816,(#9821,#9828),.PCURVE_S1.);
#9816 = CIRCLE('',#9817,4.1);
#9817 = AXIS2_PLACEMENT_3D('',#9818,#9819,#9820);
#9818 = CARTESIAN_POINT('',(-35.7,16.,15.7));
#9819 = DIRECTION('',(-0.,1.,0.));
#9820 = DIRECTION('',(3.469446951954E-17,0.,1.));
#9821 = PCURVE('',#9672,#9822);
#9822 = DEFINITIONAL_REPRESENTATION('',(#9823),#9827);
#9823 = LINE('',#9824,#9825);
#9824 = CARTESIAN_POINT('',(6.28318530718,0.514007616603));
#9825 = VECTOR('',#9826,1.);
#9826 = DIRECTION('',(-1.,0.));
#9827 = ( GEOMETRIC_REPRESENTATION_CONTEXT(2) 
PARAMETRIC_REPRESENTATION_CONTEXT() REPRESENTATION_CONTEXT('2D SPACE',''
  ) );
#9828 = PCURVE('',#44,#9829);
#9829 = DEFINITIONAL_REPRESENTATION('',(#9830),#9834);
#9830 = CIRCLE('',#9831,4.1);
#9831 = AXIS2_PLACEMENT_2D('',#9832,#9833);
#9832 = CARTESIAN_POINT('',(25.7,-15.7));
#9833 = DIRECTION('',(1.,0.));
#9834 = ( GEOMETRIC_REPRESENTATION_CONTEXT(2) 
PARAMETRIC_REPRESENTATION_CONTEXT() REPRESENTATION_CONTEXT('2D SPACE',''
  ) );
#9835 = ORIENTED_EDGE('',*,*,#9654,.F.);
#9836 = ORIENTED_EDGE('',*,*,#9837,.F.);
#9837 = EDGE_CURVE('',#9838,#9655,#9840,.T.);
#9838 = VERTEX_POINT('',#9839);
#9839 = CARTESIAN_POINT('',(-31.61794407264,17.028015233206,15.7));
#9840 = SURFACE_CURVE('',#9841,(#9846,#9853),.PCURVE_S1.);
#9841 = CIRCLE('',#9842,4.082055927357);
#9842 = AXIS2_PLACEMENT_3D('',#9843,#9844,#9845);
#9843 = CARTESIAN_POINT('',(-35.7,17.028015233206,15.7));
#9844 = DIRECTION('',(0.,1.,0.));
#9845 = DIRECTION('',(1.,0.,-1.12260021543E-15));
#9846 = PCURVE('',#9672,#9847);
#9847 = DEFINITIONAL_REPRESENTATION('',(#9848),#9852);
#9848 = LINE('',#9849,#9850);
#9849 = CARTESIAN_POINT('',(4.712388980385,-0.514007616603));
#9850 = VECTOR('',#9851,1.);
#9851 = DIRECTION('',(-1.,0.));
#9852 = ( GEOMETRIC_REPRESENTATION_CONTEXT(2) 
PARAMETRIC_REPRESENTATION_CONTEXT() REPRESENTATION_CONTEXT('2D SPACE',''
  ) );
#9853 = PCURVE('',#9770,#9854);
#9854 = DEFINITIONAL_REPRESENTATION('',(#9855),#9859);
#9855 = LINE('',#9856,#9857);
#9856 = CARTESIAN_POINT('',(1.570796326795,1.745329251995E-02));
#9857 = VECTOR('',#9858,1.);
#9858 = DIRECTION('',(1.,0.));
#9859 = ( GEOMETRIC_REPRESENTATION_CONTEXT(2) 
PARAMETRIC_REPRESENTATION_CONTEXT() REPRESENTATION_CONTEXT('2D SPACE',''
  ) );
#9860 = ORIENTED_EDGE('',*,*,#9861,.T.);
#9861 = EDGE_CURVE('',#9838,#9813,#9862,.T.);
#9862 = SURFACE_CURVE('',#9863,(#9867,#9874),.PCURVE_S1.);
#9863 = LINE('',#9864,#9865);
#9864 = CARTESIAN_POINT('',(-31.6,16.,15.7));
#9865 = VECTOR('',#9866,1.);
#9866 = DIRECTION('',(1.745240643729E-02,-0.999847695156,
    -1.674153667223E-18));
#9867 = PCURVE('',#9672,#9868);
#9868 = DEFINITIONAL_REPRESENTATION('',(#9869),#9873);
#9869 = LINE('',#9870,#9871);
#9870 = CARTESIAN_POINT('',(4.712388980385,0.514007616603));
#9871 = VECTOR('',#9872,1.);
#9872 = DIRECTION('',(0.,1.));
#9873 = ( GEOMETRIC_REPRESENTATION_CONTEXT(2) 
PARAMETRIC_REPRESENTATION_CONTEXT() REPRESENTATION_CONTEXT('2D SPACE',''
  ) );
#9874 = PCURVE('',#9875,#9880);
#9875 = PLANE('',#9876);
#9876 = AXIS2_PLACEMENT_3D('',#9877,#9878,#9879);
#9877 = CARTESIAN_POINT('',(-31.61794407264,17.028015233206,16.75));
#9878 = DIRECTION('',(0.999847695156,1.745240643729E-02,
    -4.263466070264E-15));
#9879 = DIRECTION('',(1.745240643729E-02,-0.999847695156,
    -1.674153667223E-18));
#9880 = DEFINITIONAL_REPRESENTATION('',(#9881),#9885);
#9881 = LINE('',#9882,#9883);
#9882 = CARTESIAN_POINT('',(1.028171828755,1.05));
#9883 = VECTOR('',#9884,1.);
#9884 = DIRECTION('',(1.,-9.05187073862E-33));
#9885 = ( GEOMETRIC_REPRESENTATION_CONTEXT(2) 
PARAMETRIC_REPRESENTATION_CONTEXT() REPRESENTATION_CONTEXT('2D SPACE',''
  ) );
#9886 = ADVANCED_FACE('',(#9887),#9770,.F.);
#9887 = FACE_BOUND('',#9888,.F.);
#9888 = EDGE_LOOP('',(#9889,#9890,#9891,#9915));
#9889 = ORIENTED_EDGE('',*,*,#9837,.T.);
#9890 = ORIENTED_EDGE('',*,*,#9755,.F.);
#9891 = ORIENTED_EDGE('',*,*,#9892,.F.);
#9892 = EDGE_CURVE('',#9893,#9733,#9895,.T.);
#9893 = VERTEX_POINT('',#9894);
#9894 = CARTESIAN_POINT('',(-32.78205592735,17.028015233206,15.7));
#9895 = SURFACE_CURVE('',#9896,(#9901,#9908),.PCURVE_S1.);
#9896 = CIRCLE('',#9897,2.917944072643);
#9897 = AXIS2_PLACEMENT_3D('',#9898,#9899,#9900);
#9898 = CARTESIAN_POINT('',(-35.7,17.028015233206,15.7));
#9899 = DIRECTION('',(0.,1.,0.));
#9900 = DIRECTION('',(1.,0.,-3.469446951954E-17));
#9901 = PCURVE('',#9770,#9902);
#9902 = DEFINITIONAL_REPRESENTATION('',(#9903),#9907);
#9903 = LINE('',#9904,#9905);
#9904 = CARTESIAN_POINT('',(1.570796326795,3.12413936107));
#9905 = VECTOR('',#9906,1.);
#9906 = DIRECTION('',(1.,0.));
#9907 = ( GEOMETRIC_REPRESENTATION_CONTEXT(2) 
PARAMETRIC_REPRESENTATION_CONTEXT() REPRESENTATION_CONTEXT('2D SPACE',''
  ) );
#9908 = PCURVE('',#7044,#9909);
#9909 = DEFINITIONAL_REPRESENTATION('',(#9910),#9914);
#9910 = LINE('',#9911,#9912);
#9911 = CARTESIAN_POINT('',(1.570796326795,0.514007616603));
#9912 = VECTOR('',#9913,1.);
#9913 = DIRECTION('',(1.,0.));
#9914 = ( GEOMETRIC_REPRESENTATION_CONTEXT(2) 
PARAMETRIC_REPRESENTATION_CONTEXT() REPRESENTATION_CONTEXT('2D SPACE',''
  ) );
#9915 = ORIENTED_EDGE('',*,*,#9916,.T.);
#9916 = EDGE_CURVE('',#9893,#9838,#9917,.T.);
#9917 = SURFACE_CURVE('',#9918,(#9923,#9930),.PCURVE_S1.);
#9918 = CIRCLE('',#9919,0.582144590798);
#9919 = AXIS2_PLACEMENT_3D('',#9920,#9921,#9922);
#9920 = CARTESIAN_POINT('',(-32.2,17.017855409202,15.7));
#9921 = DIRECTION('',(-9.59268094769E-17,1.529776135896E-34,-1.));
#9922 = DIRECTION('',(0.999847695156,1.745240643728E-02,
    -9.591219935919E-17));
#9923 = PCURVE('',#9770,#9924);
#9924 = DEFINITIONAL_REPRESENTATION('',(#9925),#9929);
#9925 = LINE('',#9926,#9927);
#9926 = CARTESIAN_POINT('',(1.570796326795,6.3006385997));
#9927 = VECTOR('',#9928,1.);
#9928 = DIRECTION('',(0.,-1.));
#9929 = ( GEOMETRIC_REPRESENTATION_CONTEXT(2) 
PARAMETRIC_REPRESENTATION_CONTEXT() REPRESENTATION_CONTEXT('2D SPACE',''
  ) );
#9930 = PCURVE('',#9931,#9936);
#9931 = CYLINDRICAL_SURFACE('',#9932,0.582144590798);
#9932 = AXIS2_PLACEMENT_3D('',#9933,#9934,#9935);
#9933 = CARTESIAN_POINT('',(-32.2,17.017855409202,16.75));
#9934 = DIRECTION('',(-4.264115515711E-15,0.,-1.));
#9935 = DIRECTION('',(0.999847695156,1.745240643728E-02,
    -4.263466070264E-15));
#9936 = DEFINITIONAL_REPRESENTATION('',(#9937),#9941);
#9937 = LINE('',#9938,#9939);
#9938 = CARTESIAN_POINT('',(0.,1.05));
#9939 = VECTOR('',#9940,1.);
#9940 = DIRECTION('',(1.,-1.715355333823E-15));
#9941 = ( GEOMETRIC_REPRESENTATION_CONTEXT(2) 
PARAMETRIC_REPRESENTATION_CONTEXT() REPRESENTATION_CONTEXT('2D SPACE',''
  ) );
#9942 = ADVANCED_FACE('',(#9943),#7044,.T.);
#9943 = FACE_BOUND('',#9944,.T.);
#9944 = EDGE_LOOP('',(#9945,#9966,#9967,#9968));
#9945 = ORIENTED_EDGE('',*,*,#9946,.F.);
#9946 = EDGE_CURVE('',#7024,#9893,#9947,.T.);
#9947 = SURFACE_CURVE('',#9948,(#9952,#9959),.PCURVE_S1.);
#9948 = LINE('',#9949,#9950);
#9949 = CARTESIAN_POINT('',(-32.78205592735,17.028015233206,15.7));
#9950 = VECTOR('',#9951,1.);
#9951 = DIRECTION('',(1.745240643729E-02,0.999847695156,
    -1.674153667223E-18));
#9952 = PCURVE('',#7044,#9953);
#9953 = DEFINITIONAL_REPRESENTATION('',(#9954),#9958);
#9954 = LINE('',#9955,#9956);
#9955 = CARTESIAN_POINT('',(1.570796326795,0.514007616603));
#9956 = VECTOR('',#9957,1.);
#9957 = DIRECTION('',(0.,1.));
#9958 = ( GEOMETRIC_REPRESENTATION_CONTEXT(2) 
PARAMETRIC_REPRESENTATION_CONTEXT() REPRESENTATION_CONTEXT('2D SPACE',''
  ) );
#9959 = PCURVE('',#7072,#9960);
#9960 = DEFINITIONAL_REPRESENTATION('',(#9961),#9965);
#9961 = LINE('',#9962,#9963);
#9962 = CARTESIAN_POINT('',(1.028171828755,1.05));
#9963 = VECTOR('',#9964,1.);
#9964 = DIRECTION('',(1.,-9.05187073862E-33));
#9965 = ( GEOMETRIC_REPRESENTATION_CONTEXT(2) 
PARAMETRIC_REPRESENTATION_CONTEXT() REPRESENTATION_CONTEXT('2D SPACE',''
  ) );
#9966 = ORIENTED_EDGE('',*,*,#7023,.F.);
#9967 = ORIENTED_EDGE('',*,*,#9785,.T.);
#9968 = ORIENTED_EDGE('',*,*,#9892,.F.);
#9969 = ADVANCED_FACE('',(#9970),#9875,.F.);
#9970 = FACE_BOUND('',#9971,.T.);
#9971 = EDGE_LOOP('',(#9972,#10002,#10023,#10024));
#9972 = ORIENTED_EDGE('',*,*,#9973,.F.);
#9973 = EDGE_CURVE('',#9974,#9976,#9978,.T.);
#9974 = VERTEX_POINT('',#9975);
#9975 = CARTESIAN_POINT('',(-31.61794407264,17.028015233206,16.75));
#9976 = VERTEX_POINT('',#9977);
#9977 = CARTESIAN_POINT('',(-31.6,16.,16.75));
#9978 = SURFACE_CURVE('',#9979,(#9983,#9990),.PCURVE_S1.);
#9979 = LINE('',#9980,#9981);
#9980 = CARTESIAN_POINT('',(-31.6,16.,16.75));
#9981 = VECTOR('',#9982,1.);
#9982 = DIRECTION('',(1.745240643729E-02,-0.999847695156,
    -1.674153667223E-18));
#9983 = PCURVE('',#9875,#9984);
#9984 = DEFINITIONAL_REPRESENTATION('',(#9985),#9989);
#9985 = LINE('',#9986,#9987);
#9986 = CARTESIAN_POINT('',(1.028171828755,-1.098757556288E-18));
#9987 = VECTOR('',#9988,1.);
#9988 = DIRECTION('',(1.,-9.05187073862E-33));
#9989 = ( GEOMETRIC_REPRESENTATION_CONTEXT(2) 
PARAMETRIC_REPRESENTATION_CONTEXT() REPRESENTATION_CONTEXT('2D SPACE',''
  ) );
#9990 = PCURVE('',#9991,#9996);
#9991 = CONICAL_SURFACE('',#9992,1.158972036321,1.745329251995E-02);
#9992 = AXIS2_PLACEMENT_3D('',#9993,#9994,#9995);
#9993 = CARTESIAN_POINT('',(-30.45,16.514007616603,16.75));
#9994 = DIRECTION('',(0.,1.,0.));
#9995 = DIRECTION('',(3.469446951954E-17,0.,1.));
#9996 = DEFINITIONAL_REPRESENTATION('',(#9997),#10001);
#9997 = LINE('',#9998,#9999);
#9998 = CARTESIAN_POINT('',(4.712388980385,-0.514007616603));
#9999 = VECTOR('',#10000,1.);
#10000 = DIRECTION('',(0.,-1.));
#10001 = ( GEOMETRIC_REPRESENTATION_CONTEXT(2) 
PARAMETRIC_REPRESENTATION_CONTEXT() REPRESENTATION_CONTEXT('2D SPACE',''
  ) );
#10002 = ORIENTED_EDGE('',*,*,#10003,.T.);
#10003 = EDGE_CURVE('',#9974,#9838,#10004,.T.);
#10004 = SURFACE_CURVE('',#10005,(#10009,#10016),.PCURVE_S1.);
#10005 = LINE('',#10006,#10007);
#10006 = CARTESIAN_POINT('',(-31.61794407264,17.028015233206,16.75));
#10007 = VECTOR('',#10008,1.);
#10008 = DIRECTION('',(-4.264115515711E-15,0.,-1.));
#10009 = PCURVE('',#9875,#10010);
#10010 = DEFINITIONAL_REPRESENTATION('',(#10011),#10015);
#10011 = LINE('',#10012,#10013);
#10012 = CARTESIAN_POINT('',(0.,-0.));
#10013 = VECTOR('',#10014,1.);
#10014 = DIRECTION('',(-7.27449234085E-17,1.));
#10015 = ( GEOMETRIC_REPRESENTATION_CONTEXT(2) 
PARAMETRIC_REPRESENTATION_CONTEXT() REPRESENTATION_CONTEXT('2D SPACE',''
  ) );
#10016 = PCURVE('',#9931,#10017);
#10017 = DEFINITIONAL_REPRESENTATION('',(#10018),#10022);
#10018 = LINE('',#10019,#10020);
#10019 = CARTESIAN_POINT('',(6.28318530718,0.));
#10020 = VECTOR('',#10021,1.);
#10021 = DIRECTION('',(0.,1.));
#10022 = ( GEOMETRIC_REPRESENTATION_CONTEXT(2) 
PARAMETRIC_REPRESENTATION_CONTEXT() REPRESENTATION_CONTEXT('2D SPACE',''
  ) );
#10023 = ORIENTED_EDGE('',*,*,#9861,.T.);
#10024 = ORIENTED_EDGE('',*,*,#10025,.F.);
#10025 = EDGE_CURVE('',#9976,#9813,#10026,.T.);
#10026 = SURFACE_CURVE('',#10027,(#10031,#10038),.PCURVE_S1.);
#10027 = LINE('',#10028,#10029);
#10028 = CARTESIAN_POINT('',(-31.6,16.,3.375));
#10029 = VECTOR('',#10030,1.);
#10030 = DIRECTION('',(-4.264115515711E-15,0.,-1.));
#10031 = PCURVE('',#9875,#10032);
#10032 = DEFINITIONAL_REPRESENTATION('',(#10033),#10037);
#10033 = LINE('',#10034,#10035);
#10034 = CARTESIAN_POINT('',(1.028171828755,13.375));
#10035 = VECTOR('',#10036,1.);
#10036 = DIRECTION('',(-7.27449234085E-17,1.));
#10037 = ( GEOMETRIC_REPRESENTATION_CONTEXT(2) 
PARAMETRIC_REPRESENTATION_CONTEXT() REPRESENTATION_CONTEXT('2D SPACE',''
  ) );
#10038 = PCURVE('',#44,#10039);
#10039 = DEFINITIONAL_REPRESENTATION('',(#10040),#10044);
#10040 = LINE('',#10041,#10042);
#10041 = CARTESIAN_POINT('',(13.375,-11.6));
#10042 = VECTOR('',#10043,1.);
#10043 = DIRECTION('',(-1.,-4.229421046191E-15));
#10044 = ( GEOMETRIC_REPRESENTATION_CONTEXT(2) 
PARAMETRIC_REPRESENTATION_CONTEXT() REPRESENTATION_CONTEXT('2D SPACE',''
  ) );
#10045 = ADVANCED_FACE('',(#10046),#9931,.F.);
#10046 = FACE_BOUND('',#10047,.F.);
#10047 = EDGE_LOOP('',(#10048,#10049,#10050,#10073));
#10048 = ORIENTED_EDGE('',*,*,#10003,.T.);
#10049 = ORIENTED_EDGE('',*,*,#9916,.F.);
#10050 = ORIENTED_EDGE('',*,*,#10051,.F.);
#10051 = EDGE_CURVE('',#10052,#9893,#10054,.T.);
#10052 = VERTEX_POINT('',#10053);
#10053 = CARTESIAN_POINT('',(-32.78205592735,17.028015233206,16.75));
#10054 = SURFACE_CURVE('',#10055,(#10059,#10066),.PCURVE_S1.);
#10055 = LINE('',#10056,#10057);
#10056 = CARTESIAN_POINT('',(-32.78205592735,17.028015233206,16.75));
#10057 = VECTOR('',#10058,1.);
#10058 = DIRECTION('',(-4.264115515711E-15,0.,-1.));
#10059 = PCURVE('',#9931,#10060);
#10060 = DEFINITIONAL_REPRESENTATION('',(#10061),#10065);
#10061 = LINE('',#10062,#10063);
#10062 = CARTESIAN_POINT('',(3.17649923863,3.552713678801E-15));
#10063 = VECTOR('',#10064,1.);
#10064 = DIRECTION('',(-4.229421046191E-16,1.));
#10065 = ( GEOMETRIC_REPRESENTATION_CONTEXT(2) 
PARAMETRIC_REPRESENTATION_CONTEXT() REPRESENTATION_CONTEXT('2D SPACE',''
  ) );
#10066 = PCURVE('',#7072,#10067);
#10067 = DEFINITIONAL_REPRESENTATION('',(#10068),#10072);
#10068 = LINE('',#10069,#10070);
#10069 = CARTESIAN_POINT('',(1.028171828755,-1.098757556273E-18));
#10070 = VECTOR('',#10071,1.);
#10071 = DIRECTION('',(-7.27449234085E-17,1.));
#10072 = ( GEOMETRIC_REPRESENTATION_CONTEXT(2) 
PARAMETRIC_REPRESENTATION_CONTEXT() REPRESENTATION_CONTEXT('2D SPACE',''
  ) );
#10073 = ORIENTED_EDGE('',*,*,#10074,.T.);
#10074 = EDGE_CURVE('',#10052,#9974,#10075,.T.);
#10075 = SURFACE_CURVE('',#10076,(#10081,#10088),.PCURVE_S1.);
#10076 = CIRCLE('',#10077,0.582144590798);
#10077 = AXIS2_PLACEMENT_3D('',#10078,#10079,#10080);
#10078 = CARTESIAN_POINT('',(-32.2,17.017855409202,16.75));
#10079 = DIRECTION('',(-9.59268094769E-17,1.529776135896E-34,-1.));
#10080 = DIRECTION('',(0.999847695156,1.745240643728E-02,
    -9.591219935919E-17));
#10081 = PCURVE('',#9931,#10082);
#10082 = DEFINITIONAL_REPRESENTATION('',(#10083),#10087);
#10083 = LINE('',#10084,#10085);
#10084 = CARTESIAN_POINT('',(0.,7.185263620046E-15));
#10085 = VECTOR('',#10086,1.);
#10086 = DIRECTION('',(1.,-1.143570222549E-15));
#10087 = ( GEOMETRIC_REPRESENTATION_CONTEXT(2) 
PARAMETRIC_REPRESENTATION_CONTEXT() REPRESENTATION_CONTEXT('2D SPACE',''
  ) );
#10088 = PCURVE('',#10089,#10094);
#10089 = TOROIDAL_SURFACE('',#10090,1.75,0.582144590798);
#10090 = AXIS2_PLACEMENT_3D('',#10091,#10092,#10093);
#10091 = CARTESIAN_POINT('',(-30.45,17.017855409202,16.75));
#10092 = DIRECTION('',(0.,-1.,0.));
#10093 = DIRECTION('',(-3.469446951954E-17,0.,-1.));
#10094 = DEFINITIONAL_REPRESENTATION('',(#10095),#10099);
#10095 = LINE('',#10096,#10097);
#10096 = CARTESIAN_POINT('',(4.712388980385,9.442231253289));
#10097 = VECTOR('',#10098,1.);
#10098 = DIRECTION('',(0.,-1.));
#10099 = ( GEOMETRIC_REPRESENTATION_CONTEXT(2) 
PARAMETRIC_REPRESENTATION_CONTEXT() REPRESENTATION_CONTEXT('2D SPACE',''
  ) );
#10100 = ADVANCED_FACE('',(#10101),#7072,.F.);
#10101 = FACE_BOUND('',#10102,.T.);
#10102 = EDGE_LOOP('',(#10103,#10124,#10125,#10126));
#10103 = ORIENTED_EDGE('',*,*,#10104,.F.);
#10104 = EDGE_CURVE('',#7057,#10052,#10105,.T.);
#10105 = SURFACE_CURVE('',#10106,(#10110,#10117),.PCURVE_S1.);
#10106 = LINE('',#10107,#10108);
#10107 = CARTESIAN_POINT('',(-32.78205592735,17.028015233206,16.75));
#10108 = VECTOR('',#10109,1.);
#10109 = DIRECTION('',(1.745240643729E-02,0.999847695156,
    -1.674153667223E-18));
#10110 = PCURVE('',#7072,#10111);
#10111 = DEFINITIONAL_REPRESENTATION('',(#10112),#10116);
#10112 = LINE('',#10113,#10114);
#10113 = CARTESIAN_POINT('',(1.028171828755,-1.098757556273E-18));
#10114 = VECTOR('',#10115,1.);
#10115 = DIRECTION('',(1.,-9.05187073862E-33));
#10116 = ( GEOMETRIC_REPRESENTATION_CONTEXT(2) 
PARAMETRIC_REPRESENTATION_CONTEXT() REPRESENTATION_CONTEXT('2D SPACE',''
  ) );
#10117 = PCURVE('',#7101,#10118);
#10118 = DEFINITIONAL_REPRESENTATION('',(#10119),#10123);
#10119 = LINE('',#10120,#10121);
#10120 = CARTESIAN_POINT('',(1.570796326795,-0.514007616603));
#10121 = VECTOR('',#10122,1.);
#10122 = DIRECTION('',(0.,-1.));
#10123 = ( GEOMETRIC_REPRESENTATION_CONTEXT(2) 
PARAMETRIC_REPRESENTATION_CONTEXT() REPRESENTATION_CONTEXT('2D SPACE',''
  ) );
#10124 = ORIENTED_EDGE('',*,*,#7056,.F.);
#10125 = ORIENTED_EDGE('',*,*,#9946,.T.);
#10126 = ORIENTED_EDGE('',*,*,#10051,.F.);
#10127 = ADVANCED_FACE('',(#10128),#9991,.T.);
#10128 = FACE_BOUND('',#10129,.T.);
#10129 = EDGE_LOOP('',(#10130,#10155,#10177,#10178));
#10130 = ORIENTED_EDGE('',*,*,#10131,.F.);
#10131 = EDGE_CURVE('',#10132,#10134,#10136,.T.);
#10132 = VERTEX_POINT('',#10133);
#10133 = CARTESIAN_POINT('',(-30.45,17.028015233206,17.917944072643));
#10134 = VERTEX_POINT('',#10135);
#10135 = CARTESIAN_POINT('',(-30.45,16.,17.9));
#10136 = SURFACE_CURVE('',#10137,(#10141,#10148),.PCURVE_S1.);
#10137 = LINE('',#10138,#10139);
#10138 = CARTESIAN_POINT('',(-30.45,16.,17.9));
#10139 = VECTOR('',#10140,1.);
#10140 = DIRECTION('',(-6.05501983181E-19,-0.999847695156,
    -1.745240643729E-02));
#10141 = PCURVE('',#9991,#10142);
#10142 = DEFINITIONAL_REPRESENTATION('',(#10143),#10147);
#10143 = LINE('',#10144,#10145);
#10144 = CARTESIAN_POINT('',(6.28318530718,-0.514007616603));
#10145 = VECTOR('',#10146,1.);
#10146 = DIRECTION('',(0.,-1.));
#10147 = ( GEOMETRIC_REPRESENTATION_CONTEXT(2) 
PARAMETRIC_REPRESENTATION_CONTEXT() REPRESENTATION_CONTEXT('2D SPACE',''
  ) );
#10148 = PCURVE('',#9184,#10149);
#10149 = DEFINITIONAL_REPRESENTATION('',(#10150),#10154);
#10150 = LINE('',#10151,#10152);
#10151 = CARTESIAN_POINT('',(1.028171828755,30.45));
#10152 = VECTOR('',#10153,1.);
#10153 = DIRECTION('',(1.,1.701674143774E-35));
#10154 = ( GEOMETRIC_REPRESENTATION_CONTEXT(2) 
PARAMETRIC_REPRESENTATION_CONTEXT() REPRESENTATION_CONTEXT('2D SPACE',''
  ) );
#10155 = ORIENTED_EDGE('',*,*,#10156,.T.);
#10156 = EDGE_CURVE('',#10132,#9974,#10157,.T.);
#10157 = SURFACE_CURVE('',#10158,(#10163,#10170),.PCURVE_S1.);
#10158 = CIRCLE('',#10159,1.167944072643);
#10159 = AXIS2_PLACEMENT_3D('',#10160,#10161,#10162);
#10160 = CARTESIAN_POINT('',(-30.45,17.028015233206,16.75));
#10161 = DIRECTION('',(-5.737251350666E-16,-1.,5.737251350666E-16));
#10162 = DIRECTION('',(3.469446951954E-17,5.737251350666E-16,1.));
#10163 = PCURVE('',#9991,#10164);
#10164 = DEFINITIONAL_REPRESENTATION('',(#10165),#10169);
#10165 = LINE('',#10166,#10167);
#10166 = CARTESIAN_POINT('',(6.28318530718,0.514007616603));
#10167 = VECTOR('',#10168,1.);
#10168 = DIRECTION('',(-1.,0.));
#10169 = ( GEOMETRIC_REPRESENTATION_CONTEXT(2) 
PARAMETRIC_REPRESENTATION_CONTEXT() REPRESENTATION_CONTEXT('2D SPACE',''
  ) );
#10170 = PCURVE('',#10089,#10171);
#10171 = DEFINITIONAL_REPRESENTATION('',(#10172),#10176);
#10172 = LINE('',#10173,#10174);
#10173 = CARTESIAN_POINT('',(3.14159265359,3.15904594611));
#10174 = VECTOR('',#10175,1.);
#10175 = DIRECTION('',(1.,0.));
#10176 = ( GEOMETRIC_REPRESENTATION_CONTEXT(2) 
PARAMETRIC_REPRESENTATION_CONTEXT() REPRESENTATION_CONTEXT('2D SPACE',''
  ) );
#10177 = ORIENTED_EDGE('',*,*,#9973,.T.);
#10178 = ORIENTED_EDGE('',*,*,#10179,.F.);
#10179 = EDGE_CURVE('',#10134,#9976,#10180,.T.);
#10180 = SURFACE_CURVE('',#10181,(#10186,#10193),.PCURVE_S1.);
#10181 = CIRCLE('',#10182,1.15);
#10182 = AXIS2_PLACEMENT_3D('',#10183,#10184,#10185);
#10183 = CARTESIAN_POINT('',(-30.45,16.,16.75));
#10184 = DIRECTION('',(0.,-1.,0.));
#10185 = DIRECTION('',(3.469446951954E-17,0.,1.));
#10186 = PCURVE('',#9991,#10187);
#10187 = DEFINITIONAL_REPRESENTATION('',(#10188),#10192);
#10188 = LINE('',#10189,#10190);
#10189 = CARTESIAN_POINT('',(6.28318530718,-0.514007616603));
#10190 = VECTOR('',#10191,1.);
#10191 = DIRECTION('',(-1.,0.));
#10192 = ( GEOMETRIC_REPRESENTATION_CONTEXT(2) 
PARAMETRIC_REPRESENTATION_CONTEXT() REPRESENTATION_CONTEXT('2D SPACE',''
  ) );
#10193 = PCURVE('',#44,#10194);
#10194 = DEFINITIONAL_REPRESENTATION('',(#10195),#10203);
#10195 = ( BOUNDED_CURVE() B_SPLINE_CURVE(2,(#10196,#10197,#10198,#10199
    ,#10200,#10201,#10202),.UNSPECIFIED.,.T.,.F.) 
B_SPLINE_CURVE_WITH_KNOTS((1,2,2,2,2,1),(-2.094395102393,0.,
    2.094395102393,4.188790204786,6.28318530718,8.377580409573),
.UNSPECIFIED.) CURVE() GEOMETRIC_REPRESENTATION_ITEM() 
RATIONAL_B_SPLINE_CURVE((1.,0.5,1.,0.5,1.,0.5,1.)) REPRESENTATION_ITEM(
  '') );
#10196 = CARTESIAN_POINT('',(27.9,-10.45));
#10197 = CARTESIAN_POINT('',(27.9,-12.4418584287));
#10198 = CARTESIAN_POINT('',(26.175,-11.44592921435));
#10199 = CARTESIAN_POINT('',(24.45,-10.45));
#10200 = CARTESIAN_POINT('',(26.175,-9.454070785648));
#10201 = CARTESIAN_POINT('',(27.9,-8.458141571296));
#10202 = CARTESIAN_POINT('',(27.9,-10.45));
#10203 = ( GEOMETRIC_REPRESENTATION_CONTEXT(2) 
PARAMETRIC_REPRESENTATION_CONTEXT() REPRESENTATION_CONTEXT('2D SPACE',''
  ) );
#10204 = ADVANCED_FACE('',(#10205),#10089,.F.);
#10205 = FACE_BOUND('',#10206,.F.);
#10206 = EDGE_LOOP('',(#10207,#10208,#10209,#10233));
#10207 = ORIENTED_EDGE('',*,*,#10156,.T.);
#10208 = ORIENTED_EDGE('',*,*,#10074,.F.);
#10209 = ORIENTED_EDGE('',*,*,#10210,.F.);
#10210 = EDGE_CURVE('',#10211,#10052,#10213,.T.);
#10211 = VERTEX_POINT('',#10212);
#10212 = CARTESIAN_POINT('',(-30.45,17.028015233206,19.082055927357));
#10213 = SURFACE_CURVE('',#10214,(#10219,#10226),.PCURVE_S1.);
#10214 = CIRCLE('',#10215,2.332055927357);
#10215 = AXIS2_PLACEMENT_3D('',#10216,#10217,#10218);
#10216 = CARTESIAN_POINT('',(-30.45,17.028015233206,16.75));
#10217 = DIRECTION('',(-2.873339626921E-16,-1.,2.873339626921E-16));
#10218 = DIRECTION('',(1.938976457959E-15,2.873339626921E-16,1.));
#10219 = PCURVE('',#10089,#10220);
#10220 = DEFINITIONAL_REPRESENTATION('',(#10221),#10225);
#10221 = LINE('',#10222,#10223);
#10222 = CARTESIAN_POINT('',(3.14159265359,6.26573201466));
#10223 = VECTOR('',#10224,1.);
#10224 = DIRECTION('',(1.,0.));
#10225 = ( GEOMETRIC_REPRESENTATION_CONTEXT(2) 
PARAMETRIC_REPRESENTATION_CONTEXT() REPRESENTATION_CONTEXT('2D SPACE',''
  ) );
#10226 = PCURVE('',#7101,#10227);
#10227 = DEFINITIONAL_REPRESENTATION('',(#10228),#10232);
#10228 = LINE('',#10229,#10230);
#10229 = CARTESIAN_POINT('',(0.,-0.514007616603));
#10230 = VECTOR('',#10231,1.);
#10231 = DIRECTION('',(1.,-7.066822816845E-17));
#10232 = ( GEOMETRIC_REPRESENTATION_CONTEXT(2) 
PARAMETRIC_REPRESENTATION_CONTEXT() REPRESENTATION_CONTEXT('2D SPACE',''
  ) );
#10233 = ORIENTED_EDGE('',*,*,#10234,.T.);
#10234 = EDGE_CURVE('',#10211,#10132,#10235,.T.);
#10235 = SURFACE_CURVE('',#10236,(#10241,#10248),.PCURVE_S1.);
#10236 = CIRCLE('',#10237,0.582144590798);
#10237 = AXIS2_PLACEMENT_3D('',#10238,#10239,#10240);
#10238 = CARTESIAN_POINT('',(-30.45,17.017855409202,18.5));
#10239 = DIRECTION('',(-1.,4.318074748742E-35,3.469446951954E-17));
#10240 = DIRECTION('',(-3.468918538378E-17,1.745240643728E-02,
    -0.999847695156));
#10241 = PCURVE('',#10089,#10242);
#10242 = DEFINITIONAL_REPRESENTATION('',(#10243),#10247);
#10243 = LINE('',#10244,#10245);
#10244 = CARTESIAN_POINT('',(3.14159265359,9.442231253289));
#10245 = VECTOR('',#10246,1.);
#10246 = DIRECTION('',(0.,-1.));
#10247 = ( GEOMETRIC_REPRESENTATION_CONTEXT(2) 
PARAMETRIC_REPRESENTATION_CONTEXT() REPRESENTATION_CONTEXT('2D SPACE',''
  ) );
#10248 = PCURVE('',#9289,#10249);
#10249 = DEFINITIONAL_REPRESENTATION('',(#10250),#10254);
#10250 = LINE('',#10251,#10252);
#10251 = CARTESIAN_POINT('',(-8.881784197001E-16,30.45));
#10252 = VECTOR('',#10253,1.);
#10253 = DIRECTION('',(1.,0.));
#10254 = ( GEOMETRIC_REPRESENTATION_CONTEXT(2) 
PARAMETRIC_REPRESENTATION_CONTEXT() REPRESENTATION_CONTEXT('2D SPACE',''
  ) );
#10255 = ADVANCED_FACE('',(#10256),#7101,.F.);
#10256 = FACE_BOUND('',#10257,.F.);
#10257 = EDGE_LOOP('',(#10258,#10259,#10260,#10261));
#10258 = ORIENTED_EDGE('',*,*,#10210,.T.);
#10259 = ORIENTED_EDGE('',*,*,#10104,.F.);
#10260 = ORIENTED_EDGE('',*,*,#7084,.T.);
#10261 = ORIENTED_EDGE('',*,*,#10262,.T.);
#10262 = EDGE_CURVE('',#7085,#10211,#10263,.T.);
#10263 = SURFACE_CURVE('',#10264,(#10268,#10275),.PCURVE_S1.);
#10264 = LINE('',#10265,#10266);
#10265 = CARTESIAN_POINT('',(-30.45,17.028015233206,19.082055927357));
#10266 = VECTOR('',#10267,1.);
#10267 = DIRECTION('',(-6.05501983181E-19,0.999847695156,
    -1.745240643729E-02));
#10268 = PCURVE('',#7101,#10269);
#10269 = DEFINITIONAL_REPRESENTATION('',(#10270),#10274);
#10270 = LINE('',#10271,#10272);
#10271 = CARTESIAN_POINT('',(0.,-0.514007616603));
#10272 = VECTOR('',#10273,1.);
#10273 = DIRECTION('',(0.,-1.));
#10274 = ( GEOMETRIC_REPRESENTATION_CONTEXT(2) 
PARAMETRIC_REPRESENTATION_CONTEXT() REPRESENTATION_CONTEXT('2D SPACE',''
  ) );
#10275 = PCURVE('',#7129,#10276);
#10276 = DEFINITIONAL_REPRESENTATION('',(#10277),#10281);
#10277 = LINE('',#10278,#10279);
#10278 = CARTESIAN_POINT('',(1.028171828755,30.45));
#10279 = VECTOR('',#10280,1.);
#10280 = DIRECTION('',(1.,1.701674143774E-35));
#10281 = ( GEOMETRIC_REPRESENTATION_CONTEXT(2) 
PARAMETRIC_REPRESENTATION_CONTEXT() REPRESENTATION_CONTEXT('2D SPACE',''
  ) );
#10282 = ADVANCED_FACE('',(#10283),#9184,.F.);
#10283 = FACE_BOUND('',#10284,.T.);
#10284 = EDGE_LOOP('',(#10285,#10306,#10307,#10328));
#10285 = ORIENTED_EDGE('',*,*,#10286,.T.);
#10286 = EDGE_CURVE('',#9167,#10132,#10287,.T.);
#10287 = SURFACE_CURVE('',#10288,(#10292,#10299),.PCURVE_S1.);
#10288 = LINE('',#10289,#10290);
#10289 = CARTESIAN_POINT('',(3.614879035249E-14,17.028015233206,
    17.917944072643));
#10290 = VECTOR('',#10291,1.);
#10291 = DIRECTION('',(-1.,0.,-4.757528981242E-16));
#10292 = PCURVE('',#9184,#10293);
#10293 = DEFINITIONAL_REPRESENTATION('',(#10294),#10298);
#10294 = LINE('',#10295,#10296);
#10295 = CARTESIAN_POINT('',(-0.,0.));
#10296 = VECTOR('',#10297,1.);
#10297 = DIRECTION('',(8.908534924962E-18,1.));
#10298 = ( GEOMETRIC_REPRESENTATION_CONTEXT(2) 
PARAMETRIC_REPRESENTATION_CONTEXT() REPRESENTATION_CONTEXT('2D SPACE',''
  ) );
#10299 = PCURVE('',#9289,#10300);
#10300 = DEFINITIONAL_REPRESENTATION('',(#10301),#10305);
#10301 = LINE('',#10302,#10303);
#10302 = CARTESIAN_POINT('',(6.28318530718,0.));
#10303 = VECTOR('',#10304,1.);
#10304 = DIRECTION('',(0.,1.));
#10305 = ( GEOMETRIC_REPRESENTATION_CONTEXT(2) 
PARAMETRIC_REPRESENTATION_CONTEXT() REPRESENTATION_CONTEXT('2D SPACE',''
  ) );
#10306 = ORIENTED_EDGE('',*,*,#10131,.T.);
#10307 = ORIENTED_EDGE('',*,*,#10308,.F.);
#10308 = EDGE_CURVE('',#9169,#10134,#10309,.T.);
#10309 = SURFACE_CURVE('',#10310,(#10314,#10321),.PCURVE_S1.);
#10310 = LINE('',#10311,#10312);
#10311 = CARTESIAN_POINT('',(-10.,16.,17.9));
#10312 = VECTOR('',#10313,1.);
#10313 = DIRECTION('',(-1.,0.,-4.757528981242E-16));
#10314 = PCURVE('',#9184,#10315);
#10315 = DEFINITIONAL_REPRESENTATION('',(#10316),#10320);
#10316 = LINE('',#10317,#10318);
#10317 = CARTESIAN_POINT('',(1.028171828755,10.));
#10318 = VECTOR('',#10319,1.);
#10319 = DIRECTION('',(8.908534924962E-18,1.));
#10320 = ( GEOMETRIC_REPRESENTATION_CONTEXT(2) 
PARAMETRIC_REPRESENTATION_CONTEXT() REPRESENTATION_CONTEXT('2D SPACE',''
  ) );
#10321 = PCURVE('',#44,#10322);
#10322 = DEFINITIONAL_REPRESENTATION('',(#10323),#10327);
#10323 = LINE('',#10324,#10325);
#10324 = CARTESIAN_POINT('',(27.9,10.));
#10325 = VECTOR('',#10326,1.);
#10326 = DIRECTION('',(-5.104473676438E-16,-1.));
#10327 = ( GEOMETRIC_REPRESENTATION_CONTEXT(2) 
PARAMETRIC_REPRESENTATION_CONTEXT() REPRESENTATION_CONTEXT('2D SPACE',''
  ) );
#10328 = ORIENTED_EDGE('',*,*,#9166,.F.);
#10329 = ADVANCED_FACE('',(#10330),#9289,.F.);
#10330 = FACE_BOUND('',#10331,.F.);
#10331 = EDGE_LOOP('',(#10332,#10333,#10334,#10335));
#10332 = ORIENTED_EDGE('',*,*,#9274,.T.);
#10333 = ORIENTED_EDGE('',*,*,#10286,.T.);
#10334 = ORIENTED_EDGE('',*,*,#10234,.F.);
#10335 = ORIENTED_EDGE('',*,*,#10336,.T.);
#10336 = EDGE_CURVE('',#10211,#9249,#10337,.T.);
#10337 = SURFACE_CURVE('',#10338,(#10342,#10349),.PCURVE_S1.);
#10338 = LINE('',#10339,#10340);
#10339 = CARTESIAN_POINT('',(3.618917859575E-14,17.028015233206,
    19.082055927357));
#10340 = VECTOR('',#10341,1.);
#10341 = DIRECTION('',(1.,0.,-5.451418371633E-16));
#10342 = PCURVE('',#9289,#10343);
#10343 = DEFINITIONAL_REPRESENTATION('',(#10344),#10348);
#10344 = LINE('',#10345,#10346);
#10345 = CARTESIAN_POINT('',(3.17649923863,0.));
#10346 = VECTOR('',#10347,1.);
#10347 = DIRECTION('',(3.646052626027E-17,-1.));
#10348 = ( GEOMETRIC_REPRESENTATION_CONTEXT(2) 
PARAMETRIC_REPRESENTATION_CONTEXT() REPRESENTATION_CONTEXT('2D SPACE',''
  ) );
#10349 = PCURVE('',#7129,#10350);
#10350 = DEFINITIONAL_REPRESENTATION('',(#10351),#10355);
#10351 = LINE('',#10352,#10353);
#10352 = CARTESIAN_POINT('',(1.028171828755,-2.792146108497E-30));
#10353 = VECTOR('',#10354,1.);
#10354 = DIRECTION('',(8.908534924962E-18,-1.));
#10355 = ( GEOMETRIC_REPRESENTATION_CONTEXT(2) 
PARAMETRIC_REPRESENTATION_CONTEXT() REPRESENTATION_CONTEXT('2D SPACE',''
  ) );
#10356 = ADVANCED_FACE('',(#10357),#7129,.F.);
#10357 = FACE_BOUND('',#10358,.T.);
#10358 = EDGE_LOOP('',(#10359,#10360,#10361,#10362));
#10359 = ORIENTED_EDGE('',*,*,#7113,.F.);
#10360 = ORIENTED_EDGE('',*,*,#10262,.T.);
#10361 = ORIENTED_EDGE('',*,*,#10336,.T.);
#10362 = ORIENTED_EDGE('',*,*,#9307,.F.);
#10363 = ADVANCED_FACE('',(#10364),#3804,.F.);
#10364 = FACE_BOUND('',#10365,.F.);
#10365 = EDGE_LOOP('',(#10366,#10389,#10417,#10438));
#10366 = ORIENTED_EDGE('',*,*,#10367,.F.);
#10367 = EDGE_CURVE('',#10368,#3692,#10370,.T.);
#10368 = VERTEX_POINT('',#10369);
#10369 = CARTESIAN_POINT('',(30.5,16.,-16.));
#10370 = SURFACE_CURVE('',#10371,(#10375,#10382),.PCURVE_S1.);
#10371 = LINE('',#10372,#10373);
#10372 = CARTESIAN_POINT('',(30.5,16.,-16.));
#10373 = VECTOR('',#10374,1.);
#10374 = DIRECTION('',(-1.745240643728E-02,0.999847695156,
    6.055019831809E-19));
#10375 = PCURVE('',#3804,#10376);
#10376 = DEFINITIONAL_REPRESENTATION('',(#10377),#10381);
#10377 = LINE('',#10378,#10379);
#10378 = CARTESIAN_POINT('',(0.785398163397,9.686556196737E-17));
#10379 = VECTOR('',#10380,1.);
#10380 = DIRECTION('',(8.999723362149E-16,-1.));
#10381 = ( GEOMETRIC_REPRESENTATION_CONTEXT(2) 
PARAMETRIC_REPRESENTATION_CONTEXT() REPRESENTATION_CONTEXT('2D SPACE',''
  ) );
#10382 = PCURVE('',#3835,#10383);
#10383 = DEFINITIONAL_REPRESENTATION('',(#10384),#10388);
#10384 = LINE('',#10385,#10386);
#10385 = CARTESIAN_POINT('',(0.25,6.615177224627E-17));
#10386 = VECTOR('',#10387,1.);
#10387 = DIRECTION('',(6.411910104251E-18,1.));
#10388 = ( GEOMETRIC_REPRESENTATION_CONTEXT(2) 
PARAMETRIC_REPRESENTATION_CONTEXT() REPRESENTATION_CONTEXT('2D SPACE',''
  ) );
#10389 = ORIENTED_EDGE('',*,*,#10390,.F.);
#10390 = EDGE_CURVE('',#10391,#10368,#10393,.T.);
#10391 = VERTEX_POINT('',#10392);
#10392 = CARTESIAN_POINT('',(29.5,16.,-17.));
#10393 = SURFACE_CURVE('',#10394,(#10399,#10406),.PCURVE_S1.);
#10394 = CIRCLE('',#10395,1.);
#10395 = AXIS2_PLACEMENT_3D('',#10396,#10397,#10398);
#10396 = CARTESIAN_POINT('',(29.5,16.,-16.));
#10397 = DIRECTION('',(0.,-1.,0.));
#10398 = DIRECTION('',(0.707106781187,0.,-0.707106781187));
#10399 = PCURVE('',#3804,#10400);
#10400 = DEFINITIONAL_REPRESENTATION('',(#10401),#10405);
#10401 = LINE('',#10402,#10403);
#10402 = CARTESIAN_POINT('',(-6.28318530718,-9.492825072802E-17));
#10403 = VECTOR('',#10404,1.);
#10404 = DIRECTION('',(1.,2.713327408437E-17));
#10405 = ( GEOMETRIC_REPRESENTATION_CONTEXT(2) 
PARAMETRIC_REPRESENTATION_CONTEXT() REPRESENTATION_CONTEXT('2D SPACE',''
  ) );
#10406 = PCURVE('',#44,#10407);
#10407 = DEFINITIONAL_REPRESENTATION('',(#10408),#10416);
#10408 = ( BOUNDED_CURVE() B_SPLINE_CURVE(2,(#10409,#10410,#10411,#10412
    ,#10413,#10414,#10415),.UNSPECIFIED.,.T.,.F.) 
B_SPLINE_CURVE_WITH_KNOTS((1,2,2,2,2,1),(-2.094395102393,0.,
    2.094395102393,4.188790204786,6.28318530718,8.377580409573),
.UNSPECIFIED.) CURVE() GEOMETRIC_REPRESENTATION_ITEM() 
RATIONAL_B_SPLINE_CURVE((1.,0.5,1.,0.5,1.,0.5,1.)) REPRESENTATION_ITEM(
  '') );
#10409 = CARTESIAN_POINT('',(-6.707106781187,50.207106781187));
#10410 = CARTESIAN_POINT('',(-5.482361909795,51.431851652578));
#10411 = CARTESIAN_POINT('',(-5.034074173711,49.758819045103));
#10412 = CARTESIAN_POINT('',(-4.585786437627,48.085786437627));
#10413 = CARTESIAN_POINT('',(-6.258819045103,48.534074173711));
#10414 = CARTESIAN_POINT('',(-7.931851652578,48.982361909795));
#10415 = CARTESIAN_POINT('',(-6.707106781187,50.207106781187));
#10416 = ( GEOMETRIC_REPRESENTATION_CONTEXT(2) 
PARAMETRIC_REPRESENTATION_CONTEXT() REPRESENTATION_CONTEXT('2D SPACE',''
  ) );
#10417 = ORIENTED_EDGE('',*,*,#10418,.F.);
#10418 = EDGE_CURVE('',#3611,#10391,#10419,.T.);
#10419 = SURFACE_CURVE('',#10420,(#10424,#10431),.PCURVE_S1.);
#10420 = LINE('',#10421,#10422);
#10421 = CARTESIAN_POINT('',(29.5,16.,-17.));
#10422 = VECTOR('',#10423,1.);
#10423 = DIRECTION('',(-2.54310832936E-18,-0.999847695156,
    -1.745240643728E-02));
#10424 = PCURVE('',#3804,#10425);
#10425 = DEFINITIONAL_REPRESENTATION('',(#10426),#10430);
#10426 = LINE('',#10427,#10428);
#10427 = CARTESIAN_POINT('',(-0.785398163397,0.));
#10428 = VECTOR('',#10429,1.);
#10429 = DIRECTION('',(-3.272626677145E-16,1.));
#10430 = ( GEOMETRIC_REPRESENTATION_CONTEXT(2) 
PARAMETRIC_REPRESENTATION_CONTEXT() REPRESENTATION_CONTEXT('2D SPACE',''
  ) );
#10431 = PCURVE('',#180,#10432);
#10432 = DEFINITIONAL_REPRESENTATION('',(#10433),#10437);
#10433 = LINE('',#10434,#10435);
#10434 = CARTESIAN_POINT('',(-29.5,5.229796136968E-17));
#10435 = VECTOR('',#10436,1.);
#10436 = DIRECTION('',(-3.851859888774E-34,-1.));
#10437 = ( GEOMETRIC_REPRESENTATION_CONTEXT(2) 
PARAMETRIC_REPRESENTATION_CONTEXT() REPRESENTATION_CONTEXT('2D SPACE',''
  ) );
#10438 = ORIENTED_EDGE('',*,*,#3767,.T.);
#10439 = ADVANCED_FACE('',(#10440),#180,.F.);
#10440 = FACE_BOUND('',#10441,.T.);
#10441 = EDGE_LOOP('',(#10442,#10443,#10464,#10465));
#10442 = ORIENTED_EDGE('',*,*,#164,.F.);
#10443 = ORIENTED_EDGE('',*,*,#10444,.F.);
#10444 = EDGE_CURVE('',#10391,#142,#10445,.T.);
#10445 = SURFACE_CURVE('',#10446,(#10450,#10457),.PCURVE_S1.);
#10446 = LINE('',#10447,#10448);
#10447 = CARTESIAN_POINT('',(-10.,16.,-17.));
#10448 = VECTOR('',#10449,1.);
#10449 = DIRECTION('',(-1.,0.,1.457167719821E-16));
#10450 = PCURVE('',#180,#10451);
#10451 = DEFINITIONAL_REPRESENTATION('',(#10452),#10456);
#10452 = LINE('',#10453,#10454);
#10453 = CARTESIAN_POINT('',(10.,-3.874622523641E-17));
#10454 = VECTOR('',#10455,1.);
#10455 = DIRECTION('',(1.,0.));
#10456 = ( GEOMETRIC_REPRESENTATION_CONTEXT(2) 
PARAMETRIC_REPRESENTATION_CONTEXT() REPRESENTATION_CONTEXT('2D SPACE',''
  ) );
#10457 = PCURVE('',#44,#10458);
#10458 = DEFINITIONAL_REPRESENTATION('',(#10459),#10463);
#10459 = LINE('',#10460,#10461);
#10460 = CARTESIAN_POINT('',(-7.,10.));
#10461 = VECTOR('',#10462,1.);
#10462 = DIRECTION('',(1.110223024625E-16,-1.));
#10463 = ( GEOMETRIC_REPRESENTATION_CONTEXT(2) 
PARAMETRIC_REPRESENTATION_CONTEXT() REPRESENTATION_CONTEXT('2D SPACE',''
  ) );
#10464 = ORIENTED_EDGE('',*,*,#10418,.F.);
#10465 = ORIENTED_EDGE('',*,*,#3666,.F.);
#10466 = ADVANCED_FACE('',(#10467),#4211,.F.);
#10467 = FACE_BOUND('',#10468,.F.);
#10468 = EDGE_LOOP('',(#10469,#10492,#10520,#10541));
#10469 = ORIENTED_EDGE('',*,*,#10470,.F.);
#10470 = EDGE_CURVE('',#10471,#4099,#10473,.T.);
#10471 = VERTEX_POINT('',#10472);
#10472 = CARTESIAN_POINT('',(37.,16.,-9.5));
#10473 = SURFACE_CURVE('',#10474,(#10478,#10485),.PCURVE_S1.);
#10474 = LINE('',#10475,#10476);
#10475 = CARTESIAN_POINT('',(37.,16.,-9.5));
#10476 = VECTOR('',#10477,1.);
#10477 = DIRECTION('',(-1.745240643728E-02,0.999847695156,
    7.017412087432E-18));
#10478 = PCURVE('',#4211,#10479);
#10479 = DEFINITIONAL_REPRESENTATION('',(#10480),#10484);
#10480 = LINE('',#10481,#10482);
#10481 = CARTESIAN_POINT('',(0.785398163397,7.749244957389E-18));
#10482 = VECTOR('',#10483,1.);
#10483 = DIRECTION('',(1.022695836608E-15,-1.));
#10484 = ( GEOMETRIC_REPRESENTATION_CONTEXT(2) 
PARAMETRIC_REPRESENTATION_CONTEXT() REPRESENTATION_CONTEXT('2D SPACE',''
  ) );
#10485 = PCURVE('',#4242,#10486);
#10486 = DEFINITIONAL_REPRESENTATION('',(#10487),#10491);
#10487 = LINE('',#10488,#10489);
#10488 = CARTESIAN_POINT('',(10.5,1.062279973128E-17));
#10489 = VECTOR('',#10490,1.);
#10490 = DIRECTION('',(1.078520768857E-32,1.));
#10491 = ( GEOMETRIC_REPRESENTATION_CONTEXT(2) 
PARAMETRIC_REPRESENTATION_CONTEXT() REPRESENTATION_CONTEXT('2D SPACE',''
  ) );
#10492 = ORIENTED_EDGE('',*,*,#10493,.F.);
#10493 = EDGE_CURVE('',#10494,#10471,#10496,.T.);
#10494 = VERTEX_POINT('',#10495);
#10495 = CARTESIAN_POINT('',(36.,16.,-10.5));
#10496 = SURFACE_CURVE('',#10497,(#10502,#10509),.PCURVE_S1.);
#10497 = CIRCLE('',#10498,1.);
#10498 = AXIS2_PLACEMENT_3D('',#10499,#10500,#10501);
#10499 = CARTESIAN_POINT('',(36.,16.,-9.5));
#10500 = DIRECTION('',(0.,-1.,0.));
#10501 = DIRECTION('',(0.707106781187,0.,-0.707106781187));
#10502 = PCURVE('',#4211,#10503);
#10503 = DEFINITIONAL_REPRESENTATION('',(#10504),#10508);
#10504 = LINE('',#10505,#10506);
#10505 = CARTESIAN_POINT('',(-6.28318530718,-1.84044567738E-16));
#10506 = VECTOR('',#10507,1.);
#10507 = DIRECTION('',(1.,2.713327408437E-17));
#10508 = ( GEOMETRIC_REPRESENTATION_CONTEXT(2) 
PARAMETRIC_REPRESENTATION_CONTEXT() REPRESENTATION_CONTEXT('2D SPACE',''
  ) );
#10509 = PCURVE('',#44,#10510);
#10510 = DEFINITIONAL_REPRESENTATION('',(#10511),#10519);
#10511 = ( BOUNDED_CURVE() B_SPLINE_CURVE(2,(#10512,#10513,#10514,#10515
    ,#10516,#10517,#10518),.UNSPECIFIED.,.T.,.F.) 
B_SPLINE_CURVE_WITH_KNOTS((1,2,2,2,2,1),(-2.094395102393,0.,
    2.094395102393,4.188790204786,6.28318530718,8.377580409573),
.UNSPECIFIED.) CURVE() GEOMETRIC_REPRESENTATION_ITEM() 
RATIONAL_B_SPLINE_CURVE((1.,0.5,1.,0.5,1.,0.5,1.)) REPRESENTATION_ITEM(
  '') );
#10512 = CARTESIAN_POINT('',(-0.207106781187,56.707106781187));
#10513 = CARTESIAN_POINT('',(1.017638090205,57.931851652578));
#10514 = CARTESIAN_POINT('',(1.465925826289,56.258819045103));
#10515 = CARTESIAN_POINT('',(1.914213562373,54.585786437627));
#10516 = CARTESIAN_POINT('',(0.241180954897,55.034074173711));
#10517 = CARTESIAN_POINT('',(-1.431851652578,55.482361909795));
#10518 = CARTESIAN_POINT('',(-0.207106781187,56.707106781187));
#10519 = ( GEOMETRIC_REPRESENTATION_CONTEXT(2) 
PARAMETRIC_REPRESENTATION_CONTEXT() REPRESENTATION_CONTEXT('2D SPACE',''
  ) );
#10520 = ORIENTED_EDGE('',*,*,#10521,.F.);
#10521 = EDGE_CURVE('',#3990,#10494,#10522,.T.);
#10522 = SURFACE_CURVE('',#10523,(#10527,#10534),.PCURVE_S1.);
#10523 = LINE('',#10524,#10525);
#10524 = CARTESIAN_POINT('',(36.,16.,-10.5));
#10525 = VECTOR('',#10526,1.);
#10526 = DIRECTION('',(-6.055019831809E-19,-0.999847695156,
    -1.745240643728E-02));
#10527 = PCURVE('',#4211,#10528);
#10528 = DEFINITIONAL_REPRESENTATION('',(#10529),#10533);
#10529 = LINE('',#10530,#10531);
#10530 = CARTESIAN_POINT('',(-0.785398163397,-4.440215729124E-16));
#10531 = VECTOR('',#10532,1.);
#10532 = DIRECTION('',(-9.817880031435E-16,1.));
#10533 = ( GEOMETRIC_REPRESENTATION_CONTEXT(2) 
PARAMETRIC_REPRESENTATION_CONTEXT() REPRESENTATION_CONTEXT('2D SPACE',''
  ) );
#10534 = PCURVE('',#4005,#10535);
#10535 = DEFINITIONAL_REPRESENTATION('',(#10536),#10540);
#10536 = LINE('',#10537,#10538);
#10537 = CARTESIAN_POINT('',(1.,1.817039161208E-17));
#10538 = VECTOR('',#10539,1.);
#10539 = DIRECTION('',(2.458979143461E-17,-1.));
#10540 = ( GEOMETRIC_REPRESENTATION_CONTEXT(2) 
PARAMETRIC_REPRESENTATION_CONTEXT() REPRESENTATION_CONTEXT('2D SPACE',''
  ) );
#10541 = ORIENTED_EDGE('',*,*,#4174,.T.);
#10542 = ADVANCED_FACE('',(#10543),#4242,.T.);
#10543 = FACE_BOUND('',#10544,.T.);
#10544 = EDGE_LOOP('',(#10545,#10546,#10547,#10570));
#10545 = ORIENTED_EDGE('',*,*,#4226,.F.);
#10546 = ORIENTED_EDGE('',*,*,#10470,.F.);
#10547 = ORIENTED_EDGE('',*,*,#10548,.T.);
#10548 = EDGE_CURVE('',#10471,#10549,#10551,.T.);
#10549 = VERTEX_POINT('',#10550);
#10550 = CARTESIAN_POINT('',(37.,16.,9.5));
#10551 = SURFACE_CURVE('',#10552,(#10556,#10563),.PCURVE_S1.);
#10552 = LINE('',#10553,#10554);
#10553 = CARTESIAN_POINT('',(37.,16.,-15.));
#10554 = VECTOR('',#10555,1.);
#10555 = DIRECTION('',(4.020885092637E-16,0.,1.));
#10556 = PCURVE('',#4242,#10557);
#10557 = DEFINITIONAL_REPRESENTATION('',(#10558),#10562);
#10558 = LINE('',#10559,#10560);
#10559 = CARTESIAN_POINT('',(5.,6.410933613653E-17));
#10560 = VECTOR('',#10561,1.);
#10561 = DIRECTION('',(1.,-1.54074395551E-33));
#10562 = ( GEOMETRIC_REPRESENTATION_CONTEXT(2) 
PARAMETRIC_REPRESENTATION_CONTEXT() REPRESENTATION_CONTEXT('2D SPACE',''
  ) );
#10563 = PCURVE('',#44,#10564);
#10564 = DEFINITIONAL_REPRESENTATION('',(#10565),#10569);
#10565 = LINE('',#10566,#10567);
#10566 = CARTESIAN_POINT('',(-5.,57.));
#10567 = VECTOR('',#10568,1.);
#10568 = DIRECTION('',(1.,3.673940397442E-16));
#10569 = ( GEOMETRIC_REPRESENTATION_CONTEXT(2) 
PARAMETRIC_REPRESENTATION_CONTEXT() REPRESENTATION_CONTEXT('2D SPACE',''
  ) );
#10570 = ORIENTED_EDGE('',*,*,#10571,.F.);
#10571 = EDGE_CURVE('',#4227,#10549,#10572,.T.);
#10572 = SURFACE_CURVE('',#10573,(#10577,#10584),.PCURVE_S1.);
#10573 = LINE('',#10574,#10575);
#10574 = CARTESIAN_POINT('',(37.,16.,9.5));
#10575 = VECTOR('',#10576,1.);
#10576 = DIRECTION('',(1.745240643728E-02,-0.999847695156,
    -7.017412087432E-18));
#10577 = PCURVE('',#4242,#10578);
#10578 = DEFINITIONAL_REPRESENTATION('',(#10579),#10583);
#10579 = LINE('',#10580,#10581);
#10580 = CARTESIAN_POINT('',(29.5,1.302314708947E-16));
#10581 = VECTOR('',#10582,1.);
#10582 = DIRECTION('',(-1.078520768857E-32,-1.));
#10583 = ( GEOMETRIC_REPRESENTATION_CONTEXT(2) 
PARAMETRIC_REPRESENTATION_CONTEXT() REPRESENTATION_CONTEXT('2D SPACE',''
  ) );
#10584 = PCURVE('',#4448,#10585);
#10585 = DEFINITIONAL_REPRESENTATION('',(#10586),#10590);
#10586 = LINE('',#10587,#10588);
#10587 = CARTESIAN_POINT('',(-0.785398163397,0.));
#10588 = VECTOR('',#10589,1.);
#10589 = DIRECTION('',(-9.817880031435E-16,1.));
#10590 = ( GEOMETRIC_REPRESENTATION_CONTEXT(2) 
PARAMETRIC_REPRESENTATION_CONTEXT() REPRESENTATION_CONTEXT('2D SPACE',''
  ) );
#10591 = ADVANCED_FACE('',(#10592),#4448,.F.);
#10592 = FACE_BOUND('',#10593,.F.);
#10593 = EDGE_LOOP('',(#10594,#10617,#10643,#10644));
#10594 = ORIENTED_EDGE('',*,*,#10595,.F.);
#10595 = EDGE_CURVE('',#10596,#4336,#10598,.T.);
#10596 = VERTEX_POINT('',#10597);
#10597 = CARTESIAN_POINT('',(36.,16.,10.5));
#10598 = SURFACE_CURVE('',#10599,(#10603,#10610),.PCURVE_S1.);
#10599 = LINE('',#10600,#10601);
#10600 = CARTESIAN_POINT('',(36.,16.,10.5));
#10601 = VECTOR('',#10602,1.);
#10602 = DIRECTION('',(-2.519529341779E-17,0.999847695156,
    -1.745240643728E-02));
#10603 = PCURVE('',#4448,#10604);
#10604 = DEFINITIONAL_REPRESENTATION('',(#10605),#10609);
#10605 = LINE('',#10606,#10607);
#10606 = CARTESIAN_POINT('',(0.785398163397,-1.666087665839E-16));
#10607 = VECTOR('',#10608,1.);
#10608 = DIRECTION('',(4.090783346431E-17,-1.));
#10609 = ( GEOMETRIC_REPRESENTATION_CONTEXT(2) 
PARAMETRIC_REPRESENTATION_CONTEXT() REPRESENTATION_CONTEXT('2D SPACE',''
  ) );
#10610 = PCURVE('',#4479,#10611);
#10611 = DEFINITIONAL_REPRESENTATION('',(#10612),#10616);
#10612 = LINE('',#10613,#10614);
#10613 = CARTESIAN_POINT('',(1.,1.817039161208E-17));
#10614 = VECTOR('',#10615,1.);
#10615 = DIRECTION('',(4.292862165331E-32,1.));
#10616 = ( GEOMETRIC_REPRESENTATION_CONTEXT(2) 
PARAMETRIC_REPRESENTATION_CONTEXT() REPRESENTATION_CONTEXT('2D SPACE',''
  ) );
#10617 = ORIENTED_EDGE('',*,*,#10618,.F.);
#10618 = EDGE_CURVE('',#10549,#10596,#10619,.T.);
#10619 = SURFACE_CURVE('',#10620,(#10625,#10632),.PCURVE_S1.);
#10620 = CIRCLE('',#10621,1.);
#10621 = AXIS2_PLACEMENT_3D('',#10622,#10623,#10624);
#10622 = CARTESIAN_POINT('',(36.,16.,9.5));
#10623 = DIRECTION('',(0.,-1.,0.));
#10624 = DIRECTION('',(0.707106781187,0.,0.707106781187));
#10625 = PCURVE('',#4448,#10626);
#10626 = DEFINITIONAL_REPRESENTATION('',(#10627),#10631);
#10627 = LINE('',#10628,#10629);
#10628 = CARTESIAN_POINT('',(-6.28318530718,-1.84044567738E-16));
#10629 = VECTOR('',#10630,1.);
#10630 = DIRECTION('',(1.,2.713327408437E-17));
#10631 = ( GEOMETRIC_REPRESENTATION_CONTEXT(2) 
PARAMETRIC_REPRESENTATION_CONTEXT() REPRESENTATION_CONTEXT('2D SPACE',''
  ) );
#10632 = PCURVE('',#44,#10633);
#10633 = DEFINITIONAL_REPRESENTATION('',(#10634),#10642);
#10634 = ( BOUNDED_CURVE() B_SPLINE_CURVE(2,(#10635,#10636,#10637,#10638
    ,#10639,#10640,#10641),.UNSPECIFIED.,.T.,.F.) 
B_SPLINE_CURVE_WITH_KNOTS((1,2,2,2,2,1),(-2.094395102393,0.,
    2.094395102393,4.188790204786,6.28318530718,8.377580409573),
.UNSPECIFIED.) CURVE() GEOMETRIC_REPRESENTATION_ITEM() 
RATIONAL_B_SPLINE_CURVE((1.,0.5,1.,0.5,1.,0.5,1.)) REPRESENTATION_ITEM(
  '') );
#10635 = CARTESIAN_POINT('',(20.207106781187,56.707106781187));
#10636 = CARTESIAN_POINT('',(21.431851652578,55.482361909795));
#10637 = CARTESIAN_POINT('',(19.758819045103,55.034074173711));
#10638 = CARTESIAN_POINT('',(18.085786437627,54.585786437627));
#10639 = CARTESIAN_POINT('',(18.534074173711,56.258819045103));
#10640 = CARTESIAN_POINT('',(18.982361909795,57.931851652578));
#10641 = CARTESIAN_POINT('',(20.207106781187,56.707106781187));
#10642 = ( GEOMETRIC_REPRESENTATION_CONTEXT(2) 
PARAMETRIC_REPRESENTATION_CONTEXT() REPRESENTATION_CONTEXT('2D SPACE',''
  ) );
#10643 = ORIENTED_EDGE('',*,*,#10571,.F.);
#10644 = ORIENTED_EDGE('',*,*,#4411,.T.);
#10645 = ADVANCED_FACE('',(#10646),#4793,.F.);
#10646 = FACE_BOUND('',#10647,.F.);
#10647 = EDGE_LOOP('',(#10648,#10649,#10677,#10698));
#10648 = ORIENTED_EDGE('',*,*,#5374,.F.);
#10649 = ORIENTED_EDGE('',*,*,#10650,.F.);
#10650 = EDGE_CURVE('',#10651,#5375,#10653,.T.);
#10651 = VERTEX_POINT('',#10652);
#10652 = CARTESIAN_POINT('',(30.5,16.,16.));
#10653 = SURFACE_CURVE('',#10654,(#10659,#10666),.PCURVE_S1.);
#10654 = CIRCLE('',#10655,1.);
#10655 = AXIS2_PLACEMENT_3D('',#10656,#10657,#10658);
#10656 = CARTESIAN_POINT('',(29.5,16.,16.));
#10657 = DIRECTION('',(0.,-1.,0.));
#10658 = DIRECTION('',(0.707106781187,0.,0.707106781187));
#10659 = PCURVE('',#4793,#10660);
#10660 = DEFINITIONAL_REPRESENTATION('',(#10661),#10665);
#10661 = LINE('',#10662,#10663);
#10662 = CARTESIAN_POINT('',(-6.28318530718,2.460385273971E-16));
#10663 = VECTOR('',#10664,1.);
#10664 = DIRECTION('',(1.,-2.713327408437E-17));
#10665 = ( GEOMETRIC_REPRESENTATION_CONTEXT(2) 
PARAMETRIC_REPRESENTATION_CONTEXT() REPRESENTATION_CONTEXT('2D SPACE',''
  ) );
#10666 = PCURVE('',#44,#10667);
#10667 = DEFINITIONAL_REPRESENTATION('',(#10668),#10676);
#10668 = ( BOUNDED_CURVE() B_SPLINE_CURVE(2,(#10669,#10670,#10671,#10672
    ,#10673,#10674,#10675),.UNSPECIFIED.,.T.,.F.) 
B_SPLINE_CURVE_WITH_KNOTS((1,2,2,2,2,1),(-2.094395102393,0.,
    2.094395102393,4.188790204786,6.28318530718,8.377580409573),
.UNSPECIFIED.) CURVE() GEOMETRIC_REPRESENTATION_ITEM() 
RATIONAL_B_SPLINE_CURVE((1.,0.5,1.,0.5,1.,0.5,1.)) REPRESENTATION_ITEM(
  '') );
#10669 = CARTESIAN_POINT('',(26.707106781187,50.207106781187));
#10670 = CARTESIAN_POINT('',(27.931851652578,48.982361909795));
#10671 = CARTESIAN_POINT('',(26.258819045103,48.534074173711));
#10672 = CARTESIAN_POINT('',(24.585786437627,48.085786437627));
#10673 = CARTESIAN_POINT('',(25.034074173711,49.758819045103));
#10674 = CARTESIAN_POINT('',(25.482361909795,51.431851652578));
#10675 = CARTESIAN_POINT('',(26.707106781187,50.207106781187));
#10676 = ( GEOMETRIC_REPRESENTATION_CONTEXT(2) 
PARAMETRIC_REPRESENTATION_CONTEXT() REPRESENTATION_CONTEXT('2D SPACE',''
  ) );
#10677 = ORIENTED_EDGE('',*,*,#10678,.F.);
#10678 = EDGE_CURVE('',#4634,#10651,#10679,.T.);
#10679 = SURFACE_CURVE('',#10680,(#10684,#10691),.PCURVE_S1.);
#10680 = LINE('',#10681,#10682);
#10681 = CARTESIAN_POINT('',(30.5,16.,16.));
#10682 = VECTOR('',#10683,1.);
#10683 = DIRECTION('',(1.745240643728E-02,-0.999847695156,
    -6.055019831809E-19));
#10684 = PCURVE('',#4793,#10685);
#10685 = DEFINITIONAL_REPRESENTATION('',(#10686),#10690);
#10686 = LINE('',#10687,#10688);
#10687 = CARTESIAN_POINT('',(-0.785398163397,0.));
#10688 = VECTOR('',#10689,1.);
#10689 = DIRECTION('',(9.817880031435E-16,1.));
#10690 = ( GEOMETRIC_REPRESENTATION_CONTEXT(2) 
PARAMETRIC_REPRESENTATION_CONTEXT() REPRESENTATION_CONTEXT('2D SPACE',''
  ) );
#10691 = PCURVE('',#4649,#10692);
#10692 = DEFINITIONAL_REPRESENTATION('',(#10693),#10697);
#10693 = LINE('',#10694,#10695);
#10694 = CARTESIAN_POINT('',(0.25,6.615177224627E-17));
#10695 = VECTOR('',#10696,1.);
#10696 = DIRECTION('',(-6.411910104251E-18,-1.));
#10697 = ( GEOMETRIC_REPRESENTATION_CONTEXT(2) 
PARAMETRIC_REPRESENTATION_CONTEXT() REPRESENTATION_CONTEXT('2D SPACE',''
  ) );
#10698 = ORIENTED_EDGE('',*,*,#4756,.T.);
#10699 = ADVANCED_FACE('',(#10700),#1633,.T.);
#10700 = FACE_BOUND('',#10701,.T.);
#10701 = EDGE_LOOP('',(#10702,#10727,#10749,#10750,#10771,#10772));
#10702 = ORIENTED_EDGE('',*,*,#10703,.T.);
#10703 = EDGE_CURVE('',#10704,#10706,#10708,.T.);
#10704 = VERTEX_POINT('',#10705);
#10705 = CARTESIAN_POINT('',(-39.84102846136,20.552349245054,-16.5));
#10706 = VERTEX_POINT('',#10707);
#10707 = CARTESIAN_POINT('',(-39.84102846136,20.552349245054,16.5));
#10708 = SURFACE_CURVE('',#10709,(#10713,#10720),.PCURVE_S1.);
#10709 = LINE('',#10710,#10711);
#10710 = CARTESIAN_POINT('',(-39.84102846136,20.552349245054,-15.));
#10711 = VECTOR('',#10712,1.);
#10712 = DIRECTION('',(3.469446951954E-17,0.,1.));
#10713 = PCURVE('',#1633,#10714);
#10714 = DEFINITIONAL_REPRESENTATION('',(#10715),#10719);
#10715 = LINE('',#10716,#10717);
#10716 = CARTESIAN_POINT('',(7.051130178057,0.));
#10717 = VECTOR('',#10718,1.);
#10718 = DIRECTION('',(0.,1.));
#10719 = ( GEOMETRIC_REPRESENTATION_CONTEXT(2) 
PARAMETRIC_REPRESENTATION_CONTEXT() REPRESENTATION_CONTEXT('2D SPACE',''
  ) );
#10720 = PCURVE('',#6520,#10721);
#10721 = DEFINITIONAL_REPRESENTATION('',(#10722),#10726);
#10722 = LINE('',#10723,#10724);
#10723 = CARTESIAN_POINT('',(5.,4.555124103582));
#10724 = VECTOR('',#10725,1.);
#10725 = DIRECTION('',(1.,0.));
#10726 = ( GEOMETRIC_REPRESENTATION_CONTEXT(2) 
PARAMETRIC_REPRESENTATION_CONTEXT() REPRESENTATION_CONTEXT('2D SPACE',''
  ) );
#10727 = ORIENTED_EDGE('',*,*,#10728,.T.);
#10728 = EDGE_CURVE('',#10706,#1997,#10729,.T.);
#10729 = SURFACE_CURVE('',#10730,(#10735,#10742),.PCURVE_S1.);
#10730 = CIRCLE('',#10731,1.5);
#10731 = AXIS2_PLACEMENT_3D('',#10732,#10733,#10734);
#10732 = CARTESIAN_POINT('',(-38.34194222083,20.5,16.5));
#10733 = DIRECTION('',(1.446505203467E-15,-2.886364462638E-33,-1.));
#10734 = DIRECTION('',(-0.999390827019,3.48994967025E-02,
    -1.445624031581E-15));
#10735 = PCURVE('',#1633,#10736);
#10736 = DEFINITIONAL_REPRESENTATION('',(#10737),#10741);
#10737 = LINE('',#10738,#10739);
#10738 = CARTESIAN_POINT('',(7.051130178057,31.5));
#10739 = VECTOR('',#10740,1.);
#10740 = DIRECTION('',(-1.,2.678418291365E-15));
#10741 = ( GEOMETRIC_REPRESENTATION_CONTEXT(2) 
PARAMETRIC_REPRESENTATION_CONTEXT() REPRESENTATION_CONTEXT('2D SPACE',''
  ) );
#10742 = PCURVE('',#2039,#10743);
#10743 = DEFINITIONAL_REPRESENTATION('',(#10744),#10748);
#10744 = LINE('',#10745,#10746);
#10745 = CARTESIAN_POINT('',(4.712388980385,3.490658503989E-02));
#10746 = VECTOR('',#10747,1.);
#10747 = DIRECTION('',(6.696045728412E-16,1.));
#10748 = ( GEOMETRIC_REPRESENTATION_CONTEXT(2) 
PARAMETRIC_REPRESENTATION_CONTEXT() REPRESENTATION_CONTEXT('2D SPACE',''
  ) );
#10749 = ORIENTED_EDGE('',*,*,#2073,.F.);
#10750 = ORIENTED_EDGE('',*,*,#10751,.T.);
#10751 = EDGE_CURVE('',#2074,#1563,#10752,.T.);
#10752 = SURFACE_CURVE('',#10753,(#10757,#10764),.PCURVE_S1.);
#10753 = LINE('',#10754,#10755);
#10754 = CARTESIAN_POINT('',(-38.34194222083,22.,-15.));
#10755 = VECTOR('',#10756,1.);
#10756 = DIRECTION('',(-3.469446951954E-17,0.,-1.));
#10757 = PCURVE('',#1633,#10758);
#10758 = DEFINITIONAL_REPRESENTATION('',(#10759),#10763);
#10759 = LINE('',#10760,#10761);
#10760 = CARTESIAN_POINT('',(5.515240436302,0.));
#10761 = VECTOR('',#10762,1.);
#10762 = DIRECTION('',(0.,-1.));
#10763 = ( GEOMETRIC_REPRESENTATION_CONTEXT(2) 
PARAMETRIC_REPRESENTATION_CONTEXT() REPRESENTATION_CONTEXT('2D SPACE',''
  ) );
#10764 = PCURVE('',#606,#10765);
#10765 = DEFINITIONAL_REPRESENTATION('',(#10766),#10770);
#10766 = LINE('',#10767,#10768);
#10767 = CARTESIAN_POINT('',(-5.,-18.34194222083));
#10768 = VECTOR('',#10769,1.);
#10769 = DIRECTION('',(-1.,0.));
#10770 = ( GEOMETRIC_REPRESENTATION_CONTEXT(2) 
PARAMETRIC_REPRESENTATION_CONTEXT() REPRESENTATION_CONTEXT('2D SPACE',''
  ) );
#10771 = ORIENTED_EDGE('',*,*,#1590,.F.);
#10772 = ORIENTED_EDGE('',*,*,#10773,.T.);
#10773 = EDGE_CURVE('',#1591,#10704,#10774,.T.);
#10774 = SURFACE_CURVE('',#10775,(#10780,#10787),.PCURVE_S1.);
#10775 = CIRCLE('',#10776,1.5);
#10776 = AXIS2_PLACEMENT_3D('',#10777,#10778,#10779);
#10777 = CARTESIAN_POINT('',(-38.34194222083,20.5,-16.5));
#10778 = DIRECTION('',(3.469446951954E-17,-0.,1.));
#10779 = DIRECTION('',(0.,1.,0.));
#10780 = PCURVE('',#1633,#10781);
#10781 = DEFINITIONAL_REPRESENTATION('',(#10782),#10786);
#10782 = LINE('',#10783,#10784);
#10783 = CARTESIAN_POINT('',(5.515240436302,-1.5));
#10784 = VECTOR('',#10785,1.);
#10785 = DIRECTION('',(1.,0.));
#10786 = ( GEOMETRIC_REPRESENTATION_CONTEXT(2) 
PARAMETRIC_REPRESENTATION_CONTEXT() REPRESENTATION_CONTEXT('2D SPACE',''
  ) );
#10787 = PCURVE('',#1712,#10788);
#10788 = DEFINITIONAL_REPRESENTATION('',(#10789),#10793);
#10789 = LINE('',#10790,#10791);
#10790 = CARTESIAN_POINT('',(4.712388980385,4.712388980385));
#10791 = VECTOR('',#10792,1.);
#10792 = DIRECTION('',(0.,1.));
#10793 = ( GEOMETRIC_REPRESENTATION_CONTEXT(2) 
PARAMETRIC_REPRESENTATION_CONTEXT() REPRESENTATION_CONTEXT('2D SPACE',''
  ) );
#10794 = ADVANCED_FACE('',(#10795),#665,.T.);
#10795 = FACE_BOUND('',#10796,.T.);
#10796 = EDGE_LOOP('',(#10797,#10822,#10844,#10845,#10866,#10867));
#10797 = ORIENTED_EDGE('',*,*,#10798,.T.);
#10798 = EDGE_CURVE('',#10799,#10801,#10803,.T.);
#10799 = VERTEX_POINT('',#10800);
#10800 = CARTESIAN_POINT('',(39.841028461368,20.552349245054,16.5));
#10801 = VERTEX_POINT('',#10802);
#10802 = CARTESIAN_POINT('',(39.841028461368,20.552349245054,-16.5));
#10803 = SURFACE_CURVE('',#10804,(#10808,#10815),.PCURVE_S1.);
#10804 = LINE('',#10805,#10806);
#10805 = CARTESIAN_POINT('',(39.841028461368,20.552349245054,-15.));
#10806 = VECTOR('',#10807,1.);
#10807 = DIRECTION('',(-4.020885092637E-16,0.,-1.));
#10808 = PCURVE('',#665,#10809);
#10809 = DEFINITIONAL_REPRESENTATION('',(#10810),#10814);
#10810 = LINE('',#10811,#10812);
#10811 = CARTESIAN_POINT('',(7.051130178057,0.));
#10812 = VECTOR('',#10813,1.);
#10813 = DIRECTION('',(0.,1.));
#10814 = ( GEOMETRIC_REPRESENTATION_CONTEXT(2) 
PARAMETRIC_REPRESENTATION_CONTEXT() REPRESENTATION_CONTEXT('2D SPACE',''
  ) );
#10815 = PCURVE('',#6638,#10816);
#10816 = DEFINITIONAL_REPRESENTATION('',(#10817),#10821);
#10817 = LINE('',#10818,#10819);
#10818 = CARTESIAN_POINT('',(5.,4.555124103582));
#10819 = VECTOR('',#10820,1.);
#10820 = DIRECTION('',(-1.,0.));
#10821 = ( GEOMETRIC_REPRESENTATION_CONTEXT(2) 
PARAMETRIC_REPRESENTATION_CONTEXT() REPRESENTATION_CONTEXT('2D SPACE',''
  ) );
#10822 = ORIENTED_EDGE('',*,*,#10823,.T.);
#10823 = EDGE_CURVE('',#10801,#1151,#10824,.T.);
#10824 = SURFACE_CURVE('',#10825,(#10830,#10837),.PCURVE_S1.);
#10825 = CIRCLE('',#10826,1.5);
#10826 = AXIS2_PLACEMENT_3D('',#10827,#10828,#10829);
#10827 = CARTESIAN_POINT('',(38.341942220839,20.5,-16.5));
#10828 = DIRECTION('',(3.469446951954E-17,-1.252514920637E-34,1.));
#10829 = DIRECTION('',(0.999390827019,3.48994967025E-02,
    -3.467333458612E-17));
#10830 = PCURVE('',#665,#10831);
#10831 = DEFINITIONAL_REPRESENTATION('',(#10832),#10836);
#10832 = LINE('',#10833,#10834);
#10833 = CARTESIAN_POINT('',(7.051130178057,1.5));
#10834 = VECTOR('',#10835,1.);
#10835 = DIRECTION('',(-1.,0.));
#10836 = ( GEOMETRIC_REPRESENTATION_CONTEXT(2) 
PARAMETRIC_REPRESENTATION_CONTEXT() REPRESENTATION_CONTEXT('2D SPACE',''
  ) );
#10837 = PCURVE('',#1195,#10838);
#10838 = DEFINITIONAL_REPRESENTATION('',(#10839),#10843);
#10839 = LINE('',#10840,#10841);
#10840 = CARTESIAN_POINT('',(1.570796326795,3.490658503989E-02));
#10841 = VECTOR('',#10842,1.);
#10842 = DIRECTION('',(0.,1.));
#10843 = ( GEOMETRIC_REPRESENTATION_CONTEXT(2) 
PARAMETRIC_REPRESENTATION_CONTEXT() REPRESENTATION_CONTEXT('2D SPACE',''
  ) );
#10844 = ORIENTED_EDGE('',*,*,#1229,.F.);
#10845 = ORIENTED_EDGE('',*,*,#10846,.T.);
#10846 = EDGE_CURVE('',#983,#590,#10847,.T.);
#10847 = SURFACE_CURVE('',#10848,(#10852,#10859),.PCURVE_S1.);
#10848 = LINE('',#10849,#10850);
#10849 = CARTESIAN_POINT('',(38.341942220839,22.,-15.));
#10850 = VECTOR('',#10851,1.);
#10851 = DIRECTION('',(4.020885092637E-16,0.,1.));
#10852 = PCURVE('',#665,#10853);
#10853 = DEFINITIONAL_REPRESENTATION('',(#10854),#10858);
#10854 = LINE('',#10855,#10856);
#10855 = CARTESIAN_POINT('',(5.515240436302,0.));
#10856 = VECTOR('',#10857,1.);
#10857 = DIRECTION('',(1.247491935552E-16,-1.));
#10858 = ( GEOMETRIC_REPRESENTATION_CONTEXT(2) 
PARAMETRIC_REPRESENTATION_CONTEXT() REPRESENTATION_CONTEXT('2D SPACE',''
  ) );
#10859 = PCURVE('',#606,#10860);
#10860 = DEFINITIONAL_REPRESENTATION('',(#10861),#10865);
#10861 = LINE('',#10862,#10863);
#10862 = CARTESIAN_POINT('',(-5.,58.341942220839));
#10863 = VECTOR('',#10864,1.);
#10864 = DIRECTION('',(1.,3.673940397442E-16));
#10865 = ( GEOMETRIC_REPRESENTATION_CONTEXT(2) 
PARAMETRIC_REPRESENTATION_CONTEXT() REPRESENTATION_CONTEXT('2D SPACE',''
  ) );
#10866 = ORIENTED_EDGE('',*,*,#622,.F.);
#10867 = ORIENTED_EDGE('',*,*,#10868,.T.);
#10868 = EDGE_CURVE('',#623,#10799,#10869,.T.);
#10869 = SURFACE_CURVE('',#10870,(#10875,#10882),.PCURVE_S1.);
#10870 = CIRCLE('',#10871,1.5);
#10871 = AXIS2_PLACEMENT_3D('',#10872,#10873,#10874);
#10872 = CARTESIAN_POINT('',(38.341942220839,20.5,16.5));
#10873 = DIRECTION('',(-3.469446951954E-17,0.,-1.));
#10874 = DIRECTION('',(0.,1.,0.));
#10875 = PCURVE('',#665,#10876);
#10876 = DEFINITIONAL_REPRESENTATION('',(#10877),#10881);
#10877 = LINE('',#10878,#10879);
#10878 = CARTESIAN_POINT('',(5.515240436302,-31.5));
#10879 = VECTOR('',#10880,1.);
#10880 = DIRECTION('',(1.,0.));
#10881 = ( GEOMETRIC_REPRESENTATION_CONTEXT(2) 
PARAMETRIC_REPRESENTATION_CONTEXT() REPRESENTATION_CONTEXT('2D SPACE',''
  ) );
#10882 = PCURVE('',#742,#10883);
#10883 = DEFINITIONAL_REPRESENTATION('',(#10884),#10888);
#10884 = LINE('',#10885,#10886);
#10885 = CARTESIAN_POINT('',(1.570796326795,4.712388980385));
#10886 = VECTOR('',#10887,1.);
#10887 = DIRECTION('',(0.,1.));
#10888 = ( GEOMETRIC_REPRESENTATION_CONTEXT(2) 
PARAMETRIC_REPRESENTATION_CONTEXT() REPRESENTATION_CONTEXT('2D SPACE',''
  ) );
#10889 = ADVANCED_FACE('',(#10890),#555,.T.);
#10890 = FACE_BOUND('',#10891,.T.);
#10891 = EDGE_LOOP('',(#10892,#10917,#10939,#10940,#10941,#10962,#10963,
    #10964));
#10892 = ORIENTED_EDGE('',*,*,#10893,.T.);
#10893 = EDGE_CURVE('',#10894,#10896,#10898,.T.);
#10894 = VERTEX_POINT('',#10895);
#10895 = CARTESIAN_POINT('',(-36.5,20.552349245054,19.841028461368));
#10896 = VERTEX_POINT('',#10897);
#10897 = CARTESIAN_POINT('',(36.5,20.552349245054,19.841028461368));
#10898 = SURFACE_CURVE('',#10899,(#10903,#10910),.PCURVE_S1.);
#10899 = LINE('',#10900,#10901);
#10900 = CARTESIAN_POINT('',(-10.,20.552349245054,19.841028461368));
#10901 = VECTOR('',#10902,1.);
#10902 = DIRECTION('',(1.,0.,7.632783294298E-17));
#10903 = PCURVE('',#555,#10904);
#10904 = DEFINITIONAL_REPRESENTATION('',(#10905),#10909);
#10905 = LINE('',#10906,#10907);
#10906 = CARTESIAN_POINT('',(7.051130178057,0.));
#10907 = VECTOR('',#10908,1.);
#10908 = DIRECTION('',(-1.216682766713E-17,1.));
#10909 = ( GEOMETRIC_REPRESENTATION_CONTEXT(2) 
PARAMETRIC_REPRESENTATION_CONTEXT() REPRESENTATION_CONTEXT('2D SPACE',''
  ) );
#10910 = PCURVE('',#6695,#10911);
#10911 = DEFINITIONAL_REPRESENTATION('',(#10912),#10916);
#10912 = LINE('',#10913,#10914);
#10913 = CARTESIAN_POINT('',(10.,4.555124103582));
#10914 = VECTOR('',#10915,1.);
#10915 = DIRECTION('',(-1.,1.321478495899E-33));
#10916 = ( GEOMETRIC_REPRESENTATION_CONTEXT(2) 
PARAMETRIC_REPRESENTATION_CONTEXT() REPRESENTATION_CONTEXT('2D SPACE',''
  ) );
#10917 = ORIENTED_EDGE('',*,*,#10918,.T.);
#10918 = EDGE_CURVE('',#10896,#700,#10919,.T.);
#10919 = SURFACE_CURVE('',#10920,(#10925,#10932),.PCURVE_S1.);
#10920 = CIRCLE('',#10921,1.5);
#10921 = AXIS2_PLACEMENT_3D('',#10922,#10923,#10924);
#10922 = CARTESIAN_POINT('',(36.5,20.5,18.341942220839));
#10923 = DIRECTION('',(-1.,-1.596759814731E-34,3.469446951954E-17));
#10924 = DIRECTION('',(3.467333458612E-17,3.48994967025E-02,
    0.999390827019));
#10925 = PCURVE('',#555,#10926);
#10926 = DEFINITIONAL_REPRESENTATION('',(#10927),#10931);
#10927 = LINE('',#10928,#10929);
#10928 = CARTESIAN_POINT('',(7.051130178057,46.5));
#10929 = VECTOR('',#10930,1.);
#10930 = DIRECTION('',(-1.,0.));
#10931 = ( GEOMETRIC_REPRESENTATION_CONTEXT(2) 
PARAMETRIC_REPRESENTATION_CONTEXT() REPRESENTATION_CONTEXT('2D SPACE',''
  ) );
#10932 = PCURVE('',#742,#10933);
#10933 = DEFINITIONAL_REPRESENTATION('',(#10934),#10938);
#10934 = LINE('',#10935,#10936);
#10935 = CARTESIAN_POINT('',(3.14159265359,6.24827872214));
#10936 = VECTOR('',#10937,1.);
#10937 = DIRECTION('',(0.,-1.));
#10938 = ( GEOMETRIC_REPRESENTATION_CONTEXT(2) 
PARAMETRIC_REPRESENTATION_CONTEXT() REPRESENTATION_CONTEXT('2D SPACE',''
  ) );
#10939 = ORIENTED_EDGE('',*,*,#776,.F.);
#10940 = ORIENTED_EDGE('',*,*,#514,.F.);
#10941 = ORIENTED_EDGE('',*,*,#10942,.T.);
#10942 = EDGE_CURVE('',#515,#2146,#10943,.T.);
#10943 = SURFACE_CURVE('',#10944,(#10948,#10955),.PCURVE_S1.);
#10944 = LINE('',#10945,#10946);
#10945 = CARTESIAN_POINT('',(-10.,22.,18.341942220839));
#10946 = VECTOR('',#10947,1.);
#10947 = DIRECTION('',(-1.,0.,-7.632783294298E-17));
#10948 = PCURVE('',#555,#10949);
#10949 = DEFINITIONAL_REPRESENTATION('',(#10950),#10954);
#10950 = LINE('',#10951,#10952);
#10951 = CARTESIAN_POINT('',(5.515240436302,0.));
#10952 = VECTOR('',#10953,1.);
#10953 = DIRECTION('',(0.,-1.));
#10954 = ( GEOMETRIC_REPRESENTATION_CONTEXT(2) 
PARAMETRIC_REPRESENTATION_CONTEXT() REPRESENTATION_CONTEXT('2D SPACE',''
  ) );
#10955 = PCURVE('',#606,#10956);
#10956 = DEFINITIONAL_REPRESENTATION('',(#10957),#10961);
#10957 = LINE('',#10958,#10959);
#10958 = CARTESIAN_POINT('',(28.341942220839,10.));
#10959 = VECTOR('',#10960,1.);
#10960 = DIRECTION('',(-1.110223024625E-16,-1.));
#10961 = ( GEOMETRIC_REPRESENTATION_CONTEXT(2) 
PARAMETRIC_REPRESENTATION_CONTEXT() REPRESENTATION_CONTEXT('2D SPACE',''
  ) );
#10962 = ORIENTED_EDGE('',*,*,#2169,.F.);
#10963 = ORIENTED_EDGE('',*,*,#1951,.F.);
#10964 = ORIENTED_EDGE('',*,*,#10965,.T.);
#10965 = EDGE_CURVE('',#1952,#10894,#10966,.T.);
#10966 = SURFACE_CURVE('',#10967,(#10972,#10979),.PCURVE_S1.);
#10967 = CIRCLE('',#10968,1.5);
#10968 = AXIS2_PLACEMENT_3D('',#10969,#10970,#10971);
#10969 = CARTESIAN_POINT('',(-36.5,20.5,18.341942220839));
#10970 = DIRECTION('',(1.,0.,-3.469446951954E-17));
#10971 = DIRECTION('',(0.,1.,0.));
#10972 = PCURVE('',#555,#10973);
#10973 = DEFINITIONAL_REPRESENTATION('',(#10974),#10978);
#10974 = LINE('',#10975,#10976);
#10975 = CARTESIAN_POINT('',(5.515240436302,-26.5));
#10976 = VECTOR('',#10977,1.);
#10977 = DIRECTION('',(1.,0.));
#10978 = ( GEOMETRIC_REPRESENTATION_CONTEXT(2) 
PARAMETRIC_REPRESENTATION_CONTEXT() REPRESENTATION_CONTEXT('2D SPACE',''
  ) );
#10979 = PCURVE('',#2039,#10980);
#10980 = DEFINITIONAL_REPRESENTATION('',(#10981),#10985);
#10981 = LINE('',#10982,#10983);
#10982 = CARTESIAN_POINT('',(6.28318530718,1.570796326795));
#10983 = VECTOR('',#10984,1.);
#10984 = DIRECTION('',(0.,-1.));
#10985 = ( GEOMETRIC_REPRESENTATION_CONTEXT(2) 
PARAMETRIC_REPRESENTATION_CONTEXT() REPRESENTATION_CONTEXT('2D SPACE',''
  ) );
#10986 = ADVANCED_FACE('',(#10987),#742,.T.);
#10987 = FACE_BOUND('',#10988,.T.);
#10988 = EDGE_LOOP('',(#10989,#10990,#10991,#11013));
#10989 = ORIENTED_EDGE('',*,*,#699,.F.);
#10990 = ORIENTED_EDGE('',*,*,#10918,.F.);
#10991 = ORIENTED_EDGE('',*,*,#10992,.T.);
#10992 = EDGE_CURVE('',#10896,#10799,#10993,.T.);
#10993 = SURFACE_CURVE('',#10994,(#10999,#11006),.PCURVE_S1.);
#10994 = CIRCLE('',#10995,3.341028461368);
#10995 = AXIS2_PLACEMENT_3D('',#10996,#10997,#10998);
#10996 = CARTESIAN_POINT('',(36.5,20.552349245054,16.5));
#10997 = DIRECTION('',(1.174857141176E-16,1.,1.174857141176E-16));
#10998 = DIRECTION('',(0.707106781187,-1.661498902902E-16,0.707106781187
    ));
#10999 = PCURVE('',#742,#11000);
#11000 = DEFINITIONAL_REPRESENTATION('',(#11001),#11005);
#11001 = LINE('',#11002,#11003);
#11002 = CARTESIAN_POINT('',(8.639379797372,6.24827872214));
#11003 = VECTOR('',#11004,1.);
#11004 = DIRECTION('',(-1.,5.654319433713E-16));
#11005 = ( GEOMETRIC_REPRESENTATION_CONTEXT(2) 
PARAMETRIC_REPRESENTATION_CONTEXT() REPRESENTATION_CONTEXT('2D SPACE',''
  ) );
#11006 = PCURVE('',#6667,#11007);
#11007 = DEFINITIONAL_REPRESENTATION('',(#11008),#11012);
#11008 = LINE('',#11009,#11010);
#11009 = CARTESIAN_POINT('',(6.28318530718,-4.552349245054));
#11010 = VECTOR('',#11011,1.);
#11011 = DIRECTION('',(-1.,0.));
#11012 = ( GEOMETRIC_REPRESENTATION_CONTEXT(2) 
PARAMETRIC_REPRESENTATION_CONTEXT() REPRESENTATION_CONTEXT('2D SPACE',''
  ) );
#11013 = ORIENTED_EDGE('',*,*,#10868,.F.);
#11014 = ADVANCED_FACE('',(#11015),#2039,.T.);
#11015 = FACE_BOUND('',#11016,.T.);
#11016 = EDGE_LOOP('',(#11017,#11018,#11019,#11041));
#11017 = ORIENTED_EDGE('',*,*,#1996,.F.);
#11018 = ORIENTED_EDGE('',*,*,#10728,.F.);
#11019 = ORIENTED_EDGE('',*,*,#11020,.T.);
#11020 = EDGE_CURVE('',#10706,#10894,#11021,.T.);
#11021 = SURFACE_CURVE('',#11022,(#11027,#11034),.PCURVE_S1.);
#11022 = CIRCLE('',#11023,3.341028461368);
#11023 = AXIS2_PLACEMENT_3D('',#11024,#11025,#11026);
#11024 = CARTESIAN_POINT('',(-36.5,20.552349245054,16.5));
#11025 = DIRECTION('',(0.,1.,-0.));
#11026 = DIRECTION('',(-0.707106781187,0.,0.707106781187));
#11027 = PCURVE('',#2039,#11028);
#11028 = DEFINITIONAL_REPRESENTATION('',(#11029),#11033);
#11029 = LINE('',#11030,#11031);
#11030 = CARTESIAN_POINT('',(-0.785398163397,3.490658503989E-02));
#11031 = VECTOR('',#11032,1.);
#11032 = DIRECTION('',(1.,0.));
#11033 = ( GEOMETRIC_REPRESENTATION_CONTEXT(2) 
PARAMETRIC_REPRESENTATION_CONTEXT() REPRESENTATION_CONTEXT('2D SPACE',''
  ) );
#11034 = PCURVE('',#6726,#11035);
#11035 = DEFINITIONAL_REPRESENTATION('',(#11036),#11040);
#11036 = LINE('',#11037,#11038);
#11037 = CARTESIAN_POINT('',(12.566370614359,-4.552349245054));
#11038 = VECTOR('',#11039,1.);
#11039 = DIRECTION('',(-1.,5.650874975088E-16));
#11040 = ( GEOMETRIC_REPRESENTATION_CONTEXT(2) 
PARAMETRIC_REPRESENTATION_CONTEXT() REPRESENTATION_CONTEXT('2D SPACE',''
  ) );
#11041 = ORIENTED_EDGE('',*,*,#10965,.F.);
#11042 = ADVANCED_FACE('',(#11043),#1047,.T.);
#11043 = FACE_BOUND('',#11044,.T.);
#11044 = EDGE_LOOP('',(#11045,#11066,#11067,#11068,#11092,#11115,#11137,
    #11138));
#11045 = ORIENTED_EDGE('',*,*,#11046,.T.);
#11046 = EDGE_CURVE('',#1493,#981,#11047,.T.);
#11047 = SURFACE_CURVE('',#11048,(#11052,#11059),.PCURVE_S1.);
#11048 = LINE('',#11049,#11050);
#11049 = CARTESIAN_POINT('',(-10.,22.,-18.34194222083));
#11050 = VECTOR('',#11051,1.);
#11051 = DIRECTION('',(1.,0.,-1.457167719821E-16));
#11052 = PCURVE('',#1047,#11053);
#11053 = DEFINITIONAL_REPRESENTATION('',(#11054),#11058);
#11054 = LINE('',#11055,#11056);
#11055 = CARTESIAN_POINT('',(0.767944870878,0.));
#11056 = VECTOR('',#11057,1.);
#11057 = DIRECTION('',(0.,1.));
#11058 = ( GEOMETRIC_REPRESENTATION_CONTEXT(2) 
PARAMETRIC_REPRESENTATION_CONTEXT() REPRESENTATION_CONTEXT('2D SPACE',''
  ) );
#11059 = PCURVE('',#606,#11060);
#11060 = DEFINITIONAL_REPRESENTATION('',(#11061),#11065);
#11061 = LINE('',#11062,#11063);
#11062 = CARTESIAN_POINT('',(-8.341942220839,10.));
#11063 = VECTOR('',#11064,1.);
#11064 = DIRECTION('',(-1.110223024625E-16,1.));
#11065 = ( GEOMETRIC_REPRESENTATION_CONTEXT(2) 
PARAMETRIC_REPRESENTATION_CONTEXT() REPRESENTATION_CONTEXT('2D SPACE',''
  ) );
#11066 = ORIENTED_EDGE('',*,*,#1006,.F.);
#11067 = ORIENTED_EDGE('',*,*,#1105,.F.);
#11068 = ORIENTED_EDGE('',*,*,#11069,.T.);
#11069 = EDGE_CURVE('',#1106,#11070,#11072,.T.);
#11070 = VERTEX_POINT('',#11071);
#11071 = CARTESIAN_POINT('',(36.5,20.552349245054,-19.84102846136));
#11072 = SURFACE_CURVE('',#11073,(#11078,#11085),.PCURVE_S1.);
#11073 = CIRCLE('',#11074,1.5);
#11074 = AXIS2_PLACEMENT_3D('',#11075,#11076,#11077);
#11075 = CARTESIAN_POINT('',(36.5,20.5,-18.34194222083));
#11076 = DIRECTION('',(-1.,0.,2.997093815493E-15));
#11077 = DIRECTION('',(0.,1.,0.));
#11078 = PCURVE('',#1047,#11079);
#11079 = DEFINITIONAL_REPRESENTATION('',(#11080),#11084);
#11080 = LINE('',#11081,#11082);
#11081 = CARTESIAN_POINT('',(0.767944870878,46.5));
#11082 = VECTOR('',#11083,1.);
#11083 = DIRECTION('',(-1.,-5.35683658273E-15));
#11084 = ( GEOMETRIC_REPRESENTATION_CONTEXT(2) 
PARAMETRIC_REPRESENTATION_CONTEXT() REPRESENTATION_CONTEXT('2D SPACE',''
  ) );
#11085 = PCURVE('',#1195,#11086);
#11086 = DEFINITIONAL_REPRESENTATION('',(#11087),#11091);
#11087 = LINE('',#11088,#11089);
#11088 = CARTESIAN_POINT('',(3.14159265359,1.570796326795));
#11089 = VECTOR('',#11090,1.);
#11090 = DIRECTION('',(1.674011432103E-15,-1.));
#11091 = ( GEOMETRIC_REPRESENTATION_CONTEXT(2) 
PARAMETRIC_REPRESENTATION_CONTEXT() REPRESENTATION_CONTEXT('2D SPACE',''
  ) );
#11092 = ORIENTED_EDGE('',*,*,#11093,.T.);
#11093 = EDGE_CURVE('',#11070,#11094,#11096,.T.);
#11094 = VERTEX_POINT('',#11095);
#11095 = CARTESIAN_POINT('',(-36.5,20.552349245054,-19.84102846136));
#11096 = SURFACE_CURVE('',#11097,(#11101,#11108),.PCURVE_S1.);
#11097 = LINE('',#11098,#11099);
#11098 = CARTESIAN_POINT('',(-10.,20.552349245054,-19.84102846136));
#11099 = VECTOR('',#11100,1.);
#11100 = DIRECTION('',(-1.,0.,1.457167719821E-16));
#11101 = PCURVE('',#1047,#11102);
#11102 = DEFINITIONAL_REPRESENTATION('',(#11103),#11107);
#11103 = LINE('',#11104,#11105);
#11104 = CARTESIAN_POINT('',(-0.767944870878,0.));
#11105 = VECTOR('',#11106,1.);
#11106 = DIRECTION('',(-1.216682766713E-17,-1.));
#11107 = ( GEOMETRIC_REPRESENTATION_CONTEXT(2) 
PARAMETRIC_REPRESENTATION_CONTEXT() REPRESENTATION_CONTEXT('2D SPACE',''
  ) );
#11108 = PCURVE('',#6577,#11109);
#11109 = DEFINITIONAL_REPRESENTATION('',(#11110),#11114);
#11110 = LINE('',#11111,#11112);
#11111 = CARTESIAN_POINT('',(10.,4.555124103582));
#11112 = VECTOR('',#11113,1.);
#11113 = DIRECTION('',(1.,-1.321478495899E-33));
#11114 = ( GEOMETRIC_REPRESENTATION_CONTEXT(2) 
PARAMETRIC_REPRESENTATION_CONTEXT() REPRESENTATION_CONTEXT('2D SPACE',''
  ) );
#11115 = ORIENTED_EDGE('',*,*,#11116,.T.);
#11116 = EDGE_CURVE('',#11094,#1668,#11117,.T.);
#11117 = SURFACE_CURVE('',#11118,(#11123,#11130),.PCURVE_S1.);
#11118 = CIRCLE('',#11119,1.5);
#11119 = AXIS2_PLACEMENT_3D('',#11120,#11121,#11122);
#11120 = CARTESIAN_POINT('',(-36.5,20.5,-18.34194222083));
#11121 = DIRECTION('',(1.,-1.352411600791E-32,-2.997093815494E-15));
#11122 = DIRECTION('',(-2.99526806692E-15,3.48994967025E-02,
    -0.999390827019));
#11123 = PCURVE('',#1047,#11124);
#11124 = DEFINITIONAL_REPRESENTATION('',(#11125),#11129);
#11125 = LINE('',#11126,#11127);
#11126 = CARTESIAN_POINT('',(-0.767944870878,-26.5));
#11127 = VECTOR('',#11128,1.);
#11128 = DIRECTION('',(1.,5.35683658273E-15));
#11129 = ( GEOMETRIC_REPRESENTATION_CONTEXT(2) 
PARAMETRIC_REPRESENTATION_CONTEXT() REPRESENTATION_CONTEXT('2D SPACE',''
  ) );
#11130 = PCURVE('',#1712,#11131);
#11131 = DEFINITIONAL_REPRESENTATION('',(#11132),#11136);
#11132 = LINE('',#11133,#11134);
#11133 = CARTESIAN_POINT('',(6.28318530718,6.24827872214));
#11134 = VECTOR('',#11135,1.);
#11135 = DIRECTION('',(0.,-1.));
#11136 = ( GEOMETRIC_REPRESENTATION_CONTEXT(2) 
PARAMETRIC_REPRESENTATION_CONTEXT() REPRESENTATION_CONTEXT('2D SPACE',''
  ) );
#11137 = ORIENTED_EDGE('',*,*,#1746,.F.);
#11138 = ORIENTED_EDGE('',*,*,#1492,.F.);
#11139 = ADVANCED_FACE('',(#11140),#1712,.T.);
#11140 = FACE_BOUND('',#11141,.T.);
#11141 = EDGE_LOOP('',(#11142,#11143,#11144,#11166));
#11142 = ORIENTED_EDGE('',*,*,#1667,.F.);
#11143 = ORIENTED_EDGE('',*,*,#11116,.F.);
#11144 = ORIENTED_EDGE('',*,*,#11145,.T.);
#11145 = EDGE_CURVE('',#11094,#10704,#11146,.T.);
#11146 = SURFACE_CURVE('',#11147,(#11152,#11159),.PCURVE_S1.);
#11147 = CIRCLE('',#11148,3.341028461368);
#11148 = AXIS2_PLACEMENT_3D('',#11149,#11150,#11151);
#11149 = CARTESIAN_POINT('',(-36.5,20.552349245054,-16.5));
#11150 = DIRECTION('',(0.,1.,0.));
#11151 = DIRECTION('',(-0.707106781187,0.,-0.707106781187));
#11152 = PCURVE('',#1712,#11153);
#11153 = DEFINITIONAL_REPRESENTATION('',(#11154),#11158);
#11154 = LINE('',#11155,#11156);
#11155 = CARTESIAN_POINT('',(11.780972450962,6.24827872214));
#11156 = VECTOR('',#11157,1.);
#11157 = DIRECTION('',(-1.,0.));
#11158 = ( GEOMETRIC_REPRESENTATION_CONTEXT(2) 
PARAMETRIC_REPRESENTATION_CONTEXT() REPRESENTATION_CONTEXT('2D SPACE',''
  ) );
#11159 = PCURVE('',#6549,#11160);
#11160 = DEFINITIONAL_REPRESENTATION('',(#11161),#11165);
#11161 = LINE('',#11162,#11163);
#11162 = CARTESIAN_POINT('',(6.28318530718,-4.552349245054));
#11163 = VECTOR('',#11164,1.);
#11164 = DIRECTION('',(-1.,-5.650874975088E-16));
#11165 = ( GEOMETRIC_REPRESENTATION_CONTEXT(2) 
PARAMETRIC_REPRESENTATION_CONTEXT() REPRESENTATION_CONTEXT('2D SPACE',''
  ) );
#11166 = ORIENTED_EDGE('',*,*,#10773,.F.);
#11167 = ADVANCED_FACE('',(#11168),#1195,.T.);
#11168 = FACE_BOUND('',#11169,.T.);
#11169 = EDGE_LOOP('',(#11170,#11171,#11172,#11194));
#11170 = ORIENTED_EDGE('',*,*,#1150,.F.);
#11171 = ORIENTED_EDGE('',*,*,#10823,.F.);
#11172 = ORIENTED_EDGE('',*,*,#11173,.T.);
#11173 = EDGE_CURVE('',#10801,#11070,#11174,.T.);
#11174 = SURFACE_CURVE('',#11175,(#11180,#11187),.PCURVE_S1.);
#11175 = CIRCLE('',#11176,3.341028461368);
#11176 = AXIS2_PLACEMENT_3D('',#11177,#11178,#11179);
#11177 = CARTESIAN_POINT('',(36.5,20.552349245054,-16.5));
#11178 = DIRECTION('',(0.,1.,0.));
#11179 = DIRECTION('',(0.707106781187,0.,-0.707106781187));
#11180 = PCURVE('',#1195,#11181);
#11181 = DEFINITIONAL_REPRESENTATION('',(#11182),#11186);
#11182 = LINE('',#11183,#11184);
#11183 = CARTESIAN_POINT('',(-3.926990816987,3.490658503989E-02));
#11184 = VECTOR('',#11185,1.);
#11185 = DIRECTION('',(1.,5.300924469106E-17));
#11186 = ( GEOMETRIC_REPRESENTATION_CONTEXT(2) 
PARAMETRIC_REPRESENTATION_CONTEXT() REPRESENTATION_CONTEXT('2D SPACE',''
  ) );
#11187 = PCURVE('',#6610,#11188);
#11188 = DEFINITIONAL_REPRESENTATION('',(#11189),#11193);
#11189 = LINE('',#11190,#11191);
#11190 = CARTESIAN_POINT('',(12.566370614359,-4.552349245054));
#11191 = VECTOR('',#11192,1.);
#11192 = DIRECTION('',(-1.,0.));
#11193 = ( GEOMETRIC_REPRESENTATION_CONTEXT(2) 
PARAMETRIC_REPRESENTATION_CONTEXT() REPRESENTATION_CONTEXT('2D SPACE',''
  ) );
#11194 = ORIENTED_EDGE('',*,*,#11069,.F.);
#11195 = ADVANCED_FACE('',(#11196),#6726,.T.);
#11196 = FACE_BOUND('',#11197,.T.);
#11197 = EDGE_LOOP('',(#11198,#11199,#11220,#11221));
#11198 = ORIENTED_EDGE('',*,*,#11020,.F.);
#11199 = ORIENTED_EDGE('',*,*,#11200,.F.);
#11200 = EDGE_CURVE('',#6505,#10706,#11201,.T.);
#11201 = SURFACE_CURVE('',#11202,(#11206,#11213),.PCURVE_S1.);
#11202 = LINE('',#11203,#11204);
#11203 = CARTESIAN_POINT('',(-40.,16.,16.5));
#11204 = VECTOR('',#11205,1.);
#11205 = DIRECTION('',(3.48994967025E-02,0.999390827019,
    -1.210819524592E-18));
#11206 = PCURVE('',#6726,#11207);
#11207 = DEFINITIONAL_REPRESENTATION('',(#11208),#11212);
#11208 = LINE('',#11209,#11210);
#11209 = CARTESIAN_POINT('',(7.068583470577,-6.195619461391E-17));
#11210 = VECTOR('',#11211,1.);
#11211 = DIRECTION('',(-1.463274847594E-16,-1.));
#11212 = ( GEOMETRIC_REPRESENTATION_CONTEXT(2) 
PARAMETRIC_REPRESENTATION_CONTEXT() REPRESENTATION_CONTEXT('2D SPACE',''
  ) );
#11213 = PCURVE('',#6520,#11214);
#11214 = DEFINITIONAL_REPRESENTATION('',(#11215),#11219);
#11215 = LINE('',#11216,#11217);
#11216 = CARTESIAN_POINT('',(36.5,0.));
#11217 = VECTOR('',#11218,1.);
#11218 = DIRECTION('',(0.,1.));
#11219 = ( GEOMETRIC_REPRESENTATION_CONTEXT(2) 
PARAMETRIC_REPRESENTATION_CONTEXT() REPRESENTATION_CONTEXT('2D SPACE',''
  ) );
#11220 = ORIENTED_EDGE('',*,*,#6707,.F.);
#11221 = ORIENTED_EDGE('',*,*,#11222,.F.);
#11222 = EDGE_CURVE('',#10894,#6680,#11223,.T.);
#11223 = SURFACE_CURVE('',#11224,(#11228,#11235),.PCURVE_S1.);
#11224 = LINE('',#11225,#11226);
#11225 = CARTESIAN_POINT('',(-36.5,16.,20.));
#11226 = VECTOR('',#11227,1.);
#11227 = DIRECTION('',(1.210819524592E-18,-0.999390827019,
    3.48994967025E-02));
#11228 = PCURVE('',#6726,#11229);
#11229 = DEFINITIONAL_REPRESENTATION('',(#11230),#11234);
#11230 = LINE('',#11231,#11232);
#11231 = CARTESIAN_POINT('',(5.497787143782,0.));
#11232 = VECTOR('',#11233,1.);
#11233 = DIRECTION('',(1.951033130125E-16,1.));
#11234 = ( GEOMETRIC_REPRESENTATION_CONTEXT(2) 
PARAMETRIC_REPRESENTATION_CONTEXT() REPRESENTATION_CONTEXT('2D SPACE',''
  ) );
#11235 = PCURVE('',#6695,#11236);
#11236 = DEFINITIONAL_REPRESENTATION('',(#11237),#11241);
#11237 = LINE('',#11238,#11239);
#11238 = CARTESIAN_POINT('',(36.5,-1.586872710889E-16));
#11239 = VECTOR('',#11240,1.);
#11240 = DIRECTION('',(-3.874622478695E-18,-1.));
#11241 = ( GEOMETRIC_REPRESENTATION_CONTEXT(2) 
PARAMETRIC_REPRESENTATION_CONTEXT() REPRESENTATION_CONTEXT('2D SPACE',''
  ) );
#11242 = ADVANCED_FACE('',(#11243),#6520,.T.);
#11243 = FACE_BOUND('',#11244,.T.);
#11244 = EDGE_LOOP('',(#11245,#11246,#11267,#11268));
#11245 = ORIENTED_EDGE('',*,*,#10703,.F.);
#11246 = ORIENTED_EDGE('',*,*,#11247,.F.);
#11247 = EDGE_CURVE('',#6503,#10704,#11248,.T.);
#11248 = SURFACE_CURVE('',#11249,(#11253,#11260),.PCURVE_S1.);
#11249 = LINE('',#11250,#11251);
#11250 = CARTESIAN_POINT('',(-40.,16.,-16.5));
#11251 = VECTOR('',#11252,1.);
#11252 = DIRECTION('',(3.48994967025E-02,0.999390827019,
    -1.210819524592E-18));
#11253 = PCURVE('',#6520,#11254);
#11254 = DEFINITIONAL_REPRESENTATION('',(#11255),#11259);
#11255 = LINE('',#11256,#11257);
#11256 = CARTESIAN_POINT('',(3.5,0.));
#11257 = VECTOR('',#11258,1.);
#11258 = DIRECTION('',(0.,1.));
#11259 = ( GEOMETRIC_REPRESENTATION_CONTEXT(2) 
PARAMETRIC_REPRESENTATION_CONTEXT() REPRESENTATION_CONTEXT('2D SPACE',''
  ) );
#11260 = PCURVE('',#6549,#11261);
#11261 = DEFINITIONAL_REPRESENTATION('',(#11262),#11266);
#11262 = LINE('',#11263,#11264);
#11263 = CARTESIAN_POINT('',(-0.785398163397,-6.195619461391E-17));
#11264 = VECTOR('',#11265,1.);
#11265 = DIRECTION('',(1.951033130125E-16,-1.));
#11266 = ( GEOMETRIC_REPRESENTATION_CONTEXT(2) 
PARAMETRIC_REPRESENTATION_CONTEXT() REPRESENTATION_CONTEXT('2D SPACE',''
  ) );
#11267 = ORIENTED_EDGE('',*,*,#6502,.T.);
#11268 = ORIENTED_EDGE('',*,*,#11200,.T.);
#11269 = ADVANCED_FACE('',(#11270),#6549,.T.);
#11270 = FACE_BOUND('',#11271,.T.);
#11271 = EDGE_LOOP('',(#11272,#11273,#11294,#11295));
#11272 = ORIENTED_EDGE('',*,*,#11145,.F.);
#11273 = ORIENTED_EDGE('',*,*,#11274,.T.);
#11274 = EDGE_CURVE('',#11094,#6533,#11275,.T.);
#11275 = SURFACE_CURVE('',#11276,(#11280,#11287),.PCURVE_S1.);
#11276 = LINE('',#11277,#11278);
#11277 = CARTESIAN_POINT('',(-36.5,16.,-20.));
#11278 = VECTOR('',#11279,1.);
#11279 = DIRECTION('',(-5.085442003287E-18,-0.999390827019,
    -3.48994967025E-02));
#11280 = PCURVE('',#6549,#11281);
#11281 = DEFINITIONAL_REPRESENTATION('',(#11282),#11286);
#11282 = LINE('',#11283,#11284);
#11283 = CARTESIAN_POINT('',(0.785398163397,0.));
#11284 = VECTOR('',#11285,1.);
#11285 = DIRECTION('',(-2.438791412657E-16,1.));
#11286 = ( GEOMETRIC_REPRESENTATION_CONTEXT(2) 
PARAMETRIC_REPRESENTATION_CONTEXT() REPRESENTATION_CONTEXT('2D SPACE',''
  ) );
#11287 = PCURVE('',#6577,#11288);
#11288 = DEFINITIONAL_REPRESENTATION('',(#11289),#11293);
#11289 = LINE('',#11290,#11291);
#11290 = CARTESIAN_POINT('',(36.5,-1.586872710889E-16));
#11291 = VECTOR('',#11292,1.);
#11292 = DIRECTION('',(-1.716744897022E-32,-1.));
#11293 = ( GEOMETRIC_REPRESENTATION_CONTEXT(2) 
PARAMETRIC_REPRESENTATION_CONTEXT() REPRESENTATION_CONTEXT('2D SPACE',''
  ) );
#11294 = ORIENTED_EDGE('',*,*,#6532,.T.);
#11295 = ORIENTED_EDGE('',*,*,#11247,.T.);
#11296 = ADVANCED_FACE('',(#11297),#6577,.T.);
#11297 = FACE_BOUND('',#11298,.T.);
#11298 = EDGE_LOOP('',(#11299,#11300,#11321,#11322));
#11299 = ORIENTED_EDGE('',*,*,#11093,.F.);
#11300 = ORIENTED_EDGE('',*,*,#11301,.T.);
#11301 = EDGE_CURVE('',#11070,#6562,#11302,.T.);
#11302 = SURFACE_CURVE('',#11303,(#11307,#11314),.PCURVE_S1.);
#11303 = LINE('',#11304,#11305);
#11304 = CARTESIAN_POINT('',(36.5,16.,-20.));
#11305 = VECTOR('',#11306,1.);
#11306 = DIRECTION('',(-5.085442003287E-18,-0.999390827019,
    -3.48994967025E-02));
#11307 = PCURVE('',#6577,#11308);
#11308 = DEFINITIONAL_REPRESENTATION('',(#11309),#11313);
#11309 = LINE('',#11310,#11311);
#11310 = CARTESIAN_POINT('',(-36.5,1.586872710889E-16));
#11311 = VECTOR('',#11312,1.);
#11312 = DIRECTION('',(-1.716744897022E-32,-1.));
#11313 = ( GEOMETRIC_REPRESENTATION_CONTEXT(2) 
PARAMETRIC_REPRESENTATION_CONTEXT() REPRESENTATION_CONTEXT('2D SPACE',''
  ) );
#11314 = PCURVE('',#6610,#11315);
#11315 = DEFINITIONAL_REPRESENTATION('',(#11316),#11320);
#11316 = LINE('',#11317,#11318);
#11317 = CARTESIAN_POINT('',(5.497787143782,0.));
#11318 = VECTOR('',#11319,1.);
#11319 = DIRECTION('',(1.951033130125E-16,1.));
#11320 = ( GEOMETRIC_REPRESENTATION_CONTEXT(2) 
PARAMETRIC_REPRESENTATION_CONTEXT() REPRESENTATION_CONTEXT('2D SPACE',''
  ) );
#11321 = ORIENTED_EDGE('',*,*,#6561,.F.);
#11322 = ORIENTED_EDGE('',*,*,#11274,.F.);
#11323 = ADVANCED_FACE('',(#11324),#4649,.T.);
#11324 = FACE_BOUND('',#11325,.T.);
#11325 = EDGE_LOOP('',(#11326,#11327,#11350,#11371));
#11326 = ORIENTED_EDGE('',*,*,#4633,.F.);
#11327 = ORIENTED_EDGE('',*,*,#11328,.F.);
#11328 = EDGE_CURVE('',#11329,#4546,#11331,.T.);
#11329 = VERTEX_POINT('',#11330);
#11330 = CARTESIAN_POINT('',(30.5,16.,15.75));
#11331 = SURFACE_CURVE('',#11332,(#11336,#11343),.PCURVE_S1.);
#11332 = LINE('',#11333,#11334);
#11333 = CARTESIAN_POINT('',(30.5,16.,15.75));
#11334 = VECTOR('',#11335,1.);
#11335 = DIRECTION('',(-1.745240643728E-02,0.999847695156,
    -5.80640812107E-18));
#11336 = PCURVE('',#4649,#11337);
#11337 = DEFINITIONAL_REPRESENTATION('',(#11338),#11342);
#11338 = LINE('',#11339,#11340);
#11339 = CARTESIAN_POINT('',(-2.57055299933E-49,6.93572390531E-17));
#11340 = VECTOR('',#11341,1.);
#11341 = DIRECTION('',(-1.078520768857E-32,1.));
#11342 = ( GEOMETRIC_REPRESENTATION_CONTEXT(2) 
PARAMETRIC_REPRESENTATION_CONTEXT() REPRESENTATION_CONTEXT('2D SPACE',''
  ) );
#11343 = PCURVE('',#4562,#11344);
#11344 = DEFINITIONAL_REPRESENTATION('',(#11345),#11349);
#11345 = LINE('',#11346,#11347);
#11346 = CARTESIAN_POINT('',(6.28318530718,0.));
#11347 = VECTOR('',#11348,1.);
#11348 = DIRECTION('',(0.,1.));
#11349 = ( GEOMETRIC_REPRESENTATION_CONTEXT(2) 
PARAMETRIC_REPRESENTATION_CONTEXT() REPRESENTATION_CONTEXT('2D SPACE',''
  ) );
#11350 = ORIENTED_EDGE('',*,*,#11351,.F.);
#11351 = EDGE_CURVE('',#10651,#11329,#11352,.T.);
#11352 = SURFACE_CURVE('',#11353,(#11357,#11364),.PCURVE_S1.);
#11353 = LINE('',#11354,#11355);
#11354 = CARTESIAN_POINT('',(30.5,16.,17.));
#11355 = VECTOR('',#11356,1.);
#11356 = DIRECTION('',(3.326995702247E-16,0.,-1.));
#11357 = PCURVE('',#4649,#11358);
#11358 = DEFINITIONAL_REPRESENTATION('',(#11359),#11363);
#11359 = LINE('',#11360,#11361);
#11360 = CARTESIAN_POINT('',(1.25,5.332990501896E-17));
#11361 = VECTOR('',#11362,1.);
#11362 = DIRECTION('',(-1.,-1.54074395551E-33));
#11363 = ( GEOMETRIC_REPRESENTATION_CONTEXT(2) 
PARAMETRIC_REPRESENTATION_CONTEXT() REPRESENTATION_CONTEXT('2D SPACE',''
  ) );
#11364 = PCURVE('',#44,#11365);
#11365 = DEFINITIONAL_REPRESENTATION('',(#11366),#11370);
#11366 = LINE('',#11367,#11368);
#11367 = CARTESIAN_POINT('',(27.,50.5));
#11368 = VECTOR('',#11369,1.);
#11369 = DIRECTION('',(-1.,3.673940397442E-16));
#11370 = ( GEOMETRIC_REPRESENTATION_CONTEXT(2) 
PARAMETRIC_REPRESENTATION_CONTEXT() REPRESENTATION_CONTEXT('2D SPACE',''
  ) );
#11371 = ORIENTED_EDGE('',*,*,#10678,.F.);
#11372 = ADVANCED_FACE('',(#11373),#4562,.T.);
#11373 = FACE_BOUND('',#11374,.T.);
#11374 = EDGE_LOOP('',(#11375,#11376,#11399,#11425));
#11375 = ORIENTED_EDGE('',*,*,#4545,.F.);
#11376 = ORIENTED_EDGE('',*,*,#11377,.F.);
#11377 = EDGE_CURVE('',#11378,#4464,#11380,.T.);
#11378 = VERTEX_POINT('',#11379);
#11379 = CARTESIAN_POINT('',(35.75,16.,10.5));
#11380 = SURFACE_CURVE('',#11381,(#11385,#11392),.PCURVE_S1.);
#11381 = LINE('',#11382,#11383);
#11382 = CARTESIAN_POINT('',(35.75,16.,10.5));
#11383 = VECTOR('',#11384,1.);
#11384 = DIRECTION('',(-6.055019831809E-19,0.999847695156,
    -1.745240643728E-02));
#11385 = PCURVE('',#4562,#11386);
#11386 = DEFINITIONAL_REPRESENTATION('',(#11387),#11391);
#11387 = LINE('',#11388,#11389);
#11388 = CARTESIAN_POINT('',(4.712388980385,0.));
#11389 = VECTOR('',#11390,1.);
#11390 = DIRECTION('',(0.,1.));
#11391 = ( GEOMETRIC_REPRESENTATION_CONTEXT(2) 
PARAMETRIC_REPRESENTATION_CONTEXT() REPRESENTATION_CONTEXT('2D SPACE',''
  ) );
#11392 = PCURVE('',#4479,#11393);
#11393 = DEFINITIONAL_REPRESENTATION('',(#11394),#11398);
#11394 = LINE('',#11395,#11396);
#11395 = CARTESIAN_POINT('',(1.25,3.046341489982E-17));
#11396 = VECTOR('',#11397,1.);
#11397 = DIRECTION('',(-2.458979143461E-17,1.));
#11398 = ( GEOMETRIC_REPRESENTATION_CONTEXT(2) 
PARAMETRIC_REPRESENTATION_CONTEXT() REPRESENTATION_CONTEXT('2D SPACE',''
  ) );
#11399 = ORIENTED_EDGE('',*,*,#11400,.F.);
#11400 = EDGE_CURVE('',#11329,#11378,#11401,.T.);
#11401 = SURFACE_CURVE('',#11402,(#11407,#11414),.PCURVE_S1.);
#11402 = CIRCLE('',#11403,5.25);
#11403 = AXIS2_PLACEMENT_3D('',#11404,#11405,#11406);
#11404 = CARTESIAN_POINT('',(35.75,16.,15.75));
#11405 = DIRECTION('',(0.,-1.,0.));
#11406 = DIRECTION('',(-1.,0.,9.024253439444E-17));
#11407 = PCURVE('',#4562,#11408);
#11408 = DEFINITIONAL_REPRESENTATION('',(#11409),#11413);
#11409 = LINE('',#11410,#11411);
#11410 = CARTESIAN_POINT('',(6.28318530718,0.));
#11411 = VECTOR('',#11412,1.);
#11412 = DIRECTION('',(-1.,0.));
#11413 = ( GEOMETRIC_REPRESENTATION_CONTEXT(2) 
PARAMETRIC_REPRESENTATION_CONTEXT() REPRESENTATION_CONTEXT('2D SPACE',''
  ) );
#11414 = PCURVE('',#44,#11415);
#11415 = DEFINITIONAL_REPRESENTATION('',(#11416),#11424);
#11416 = ( BOUNDED_CURVE() B_SPLINE_CURVE(2,(#11417,#11418,#11419,#11420
    ,#11421,#11422,#11423),.UNSPECIFIED.,.T.,.F.) 
B_SPLINE_CURVE_WITH_KNOTS((1,2,2,2,2,1),(-2.094395102393,0.,
    2.094395102393,4.188790204786,6.28318530718,8.377580409573),
.UNSPECIFIED.) CURVE() GEOMETRIC_REPRESENTATION_ITEM() 
RATIONAL_B_SPLINE_CURVE((1.,0.5,1.,0.5,1.,0.5,1.)) REPRESENTATION_ITEM(
  '') );
#11417 = CARTESIAN_POINT('',(25.75,50.5));
#11418 = CARTESIAN_POINT('',(16.656733260263,50.5));
#11419 = CARTESIAN_POINT('',(21.203366630132,58.375));
#11420 = CARTESIAN_POINT('',(25.75,66.25));
#11421 = CARTESIAN_POINT('',(30.296633369868,58.375));
#11422 = CARTESIAN_POINT('',(34.843266739737,50.5));
#11423 = CARTESIAN_POINT('',(25.75,50.5));
#11424 = ( GEOMETRIC_REPRESENTATION_CONTEXT(2) 
PARAMETRIC_REPRESENTATION_CONTEXT() REPRESENTATION_CONTEXT('2D SPACE',''
  ) );
#11425 = ORIENTED_EDGE('',*,*,#11328,.T.);
#11426 = ADVANCED_FACE('',(#11427),#4479,.T.);
#11427 = FACE_BOUND('',#11428,.T.);
#11428 = EDGE_LOOP('',(#11429,#11430,#11431,#11452));
#11429 = ORIENTED_EDGE('',*,*,#4463,.F.);
#11430 = ORIENTED_EDGE('',*,*,#10595,.F.);
#11431 = ORIENTED_EDGE('',*,*,#11432,.F.);
#11432 = EDGE_CURVE('',#11378,#10596,#11433,.T.);
#11433 = SURFACE_CURVE('',#11434,(#11438,#11445),.PCURVE_S1.);
#11434 = LINE('',#11435,#11436);
#11435 = CARTESIAN_POINT('',(35.75,16.,10.5));
#11436 = VECTOR('',#11437,1.);
#11437 = DIRECTION('',(1.,0.,-1.443657269176E-15));
#11438 = PCURVE('',#4479,#11439);
#11439 = DEFINITIONAL_REPRESENTATION('',(#11440),#11444);
#11440 = LINE('',#11441,#11442);
#11441 = CARTESIAN_POINT('',(1.25,3.046341489982E-17));
#11442 = VECTOR('',#11443,1.);
#11443 = DIRECTION('',(-1.,2.122091009681E-34));
#11444 = ( GEOMETRIC_REPRESENTATION_CONTEXT(2) 
PARAMETRIC_REPRESENTATION_CONTEXT() REPRESENTATION_CONTEXT('2D SPACE',''
  ) );
#11445 = PCURVE('',#44,#11446);
#11446 = DEFINITIONAL_REPRESENTATION('',(#11447),#11451);
#11447 = LINE('',#11448,#11449);
#11448 = CARTESIAN_POINT('',(20.5,55.75));
#11449 = VECTOR('',#11450,1.);
#11450 = DIRECTION('',(-1.408962799656E-15,1.));
#11451 = ( GEOMETRIC_REPRESENTATION_CONTEXT(2) 
PARAMETRIC_REPRESENTATION_CONTEXT() REPRESENTATION_CONTEXT('2D SPACE',''
  ) );
#11452 = ORIENTED_EDGE('',*,*,#11377,.T.);
#11453 = ADVANCED_FACE('',(#11454),#848,.F.);
#11454 = FACE_BOUND('',#11455,.F.);
#11455 = EDGE_LOOP('',(#11456,#11477,#11478,#11479));
#11456 = ORIENTED_EDGE('',*,*,#11457,.T.);
#11457 = EDGE_CURVE('',#7319,#828,#11458,.T.);
#11458 = SEAM_CURVE('',#11459,(#11463,#11470),.PCURVE_S1.);
#11459 = LINE('',#11460,#11461);
#11460 = CARTESIAN_POINT('',(35.75,17.5,17.473682597392));
#11461 = VECTOR('',#11462,1.);
#11462 = DIRECTION('',(-3.669104752987E-18,0.999847695156,
    1.745240643728E-02));
#11463 = PCURVE('',#848,#11464);
#11464 = DEFINITIONAL_REPRESENTATION('',(#11465),#11469);
#11465 = LINE('',#11466,#11467);
#11466 = CARTESIAN_POINT('',(9.424777960769,-6.660323593686E-16));
#11467 = VECTOR('',#11468,1.);
#11468 = DIRECTION('',(0.,1.));
#11469 = ( GEOMETRIC_REPRESENTATION_CONTEXT(2) 
PARAMETRIC_REPRESENTATION_CONTEXT() REPRESENTATION_CONTEXT('2D SPACE',''
  ) );
#11470 = PCURVE('',#848,#11471);
#11471 = DEFINITIONAL_REPRESENTATION('',(#11472),#11476);
#11472 = LINE('',#11473,#11474);
#11473 = CARTESIAN_POINT('',(3.14159265359,-6.660323593686E-16));
#11474 = VECTOR('',#11475,1.);
#11475 = DIRECTION('',(0.,1.));
#11476 = ( GEOMETRIC_REPRESENTATION_CONTEXT(2) 
PARAMETRIC_REPRESENTATION_CONTEXT() REPRESENTATION_CONTEXT('2D SPACE',''
  ) );
#11477 = ORIENTED_EDGE('',*,*,#827,.F.);
#11478 = ORIENTED_EDGE('',*,*,#11457,.F.);
#11479 = ORIENTED_EDGE('',*,*,#7318,.T.);
#11480 = ADVANCED_FACE('',(#11481),#6667,.T.);
#11481 = FACE_BOUND('',#11482,.T.);
#11482 = EDGE_LOOP('',(#11483,#11484,#11505,#11506));
#11483 = ORIENTED_EDGE('',*,*,#10992,.F.);
#11484 = ORIENTED_EDGE('',*,*,#11485,.T.);
#11485 = EDGE_CURVE('',#10896,#6651,#11486,.T.);
#11486 = SURFACE_CURVE('',#11487,(#11491,#11498),.PCURVE_S1.);
#11487 = LINE('',#11488,#11489);
#11488 = CARTESIAN_POINT('',(36.5,16.,20.));
#11489 = VECTOR('',#11490,1.);
#11490 = DIRECTION('',(-4.307058023192E-17,-0.999390827019,
    3.48994967025E-02));
#11491 = PCURVE('',#6667,#11492);
#11492 = DEFINITIONAL_REPRESENTATION('',(#11493),#11497);
#11493 = LINE('',#11494,#11495);
#11494 = CARTESIAN_POINT('',(0.785398163397,0.));
#11495 = VECTOR('',#11496,1.);
#11496 = DIRECTION('',(-2.438791412657E-16,1.));
#11497 = ( GEOMETRIC_REPRESENTATION_CONTEXT(2) 
PARAMETRIC_REPRESENTATION_CONTEXT() REPRESENTATION_CONTEXT('2D SPACE',''
  ) );
#11498 = PCURVE('',#6695,#11499);
#11499 = DEFINITIONAL_REPRESENTATION('',(#11500),#11504);
#11500 = LINE('',#11501,#11502);
#11501 = CARTESIAN_POINT('',(-36.5,1.586872710889E-16));
#11502 = VECTOR('',#11503,1.);
#11503 = DIRECTION('',(4.040677727782E-17,-1.));
#11504 = ( GEOMETRIC_REPRESENTATION_CONTEXT(2) 
PARAMETRIC_REPRESENTATION_CONTEXT() REPRESENTATION_CONTEXT('2D SPACE',''
  ) );
#11505 = ORIENTED_EDGE('',*,*,#6650,.T.);
#11506 = ORIENTED_EDGE('',*,*,#11507,.T.);
#11507 = EDGE_CURVE('',#6623,#10799,#11508,.T.);
#11508 = SURFACE_CURVE('',#11509,(#11513,#11520),.PCURVE_S1.);
#11509 = LINE('',#11510,#11511);
#11510 = CARTESIAN_POINT('',(40.,16.,16.5));
#11511 = VECTOR('',#11512,1.);
#11512 = DIRECTION('',(-3.48994967025E-02,0.999390827019,
    1.403268660316E-17));
#11513 = PCURVE('',#6667,#11514);
#11514 = DEFINITIONAL_REPRESENTATION('',(#11515),#11519);
#11515 = LINE('',#11516,#11517);
#11516 = CARTESIAN_POINT('',(-0.785398163397,-6.195619461391E-17));
#11517 = VECTOR('',#11518,1.);
#11518 = DIRECTION('',(1.951033130125E-16,-1.));
#11519 = ( GEOMETRIC_REPRESENTATION_CONTEXT(2) 
PARAMETRIC_REPRESENTATION_CONTEXT() REPRESENTATION_CONTEXT('2D SPACE',''
  ) );
#11520 = PCURVE('',#6638,#11521);
#11521 = DEFINITIONAL_REPRESENTATION('',(#11522),#11526);
#11522 = LINE('',#11523,#11524);
#11523 = CARTESIAN_POINT('',(36.5,1.624257827914E-16));
#11524 = VECTOR('',#11525,1.);
#11525 = DIRECTION('',(-3.697785493223E-32,1.));
#11526 = ( GEOMETRIC_REPRESENTATION_CONTEXT(2) 
PARAMETRIC_REPRESENTATION_CONTEXT() REPRESENTATION_CONTEXT('2D SPACE',''
  ) );
#11527 = ADVANCED_FACE('',(#11528),#1911,.F.);
#11528 = FACE_BOUND('',#11529,.F.);
#11529 = EDGE_LOOP('',(#11530,#11551,#11552,#11553));
#11530 = ORIENTED_EDGE('',*,*,#11531,.T.);
#11531 = EDGE_CURVE('',#7289,#1891,#11532,.T.);
#11532 = SEAM_CURVE('',#11533,(#11537,#11544),.PCURVE_S1.);
#11533 = LINE('',#11534,#11535);
#11534 = CARTESIAN_POINT('',(-35.75,17.5,17.473682597392));
#11535 = VECTOR('',#11536,1.);
#11536 = DIRECTION('',(-1.531801384903E-18,0.999847695156,
    1.745240643728E-02));
#11537 = PCURVE('',#1911,#11538);
#11538 = DEFINITIONAL_REPRESENTATION('',(#11539),#11543);
#11539 = LINE('',#11540,#11541);
#11540 = CARTESIAN_POINT('',(3.14159265359,-6.660323593686E-16));
#11541 = VECTOR('',#11542,1.);
#11542 = DIRECTION('',(0.,1.));
#11543 = ( GEOMETRIC_REPRESENTATION_CONTEXT(2) 
PARAMETRIC_REPRESENTATION_CONTEXT() REPRESENTATION_CONTEXT('2D SPACE',''
  ) );
#11544 = PCURVE('',#1911,#11545);
#11545 = DEFINITIONAL_REPRESENTATION('',(#11546),#11550);
#11546 = LINE('',#11547,#11548);
#11547 = CARTESIAN_POINT('',(-3.14159265359,-6.660323593686E-16));
#11548 = VECTOR('',#11549,1.);
#11549 = DIRECTION('',(0.,1.));
#11550 = ( GEOMETRIC_REPRESENTATION_CONTEXT(2) 
PARAMETRIC_REPRESENTATION_CONTEXT() REPRESENTATION_CONTEXT('2D SPACE',''
  ) );
#11551 = ORIENTED_EDGE('',*,*,#1890,.T.);
#11552 = ORIENTED_EDGE('',*,*,#11531,.F.);
#11553 = ORIENTED_EDGE('',*,*,#7288,.F.);
#11554 = ADVANCED_FACE('',(#11555),#6695,.F.);
#11555 = FACE_BOUND('',#11556,.T.);
#11556 = EDGE_LOOP('',(#11557,#11558,#11559,#11560));
#11557 = ORIENTED_EDGE('',*,*,#10893,.F.);
#11558 = ORIENTED_EDGE('',*,*,#11222,.T.);
#11559 = ORIENTED_EDGE('',*,*,#6679,.T.);
#11560 = ORIENTED_EDGE('',*,*,#11485,.F.);
#11561 = ADVANCED_FACE('',(#11562),#3835,.F.);
#11562 = FACE_BOUND('',#11563,.T.);
#11563 = EDGE_LOOP('',(#11564,#11565,#11566,#11589));
#11564 = ORIENTED_EDGE('',*,*,#3819,.F.);
#11565 = ORIENTED_EDGE('',*,*,#10367,.F.);
#11566 = ORIENTED_EDGE('',*,*,#11567,.T.);
#11567 = EDGE_CURVE('',#10368,#11568,#11570,.T.);
#11568 = VERTEX_POINT('',#11569);
#11569 = CARTESIAN_POINT('',(30.5,16.,-15.75));
#11570 = SURFACE_CURVE('',#11571,(#11575,#11582),.PCURVE_S1.);
#11571 = LINE('',#11572,#11573);
#11572 = CARTESIAN_POINT('',(30.5,16.,-17.));
#11573 = VECTOR('',#11574,1.);
#11574 = DIRECTION('',(4.020885092637E-16,0.,1.));
#11575 = PCURVE('',#3835,#11576);
#11576 = DEFINITIONAL_REPRESENTATION('',(#11577),#11581);
#11577 = LINE('',#11578,#11579);
#11578 = CARTESIAN_POINT('',(1.25,5.332990501896E-17));
#11579 = VECTOR('',#11580,1.);
#11580 = DIRECTION('',(-1.,-1.54074395551E-33));
#11581 = ( GEOMETRIC_REPRESENTATION_CONTEXT(2) 
PARAMETRIC_REPRESENTATION_CONTEXT() REPRESENTATION_CONTEXT('2D SPACE',''
  ) );
#11582 = PCURVE('',#44,#11583);
#11583 = DEFINITIONAL_REPRESENTATION('',(#11584),#11588);
#11584 = LINE('',#11585,#11586);
#11585 = CARTESIAN_POINT('',(-7.,50.5));
#11586 = VECTOR('',#11587,1.);
#11587 = DIRECTION('',(1.,3.673940397442E-16));
#11588 = ( GEOMETRIC_REPRESENTATION_CONTEXT(2) 
PARAMETRIC_REPRESENTATION_CONTEXT() REPRESENTATION_CONTEXT('2D SPACE',''
  ) );
#11589 = ORIENTED_EDGE('',*,*,#11590,.T.);
#11590 = EDGE_CURVE('',#11568,#3820,#11591,.T.);
#11591 = SURFACE_CURVE('',#11592,(#11596,#11603),.PCURVE_S1.);
#11592 = LINE('',#11593,#11594);
#11593 = CARTESIAN_POINT('',(30.5,16.,-15.75));
#11594 = VECTOR('',#11595,1.);
#11595 = DIRECTION('',(-1.745240643728E-02,0.999847695156,
    7.017412087432E-18));
#11596 = PCURVE('',#3835,#11597);
#11597 = DEFINITIONAL_REPRESENTATION('',(#11598),#11602);
#11598 = LINE('',#11599,#11600);
#11599 = CARTESIAN_POINT('',(-2.57055299933E-49,6.93572390531E-17));
#11600 = VECTOR('',#11601,1.);
#11601 = DIRECTION('',(-1.078520768857E-32,1.));
#11602 = ( GEOMETRIC_REPRESENTATION_CONTEXT(2) 
PARAMETRIC_REPRESENTATION_CONTEXT() REPRESENTATION_CONTEXT('2D SPACE',''
  ) );
#11603 = PCURVE('',#3918,#11604);
#11604 = DEFINITIONAL_REPRESENTATION('',(#11605),#11609);
#11605 = LINE('',#11606,#11607);
#11606 = CARTESIAN_POINT('',(0.,0.));
#11607 = VECTOR('',#11608,1.);
#11608 = DIRECTION('',(0.,1.));
#11609 = ( GEOMETRIC_REPRESENTATION_CONTEXT(2) 
PARAMETRIC_REPRESENTATION_CONTEXT() REPRESENTATION_CONTEXT('2D SPACE',''
  ) );
#11610 = ADVANCED_FACE('',(#11611),#3918,.T.);
#11611 = FACE_BOUND('',#11612,.T.);
#11612 = EDGE_LOOP('',(#11613,#11614,#11615,#11639));
#11613 = ORIENTED_EDGE('',*,*,#3901,.F.);
#11614 = ORIENTED_EDGE('',*,*,#11590,.F.);
#11615 = ORIENTED_EDGE('',*,*,#11616,.T.);
#11616 = EDGE_CURVE('',#11568,#11617,#11619,.T.);
#11617 = VERTEX_POINT('',#11618);
#11618 = CARTESIAN_POINT('',(35.75,16.,-10.5));
#11619 = SURFACE_CURVE('',#11620,(#11625,#11632),.PCURVE_S1.);
#11620 = CIRCLE('',#11621,5.25);
#11621 = AXIS2_PLACEMENT_3D('',#11622,#11623,#11624);
#11622 = CARTESIAN_POINT('',(35.75,16.,-15.75));
#11623 = DIRECTION('',(0.,1.,0.));
#11624 = DIRECTION('',(-1.,0.,-2.085359535537E-17));
#11625 = PCURVE('',#3918,#11626);
#11626 = DEFINITIONAL_REPRESENTATION('',(#11627),#11631);
#11627 = LINE('',#11628,#11629);
#11628 = CARTESIAN_POINT('',(0.,0.));
#11629 = VECTOR('',#11630,1.);
#11630 = DIRECTION('',(1.,0.));
#11631 = ( GEOMETRIC_REPRESENTATION_CONTEXT(2) 
PARAMETRIC_REPRESENTATION_CONTEXT() REPRESENTATION_CONTEXT('2D SPACE',''
  ) );
#11632 = PCURVE('',#44,#11633);
#11633 = DEFINITIONAL_REPRESENTATION('',(#11634),#11638);
#11634 = CIRCLE('',#11635,5.25);
#11635 = AXIS2_PLACEMENT_2D('',#11636,#11637);
#11636 = CARTESIAN_POINT('',(-5.75,55.75));
#11637 = DIRECTION('',(-5.55480648749E-17,-1.));
#11638 = ( GEOMETRIC_REPRESENTATION_CONTEXT(2) 
PARAMETRIC_REPRESENTATION_CONTEXT() REPRESENTATION_CONTEXT('2D SPACE',''
  ) );
#11639 = ORIENTED_EDGE('',*,*,#11640,.T.);
#11640 = EDGE_CURVE('',#11617,#3902,#11641,.T.);
#11641 = SURFACE_CURVE('',#11642,(#11646,#11653),.PCURVE_S1.);
#11642 = LINE('',#11643,#11644);
#11643 = CARTESIAN_POINT('',(35.75,16.,-10.5));
#11644 = VECTOR('',#11645,1.);
#11645 = DIRECTION('',(-2.398428945143E-17,0.999847695156,
    1.745240643728E-02));
#11646 = PCURVE('',#3918,#11647);
#11647 = DEFINITIONAL_REPRESENTATION('',(#11648),#11652);
#11648 = LINE('',#11649,#11650);
#11649 = CARTESIAN_POINT('',(1.570796326795,0.));
#11650 = VECTOR('',#11651,1.);
#11651 = DIRECTION('',(0.,1.));
#11652 = ( GEOMETRIC_REPRESENTATION_CONTEXT(2) 
PARAMETRIC_REPRESENTATION_CONTEXT() REPRESENTATION_CONTEXT('2D SPACE',''
  ) );
#11653 = PCURVE('',#4005,#11654);
#11654 = DEFINITIONAL_REPRESENTATION('',(#11655),#11659);
#11655 = LINE('',#11656,#11657);
#11656 = CARTESIAN_POINT('',(1.25,3.046341489982E-17));
#11657 = VECTOR('',#11658,1.);
#11658 = DIRECTION('',(4.292862165331E-32,1.));
#11659 = ( GEOMETRIC_REPRESENTATION_CONTEXT(2) 
PARAMETRIC_REPRESENTATION_CONTEXT() REPRESENTATION_CONTEXT('2D SPACE',''
  ) );
#11660 = ADVANCED_FACE('',(#11661),#4005,.F.);
#11661 = FACE_BOUND('',#11662,.T.);
#11662 = EDGE_LOOP('',(#11663,#11664,#11665,#11686));
#11663 = ORIENTED_EDGE('',*,*,#3989,.F.);
#11664 = ORIENTED_EDGE('',*,*,#11640,.F.);
#11665 = ORIENTED_EDGE('',*,*,#11666,.T.);
#11666 = EDGE_CURVE('',#11617,#10494,#11667,.T.);
#11667 = SURFACE_CURVE('',#11668,(#11672,#11679),.PCURVE_S1.);
#11668 = LINE('',#11669,#11670);
#11669 = CARTESIAN_POINT('',(35.75,16.,-10.5));
#11670 = VECTOR('',#11671,1.);
#11671 = DIRECTION('',(1.,0.,1.374268330137E-15));
#11672 = PCURVE('',#4005,#11673);
#11673 = DEFINITIONAL_REPRESENTATION('',(#11674),#11678);
#11674 = LINE('',#11675,#11676);
#11675 = CARTESIAN_POINT('',(1.25,3.046341489982E-17));
#11676 = VECTOR('',#11677,1.);
#11677 = DIRECTION('',(-1.,2.122091009681E-34));
#11678 = ( GEOMETRIC_REPRESENTATION_CONTEXT(2) 
PARAMETRIC_REPRESENTATION_CONTEXT() REPRESENTATION_CONTEXT('2D SPACE',''
  ) );
#11679 = PCURVE('',#44,#11680);
#11680 = DEFINITIONAL_REPRESENTATION('',(#11681),#11685);
#11681 = LINE('',#11682,#11683);
#11682 = CARTESIAN_POINT('',(-0.5,55.75));
#11683 = VECTOR('',#11684,1.);
#11684 = DIRECTION('',(1.408962799656E-15,1.));
#11685 = ( GEOMETRIC_REPRESENTATION_CONTEXT(2) 
PARAMETRIC_REPRESENTATION_CONTEXT() REPRESENTATION_CONTEXT('2D SPACE',''
  ) );
#11686 = ORIENTED_EDGE('',*,*,#10521,.F.);
#11687 = ADVANCED_FACE('',(#11688),#1326,.F.);
#11688 = FACE_BOUND('',#11689,.F.);
#11689 = EDGE_LOOP('',(#11690,#11711,#11712,#11713));
#11690 = ORIENTED_EDGE('',*,*,#11691,.T.);
#11691 = EDGE_CURVE('',#7345,#1306,#11692,.T.);
#11692 = SEAM_CURVE('',#11693,(#11697,#11704),.PCURVE_S1.);
#11693 = LINE('',#11694,#11695);
#11694 = CARTESIAN_POINT('',(35.75,17.5,-17.47368259739));
#11695 = VECTOR('',#11696,1.);
#11696 = DIRECTION('',(-4.880108719348E-18,0.999847695156,
    -1.745240643728E-02));
#11697 = PCURVE('',#1326,#11698);
#11698 = DEFINITIONAL_REPRESENTATION('',(#11699),#11703);
#11699 = LINE('',#11700,#11701);
#11700 = CARTESIAN_POINT('',(3.14159265359,-6.660323593686E-16));
#11701 = VECTOR('',#11702,1.);
#11702 = DIRECTION('',(0.,1.));
#11703 = ( GEOMETRIC_REPRESENTATION_CONTEXT(2) 
PARAMETRIC_REPRESENTATION_CONTEXT() REPRESENTATION_CONTEXT('2D SPACE',''
  ) );
#11704 = PCURVE('',#1326,#11705);
#11705 = DEFINITIONAL_REPRESENTATION('',(#11706),#11710);
#11706 = LINE('',#11707,#11708);
#11707 = CARTESIAN_POINT('',(-3.14159265359,-6.660323593686E-16));
#11708 = VECTOR('',#11709,1.);
#11709 = DIRECTION('',(0.,1.));
#11710 = ( GEOMETRIC_REPRESENTATION_CONTEXT(2) 
PARAMETRIC_REPRESENTATION_CONTEXT() REPRESENTATION_CONTEXT('2D SPACE',''
  ) );
#11711 = ORIENTED_EDGE('',*,*,#1305,.T.);
#11712 = ORIENTED_EDGE('',*,*,#11691,.F.);
#11713 = ORIENTED_EDGE('',*,*,#7344,.F.);
#11714 = ADVANCED_FACE('',(#11715),#6610,.T.);
#11715 = FACE_BOUND('',#11716,.T.);
#11716 = EDGE_LOOP('',(#11717,#11718,#11739,#11740));
#11717 = ORIENTED_EDGE('',*,*,#11173,.F.);
#11718 = ORIENTED_EDGE('',*,*,#11719,.F.);
#11719 = EDGE_CURVE('',#6590,#10801,#11720,.T.);
#11720 = SURFACE_CURVE('',#11721,(#11725,#11732),.PCURVE_S1.);
#11721 = LINE('',#11722,#11723);
#11722 = CARTESIAN_POINT('',(40.,16.,-16.5));
#11723 = VECTOR('',#11724,1.);
#11724 = DIRECTION('',(-3.48994967025E-02,0.999390827019,
    2.335151940285E-17));
#11725 = PCURVE('',#6610,#11726);
#11726 = DEFINITIONAL_REPRESENTATION('',(#11727),#11731);
#11727 = LINE('',#11728,#11729);
#11728 = CARTESIAN_POINT('',(7.068583470577,-6.195619461391E-17));
#11729 = VECTOR('',#11730,1.);
#11730 = DIRECTION('',(-1.463274847594E-16,-1.));
#11731 = ( GEOMETRIC_REPRESENTATION_CONTEXT(2) 
PARAMETRIC_REPRESENTATION_CONTEXT() REPRESENTATION_CONTEXT('2D SPACE',''
  ) );
#11732 = PCURVE('',#6638,#11733);
#11733 = DEFINITIONAL_REPRESENTATION('',(#11734),#11738);
#11734 = LINE('',#11735,#11736);
#11735 = CARTESIAN_POINT('',(3.5,-1.873504156291E-16));
#11736 = VECTOR('',#11737,1.);
#11737 = DIRECTION('',(9.318832799684E-18,1.));
#11738 = ( GEOMETRIC_REPRESENTATION_CONTEXT(2) 
PARAMETRIC_REPRESENTATION_CONTEXT() REPRESENTATION_CONTEXT('2D SPACE',''
  ) );
#11739 = ORIENTED_EDGE('',*,*,#6589,.F.);
#11740 = ORIENTED_EDGE('',*,*,#11301,.F.);
#11741 = ADVANCED_FACE('',(#11742),#6638,.F.);
#11742 = FACE_BOUND('',#11743,.T.);
#11743 = EDGE_LOOP('',(#11744,#11745,#11746,#11747));
#11744 = ORIENTED_EDGE('',*,*,#10798,.F.);
#11745 = ORIENTED_EDGE('',*,*,#11507,.F.);
#11746 = ORIENTED_EDGE('',*,*,#6622,.T.);
#11747 = ORIENTED_EDGE('',*,*,#11719,.T.);
#11748 = ADVANCED_FACE('',(#11749),#1454,.F.);
#11749 = FACE_BOUND('',#11750,.F.);
#11750 = EDGE_LOOP('',(#11751,#11772,#11773,#11774));
#11751 = ORIENTED_EDGE('',*,*,#11752,.T.);
#11752 = EDGE_CURVE('',#7375,#1434,#11753,.T.);
#11753 = SEAM_CURVE('',#11754,(#11758,#11765),.PCURVE_S1.);
#11754 = LINE('',#11755,#11756);
#11755 = CARTESIAN_POINT('',(-35.75,17.5,-17.47368259739));
#11756 = VECTOR('',#11757,1.);
#11757 = DIRECTION('',(-2.742805351265E-18,0.999847695156,
    -1.745240643728E-02));
#11758 = PCURVE('',#1454,#11759);
#11759 = DEFINITIONAL_REPRESENTATION('',(#11760),#11764);
#11760 = LINE('',#11761,#11762);
#11761 = CARTESIAN_POINT('',(9.424777960769,-6.660323593686E-16));
#11762 = VECTOR('',#11763,1.);
#11763 = DIRECTION('',(0.,1.));
#11764 = ( GEOMETRIC_REPRESENTATION_CONTEXT(2) 
PARAMETRIC_REPRESENTATION_CONTEXT() REPRESENTATION_CONTEXT('2D SPACE',''
  ) );
#11765 = PCURVE('',#1454,#11766);
#11766 = DEFINITIONAL_REPRESENTATION('',(#11767),#11771);
#11767 = LINE('',#11768,#11769);
#11768 = CARTESIAN_POINT('',(3.14159265359,-6.660323593686E-16));
#11769 = VECTOR('',#11770,1.);
#11770 = DIRECTION('',(0.,1.));
#11771 = ( GEOMETRIC_REPRESENTATION_CONTEXT(2) 
PARAMETRIC_REPRESENTATION_CONTEXT() REPRESENTATION_CONTEXT('2D SPACE',''
  ) );
#11772 = ORIENTED_EDGE('',*,*,#1433,.F.);
#11773 = ORIENTED_EDGE('',*,*,#11752,.F.);
#11774 = ORIENTED_EDGE('',*,*,#7374,.T.);
#11775 = ADVANCED_FACE('',(#11776,#11802),#44,.F.);
#11776 = FACE_BOUND('',#11777,.T.);
#11777 = EDGE_LOOP('',(#11778,#11779,#11780,#11781,#11782,#11783,#11784,
    #11785,#11786,#11787,#11788,#11789,#11790,#11791,#11792,#11793,
    #11794,#11795,#11796,#11797,#11798,#11799,#11800,#11801));
#11778 = ORIENTED_EDGE('',*,*,#8285,.T.);
#11779 = ORIENTED_EDGE('',*,*,#6362,.T.);
#11780 = ORIENTED_EDGE('',*,*,#6176,.T.);
#11781 = ORIENTED_EDGE('',*,*,#5931,.T.);
#11782 = ORIENTED_EDGE('',*,*,#5798,.T.);
#11783 = ORIENTED_EDGE('',*,*,#5541,.T.);
#11784 = ORIENTED_EDGE('',*,*,#8396,.T.);
#11785 = ORIENTED_EDGE('',*,*,#8554,.T.);
#11786 = ORIENTED_EDGE('',*,*,#8719,.T.);
#11787 = ORIENTED_EDGE('',*,*,#8872,.T.);
#11788 = ORIENTED_EDGE('',*,*,#9038,.T.);
#11789 = ORIENTED_EDGE('',*,*,#9196,.T.);
#11790 = ORIENTED_EDGE('',*,*,#10308,.T.);
#11791 = ORIENTED_EDGE('',*,*,#10179,.T.);
#11792 = ORIENTED_EDGE('',*,*,#10025,.T.);
#11793 = ORIENTED_EDGE('',*,*,#9812,.T.);
#11794 = ORIENTED_EDGE('',*,*,#9706,.T.);
#11795 = ORIENTED_EDGE('',*,*,#9542,.T.);
#11796 = ORIENTED_EDGE('',*,*,#9383,.T.);
#11797 = ORIENTED_EDGE('',*,*,#7436,.T.);
#11798 = ORIENTED_EDGE('',*,*,#7683,.T.);
#11799 = ORIENTED_EDGE('',*,*,#7836,.T.);
#11800 = ORIENTED_EDGE('',*,*,#8002,.T.);
#11801 = ORIENTED_EDGE('',*,*,#8155,.T.);
#11802 = FACE_BOUND('',#11803,.T.);
#11803 = EDGE_LOOP('',(#11804,#11805,#11806,#11807,#11808,#11809,#11810,
    #11811,#11812,#11813,#11814,#11815,#11816,#11817,#11818,#11819,
    #11820,#11821,#11822,#11823,#11824,#11825,#11826,#11827,#11828,
    #11829,#11830,#11831));
#11804 = ORIENTED_EDGE('',*,*,#353,.T.);
#11805 = ORIENTED_EDGE('',*,*,#4809,.F.);
#11806 = ORIENTED_EDGE('',*,*,#4886,.T.);
#11807 = ORIENTED_EDGE('',*,*,#4935,.T.);
#11808 = ORIENTED_EDGE('',*,*,#4989,.T.);
#11809 = ORIENTED_EDGE('',*,*,#5015,.F.);
#11810 = ORIENTED_EDGE('',*,*,#5092,.T.);
#11811 = ORIENTED_EDGE('',*,*,#5118,.F.);
#11812 = ORIENTED_EDGE('',*,*,#5195,.F.);
#11813 = ORIENTED_EDGE('',*,*,#5244,.F.);
#11814 = ORIENTED_EDGE('',*,*,#5294,.F.);
#11815 = ORIENTED_EDGE('',*,*,#5320,.F.);
#11816 = ORIENTED_EDGE('',*,*,#5397,.F.);
#11817 = ORIENTED_EDGE('',*,*,#10650,.F.);
#11818 = ORIENTED_EDGE('',*,*,#11351,.T.);
#11819 = ORIENTED_EDGE('',*,*,#11400,.T.);
#11820 = ORIENTED_EDGE('',*,*,#11432,.T.);
#11821 = ORIENTED_EDGE('',*,*,#10618,.F.);
#11822 = ORIENTED_EDGE('',*,*,#10548,.F.);
#11823 = ORIENTED_EDGE('',*,*,#10493,.F.);
#11824 = ORIENTED_EDGE('',*,*,#11666,.F.);
#11825 = ORIENTED_EDGE('',*,*,#11616,.F.);
#11826 = ORIENTED_EDGE('',*,*,#11567,.F.);
#11827 = ORIENTED_EDGE('',*,*,#10390,.F.);
#11828 = ORIENTED_EDGE('',*,*,#10444,.T.);
#11829 = ORIENTED_EDGE('',*,*,#141,.F.);
#11830 = ORIENTED_EDGE('',*,*,#21,.F.);
#11831 = ORIENTED_EDGE('',*,*,#221,.F.);
#11832 = ADVANCED_FACE('',(#11833),#606,.T.);
#11833 = FACE_BOUND('',#11834,.T.);
#11834 = EDGE_LOOP('',(#11835,#11836,#11837,#11838,#11839,#11840,#11841,
    #11842));
#11835 = ORIENTED_EDGE('',*,*,#10942,.F.);
#11836 = ORIENTED_EDGE('',*,*,#589,.T.);
#11837 = ORIENTED_EDGE('',*,*,#10846,.F.);
#11838 = ORIENTED_EDGE('',*,*,#980,.F.);
#11839 = ORIENTED_EDGE('',*,*,#11046,.F.);
#11840 = ORIENTED_EDGE('',*,*,#1562,.T.);
#11841 = ORIENTED_EDGE('',*,*,#10751,.F.);
#11842 = ORIENTED_EDGE('',*,*,#2145,.F.);
#11843 = ( GEOMETRIC_REPRESENTATION_CONTEXT(3) 
GLOBAL_UNCERTAINTY_ASSIGNED_CONTEXT((#11847)) 
GLOBAL_UNIT_ASSIGNED_CONTEXT((#11844,#11845,#11846)) 
REPRESENTATION_CONTEXT('Context #1',
  '3D Context with UNIT and UNCERTAINTY') );
#11844 = ( LENGTH_UNIT() NAMED_UNIT(*) SI_UNIT(.MILLI.,.METRE.) );
#11845 = ( NAMED_UNIT(*) PLANE_ANGLE_UNIT() SI_UNIT($,.RADIAN.) );
#11846 = ( NAMED_UNIT(*) SI_UNIT($,.STERADIAN.) SOLID_ANGLE_UNIT() );
#11847 = UNCERTAINTY_MEASURE_WITH_UNIT(LENGTH_MEASURE(2.E-04),#11844,
  'distance_accuracy_value','confusion accuracy');
#11848 = PRODUCT_RELATED_PRODUCT_CATEGORY('part',$,(#7));
ENDSEC;
END-ISO-10303-21;
