:020000040000FA
:1000000060480020599500009110010045950000BE
:100010004595000045950000459500004595000078
:10002000000000000000000000000000BD9600007D
:100030004595000000000000559600004595000021
:10004000419800004198000041980000419800004C
:10005000419800004198000041980000419800003C
:10006000419800004198000041980000419800002C
:10007000419800004198000041980000419800001C
:10008000419800004198000041980000419800000C
:1000900041980000419800004198000041980000FC
:1000A00041980000419800004198000041980000EC
:1000B00041980000419800004198000041980000DC
:1000C00041980000419800004198000041980000CC
:1000D00041980000419800004198000041980000BC
:1000E00041980000419800004198000041980000AC
:1000F000419800004198000041980000419800009C
:10010000419800004198000041980000419800008B
:10011000419800004198000041980000419800007B
:10012000419800004198000041980000419800006B
:10013000419800004198000041980000419800005B
:10014000419800004198000041980000419800004B
:10015000419800004198000041980000419800003B
:10016000419800004198000041980000419800002B
:10017000419800004198000041980000419800001B
:10018000419800004198000041980000419800000B
:1001900041980000419800004198000041980000FB
:1001A00041980000419800004198000041980000EB
:1001B00041980000419800004198000041980000DB
:1001C00041980000419800004198000041980000CB
:1001D00041980000419800004198000041980000BB
:1001E00041980000419800004198000041980000AB
:1001F000419800004198000041980000419800009B
:10020000419800004198000041980000419800008A
:10021000419800004198000041980000419800007A
:10022000419800004198000041980000419800006A
:10023000419800004198000041980000419800005A
:10024000419800004198000041980000419800004A
:10025000419800006B1B010041980000419800008C
:100260004198000041980000551B01004198000092
:10027000419800004198000041980000419800001A
:10028000419800004198000041980000419800000A
:1002900041980000419800004198000041980000FA
:1002A00041980000419800004198000041980000EA
:1002B00041980000419800004198000041980000DA
:1002C00041980000419800004198000041980000CA
:1002D00041980000419800004198000041980000BA
:1002E00041980000419800004198000041980000AA
:1002F000419800004198000041980000419800009A
:100300004198000041980000419800004198000089
:100310004198000041980000419800004198000079
:100320004198000041980000419800004198000069
:100330004198000041980000419800004198000059
:100340004198000041980000419800004198000049
:100350004198000041980000419800004198000039
:100360004198000041980000419800004198000029
:100370004198000041980000419800004198000019
:100380004198000041980000419800004198000009
:1003900041980000419800004198000041980000F9
:1003A00041980000419800004198000041980000E9
:1003B00041980000419800004198000041980000D9
:1003C00041980000419800004198000041980000C9
:1003D000419800003F1B0100419800004198000037
:1003E00041980000419800004198000041980000A9
:1003F0004198000041980000419800004198000099
:100400004198000041980000419800004198000088
:100410004198000041980000419800004198000078
:100420004198000041980000419800004198000068
:100430004198000041980000419800004198000058
:100440004198000041980000419800004198000048
:100450004198000041980000419800004198000038
:100460004198000041980000419800004198000028
:0C047000419800004198000041980000F5
:10048000064A074B02604FF490725B7A8280082222
:10049000C371FF2382710372704700BF297C000083
:1004A000B00C0020F8B5C41D0028054624F0070450
:1004B0000CBF0020204600F0D1FA071E02DA6FF0D0
:1004C0000B00F8BD254EB18870880331F3790330F5
:1004D000B27989B280B206F07BFD0028EFDB3C44A4
:1004E00073783178002D04F10304194424F00304D7
:1004F00000FB01F10CBF0020204600F033FC231864
:100500000DB9002BDBDB717A184679B10333002D6E
:10051000728923F003040CBF0020204600F078FC11
:100520000028CCDB20440DB90028C8DB317A91B11A
:10053000737A83B1C41D002D24F007040CBF002082
:10054000204601F067FC0028B9DB0DB10020B8E7B8
:100550002018B6D5B3E7002DF8D1B2E7B00C0020D3
:100560001FB572B6194BDC68ECB9BFF34F8F184951
:10057000184BCA6802F4E0621343CB60BFF34F8F9D
:1005800000BFFDE7B2FBF6F22B465D1C002AF9D155
:10059000DBB203F110056D4405F80C2C0A2233B9C7
:1005A00001A8A047E1E7024600230A26EDE7013B48
:1005B000DBB203F110050DEB0506B0FBF2F502FB13
:1005C0001500303006F80C0C2846E8E7B00C002087
:1005D00000ED00E00400FA050A4B07B5DA8868462A
:1005E000ADF800209A885B88ADF80420ADF80230A1
:1005F00000F064FF18B1FC219C20FFF7B1FF03B0AD
:100600005DF804FBB00C002038B5054640B305F09A
:10061000CDFF10B94FF0FF3038BD05F045FEB0F505
:10062000FA7FF7D8104C1148E56000F093F90023E9
:1006300023744FF4807323801B236380A38040F2D4
:100640000323E3804FF4847323811F236381EFF33B
:10065000108472B600F0B2FC04B962B60020DBE789
:100660006FF01500D8E700BFB00C0020D9050000DE
:1006700010B5002840D1234C237C032B39D059B12D
:10068000002A3CD00239052936D8DFE801F00312F0
:1006900027352A2D137863700020FFF703FF002809
:1006A000B7BF012302236FF00B002374A8BF23748C
:1006B00010BD13791BB353790BB31188FB291ED8D6
:1006C00053881B3B9BB2E02B19D81A2917D9136802
:1006D0009288C4F802300C4B9A80DDE7137863727D
:1006E000DAE713886381D7E71388FF2B07D82372D3
:1006F000D2E74FF0FF30DBE76FF02C00D8E76FF068
:100700001500D5E7B00C0020B20C0020F8B50D465E
:10071000064620B319B311F0070420D1114F3B7CDA
:10072000012B02D16FF00B00F8BD032B02D14FF06B
:10073000FF30F9E700F054F80028F8D02846FFF71A
:10074000B1FE0028EEDB07F035FC3046214600F014
:10075000F9FEFFF741FF032320463B74E4E76FF007
:100760001500E1E7B00C002010B5064C237C032BEC
:1007700003D100F0FFFE01F07BFA06F022FD00201D
:10078000207410BDB00C002050B1074B03F11402CF
:1007900053F8041B934240F8041BF9D10020704722
:1007A0006FF01500704700BF994A010008B500F0CE
:1007B000AFFE03490120BDE8084000F047B900BF83
:1007C0008104000002680020014B1A60704700BFDE
:1007D000C40C0020014B1B68184700BFC40C00204C
:1007E000024B1868003818BF01207047C40C002065
:1007F0002DE9F7430446264E071D2548376001F0D2
:1008000047FA0228054607D12149204606F038F963
:10081000284603B0BDE8F0830428F9D13378072BCC
:1008200018D13E2000F04AF878B9F37801A932795E
:10083000684643EA0223ADF8003006F01DFB0028AD
:10084000DBD053210820FFF78BFE052000F06EF867
:100850000028EAD03146204606F04AF9B0F5817FFB
:1008600001D37221EEE70028C7D094F8008094F8F5
:100870000290404600F022F80028BED0B8F13E0FAA
:10088000C6D1484600F052F80028C1D1B5E700BFF4
:10089000C80C0020074B4FF0FF3141F6FF72C3E94F
:1008A000001205490022C1E900221F21C3E90212FA
:1008B000704700BF000500200C0D00203F280CD819
:1008C00001380B4BC0F3421200F01F0053F82230E6
:1008D00023FA00F000F001007047FF2806D04038EE
:1008E000044BC0F3421200F01F00EFE701207047F5
:1008F000000500200C0D0020074B014600684968E8
:100900001A4603C240F48C221A6041F0107242F47D
:10091000FF625A60704700BF000500200246024B8C
:100920000068516803C3704708050020431E38283B
:10093000DBB21FBF064A590903F01F0302EB810215
:100940001DBF9068D84000F001000020704700BF34
:1009500000050020014B1860704700BF140D0020F7
:1009600010B5FFF797FF06F08BFC034B04461B689E
:1009700003B19847204610BD140D00200A8870B5B9
:1009800095B2C67CC2F30E020488023602F1180347
:100990003444C35AA4B233442344013BB3FBF4F3BD
:1009A00003FB0422438892B29342044B8BBF2B403B
:1009B000AB4313439BB20B8070BD00BF0080FFFFB1
:1009C0004A1E062A08B50346084604D84FF4D171DA
:1009D0001520FFF7C5FD094A914202D940F2A31143
:1009E000F6E711B903B1196008BD2BB11B680022ED
:1009F000C3E901211A1D1A600430F5E7FAFFFF7FF1
:100A000010B5114B00EB41041A786389B3FBF2F384
:100A100003FB0223013A1A44B2F5706F0279807821
:100A200028BF00231A440B18B2FBF0F100FB112180
:100A30005B1AB3FBF0F100FB113313446FEA43433D
:100A40006FEA5343638110BD180D0020024B03EB86
:100A500080035960704700BF180D00202DE9F04F4A
:100A600010F0070A85B0054604D040F26111172046
:100A7000FFF776FD524F044607F10C06B146B0462B
:100A800057F8043B8DF80BA03BB101A898479DF89F
:100A90000A30082B01D9E821E9E79DF80B1041BB8A
:100AA00005B131604F4506F10406E9D1002D6ED045
:100AB0000022DFF810910227964689F8002058F8A6
:100AC00027A0013FBAF1000F54D09AF804609AF8B9
:100AD00002C0FF2E5FD039460023481C37D19C440A
:100AE000BCF1FF0F3ED90AB189F800E040F22711AE
:100AF000BDE79DF80AC04B1D60465A0004EB430356
:100B0000022838BF0220441E40422344BDF808405A
:100B10006444CCF1000C0340013C04EA0C04B4F53D
:100B2000803F01D3F821A2E775B19A1A0120326003
:100B300091701480D0709DF80C00107101984FEAEC
:100B4000104C1081A2F806C004FB0134AAE758F843
:100B5000210028B190F804B0B34504BF80781B1879
:100B60000139BAE7DBB2E6458AF804303CBF5FFAE8
:100B70008CFE01227B1CA2D10AB189F800E002267A
:100B800040F6FF6A58F82670B7B9013EFAD2601BEA
:100B900005B0BDE8F08F0023E5E707EB410309F15D
:100BA00001093846A3F80AA0FFF72AFF5FFA89F186
:100BB000BB788B42F1D8E8E74FF00009F6E700BFB9
:100BC0001C0D0020180D002038B54FF6FF730246AB
:100BD0000380184B03EB81031869A8B1847803796B
:100BE000B3FBF4F104FB1133DBB2194600EB410512
:100BF000B5F90A50002D0EDB0131B1FBF4F504FB11
:100C00001511C9B28B42F1D1002038BD6381BDE816
:100C1000384006F0B9B900EB41046389C3F30E0311
:100C20001380C278002AF1D14FF4D5711720FFF755
:100C300097FC00BF180D00201C4B03EB810370B51F
:100C40001C69054644B3030404D54FF4DC71172036
:100C5000FFF786FC0146204606F079F9FF28014699
:100C600004D02046BDE8704006F08EB9A078B5FBF0
:100C7000F0F300FB1353DBB219460A1D04EB4206E6
:100C8000B6F90260002E09DB0131B1FBF0F200FB86
:100C90001211C9B28B42F0D1002070BD8B4201D03D
:100CA0000023E37004EB42025580DAE7180D0020C0
:100CB000094B03EB8103014610B51C69204606F081
:100CC00046F9FF28014604D02046BDE8104006F052
:100CD0005BB9002010BD00BF180D0020F8B5104B07
:100CE000074603EB810301461C69204606F02FF9F5
:100CF000FF28054611D0E288238953EA024606D030
:100D00000146204606F040F901463846B0472046E5
:100D10002946FFF775FE0020F8BD0520FCE700BF5F
:100D2000180D002038B50E4B0446827903EB820380
:100D3000186908B9052038BD8278E1799142F9D265
:100D40004B1CE37100EB41035D89B3F90A30002BC2
:100D5000F3DBA58006F018F920600020EBE700BF68
:100D6000180D002070B5044610F003000E4603D0A5
:100D70004E211820FFF7F4FBFFF722FE054624B1B1
:100D8000034831460460FFF71BFE284670BD00BFD4
:100D9000340D00202DE9F14FDFF870B01E460746F4
:100DA0000D46DBF8003090469DF828A09DF82C9069
:100DB0001BB960211820FFF7D3FB5246092140469A
:100DC00006F083F84A4684B20921304606F07DF8E1
:100DD00081B2DBF80000214406F094F8386018B9BD
:100DE000286001B0BDE8F08F044453464146092213
:100DF0002C60386806F048F84B46092231462868CE
:100E000001B0BDE8F04F06F03FB800BF340D002040
:100E10001F2AF8B5044613460ED89200033222F07A
:100E20000303B3F5803F2DD2184DACB1A00710D00D
:100E30005F210920FFF794FBFF2B4FEA420204D900
:100E4000FF339A42A8BF1A46E8E77C2AB8BF7C2243
:100E5000E4E729706C602B8122F00302282301272C
:100E6000120403FB01F06B680025120CEEB2B142D4
:100E700000D8F8BD14B126181F705E60104401350B
:100E80002833F3E74FF0FF30F3E700BF380D0020C1
:100E9000154A002170B553681578C8B2854203D849
:100EA000AB210920FFF75CFB1C461846013114F802
:100EB000286B0EB92346F0E70021997001241289AE
:100EC000996103F126055C709208D96103F11E0453
:100ED000596824F8022FA54243F8041F1144F8D1A1
:100EE00000234361037070BD380D00204B782DE95D
:100EF000F04106460C4602F0040702F0FB05E3B1A0
:100F0000A5BBFF23A3707B0804EB57073A7D032A98
:100F100002D1022D18BF0133E2180121117503F12E
:100F20000C01002204EB830324F811205B68A270FB
:100F300030463360B280BDE8F081002DE1D101235D
:100F400001F11E028D6120464B7004F1260C1A4BF4
:100F5000CD611B8949689B0822F8023F944540F8FF
:100F6000041F1944F8D100236361CAE7D1F8048053
:100F700014220021A018617007F0E6F90E4B1B89BE
:100F8000B3F5FF7F0FD25A089B1A9BB208EB0301FF
:100F9000C4F804802384A1606284C4F80C80A38414
:100FA0002161E284ADE7B3F5EE6F4FF0FF02EBD9BC
:100FB00040F27263EAE700BF380D00201F4B4FF08C
:100FC000FF3000211A6801235360C2F80803C2F8F9
:100FD0000015C2F804351A4A12685360C2F80803B3
:100FE000C2F8001540F6FE71164A1748C2F80815F7
:100FF000B0F90020002A0CDB510902F01F029340D7
:1010000001F12002114941F82230BFF34F8FBFF3A5
:101010006F8FB0F90030002B09DB5A09012103F072
:101020001F03994002F16003084A42F82310054B60
:1010300040F6FE72C3F80825704700BF181500205F
:1010400014150020002008502C15002000E100E0BD
:10105000014B1876704700BF480D002010B50121E4
:101060000020FFF725FE044670B90121FFF7E4FDDB
:10107000044620B940F291313920FFF771FA034B51
:1010800093F9061006F0A2FD204610BDE80D0020E1
:1010900008B506F005FB00F0EDFB00F08DFA06F058
:1010A00029FC00F0C9FE00F0E5FC0022084B1B21E2
:1010B0004FF4A4701A60074B98801A805980064834
:1010C000064B186099805A745A829A829A7508BDA4
:1010D00048050020E80D002003021B001412002028
:1010E000044B41F64C52C3E902221B221A74FFF74B
:1010F000CFBF00BF1412002073B5234D0446AB6868
:101100000363224B836106F080FC064600F044FA3C
:101110008306297C53BF1B236B88AA881A46A4F830
:101120005A301B4BA4F85C201B6884F83810668783
:101130001BB194F9701020889847164E204631460E
:1011400006F03AFB01236A8804F110006978E38510
:101150000332AB88019192B216F8121C033300914E
:101160009BB204F11401FFF715FE236923B940F285
:10117000C5613920FFF7F4F9636913B940F2C6611C
:10118000F7E7002002B070BD1412002000093D00F6
:101190004C05002026120020F7B504460D4606F047
:1011A00048FD00286DD0204606F01FFE38B1B5F886
:1011B0000130013B7F2B02D9122003B0F0BD204645
:1011C00006F017FE08B90C20F7E7204606F0AFFC42
:1011D0000028F8D1204606F0EAFC06460028F2D1A5
:1011E000204601F011FB0028E6D042F21073B5F85A
:1011F0000170E97820465F4306F0E3FD204606F0E3
:10120000ECFD014648B93A46204600F0E7FEB0B38F
:1012100041F69D413920FFF7A3F931460DF1060053
:10122000FFF7D2FC054608B90D20C6E7314606F0A7
:1012300077FABDF80630204629462B8006F0E3FDFC
:10124000204606F0DCFD88B9216A204606F0D9FD6B
:1012500001462846FFF750FF3A462946204600F04F
:10126000BDFE024620B14FF4E651D3E70121F0E77D
:10127000054B9B681BB105F58D71284698470020EA
:101280009BE7422099E700BFE80D0020034B5A88F6
:1012900002801B7883700020704700BF141200206A
:1012A000F7B5077805460C46EF2F0FD890F90120C7
:1012B0004378002A0ADB8278900707D113F01000E8
:1012C0001DD1990603F0030202D51AB1122442E09F
:1012D000032AFBD01E07F9D42979EA78EE7942EA8D
:1012E0000122697942EA0142A97941EA06212E7A6E
:1012F00041EA06418A42E9D81F2A0FD8E6E713F0EF
:10130000600FE3D103F00702052A05D003F00F01B7
:101310000D22CA40D107D9D51A07DDD56A7A013A1C
:10132000062AD3D8AA7A032AD0D813F0040102D10E
:10133000023A012A03D8EA7A012AC7D811B9AA7C4D
:10134000032AC3D82A7D48B1012ABFD12A7E012AA7
:10135000BCD830B91124204603B0F0BD022AF5D123
:10136000B4E7DB0712D46B782A7D03F01803082B4F
:1013700011D1022AEED101213846FFF799FC064629
:1013800078B106F0D4FBB8B10C24E4E700F0D4F84F
:101390000028E8D1DEE7022AEDD02B7F002BEAD02F
:1013A000D8E701213846FFF747FC064640B3154B06
:1013B00093F9061006F00AFC304606F00BFD2946AC
:1013C0002070E874304606F050FCEB7E0446002B9B
:1013D000C1D00028BFD10246316B6846FFF786FDB9
:1013E0002246306B012105F03AFE316B684604223B
:1013F000FFF77CFD22462146306B05F030FEAAE760
:101400000724A8E7E80D002030B502798BB0034629
:10141000042A4FD84088B0F5804F4BD82649002485
:101420008D5C1144ADF800404A798DF8084042F0D7
:1014300010028DF8244042EA45028D7AC97B42EAC7
:10144000850242EAC102694602F01F028DF80020BF
:10145000BDF80020ADF809201A888DF80E00000AAA
:101460008DF80B20120A8DF80D408DF80C208DF8A8
:101470000F008DF810405A7BD3F807008DF811202B
:101480005A79059002A88DF812209A798DF81320C8
:10149000B3F80B209B7BADF818208DF81A307F2312
:1014A0008DF81B304FF00113CDE90734FFF7F8FE3C
:1014B0000BB030BD1220FBE7AC3D010002780346C3
:1014C00072B1427862B142881A2A09D982881A2AEE
:1014D00006D90068034A106000209B8893807047FB
:1014E000122070471412002002680020014B9A60FD
:1014F000704700BF1412002008B501F07DF900F01C
:1015000059FE0248BDE8084001F060B9F40D002022
:1015100010B5064C064904F5027006F0A1F804F572
:1015200003700449BDE8104006F09AB8F40D00209D
:101530005005002058050020014B93F80201704728
:10154000F40D002010B5074C00F07EFBD4F8080223
:1015500006F07EF8FFF7C4FD00F000FC012384F8DC
:10156000143210BDF40D0020014B93F814027047A3
:10157000F40D002010B5074CD4F80C0206F068F802
:10158000D4F8100206F064F8FFF782FD002384F817
:10159000143210BDF40D0020014BD3E90001704757
:1015A00010050020034B1868C0F30020400040F0F5
:1015B000010070471005002008B504F075FE0023F7
:1015C000074A32F82310814205D302EB8302937855
:1015D000044A137008BD01330C2BF2D10023F7E746
:1015E000C03D010009100020054B9A8C824201BFCA
:1015F000002283F822204FF6FF729A84704700BFC2
:101600000A10002050B90A4A0120134603F8010BC2
:101610000868C2F801008A889A807047012805D1BD
:10162000034B0A68D8719A608A889A81704700BF14
:101630003410002050B90B4B187888B1D3F8012032
:10164000B3F805300A6001208B807047012806D16D
:10165000044BD87920B19A689B890A60F3E700208F
:10166000704700BF3410002010B9044B1878704741
:10167000012806BF014BD8790020704734100020A4
:10168000F7B58A8800238DF80600ADF804200868B5
:101690000B4A8DF807300146147802F5A872019DB7
:1016A000D8B2844201D8082007E052F8087F0133FD
:1016B0005668AE4208BF8F42F2D103B0F0BD00BF02
:1016C00048100020084B0146002230B55C7803F238
:1016D0000113D0B2844201D8082004E013F8015F5E
:1016E00001328D42F5D130BD48100020F0B5254DB6
:1016F00089B095F8984105F299116846224605F09F
:101700001FF92146684605F0EAFF0446B8B300EB2E
:10171000400102A8C9B2FFF75DF8631E95F8A16108
:101720000124DBB295F8981105E0721CB2FBF1F0D0
:1017300001FB1022D6B206F120020DEB020010F8D8
:10174000202C002AF1D103EB430100F8204C06EBDA
:10175000460220312A44694411F8187C82F8A271AB
:1017600011F8177C11F8161C82F8A37182F8A411E5
:10177000013BAA19DBB282F89941FF2BD2D109B003
:10178000F0BD00BF4810002070B5064688B00C467A
:10179000002A4ED0294A92F8A131D01890F8991118
:1017A00019B9FF212820FEF7DBFE03EB43010133CB
:1017B000114491F8A251E57091F8A35191F8A41148
:1017C00025716171002180F8991192F89811B3FB8D
:1017D000F1F001FB103382F8A13192F8C23123B944
:1017E000174902F5DD7006F0A7F865790D22002192
:1017F000684605F03F0545F04005657106F0A4FD1B
:10180000E37804AA69468DF80F30304623798DF8C5
:101810000D508DF80E30042306F000FD9DF81F30AA
:1018200023709DF81E3063709DF81D30A37008B0C2
:1018300070BD03216018FEF7CDFFD6E748100020E9
:10184000ED160000044B5A78824286BF1B1893F8AD
:101850004A010020704700BF48100020044B5A780E
:10186000824286BF1B1893F842010020704700BFD8
:1018700048100020064B00224FF461711A8083F853
:10188000C32183F8C421A3F8C61183F8C22170478D
:1018900048100020014BB3F8C601704748100020E3
:1018A0000A4B30B55C7884420ED9184490F8020196
:1018B0002B3003EBC004A5790D7053F83000106095
:1018C0000120A388938030BD0020FCE74810002051
:1018D0000246074810B590F8C34124B1417821B1C0
:1018E000023001F029F9204610BD0C46FBE700BF8D
:1018F000481000202DE9F74F2F4C9A468046894624
:101900006378834256D9231893F8425185F0010534
:10191000F9B193F84A31E3B945F002070135BAF15C
:10192000000F18D1FA070AD5062104EB0810524619
:1019300001FB0841823001F58571FFF725FFBB07E8
:1019400034D504EB0810524649460230FFF71CFF1D
:101950002CE02F46E3E794F8A1614FF0010B002D36
:10196000E0D0A31993F89911019399B90092DAB1D3
:1019700000F0C4F9019B06EB4601009A4FEA102CD7
:1019800083F899B1214481F8A201000C81F8A3C128
:1019900081F8A401013694F89831013DB6FBF3F1CA
:1019A00003FB1166F6B2DAE747F00407384603B0E6
:1019B000BDE8F08F0027F9E748100020074B5A7860
:1019C000824209D91A1892F842212AB9062202FB4A
:1019D000003000F5857070470020704748100020E7
:1019E000064B5A78824281BF1B1893F83A01B0FA2D
:1019F00080F0400998BF0020704700BF48100020C9
:101A000030B5002442F21075A0F84040B0F84440D0
:101A10004C43B4FBF2F4A0F84440541E05FB0343CE
:101A2000B3FBF2F3A0F84230084BB3FBF2F30133FF
:101A3000A0F84830838F05FB0344436B5943B4FB44
:101A4000F2F4B1FBF2F18463416330BD005A6202EB
:101A5000074B93F900301844142804DC10F17F0F71
:101A600003DB40B27047142070476FF07E00704770
:101A700010120020024B00221A705A70704700BFEB
:101A80001012002083230B70014B1B78CB70704722
:101A90002C1200202DE9F3478246894605270026AF
:101AA000DFF84881D9F8103053B11B7A1BB9802177
:101AB0001020FEF755FDD9F81040B4B9002071E0B0
:101AC000D9F80440237A012BF8D0EFF3108372B6D3
:101AD000D9F804201268C9F8042003B962B6C9F81D
:101AE0001040237A0BB9A621E2E7257AEDB22772DE
:101AF0006B1E0B2B6AD8DFE803F066061C346369A3
:101B00003D6969696958636813B94FF4D771CFE7C4
:101B10002046514698470420EFF3108272B6237A8C
:101B2000052BD9B25CD12672C9F81060B2B962B681
:101B300014E0636813B940F2B711B9E75146204683
:101B400098470346ADF80400C0B2C3F30723012B46
:101B50003FD0022BE0D10023C9F810300028A1D0DB
:101B600020E0636813B940F2BF11A1E7204698470F
:101B70000020D1E763680BB9B52199E70B22002457
:101B80008AF800200122198818698AF80220AAF828
:101B900003108AF805208AF8064005F0A9F9042008
:101BA000C9F8104002B0BDE8F087D8F800305146BF
:101BB00020469847034660B10220C9F81060F1E75B
:101BC0004FF4FB7174E740F2F91171E74FF4FE71C5
:101BD0006EE725720028E5D1002B7FF463AF6DE737
:101BE00011B940F21D2163E700209FE76405002042
:101BF00038B5134C14220021201D06F0A5FB012549
:101C0000257404F108031422002104F11800C4E92A
:101C1000013306F099FB84F8245004F11C03094AAF
:101C2000C4E906330023E362236384F83430C4F844
:101C30003530C4F8393084F83D30136038BD00BF0A
:101C40002C1200206005002010B5084C2378FF2BD3
:101C500004D04FF4A0711020FEF782FC04F0A0FD28
:101C60002070BDE81040FFF7C3BF00BF1D05002076
:101C700010B5034C207804F0ADFDFF23237010BD98
:101C80001D050020014B187804F0B4BD1D0500208F
:101C900010B506490446FFF7FDFE28B92046044961
:101CA000BDE81040FFF7F6BE10BD00BF4412002093
:101CB00030120020134610B5027A22B140F2992169
:101CC0001020FEF74DFC0A4601460248BDE81040D0
:101CD00005F012BE301200200346064890F83E2060
:101CE0003AB190F83D2022B9034900F8353B05F0A0
:101CF00020BE70472C120020851A0000094AD2E944
:101D00000003434083EAB01181EA43214FEAF343E1
:101D100011605360044B58434FEAF06000EB8000C1
:101D2000704700BF6C120020BB79379E094AD2E988
:101D30000003434083EAB01181EA43214FEAF343B1
:101D400011605360044B58434FEAF06000EB800091
:101D5000704700BF20050020BB79379E10B50A4CA4
:101D600008210948FEF736FDD4E900321343F7D0C5
:101D7000064CFFF7DBFF2060FFF7D8FF23686060A9
:101D80001843F6D010BD00BF200500206C120020C3
:101D9000F0B51F4D00242B7814709BB1013B6D688A
:101DA000DBB21E1B012E0FDC05EBC40655F83470A8
:101DB00076688E4208BF874227D0B84271EB06068C
:101DC00012D214700020F0BD1E197710C6F347061A
:101DD00055F837C005EBC70E8445DEF804708F4117
:101DE0002CBF33463446DCE705EBC30455F83350CB
:101DF00064688C4208BF854206D0A84271EB040497
:101E000028BF01331370DDE71C4601201470DAE7A8
:101E10009412002010F0070208B503D06321482077
:101E2000FEF79EFB18B1034B197258601A70C80078
:101E300008BD00BF94120020014B00221A707047A9
:101E400094120020F7B5044618B9E2213020FEF7BD
:101E500087FB072900F2BC80DFE801F004844646D6
:101E600041BA33B703F0DCF9C4E94001204600F081
:101E7000F3FDD4F8F400A43803F028FA10B940F2C6
:101E80007B21E3E7204605F0B0FF0546F8B901469F
:101E9000204605F0D3FE00F1AE06D4F8F400B042BF
:101EA00009D2301A0321192838BF192003F029F963
:101EB000051E18BF0125C4F8F460204605F0AFFFE9
:101EC0003DB1204603B0BDE8F04005F0A9BF0025B4
:101ED000F3E7D4E94023C4E93A2303B0F0BD03B0EB
:101EE000BDE8F04001F02CBC05F0B3FE002307462E
:101EF0000E4684F8F93002F0F7FF0722A7FB0235FF
:101F000002FB0655D4F8EC200192D4F8E8209B1887
:101F1000019A45EB0205D4F8CC2032B157EA06020B
:101F200003D0984271EB050216D2022284F8F82001
:101F3000D4F80821D4F80CC1121A6CEB010C94F8F7
:101F400018E1BEF1000F09D1012A7CF1000E11DA6F
:101F5000204600F089FD05E00122E7E7012A7CF137
:101F6000000CF5DB94F8C80002F0D6FF002384F8DB
:101F70001031B2E7984271EB050E0ED23E430CD001
:101F80001B1A65EB01019A427CEB010005DB012B7A
:101F900071F10000A4BF1A468C460F49012394F842
:101FA000C800914284F811314FF0000384F8F030FA
:101FB00073EB0C03B8BF0A4604F1F00103F0A6F975
:101FC00000288AD140F2EF6140E74FF480713DE78D
:101FD0004FF482713AE700BF0040420F2DE9F04113
:101FE00004460E46154690F8103103F0FF071BB16A
:101FF0000C273846BDE8F0810146474802F09CFFB7
:1020000020288046F4D05722394604F1C90006F052
:102010009BF984F8C880C4F8CC60FF2384F81031A1
:1020200036B1FFF783FE00F00700013086F8CC01DF
:1020300002234FF00008A4F8F83084F8F08004F090
:102040003DF900F14906204605F0CFFE0146B6B243
:10205000002839D005F022FB00F5CD61284689B271
:1020600004F0D6F82844AE3DC4F8F40002F03CFF7A
:102070003018A4F8268041F10001C4E94001012094
:1020800084F8D00005F068FF2D1AC4F8D4504FF042
:10209000FF356FF0004194F8C800D4E94023C4E94B
:1020A0004251002504F1F001C4E93823C4E93A2380
:1020B00084F8115142F2107203F028F938BB40F253
:1020C000EB113020FEF74CFA2046DFF8508005F087
:1020D000B5FDAE30C4F8F400B8F8000048B1E08CAB
:1020E00038B1FFF723FEB8F80030B0FBF3F202FB83
:1020F0001300064402F0F8FE361841F10001C4E96D
:102100004061002DC3D0AD1941F10001C3E729465C
:10211000204605F087FE6CE7451E0000C012002037
:10212000F0B5002385B0CDE9003301238DF80630EA
:102130006846FEF7F7FD70B11D4E01230027B3700E
:10214000CDE9027702A8FEF7EDFD0546C8B10023F0
:10215000B37005B0F0BD009805F020FCE8E790F8FA
:10216000F70102F099FF94F8F70103F03FF894F8B3
:10217000F70184F8DC5102F0CFFE202384F8F73118
:10218000DEE7029B002BDDD093F8F721202AD9D07F
:1021900018884FF6FF739842D9D02946FEF788FD7C
:1021A00004460028DBD140F237113020FEF7D8F981
:1021B000C0120020044B0022DA709A7042F21072B2
:1021C0001A80FFF7ADBF00BFC0120020014BD870CE
:1021D000704700BFC0120020014B1880704700BF3D
:1021E000C01200200346074A1068D3F85120C0F8F7
:1021F0000320B3F85520A0F8072093F8501005F0FD
:10220000FEBA00BFC812002070B504460E46134641
:10221000407F6588324615F0040118BF04F15F0164
:10222000FFF768FB4107054621D4C2070BD5012300
:10223000607F84F85030FFF7C1FB0368C4F8513069
:102240008388A4F85530AB0701D4012070BD094B39
:1022500001211868D4F85F3084F85E10C0F80930A6
:10226000B4F86330A0F80D3005F0D2FAEDE70020A5
:10227000ECE700BFC812002038B5C38D04460F4DEF
:102280000133C3F30E03C385AB7C2BB101F03EFADF
:1022900000F0B0FC0023AB7400232B7194F8713074
:1022A0002BB101212046BDE8384005F0BEBB637C60
:1022B00013B1E28D9A42F4D20021F3E7C812002054
:1022C00010B5094C2379012B02D02379022B05D1BB
:1022D000A37C1BB101F01AFA00F08CFCE069BDE8A8
:1022E0001040FFF7C9BF00BFC812002070B5294CCD
:1022F0002379012B07D02379022B04D040F65C41CF
:102300002D20FEF72DF9A0B90125A37C1BB101F00A
:10231000FDF900F06FFC002D3AD0E06905F063FB99
:10232000002830D001F0F0F8236ABDE870409B68C7
:1023300018472168E26911F8095B02F1510392F82C
:102340005020E80905F0ADF90028DDD00021206813
:1023500005F083FA0028D7D02379E069012B05D056
:102360002379022B02D040F63541C9E7237905F0E5
:102370000F01226A03F180435269013B52F8233076
:1023800098470546C1E7E069BDE87040FFF774BFB4
:1023900070BD00BFC81200200346074AD06903B9C8
:1023A00009B9FFF769BF1379126A03F18043126913
:1023B000033B52F823301847C812002003292DE9A7
:1023C000F043054685B0174607D14388980723D4C4
:1023D0000024204605B0BDE8F083428890F87030B4
:1023E000D107DBB2F4D5002BF2D14FF00108DFF8B2
:1023F000D49099F81260C6B105F088F908283870B1
:1024000016D002AA0DF10701FFF74AFA38B940F6D3
:10241000D4612D20FEF7A4F84FF00208E7E702A9E7
:102420009DF8070005F0A5FA06463B78082B08D171
:10243000D9F8001011F8030BC0F3801005F099FAD9
:102440000646D9F8001005F1580395F8572011F801
:10245000030BC0F3801005F024F9D9F800100446EE
:1024600011F8030BC0F3801005F046F98146FFF721
:10247000B7FA40B1B9F1080F1BD04846FFF7E2F9AF
:1024800080F00103D8B23A78082A14D01CB96C7FC6
:10249000A21A544254416A8853079AD4002897D10B
:1024A00076B9EC7C444518BF002C0CBF01240024F5
:1024B0008FE70020E7E780F001022240D4B2EAE78C
:1024C000344686E7C8120020032973B5044604D0B9
:1024D000052956D0012002B070BD08230DF1070276
:1024E0008DF80730FFF76AFF0028F3D0237C294DD1
:1024F00003B39DF8070094F8BE30DBB923780828B1
:1025000004F1C10284F8BF302CD004F1C001FFF700
:10251000C7F920B940F64A712D20FEF721F894F84A
:10252000C03043F0020384F8C0301B4904F1B60008
:1025300005F0FFF92B680622042620465A701E700B
:10254000FFF750FEE16B94F84020286805F076F91B
:1025500028682E7101F090F80021286805F047FDE9
:102560000020B8E72868034613F8031BC1F3801165
:1025700084F8C010D0F80310C4F8C1109B88938071
:10258000D3E7064B1B68002BEAD0984780F0010088
:10259000C0B2A0E7C81200203B7B00006805002005
:1025A000F8B504460F4619B300F12805284605F092
:1025B000B0FCA0B963881A072ED5284605F0BEFCEA
:1025C0000646284605F0A5FC301AC0B205F0C4FC4A
:1025D000494A936803442846936005F079FC2846ED
:1025E00005F07BFC00F0E2FE2179252000F040FEA2
:1025F000414E002394F85E20306803704370638876
:10260000103B0D2B68D8DFE803F063675F0C67446D
:1026100067676767676767442046BDE8F840FFF76C
:102620002BBE06234370202303702046FFF7DAFDFC
:10263000638823F008039BB2152B05D094F838204B
:10264000616B306805F0EBF8306801F015F8002197
:10265000306805F0CCFC032321790020337100F0B1
:10266000CFFE054607B9F06063881B0704D505F067
:1026700070FC0544C4F8D8506388103B0D2B36D845
:10268000DFE803F038352F2F352F35353535353523
:10269000352F0C2321214370034603F8091B52B147
:1026A000D4F85F200121C0F80920B4F863209A8093
:1026B00005F0AEF8B9E7A26DC0F80920B4F85C20C7
:1026C0009A8094F85710F3E7062303704370ACE741
:1026D000022303700623F9E740F236612D20FDF74F
:1026E0003FFF21790120BDE8F84001F01DB840F618
:1026F000CF41F3E7F8BD00BFC812002038B54388CA
:102700000446102B04D10121BDE83840FFF748BF33
:102710000B4DAB7C23B100F041FA402000F0EAFF02
:10272000286800F0A9FF608810F0040002D1217928
:1027300000F0FAFF002000F0BBFF01232B7138BD31
:10274000C8120020024B0121D869FFF729BF00BF42
:10275000C812002010B5134CA37C1BB100F0D6FFAB
:1027600000F048FAE06905F03EF970B12379012BD9
:1027700010D12379226A03F18043E069D268013BDA
:10278000BDE8104052F823301847E069BDE810401A
:10279000FFF772BD2379022BEBD040F65E312D207E
:1027A000FDF7DEFEC8120020074810B5037903F0DC
:1027B000FF0433B918222146043005F0C5FD204638
:1027C00010BD0C24FBE700BFC812002010B5002389
:1027D000084C23712060FFF7E7FF20B140F2EF21A2
:1027E0002D20FDF7BDFE236A13B940F2F221F7E771
:1027F00010BD00BFC8120020014B024A1A62704788
:10280000C8120020AC2A0000F8B5057D0446AF1EB2
:10281000FFB2002D3AD0012F2DD800F1580190F8C9
:10282000570004F069FF0828064624D0FFF716F881
:1028300010BB023D18BF0125012F84F85050667768
:102840008CBF002701272777FFF724F8054602F001
:102850004BFB0022164B84F85E20E5FB0301C4E924
:10286000120111462046FFF7CFFC70B940F27A41C1
:102870002D20FDF775FE0826022D09D104F1510126
:102880000020FEF7D7FE80B90020F8BD0826F5E746
:10289000E37E002BF8D0D4F815300125C4F8513070
:1028A000B4F81930A4F85530C6E70025C4E700BFD6
:1028B00040420F00F0B5464E85B00446327902F032
:1028C000FF0312B90278FF2A04D140F6B9112D2076
:1028D000FDF746FE3382B3607371B37180F87130D7
:1028E0003C4B684604F1280500933B4B01933B4B5E
:1028F0000293336A5B68039300F0B6FE00F0EAFCD3
:1029000000F004FF00F076F9354800F045FD354849
:1029100000F0A4FE284605F0DBFA284605F0DDFAB3
:1029200000F044FD2179252000F0A2FC94F912006A
:1029300000F02CFD04F13401206B04F0AEFB0746DF
:1029400004F13C01206B04F0CFFB0546E7B194F89D
:102950002430CBB1B4F92E50ED43ED0F237F13B9E2
:1029600063885B0709D56FF00043D4E912129A42DD
:1029700008BFB1F1FF3F0ED1A5B930680330FEF7B3
:10298000A7FFB07405B0F0BD002DE7D094F8255036
:10299000002DDFD1E2E702F0A7FAD4E9122390423A
:1029A0009941E9D3012229462046FFF72DFC50B179
:1029B000FEF770FF054602F097FA0B4BE5FB0301AB
:1029C000C4E91201D9E7002DD7D040F6F6117EE711
:1029D000C812002055270000ED22000099230000B6
:1029E000D6BE898E5555550040420F0073B504463A
:1029F000FFF760FF00212046FFF7D2FDA36E0BB169
:102A000001221A606388DB0720D50023104E256A57
:102A1000CDE90033FF23F3746846FEF783F9A8B9C4
:102A2000009CA542F8D005F10A036A7A04F10A0174
:102A3000607A04F036FE0028EED0A378F374D4F860
:102A40000300044B7061B4F807209A8002B070BD97
:102A5000C8120020DC120020024BD8611B6A1B68E0
:102A6000184700BFC812002043881B0710B5044652
:102A70000ED5036A3C220849723042721B8843819A
:102A8000FF2380F827304FF6FF73038504F051FFD2
:102A9000FF2384F8713010BD537B0000A57B00003C
:102AA000FD260000AB7B0000C9240000ED290000DA
:102AB000C1220000452700009C2A0000A02A000037
:102AC000A82A00000138022808B503D9C3212F2005
:102AD000FDF746FD13290A4B05D811290CD81029FA
:102AE00007D0D121F3E71529FBD103EB4003D888A8
:102AF00001E033F8100008BD03EB40039889FAE7C2
:102B0000903E0100064B1B68D3F8000138B1D3F8A2
:102B1000040120B1D3F80801B0FA80F040097047F1
:102B200014150020034B00221A705A7010229A705C
:102B3000704700BF08130020F8B50646022014466F
:102B40000D4600F01FF9114B114A0127191D5C6059
:102B50009A6002F1807203342D011F70DC601D83C6
:102B6000C3E904260022243303F80A2C0D2203F8BB
:102B7000092C084A1268C2F830150749C2F80875CE
:102B8000C2F8383503C983E80300F8BD08130020F4
:102B90000300000B14150020B03E010008B5022010
:102BA00000F0F0F80D4B01221A7000220C4B1B684C
:102BB000C3F80021C3F80421C3F80821094AC3F867
:102BC0008020094BC3F88C20084B1B68C3F88C216C
:102BD0000822074BC3F8042508BD00BF08130020D6
:102BE000141500200300008000300850201500203C
:102BF00000200450154A08B51378FBB1144B19682E
:102C00000023C1F880301349C1F88C30124909689B
:102C1000C1F88C310821114BC3F80815FFF772FF7A
:102C200088B101235370938EFF2B03D9BA213B2027
:102C3000FDF796FCDBB29370002313700020BDE813
:102C4000084000F09FB810235070F4E708130020EC
:102C500014150020003008502015002000200450DA
:102C60000A4B1A786AB10A4B1B68D3F8002152B19B
:102C7000D3F8040140B1D3F80801B0FA80F040095C
:102C80007047587870470220704700BF0813002033
:102C900014150020064A08B513782BB1FFF732FF50
:102CA00020B192F8340008BD9078FCE71020FAE7D4
:102CB000081300200A4B02211A680023C2F8803052
:102CC000084AC2F88430084A1268C2F88431074AB8
:102CD000C2F8081502F58022C2F80835704700BF17
:102CE0001815002000300850201500200020045046
:102CF000024B00221A809A70704700BF40130020D8
:102D0000054808B503781BB1FFF7D4FF0023037013
:102D100000234370837008BD4013002038B50A4D6E
:102D200000242B68D3F80025032A04BF01225A602F
:102D3000064A1268C2F80045C3F80045FFF7E0FFF5
:102D40002B68C3F8804038BD1415002018150020EA
:102D50000A4BB3F90030002B0DDB5A09012103F0B7
:102D60001F03994002F12003054A42F82310BFF3E4
:102D70004F8FBFF36F8FFFF7D1BF00BF2C1500201F
:102D800000E100E010B50446FFF7C8FF012C06D0B3
:102D9000022C0AD044B18C213D20FDF7E1FB084B09
:102DA00002221B68C3F8002510BD064B03221B68D6
:102DB000C3F8002502F10042C3F88020F4E700BF09
:102DC0001815002014150020024BD3F8A00300F0C2
:102DD0000100704700C0FF00084BD3F8A423D3F8CC
:102DE000A833511C9BB203D14FF6FF718B4203D025
:102DF00002608380012070470020704700C0FF0000
:102E00000B4B30B5D3F89053D3F89443D3F89813C1
:102E1000D3F89C2305EA04030B401340013317BF8A
:102E200005600020446081601CBFC260012030BD8D
:102E300000C0FF000B4B30B5D3F88053D3F8844368
:102E4000D3F88813D3F88C2305EA04030B4013400E
:102E5000013317BF05600020446081601CBFC26061
:102E6000012030BD00C0FF00064B0022C3F8002245
:102E7000C3F81822C3F82022C3F80C22C3F8142286
:102E8000704700BF00A00850024B00221A809A70C1
:102E90001A717047B013002038B5144D0346084628
:102EA00095F83D2022B940F6B2113E20FDF758FBBF
:102EB0006BB9012AAC6B95F83C1005D100F0D4FD3C
:102EC00020442B6BC01A38BD05F097F8F8E7012BAA
:102ED0000AD1012AAC6B95F83C1002D100F0B6FD86
:102EE000EEE705F095F8EBE70020EAE7B0130020E5
:102EF00008B50128084B83F82400084B06D00228A7
:102F000008D040F6E2613E20FDF72AFB0322C3F819
:102F1000002508BD0422FAE7B013002000A00850E5
:102F200008B5144B93F84A30D90720D59A070ED527
:102F3000114BD3F8002442F00102C3F80024D3F867
:102F4000200500F0F600023818BF012008BD5B071D
:102F50000DD5094B094AC3F80821A3F5A043D3F8BE
:102F6000403123B140F28A713E20FDF7F9FA012089
:102F7000ECE700BFB013002000A008500B00008059
:102F800008B570B9104B28311846D9600F4900F0C8
:102F900013FE0130012816D940F66D013E20FDF7E1
:102FA000DFFA01280CD1084B29311846D9600749AE
:102FB00000F008FE0130012805D940F67701EDE761
:102FC00040F67B01EAE708BD2C050020E03E010049
:102FD00008B50C4B9B78012B09D100F0F9FD0130AD
:102FE00001280ED940F604213E20FDF7B9FA022B44
:102FF00007D100F0F3FD0130012802D940F60A2183
:10300000F2E708BDB01300200A4B40F409000A4A59
:103010001B8D40F04000B3F5166F36BFA3F6381392
:10302000A3F5166343F48073C2F80837C2F840056D
:10303000704700BFB013002000A0085037B50C4601
:103040000546FFF755FF20462146FFF7DDFF104AF2
:1030500001AB284692F9252000F048FD9DF80500B7
:1030600000F0C2FD20B140F255713E20FDF778FA24
:103070009DF9040000F086FC064B40F20312C3F8F1
:10308000442E40F25B62C3F8482E03B030BD00BF4F
:10309000B013002000A008502DE9F8430C46174655
:1030A0008046434D00283FD10123AB702B78012B84
:1030B00023D1404B33F812304FF47A7203F5FA7390
:1030C000B3FBF2F3CC1A2B6B3B4E1C443B4BC6F8C4
:1030D0004045C6F8C0312B78002B57D195F84A30BF
:1030E00043F0020385F84A30FFF71AFF054600282F
:1030F00053D100252846BDE8F883104695F82610E0
:10310000FFF79CFF2E4B4FF47A7253F8273003F5EC
:10311000FA73B3FBF2F3E41A2B78002BD3D1294BCB
:10312000264AC3F80021CEE701282AD10223254EE2
:10313000AB702B78012B06D1D6F8003443F0100386
:10314000C6F80034BFE795F826901046FFF7D0FE8A
:10315000293C4846FFF758FFD6F8003443F01003E7
:10316000C6F8003440F20313C6F8443E40F25B63F5
:10317000C6F8483E2B78002BA5D1104BC6F8043179
:10318000A1E74FF413613E20FDF7EAF9012BABD123
:1031900095F84A3043F00403A4E70123F364D6F81A
:1031A0004C35A342A5DA21464046FFF7E9FEA1E7E8
:1031B000B0130020603F0100005008500B00008059
:1031C000543F010000A0085008B5602200210348C8
:1031D00005F0BAF8BDE80840FFF756BEB01300206E
:1031E000024B0344187D00F516607047E03E010075
:1031F0000A4B93F83C20D3E90C30C01A084B03EB80
:103200008203DB6BC01A074B53F822304FF47A72FB
:1032100003F2F313B3FBF2F3C01A7047B0130020AC
:10322000E03E0100483F01000F4A08B592F83C100B
:10323000012906D0022914D040F2C6213E20FDF714
:103240008FF940F61C40D2E90C239B1A074A02EB87
:103250008102D26B9B1A4FF47A72B0FBF2F01844E1
:1032600008BD4FF4AF60EEE7B0130020E03E010070
:10327000FF2808B504D940F2E5213E20FDF770F99A
:10328000124B0129A3F8480004D0022919D040F2BA
:103290004131F2E7002343F4801340F000700C4A00
:1032A00043F4847340F44030C2F8203EC2F8280E44
:1032B000D2F8203503F0F703032B05D14FF45671F4
:1032C000DBE74FF08073E6E708BD00BFB0130020D6
:1032D00000A00850F8B5244E4FF48067C6F89070EF
:1032E000BFF34F8FBFF36F8F204C0121204DC4F8E7
:1032F000A410FFF7B9FD0323C4F8401E85F824107D
:10330000C4F800354FF40023C4F80034194B187C7E
:1033100000F07CFC03F0EAFA174B184AC4F8383383
:10332000174BC3F8C820013AC3F8C42040F6FE7218
:10333000144BC4F81433144BC3F804250023AB8793
:10334000AB6385F84A3001F0CCFF4FF480732863FB
:10335000C6F89071C4F888342B6E376103B1984772
:10336000BDE8F84000F01CBC00E100E000A00850FF
:10337000B01300202C050020030000800600008010
:10338000005008500100008000200850014B83F8D5
:1033900025007047B0130020020E034B0002C3F853
:1033A000342EC3F82C0E704700A00850044B054A79
:1033B000034482F826001B7D03F5166313857047CE
:1033C000E03E0100B013002010B504460068FFF78E
:1033D000E3FF094B6268C3F84C2E207AFFF7E6FF43
:1033E000617A6089FFF744FF607AFFF781FD227BF5
:1033F000024B83F8252010BD00A00850B013002018
:103400002DE9F041324C06460F4694F84A30DA076F
:1034100004D440F6BE013E20FDF7A2F82D4D43F046
:103420000203D5F8002442F00102C5F8002484F814
:103430004A3028BB012394F826103846A370FFF7C2
:10344000FDFDA378012B02D040F6CA01E3E7224A32
:10345000D3642B60204B3046D3F84C552946FFF7F8
:103460008FFD236BED1A7EBB1C4B4FF47A7253F821
:10347000273003F5FA73B3FBF2F35819BDE8F08176
:103480000128E7D1022394F826800846A370FFF7AD
:103490002FFD4046FFF7B8FDD5F8003443F0100388
:1034A000C5F8003440F20313C5F8443E40F25B63B4
:1034B000C5F8483EA378022B02D040F6D201AAE715
:1034C000054BDE646E60C5E705F12900D6E700BF55
:1034D000B013002000A0085000500850543F0100D5
:1034E00008B5FFF7D9FD58B9064B0122C3F84005CE
:1034F00003F5A04302201A61BDE80840FEF7ECBBCB
:1035000008BD00BF0050085013B5264B4FF4806132
:10351000254A4FF0FF30D3F88844C3F89004C2F82E
:1035200090114FF40022214904F48074C3F8002460
:10353000002281F84A201E49C1F84025C3F808211D
:10354000C3F80021C3F80421D3F82015C9B2D1B1C2
:103550008DF80700C3F8202201221A619DF8072088
:1035600012B1D3F820223AB19DF807305BB940F68A
:10357000F2113E20FCF7F4FF9DF80720013AD2B289
:103580008DF80720EAE7FFF723FD06490023C1F87D
:103590002032FFF779FC1CB14FF48073C1F88834F6
:1035A00002B010BD00A0085000E100E0B013002000
:1035B0000050085070B50024234D244EC5F84845EE
:1035C000C5F84445C5F84045C5F84C45FFF79CFF94
:1035D00000F0ECFAC5F8C441C6F80841C6F800414D
:1035E000C6F80441C5F8C840C5F8C44003F096F9D0
:1035F000174B40F6FE72C6F83843C6F81443C5F8B8
:10360000C041C3F808254FF48062124B1C77C3E910
:103610000D44114BC5F84845C5F84445C5F840452B
:10362000C5F84C45C5F84841C5F84441C5F8404186
:10363000C5F84C41C3F89020BFF34F8FBFF36F8F95
:10364000C3F8902170BD00BF0050085000A0085082
:1036500000200850B013002000E100E0014BC3F847
:103660004C0E704700A0085010B50FC8014C84E8FC
:103670000F0010BD1414002008B50B4BC3F8D00E7A
:103680000A4B93F84A20586442F0010283F84A201A
:10369000FFF746FC30B9FFF737FF0320BDE80840CD
:1036A000FEF71ABB08BD00BF00A00850B0130020F1
:1036B00010B50E4C0346022294F83D0022770128F3
:1036C00094F83C1094F824204FF096000BD100F0B1
:1036D000D7F9074A00232062C2F84431A36B0344A0
:1036E000C2F8443510BD00F0E5F9F2E7B013002050
:1036F00000500850044BC3F8940ED3F8002442F055
:103700004002C3F80024704700A00850054BD3F8CE
:10371000002422F04002C3F800240022C3F8942EB3
:10372000704700BF00A008500022044B90421A705E
:10373000D97014BF022201225A707047B0130020C2
:103740002DE9F0470123824C824DB4F84870EB64B8
:10375000D5F84C25236BA2EB030801F0C5FBC4F898
:103760005880C4E91401FFF733FC7B4A0023C2F8F8
:103770000831C2F80031C2F80431D2F8001421F047
:103780001D01C2F8001484F84A30237F23B1D5F814
:103790004431003B18BF0123A17801290AD1D2F896
:1037A0001852002D43D16C4BD3F82032ABB145F009
:1037B000100512E0022938D1674AD2F81852D2F81F
:1037C0000C2E003D18BF0125D6074FEA450558BF0E
:1037D00045F004052BB345F00105FFF745FBE8066E
:1037E000A37803D5012B08BF45F02005594A94F86A
:1037F0000190D2F84815A163D2F8442584F83D30F1
:1038000094F82430626384F83C30B9F1000F10D191
:10381000FFF73AFB84F81C90E9077DD5636E984763
:1038200044E015F00B0FD8D1BDE70025BBE7082514
:10383000D3E715F0110F0ED1B9F1010A23792678DB
:1038400018BF4FF0010A012B43D0022B56D02BB1E9
:1038500040F6464145E0FFF757FEDDE7962150462A
:10386000FFF71AFB0146FFF70FFB012E50D1B9F10C
:10387000010F14BF272333239844884543D90220DE
:10388000FEF72AFA344B30461E61AA0746D5636C10
:1038900001465B78BB42A36E88BF45F00405C5F3C3
:1038A000800585F0010505F001009847A378022BFB
:1038B0000DD1237F5BB1022B264A3DD1A36B216A38
:1038C0000B44C2F84435234B244AC3F8C421BDE855
:1038D000F0872348FFF778FD94F83D3023B940F690
:1038E000B5013E20FCF73CFE012B04D1FFF79CFC08
:1038F000A369C118B7E7FFF77BFCF9E71848FFF7A2
:1039000063FDA169AFE7134B00222670C3F8402185
:10391000E2785046FFF7E4FD0020B6E715F0280FE7
:1039200005F0200104D0B1FA81F1E36E4909BCE74A
:10393000EB06BBD5236F72E7012B02D040F6A551F1
:10394000CFE7236AA16B8B42BBD840F6A651C8E7EC
:10395000B01300200050085000A00850090000805B
:10396000B8130020024B03EB8003D86B704700BFF5
:10397000E03E0100024B03EB8003986C704700BFF0
:10398000E03E01002E3008B5362854D8DFE800F0BC
:103990005053535353534D53535353535353535300
:1039A00053534B53535353535853585349534753FB
:1039B00045534353413F3D3B39373533312F2D2B51
:1039C00029272523215A1C003F231F4AC2F81037FC
:1039D00008BD3323F9E72D23F7E72823F5E7232351
:1039E000F3E71F23F1E71B23EFE71823EDE7152388
:1039F000EBE71323E9E71123E7E70F23E5E70D23BF
:103A0000E3E70B23E1E70A23DFE70923DDE70823E8
:103A1000DBE70723D9E70623D7E70523D5E7042308
:103A2000D3E70323D1E70123CFE74FF49873CCE723
:103A30004FF48873C9E74FF486713F20FCF790FD7F
:103A40000223C2E73923C0E700A00850054B4FF41A
:103A50007A72023833F8113003F2E733B3FBF2F332
:103A600018447047403F0100044B4FF47A7233F81A
:103A70001130B3FBF2F3013318447047403F0100AB
:103A800038B51D460A4B33F8114003EB8203053568
:103A90009B681C444FF47A7304F6B73403FB00446C
:103AA0001046B4FBF3F42544FFF75CFF284438BD0F
:103AB000403F010070B5064608461546FFF75AFF1D
:103AC000094B03EB85039C684FF47A7304F6B73413
:103AD00003FB0644241A2846B4FBF3F4FFF742FF25
:103AE0000530204470BD00BF403F01002DE9F04F7C
:103AF000264C87B0074698460D46164601F0BAFE9A
:103B000023788146BB4211D16378AB420ED194F940
:103B10000230B3420AD1E378834207D1A388A8F8E0
:103B2000003094F9060007B0BDE8F08F7B1EDBB2D1
:103B3000032B0DD8164A294612F803A00DF11703DE
:103B40003246504601F09CFE38B14121A92002E0E6
:103B500040F2FE410620FCF703FD039028469DF944
:103B600017B0FFF73DFB039A0346414658460092C3
:103B7000524600F03FF8B8F80030A071A3802770DB
:103B80006570A67084F80390CBE700BF4005002065
:103B9000663F0100014B1B681B6818476C0500203D
:103BA000014B1B685B6818476C050020014B1B68C4
:103BB0009B6818476C050020014B1B681B69184760
:103BC0006C050020014B1B685B6918476C050020E1
:103BD000014B1B689B6918476C050020014B1B6853
:103BE000DB6918476C050020014B1B689B6A18476E
:103BF0006C05002030B4044C9DF8085024680295F0
:103C0000E468A44630BC60476C05002000220D49E2
:103C1000134610B540FA02F4E40744BFCA545C1CD2
:103C200002F1010248BFE3B2042AF3D1054AFF249E
:103C3000D118032B01D9107110BD013301F8014BCC
:103C4000DBB2F6E7801B002008B5074801F05AF800
:103C5000054800F03FF801F009FD01F003FC00F019
:103C6000A7FB012008BD00BF7C15002008B501F0AE
:103C700025F801F0D1FC01F019FCBDE8084000F086
:103C8000B3BB01F035BD01F06FB810B5EFF3108490
:103C900072B601F069F804B962B610BD01F076B8E9
:103CA00001F08EBD01F044BD01F054BD01F054BDE2
:103CB00001F058BD01F07ABD08B5054B1A781AB16C
:103CC0002721032002F0D0FB5860197008BD00BF07
:103CD00084150020024B986000221A705A607047C9
:103CE00084150020F7B51E4C2378012BDAB204D0DE
:103CF000022A2ED0012003B0F0BD0DF1070160684B
:103D000000F07EFB65686B7DDB071CD5AB7F042B69
:103D100019D001F083F80646A8B101F085F82B69A7
:103D2000D5E900279A18B36847F100070A332CBF7A
:103D3000012500251B1845EB01059342BD4102D327
:103D4000606800F02DFC0023636023709DF807007D
:103D5000D1E70DF10701606800F05CFBF3E700BFFD
:103D60008415002010B5837F8BB9034601F118023A
:103D700051F8044B914243F8044BF9D10124847764
:103D80002146FFF799FF00F0E1FF204610BD00201B
:103D9000FCE773B505460C4601F040F80646AB7FDC
:103DA000012B1AD021462B4604F1180251F8040BBE
:103DB000914243F8040BF9D101230DF10701284684
:103DC000AB7700F01DFB16B1012002B070BD044BB3
:103DD0000421986804F08EF9F6E70020F5E700BFAB
:103DE0008415002010B5FFF7D4FF044620B1034B23
:103DF0000621986804F07EF9204610BD8415002045
:103E0000024B0621986804F075B900BF84150020A4
:103E100010B5EFF3108472B601F000F818B9C9219B
:103E2000032002F021FBFFF7EBFF04B962B610BDDF
:103E300010B504460221FFF73FFF00F087FFA07F87
:103E4000B0FA80F0400910BD38B50446A37F03B92D
:103E500038BDA37F032B02D0A37F042B0FD1EFF338
:103E6000108572B6204600F0F0FA05B962B6A37F5D
:103E7000002BEDD040F20D11032002F0F5FAA37FE4
:103E8000012B02D14FF48971F6E704F0D1F9DDE797
:103E900010B50446FFF7CCFF20B92046BDE810401E
:103EA000FFF7D2BF10BD13B50DF1070100F0B2FA54
:103EB000044600F0B3FF20B940F22F11032002F0B6
:103EC000D3FA204602B010BDF8B504460F4600F004
:103ED000ABFF0025A4682418384641F100062246AD
:103EE000334600F001FBA04271EB060309D3001B2F
:103EF0006FF0010361EB0601834275EB010102D310
:103F0000F8BD2846FCE74FF0FF30F9E710B5EFF3B6
:103F1000108472B6FFF7D8FF04B962B610BD2DE960
:103F2000F04185681746002306464A190C465B4156
:103F300013B10020BDE8F08100F076FF2A18384662
:103F400041F1000314EB020843F1000500F0CCFA44
:103F50004045A941EDD301F0CBFB00F075FAB36801
:103F6000012037752344B360E4E710B5EFF3108404
:103F700072B6FFF7D4FF04B962B610BD837F012B80
:103F800001D100F08DBB00207047D0E900017047DF
:103F90000069704700F048BF10B5EFF3108472B6A7
:103FA00000F042FF04B962B610BD80687047007D22
:103FB0007047F8B50369044623B140F2D5110320D8
:103FC00002F052FA01F094FB05460E4602F056F953
:103FD00070B36435D4E9003246F10001AB4272EBB4
:103FE000010001D22B460A46C4E90032EFF31085E6
:103FF00072B600F013FF064698B100F015FFB368E3
:104000000B332CBF012200221B18D4E9006042EBC5
:104010000101B34271EB00023CBF33460146C4E9E3
:10402000003105B962B62046BDE8F84000F0D2BACA
:1040300002F044F9074600F00DFFB84238BF384699
:10404000963546F100024319D4E9000142F100021D
:10405000834272EB0105C7D20346C4E7042300F193
:10406000180283770023037643768376C376044B66
:10407000196811B91A605A60704759680A60FAE7FE
:10408000901500202DE9F843DFF86C8000240646E7
:104090000F46D8F80830204633B950B3174B18787C
:1040A000BDE8F84302F0A6BB53E90612D3F800902E
:1040B000B14272EB07051AD253F8085C6D1842F151
:1040C0000002B542BA4112D24CB122681268226095
:1040D000A3F11800FFF7C2FF01204B46DCE7D8F838
:1040E0000820002AF4D01268C8F80820F0E71C461F
:1040F000F3E7BDE8F88300BF90150020B505002068
:104100002DE9F047304B4FF0000E05469446C2F8BB
:1041100000E09868002855D018380746BA69002A88
:1041200050D0D0E9009352E906684E4578EB03047D
:1041300003D2BF219F2002F097F9A94573EB010438
:104140000BD2046914EB090443F10003A542A14614
:1041500071EB03043CBFA9460B46AE4278EB010469
:104160000BD252F8084CA41948F10008A542264683
:1041700071EB08043CBF2E46884684680A344EF131
:10418000000A14EB090443EB0A03A64278EB03038D
:1041900018D2047D12F8043C9C420DD08CBF012340
:1041A00000232BB107F11803A2F11800CCF800305E
:1041B000BF693FB1183FB1E79388848B1B1BC3F3E2
:1041C000C033EEE7BDE8F087901500202DE9F04FF1
:1041D00085B082834E4A04460091D2F808C094F814
:1041E0001580D0E90030BCF1000F40D0ACF11801CF
:1041F000002708F00109D1E90026934270EB06057B
:104200006DD3B9F1000F2CD0277D0D7DAF4228D39F
:104210008D68AD1846F1000615F10A0A46F1000E48
:10422000534570EB0E0219D22269D21840F10007F3
:1042300092457EEB070B01D252467746AA42B74120
:104240000FD220460024FFF709FF324B187802F006
:10425000D1FA009B1C7005B0BDE8F08F1A460746E6
:10426000ECE78A690F4622B1A2F11801C3E7624662
:10427000674618F0010F37D0A168C91840F1000B4C
:1042800001918AB3019DD2E9001615F10A0E4BF196
:1042900000058E45B54127D394F814E0157DAE4551
:1042A00019D395686D1846F1000615F10A0946F113
:1042B00000084B4570EB080113D22169C91840F181
:1042C000000E894578EB0E0A01D24946C646A9423E
:1042D0007EEB060EB5D3926932B1183AD2E70A46A0
:1042E000C7E719468646F2E704F118035FB1BA69D9
:1042F000A261BB6103AA00200021FFF701FF231A7E
:104300005C425C41A5E7024AC4F818C09360F1E73B
:1043100090150020B5050020F8B5244C0023E3607B
:10432000EFF3108272B621686360E160236002B926
:1043300062B60026E36803B9F8BD9A79A3F11800C4
:10434000032A07D11A6801219E7153F80C3CE260E0
:104350009847EFE7196851B1A1F118030746002209
:104360009D7F042D09D09B7F032B02D1B2B9E16060
:1043700017E063219F2002F077F8B0F81CC09D8BF6
:10438000A5EB0C052D049D6944BF07F118021846E2
:10439000002DEBD01F46A5F11803E1E713681B6859
:1043A0001360C36802218677D2E700BF9015002012
:1043B00010B50A4C2378FF2B04D04FF484719F2052
:1043C00002F052F8064802F0EBF9064B002220708A
:1043D0009A601A605A601A8210BD00BFB5050020AD
:1043E000194300009015002010B5044C2078FF28D8
:1043F00003D002F0EFF9FF23237010BDB5050020B4
:10440000034B1A8A10B4541C1C8210BCDEE600BF99
:104410009015002037B504460D4601AA0021002062
:10442000FFF76EFE231A04F1180158425841287014
:10443000044803F085FE10B100230120A37703B0E8
:1044400030BD00BF981500201CE638B5114B04465E
:1044500000F118011A68B2B11A6800209AB19142AD
:104460000ED108B1A56905601D68A94204BF126894
:104470001A605A68914200D158600023A37707E080
:1044800010461268EAE7044803F05AFE0028F4D107
:1044900038BD00BF901500209C15002037B505469B
:1044A0000C46FFF7EFFD01AA28462146FFF728FE3C
:1044B00028B100F11803034A536103B030BD03462D
:1044C000F9E700BF9015002010B5064C616904F1B2
:1044D000080003F035FE18B16069002318386361E5
:1044E00010BD00BF901500209C46144BF0B59D6890
:1044F000FDB115F8043C183D834218D812F10A04A6
:10450000D5E900364CF10001A34276EB01070BD24E
:104510002F69FF1846F10006A7428E4107D3B4F178
:104520000A0041F1FF31F0BD1C463146F7E7AD69A5
:10453000DEE74FF0FF300146F5E700BF90150020A1
:1045400008B5837F022B1CD1437D13F0020302D0F8
:104550000023837708BD0322037643768376C376F0
:104560000D4B827700F11802196839B91A605A6048
:104570000A4B1878BDE8084002F03CB959680A6057
:10458000F5E7837F012BE5D0837F042BE2D04FF446
:10459000FB719F2001F068FF90150020B5050020F9
:1045A00010B500F118010446084803F0C9FD20B910
:1045B0004FF400719F2001F057FF2046FFF74EFD9A
:1045C000034BBDE81040187802F014B9981500208C
:1045D000B50500202DE9F74FD0F810E0BEF1000F2F
:1045E00004D040F21F219F2001F03EFF836890F825
:1045F00014800193D0E90014EFF3108972B6274BB1
:10460000B3F810C09B686BB1019D183B0A35D3E924
:1046100000264EF1000A6D1844EB0A0A95427AEB27
:10462000060707D2B9F1000F35D0C0E9001403B076
:10463000BDE8F08F8A4276EB04070CD31F69BF18E0
:1046400046F1000BAF427BEB0A0B34BF012500257E
:1046500075B99B69D7E712F10A0A9D6846F1000710
:1046600015EB0A0547F10007A94274EB0707ECE7D1
:104670001D7DA84509D0ECD912F10A019D6846F1CB
:104680000004691844F10004E3E79D8BA5EB0C05D9
:104690002D04DED5F0E762B6C7E700BF9015002015
:1046A000F7B50C460DF107010646878BFFF7B2FE02
:1046B00020B940F24A219F2001F0D6FE0FCC3546AA
:1046C0000FC594E803003A4685E8030030460DF133
:1046D0000701FFF77BFD012003B0F0BD034B187805
:1046E00000F0FD00431E584258417047A8150020B5
:1046F00038B5FFF7E9FE002580B1094CC4E9010592
:10470000E56000F0E7FE6068022329468377C3680E
:104710009847D4E90401FFF797FE012038BD00BF98
:10472000A8150020024B0521986903F0E3BC00BFE7
:10473000A8150020042938B5054613D005D802393C
:10474000012915D940F2C91109E00529FAD1FFF76D
:10475000C5FF10B1114C607F60B140F2BF11B020B5
:1047600001F082FEFFF7BEFA10B10C4B01221A775E
:10477000002012E0236A98470123206B6377084AE0
:10478000D4E90A31323B41F1FF31181841F10001FF
:1047900000F07EFF034B02202B6038BDA8150020DF
:1047A00025470000DD4A0000064B586810B520B9C7
:1047B00040F28D21B02001F057FEC3680621BDE80C
:1047C00010401847A81500202DE9F84F2B4D8146C1
:1047D0006B7F2E6B002B3AD1FFF780FF074618B195
:1047E000AB8E9E4238BF1E4600F082FF0446801901
:1047F0008B4641F10001FFF751FE68B3D0E9008A12
:10480000B0457AF1000324D3B8EB06006AF1000149
:10481000844223465A467BEB01043CBF03460A46CA
:104820009B1942F10002C5E90432154A00F030FF3D
:104830004046514600F08EFEEFB1A98E114B124A50
:104840008E4218BF1346C9F80030BDE8F88F002724
:10485000CAE700200146DBE76B7F33B12B78023BD0
:10486000012B02D82B6A0120984700236B7700F0B8
:1048700072FE064BE7E7044BE5E700BFA8150020F2
:1048800025470000574900009148000029490000D1
:10489000042938B5044624D007D80239012938D96B
:1048A00040F26B11B02001F0DFFD0529F8D100F0D6
:1048B00053FE194D01F0D6FCFFF710FFD8B16B7F06
:1048C000CBB900F015FFAA8E2B6B9B1A134AC5E9D2
:1048D0000A01181841F1000100F0DAFE104B2360C4
:1048E00007E0FFF7FFF9A0B100F0F2FE2046FFF766
:1048F0006BFF022038BD00F0FBFE2B6B074A323BFA
:1049000065EB0505181845EB010100F0C1FE054BEC
:10491000E5E70020EEE700BFA815002025470000CE
:1049200035470000DD4A0000032910B5044606D8CB
:1049300001290ED840F21711B02001F095FD04298D
:10494000F8D1FFF7CFF920B12046FFF73DFF022055
:1049500010BD0020FCE7042938B5054613D005D862
:104960000239012929D940F23B1109E00529FAD180
:10497000FFF7B4FE10B1124C607F70B140F23311FA
:10498000B02001F071FDFFF7ADF9B0B100F0A0FE6D
:104990002846FFF719FF022038BD236A98470123F4
:1049A000084A6377236BD4E90401C01A61F100015E
:1049B00000F06EFE044B2B60EDE70020ECE700BF3B
:1049C000A815002025470000914800002DE9F04778
:1049D00080468A4691463A4C002B5ED0D3E9005679
:1049E000854276EB01033CBF0E460546314628461C
:1049F000C4E9045600F0AEFDA38EB5EB080803F140
:104A0000640366EB0A0A43454FF0000373EB0A03A5
:104A100021DA637F43B12378023B012B02D8236A5A
:104A20000120984700236377FFF758FE0746236B62
:104A300003F5E17398457AF1000A15DA6FB1A08E9B
:104A4000204A281A66F1000100F022FE1E4BC9F828
:104A50000030BDE8F0870027E9E71A4A28463146CA
:104A600000F016FE194BF2E700F077FD01F000FCB4
:104A7000A38E206B4FB1834207D9E81A114A66F121
:104A8000000100F005FE124BE1E7281A0D4A66F11D
:104A9000000100F0FDFD0F4BD9E7637F33B12378B0
:104AA000023B012B02D8236A012098470023637739
:104AB00000F053FD01F0DCFB00F04DFD064BC6E7B6
:104AC000A8150020254700006D4B0000ED4B0000AD
:104AD000574900009148000029490000023970B58B
:104AE0000446032938D8DFE801F00502070E1D4B04
:104AF00000221A77002012E0FFF7F4F80028F9D01E
:104B0000184B0122F5E700F029FDB0B1154B1B7FD2
:104B100033B9FFF7EDFD18B1134B2360022070BDD0
:104B200000F0E6FD06460D46FFF7B8FC22460346B8
:104B300029463046FFF74AFFF0E700200021FFF743
:104B4000ADFC08B1FFF72CFD00F007FD01F090FB74
:104B50002046FFF739FEE1E740F2A511B02001F051
:104B600083FC00BFA8150020454C0000042970B547
:104B7000044613D005D8023901292ED94FF40F71FC
:104B800009E00529FAD1FFF7A9FD10B1144D687F9E
:104B9000B8B14FF40D71B02001F066FCFFF7A2F838
:104BA000D8B100F095FD00F0A3FD06460D46FFF7D5
:104BB00075FC2246034629463046FFF707FF0220D0
:104BC00070BD2B6A98470123064A6B77D5E904012B
:104BD00000F05EFD044B2360F1E70020F0E700BF2A
:104BE000A815002025470000ED4B0000042970B5F2
:104BF000044611D007D8023901291FD940F21721E4
:104C0000B02001F031FC0529F8D1FFF771FD40B16A
:104C10000B4B2360022070BDFFF764F870B100F009
:104C200057FD00F065FD06460D46FFF737FC2246AE
:104C3000034629463046FFF7C9FEEBE70020EAE7C6
:104C4000454C000002392DE9F041064604292ED8D2
:104C5000DFE801F003090B2D0E00174A1378003B23
:104C600018BF0123537700201FE0FFF73BF8FAE756
:104C7000DFF8448000F044FC00F03AFD0C460546A5
:104C8000FFF70CFC0746D8F80400FFF759FC002397
:104C900000222846C8F8043000232146C8E904232E
:104CA0003B463246FFF792FE0220BDE8F08140F21B
:104CB000EF11B02001F0D8FBA815002010B5EFF3DC
:104CC000108472B60B4B0C4A9B691B6893420DD043
:104CD0000A4A93420AD00A4A934207D000F03DFCA8
:104CE00001F0C6FA00F037FC00F0F2FC04B962B63D
:104CF00010BD00BFA8150020294900005749000039
:104D000091480000054B10B5054C03600023A061DD
:104D1000237001F0D3FA3230206310BD294900001E
:104D2000A815002008B5074B9A691168064A9142F8
:104D300004D040F27221B02001F096FB32301863AB
:104D400008BD00BFA81500202949000010B5EFF3E9
:104D5000108472B6034B0421986903F0CBF904B9AF
:104D600062B610BDA815002008B5064B5B6823B9D4
:104D700040F29321B02001F077FB034ABDE80840E0
:104D800000F086BCA8150020A947000008B5064B16
:104D90005B6823B940F29921B02001F065FBBDE8C2
:104DA000084000F095BC00BFA815002008B5054BD1
:104DB0005A6822B940F29F21B02001F055FB98605B
:104DC00008BD00BFA815002008B5054B5A6822B9D8
:104DD00040F2A521B02001F047FBD86008BD00BF1C
:104DE000A8150020054BDB6810B523B940F2AB21B4
:104DF000B02001F039FBBDE810401847A81500208D
:104E0000054B9B6810B523B940F2B121B02001F0E9
:104E10002BFBBDE810401847A8150020014B58682F
:104E2000704700BFA815002008B5054B5A6822B985
:104E30004FF42F71B02001F017FBD3E9040108BD36
:104E4000A8150020024B323118701A6299867047FB
:104E5000A815002008B5FFF741FC08B1014B988E5A
:104E600008BD00BFA81500200028ADBF00F16040BC
:104E700000F00F00044B00F56140B4BF185C90F8DF
:104E800000034009704700BF14ED00E0064B1B68AB
:104E900010B51BB97621452001F0E6FA1A6A052102
:104EA000586ABDE810401047E0150020064B1B680B
:104EB00010B51BB97021452001F0D6FA1A6A0421F9
:104EC000586ABDE810401047E0150020FFF76EBF9C
:104ED000FFF77ABF034800214022C0E900110830E3
:104EE00003F032BAE0150020FEF7CBBE704708B5DC
:104EF000074B1A681AB9C121452001F0B5FA0549D6
:104F0000D1600022C3E90022BDE80840FEF778BF67
:104F1000E0150020455200001F2801D900207047ED
:104F2000044B03EB4000037A002BF7D000230372FD
:104F300001207047E0150020F8B50E4A0C4600230A
:104F400002EB4306357A05F0FF0175B9DDB2FF27A4
:104F50003772282673431A44C2E91A0406482022ED
:104F6000184403F0F1F92846F8BD0133202BE7D1AE
:104F70001D46F8E7E0150020281600201F2810B570
:104F800001D9002010BD064B03EB4004247A002C0D
:104F9000F7D0282404FB0030C0E91A120120F1E701
:104FA000E015002030B587B00C46054618220021D8
:104FB000684603F0C9F9237853BBD4E904310A3BAE
:104FC0006268207A41F1FF310A328DF814000292B2
:104FD0009DF81520154822F003020390CDE9003119
:104FE000637A6946C3F340035B0043F00103134354
:104FF0008DF815300E4B5868C0F3080088B1103892
:10500000FFF732FF68B92846FEF7C3FE07B030BD90
:10501000FEF737FE226910F10A03049241F1000104
:10502000CDE72846FEF79EFEF0E700BF45520000A0
:1050300000ED00E01F2830B411D80A4A02EB40040A
:10504000257A65B14B7A4832C3F3800383F00103BC
:105050006372282330BC03FB0020FFF7A3BF0020AE
:1050600030BC7047E015002008B50A4B024658686E
:10507000C0F3080040B11038FFF7F6FE20B9104623
:10508000BDE80840FEF70FBF1046BDE80840FEF738
:10509000CFBE00BF00ED00E0024B282202FB003033
:1050A000FFF7E2BF2816002010B5037886B004464B
:1050B00023B14FF4AA71452001F0D6F90593416858
:1050C000CDE90333D0E90432007A0A310A3B8DF886
:1050D0001400684642F1FF320291CDE90032FEF73A
:1050E00068FF009B019A01200A3342F10002C4E9E3
:1050F000043206B010BD4FF4BA71452008B501F076
:10510000B3F908B5094B0A46596821B940F279113B
:10511000452001F0A9F901461868FEF700FF18B113
:10512000FEF7BCFD002008BD0220FCE7E0150020D2
:10513000194B70B50446586886B0C0F3080010B922
:10514000002006B070BD1038FFF78EFE0346002821
:10515000F6D1C3F307230E7A4D6823F003030A3513
:10516000CDE90400D1E904208DF814600A3A0B4E11
:10517000029540F1FF300396CDE900204A7A20469F
:105180006946C2F34002520042F0010213438DF817
:105190001530FEF7F3FED4E700ED00E045520000C5
:1051A0001F280AD8064B03EB4002127A2AB1483373
:1051B000282202FB0030FFF7BBBF0020704700BF72
:1051C000E0150020034B5A6812B11868FEF7EFBED5
:1051D00002207047E0150020024B01461868FEF7D8
:1051E00073BE00BFE0150020FEF72EBE1F2808B5D5
:1051F00004D940F2E511452001F036F9074B03EBE5
:105200004002127A12B94FF4F371F4E748332822BE
:1052100002FB0030BDE80840FEF716BEE015002096
:1052200008B5074B5B6823B94FF4F671452001F0D0
:105230001BF9FEF7AFFE0A3041F1000108BD00BFC7
:10524000E01500202DE9F0411C4F05461C4B0E4691
:1052500007F14804041BE4105C43E4B2620007EB6E
:105260004404237A19BB3B681BB18E21452001F011
:10527000FBF87B680BB18F21F8E707F108031344B3
:10528000C7E900030F48FFF791FD0F48FFF79CFDAA
:10529000FFF7C6FF637A80464BB1FEF701FDA8EB2E
:1052A0000000C7F8480500F035FA0028FBD02B6A4B
:1052B0003146686ABDE8F041184700BFE01500209C
:1052C000CDCCCCCCAD4E00008D4E000010B50446C8
:1052D000FFF7A6FF201841F10001FEF7D4FC0120E2
:1052E00010BD024BD3F84805704700BFE015002001
:1052F000FEF7DABC7047FEF7D5BCFEF7D7BCFEF769
:10530000D7BC08B5FFF79EFD002008BD70B50B782F
:1053100086B023B140F23121452001F0A5F8059374
:105320000E7A4D68049228228DF814600A35124EC8
:1053300002950396D1E904340A3B44F1FF34CDE9E8
:1053400000344B7A4FF00001C3F34004C3F38003F1
:1053500064F3410183F001038DF81510074901EB57
:105360004004637201F14803694602FB0030FEF716
:10537000F9FC06B070BD00BF45520000E0150020EA
:105380007FB5FEF77EFC002305930B4B039340F2A1
:105390001E2302934FF0FF33CDE900016946074811
:1053A0000493FEF7F6FC18B9CB21432001F05CF81A
:1053B00007B05DF804FB00BFC1530000301B0020A4
:1053C00038B5062937D8DFE801F0043833363636E9
:1053D000170002F07AFEFEF7DDFD044617480D4681
:1053E000FEF7E3FD1E3C45F1FF312018BDE83840D3
:1053F00041F10001FEF747BC00F040FF38B10F4B10
:10540000002283F82020BDE83840FEF7F9BC02F006
:105410005EFE08B902F059FE00224FF40071074801
:10542000FEF77DFD0028D6D1EA21432001F01CF8CB
:10543000BDE83840A4E7F921F7E738BD301B00206C
:1054400010B5074C94F8203043B900F017FF28B985
:10545000012384F82030BDE8104091E710BD00BF63
:10546000301B00204FF000430D4A0E480021C2F8C7
:105470008030A2F58022C2F88031012302F5783213
:10548000C2F80435A2F58022C2F804352022064B6A
:1054900080F820101B68D3F81835436202F054BF1F
:1054A00000400C50301B0020241500200023084A27
:1054B000C2F88030A2F58022C2F88031012302F5C3
:1054C0007832C2F80835A2F58022C2F80835704754
:1054D00000400C5008B507F0E5F8074AD2F85837F5
:1054E00043F00103C2F858370122044B1B68C3F88C
:1054F0001825BDE80840A3E700200E502415002021
:1055000008B507F0D5F80E4AD2F8583723F0010352
:10551000C2F858370B4B0C4A1B68526AC3F818255F
:1055200001220A4B5A604FF0FF32C3F808232022B1
:10553000074BC3F89021BDE8084000F0C9B800BF90
:1055400000200E5024150020301B00200050085071
:1055500000E100E0704770477047704708B500F001
:105560008DFEB0B90D4BD3F800314BB90C4A936A9C
:105570000133312B93620BD99C21432000F074FF3F
:1055800002F0A5FD08B1A021F7E702F09CFD012083
:1055900008BD034B00229A62F9E700BF00E01050FB
:1055A000301B00204CE700BF1848202208B5C0F887
:1055B0009020BFF34F8FBFF36F8F154BC0F8902132
:1055C000D3F8041521F00301C3F80415D3F8081526
:1055D00041F00301C3F8081592FAA2F1B1FA81F182
:1055E000092904DD4FF473710A4800F033FFC3F852
:1055F000101501215960D9604FF00041C3F88010A7
:105600004FF0FF31C3F80813026108BD00E100E06C
:1056100000500850B44A0100124B4FF4E062C3F846
:1056200038230022C3F8AC25C3F8BC25C3F8CC2529
:10563000C3F82021C3F82421C3F8282120220A4BD3
:10564000C3F89C21C3F89C20BFF34F8FBFF36F8F2B
:10565000C3F89020BFF34F8FBFF36F8FC3F8902133
:10566000704700BF00200E5000E100E008B5FFF7D2
:10567000D3FF054B4FF4A062C3F834232022034B21
:10568000C3F89C21DA6108BD00200E5000E100E063
:105690000C4B10B51C681CB14B21042000F0E4FE3B
:1056A000B1F5801F1A6004D340F2E141064800F0D2
:1056B000D1FE064B0122C3F8A005C3F8A415C3F818
:1056C000AC2510BD601B0020B44A010000200E5024
:1056D000054A136833B100230449C1F8AC35C1F859
:1056E00020311360704700BF601B002000200E5067
:1056F00030B54FF0FF30064C6FF04041D4E9002345
:10570000904271EB0305F9D31046C3F3130130BD8A
:1057100040270E5008B5FFF7EBFF044BD3E90223F7
:10572000904299412CBF0120002008BD601B002041
:1057300010B5029C241841F10001A01A61EB03018D
:10574000B0F1004F71F1000103DB7721042000F07C
:105750008BFE10BDFFF7CCBF014B1861704700BF37
:10576000601B002008B50E4B1B691BB98721042064
:1057700000F07AFEEFF3108272B6B1F5801F04D309
:1057800040F2E141074800F065FE074BC3F8C00551
:10579000C3F8C4150121C3F8CC1502B962B608BD1F
:1057A000601B0020B44A010000200E5008B5FFF72E
:1057B000FBFE024B01221A6008BD00BF00500850DA
:1057C00010B5FFF7F1FE114C0023C4F8BC35C4F846
:1057D0002431FFF78DFF0A3041F10001B1F5801F40
:1057E00004D140F2E1410A4800F034FE4FF000439A
:1057F000C4F8B005C4F8B415C4F8A4310123C4F842
:10580000BC35044BC3E9020110BD00BF00200E509F
:10581000B44A0100601B0020144BD3F8342312F467
:10582000A06F10B503D1C821042000F01DFED3F8ED
:1058300020215AB100220E49C3F8AC25C3F820211B
:105840000B680BB9D021EFE70A609847074BD3F8F4
:1058500028214AB10022C3F8CC25C3F82821044BE3
:10586000BDE810401B69184710BD00BF00200E5056
:10587000601B0020014B187D704700BF28140020DA
:10588000042810B511D883B104280CBF1024282493
:10589000A1420AD2064C54F8200018B141568A425F
:1058A000A8BF0A4600201A7010BD6FF01500FBE774
:1058B000281400200728034611DC10F12D0F10DBFF
:1058C000094A101890F82E0002EBC00292F93C2011
:1058D0009A4207D0002918BF0130C0B270471B2080
:1058E00070470020704700BF6C3F0100072808B5D3
:1058F00007DCFFF7DFFF044B03EBC00393F93C0029
:1059000008BD0820FCE700BF6C3F010010F0FF005D
:1059100008B5094B05D0012807D05121B52000F06A
:10592000A3FD01229A601A6008BD044A1268292A60
:10593000F3D15862F8E700BF00E010500C150020CA
:1059400010F0FF0008B5174B05D0012820D08421A6
:10595000B52000F089FD01225A60DA60C3F8000129
:10596000114B18700F4BD3F80824D2070FD40F4AED
:105970001268292A03D1D3F86834DB0707D4094B0E
:105980000022C3F81021C3F81821C3F8142108BD60
:10599000064A1268292ADAD100229862C3F81C212B
:1059A000E0E700BF00E010503D1400200C1500207F
:1059B000014B01221A7070473D14002008B50D4BB1
:1059C00028B101280BD0D021B52000F04DFDD3F82F
:1059D000103113B9084B187808BD0120FCE7074ABD
:1059E0001268292AEFD1D3F81C01003818BF012012
:1059F000F2E700BF00E010503D1400200C1500201D
:105A0000024BD3F8080400F00100704700E010508A
:105A1000024BD3F8480400F00100704700E010503A
:105A2000024BD3F84004C0B2704700BF00E01050F2
:105A300007490246D1F84C04D1F84C1410F48030D8
:105A400005D0D0B201F003031B1A584258417047E9
:105A500000E0105038B51A4BD3F80C34DA0304D4F4
:105A600040F27F116D2000F0FFFC164A0124164B16
:105A7000106A536620F03F0094645464136CDB0397
:105A8000FCD4136A116C03F03F03C1F30A01C1F5A2
:105A9000806181EAE1750B29A5EBE17509DD3F2BFA
:105AA00004D0013303431362172DE6DC0023936413
:105AB00038BD0B31F8DA002BF8D0013BF2E700BF1C
:105AC00000E01050000812500100008038B50B4C67
:105AD00023781BB100232370FFF7BCFFEFF3108581
:105AE00072B6637803F0FF000BB9FFF729FF05B921
:105AF00062B6034B00225A6638BD00BF4014002036
:105B000000081250002808DB4309012200F01F00A2
:105B100002496033824041F82320704700E100E0F1
:105B200070B5174D012204460E462B18DA7002F0AC
:105B3000BDFAA0B934B1012C0FD04FF494716D208F
:105B400000F092FC11232A19012105EB8404517104
:105B50000C4AA660C2F8043370BD8023F3E7002E20
:105B6000FAD034B90220B047002305EB8405AB60BE
:105B7000F2E7012C01D12046F5E740F24311DEE7C0
:105B80004014002000E01050044B0022191803EBD1
:105B900080034A719A60CA70704700BF40140020A9
:105BA000014B1882704700BF40140020014B988AB7
:105BB000704700BF40140020014B188A704700BF97
:105BC0004014002010B5EFF3108472B6064B034466
:105BD0005A780132D2B25A705B78012B01D1FFF7AB
:105BE00095FE04B962B610BD40140020034610B5FE
:105BF000EFF3108472B611490B445A7822B940F27F
:105C000067216D2000F030FC5A78013AD2B25A7008
:105C10005B7883B98B7D43B1094BD3F80C34DB033C
:105C200006D44B7803F0FF002BB9FFF789FE02E0A2
:105C3000C87D00F0DFFD04B962B610BD401400203D
:105C400000E0105010B502F034FA0C4C02F02EFABD
:105C500060B1237E3BB90A4B01229A61042363762B
:105C60000023A37610BD02F027FAF9E703230122EF
:105C70006376034BC3F80423F2E700BF401400200F
:105C800000E01050014B01221A62704700E01050F2
:105C9000044BD87E28B1044BD3F81001B0FA80F041
:105CA000400970474014002000E0105038B50C4BFC
:105CB000DD7E5DB90124DC7602F0FBF9094B102290
:105CC000C3F81051C3F80423DC6138BDFFF7E0FFCF
:105CD0000028FAD040F2A3216D2000F0C5FB00BFE0
:105CE0004014002000E01050024B587E003818BFCE
:105CF000012070474014002038B5174CA37D23B90C
:105D000040F216316D2000F0AFFB01232370237E9B
:105D1000C3B9237FB3B1A27E013B9A4212DA02F0EB
:105D2000C5F9054600F000FD237F012B82BFA37E4D
:105D30000133A37655B1236AC31A0133022B09D963
:105D400035B12062BDE83840FFF77CBF636AF3E7F6
:105D50006062F7E738BD00BF4014002037B5184C2B
:105D6000237E63B9A06A00F00300FFF761FE30B143
:105D7000EFF3108372B6627E1AB103B962B603B054
:105D800030BD0122627603B962B608230D4DC5F815
:105D900008334FF42073ADF80630BDF806309BB2DF
:105DA0005A1E92B2ADF80620002BF6D1C5F80C3180
:105DB00084F82C30FFF746FF0823C5F80433DEE7EC
:105DC0004014002000E010502DE9F74F544CA37D03
:105DD000002B00F0A1800323524AADF80430524B4F
:105DE0001268D3F80051003D18BF0125292A07D1B8
:105DF000D3F81C2122B1012245F080058DF8052041
:105E0000D3F80881D3F8142112B9D3F8183173B13B
:105E1000454B0026C3F81461C3F81861C3F810613C
:105E2000E37E0BB102F048F9E676FFF7BBFB3E4B91
:105E3000D3F810316BB3E37E1BB102F03DF90023C0
:105E4000E376637913B102238DF8043045F0100531
:105E5000364E0DF1040A344B4FF00009F71EC3F81B
:105E600008531AF8010B03280AD03B7843B14FF0CE
:105E7000000B336887F800B013B19847C6F800B03C
:105E800009F10103043601374FF00109022BE8D173
:105E900001E0002DDCD1B8F1000F08D0224B002228
:105EA000C3F808210422C3F80823FFF757FF94F82A
:105EB0002C60EA071C4BF6B2D3F80C7108D5627E51
:105EC000032A05D1227E82B90422627601229A61D8
:105ED000A7B1154B0022C3F80C21637E042B09D017
:105EE00040F279316D2000F0BFFA02F0E5F80223AC
:105EF0006376EDE70223637602F0DEF866B10023F5
:105F000084F82C30637E022B01D1FFF79BFE03B097
:105F1000BDE8F04F02F0D0B803B0BDE8F08F00BF8D
:105F2000401400200C15002000E010504814002000
:105F300010B5054CA06A00F00300FFF779FD0028BA
:105F4000F8D0002010BD00BF401400202DE9F04122
:105F5000054650B10278022A07D8437842B9013B7E
:105F60001F2B02D88378212B07D96FF01500A0E0F2
:105F7000002BFAD18378002BF7D1754EB6F900309B
:105F8000002B0DDB5A09012103F01F03994002F198
:105F90002003704A42F82310BFF34F8FBFF36F8F77
:105FA000B6F90000FFF7AEFD6B4AFD236B4CC2F85B
:105FB00008336B4B1B68292B4FF0000308BFC2F856
:105FC0001C31C2F80031C2F80831C2F80C316370DC
:105FD000A370AB88A382FFF713FD10B10123E37018
:105FE00063705D4F40F25633D7F80C04238210F4EF
:105FF00080301BD0FFF7DCFC5A4800F0D1FB564F35
:106000006023E0750022C7F804332B78A978012BB0
:10601000E276A26223762177A2761FD0022B16D0D9
:10602000EBB140F22E516D2000F01EFAC7F81001BE
:10603000FFF76CFCD7F81031002BFBD0FFF70AFDFF
:106040000020FFF77DFC484B00225A66D4E702F09F
:1060500030F8D7F80C34D903FBD50223A362FFF73D
:10606000D7FC68B3FFF7DCFCA36A03F00303984294
:1060700026D1AB79FBB9FFF75BFF237F63B12B78A8
:1060800053B902F013F8054600F04EFB6FF00043E1
:10609000002D52D0C4E9080300230125B6F9000001
:1060A0006376A575FFF72EFDB6F90030002B47DAB1
:1060B0000020BDE8F081284B0422C3F80423DCE76C
:1060C000254B012200215A61C3F8081194F82810C9
:1060D000C3F840141A610422C3F80423AA79002AE1
:1060E000CBD1D3F80423520702D440F2E1419AE71E
:1060F0001E4A116901F01008116941F01001116187
:10610000D3F808310BB902F095F8134FD7F80831DE
:1061100083B1FFF70DFFB8F1000F04D1134A1369E3
:1061200023F0100313610423C7F808330023C7F8D2
:106130000831A2E702F07CF8E8E7C4E90830ABE7F1
:106140005A0903F01F039D40024B43F82250AFE76A
:106150002815002000E100E000E01050401400206D
:106160000C150020CD5A00000008125000ED00E090
:1061700040B1012808D1054B1868A0F12903584205
:106180005841704701207047002070470C150020CF
:106190000F4A38B5137904460D461BB18D216F2087
:1061A00000F062F9FFF7E4FF70B1224453790BB1BC
:1061B000002038BD012320465371FFF703FD294617
:1061C0002046FFF7ADFCF3E76FF01500F1E700BFE5
:1061D0007014002070B50D4D04462E791EB1A42117
:1061E0006F2000F041F9FFF7C3FF60B125446B79E0
:1061F0000BB9002070BD2046FFF7C6FC20466E712B
:10620000FFF7F4FCF5E76FF01500F3E770140020DA
:1062100010B501B3F0B14FF0FF33104A1C46E0FB5C
:106220000134944203D9E5216F2000F01DF91A0DC5
:10623000C3F30F100A4B42EA04324FF22444B2FB7C
:10624000F4F100EB024003FB1100B0FBF4F040EA74
:106250000140013010BD0846FCE700BF3F420F007F
:10626000000024F4014B9B68184700BF7014002005
:10627000014BDB68184700BF70140020014B1B69FD
:10628000184700BF7014002008B5064B1B7923B1D6
:1062900040F241116F2000F0E7F8BDE80840FFF739
:1062A0002BBD00BF70140020034B1A790AB9FFF709
:1062B0007DBC988D704700BF70140020034B1A7985
:1062C0000AB9FFF779BC988A704700BF70140020A4
:1062D000024B1B790BB9FFF741BD704770140020CA
:1062E000014B9B69184700BF7014002038B51D4C46
:1062F000237933B3FFF7C2FF50B91B4DC5F8100126
:10630000FFF7B0FFD5F81031002BFBD0FFF7B0FF3F
:10631000154B6022C3F80423636A9847002806DB04
:1063200094F82E3023B10123002084F8303038BD9A
:10633000FFF7D6FF0028F6DA40F2A5116F2000F033
:1063400093F80A4BA3610A4BE3610A4B23620A4BA1
:10635000A3600A4BE3600A4B2361FFF7F7FD0028B7
:10636000E1D0E4E77014002000E01050315F00003D
:10637000C5800000E95C0000B3800000B980000027
:10638000BF80000038B5084B04461D7925B140F2A6
:10639000F9116F2000F068F8FEF7C4FC2046FFF703
:1063A000FFFB284638BD00BF70140020014B187950
:1063B000704700BFA8140020044B1A79824283BFA3
:1063C0001B68302202FB003000207047A814002018
:1063D000BFF34F8F0549064BCA6802F4E0621343CE
:1063E000CB60BFF34F8F00BFFDE700BF00ED00E0C3
:1063F0000400FA05144B01224FF0FF3113481B68CB
:106400005A60C3F80813B0F90030002B0CDB5909AF
:1064100003F01F039A4001F120030D4941F82320A6
:10642000BFF34F8FBFF36F8FB0F90030002B09DB44
:106430005A09012103F01F03994002F16003044A45
:1064400042F82310704700BF1C15002030150020B3
:1064500000E100E008B572B6024B5B6803B19847F3
:10646000FFF7B6FFB01400201FB572B6144B5C687E
:1064700094B9FFF7ADFFB2FBF6F22B465D1C002A84
:10648000F9D1DBB203F110056D4405F80C2C0A229A
:1064900033B901A8A047ECE7024600230A26EDE73E
:1064A000013BDBB203F110050DEB0506B0FBF2F585
:1064B00002FB1500303006F80C0C2846E8E700BF58
:1064C000B0140020F8B5294F05460C4616463B7817
:1064D000002B47D100F0CEF9254B1B681C2B06D1B1
:1064E000244B1B681BB99E211120FFF7BDFF01F053
:1064F000DCFD7E60204B01263C814FF48062C3F8B6
:10650000A4601E4BC3F89020BFF34F8FBFF36F8F73
:10651000C3F89021FFF76EFF194B002D14BF2846DA
:106520001846FFF7E3FE0546D0B9FEF7D3FCFFF7A8
:10653000CFFE01F0CEFDFDF787FB08B9BE21D3E702
:10654000002C0BDB04F01F036409A4009E4004F13F
:10655000604404F56144C4F88061266001233B7007
:106560002846F8BD4FF0FF35FAE700BFB014002011
:106570000C1500201015002000A0085000E100E0DC
:1065800084400100074BB3F90830002B09DB5A099E
:10659000012103F01F03994002F14003024A42F82F
:1065A00023107047B014002000E100E0014B187880
:1065B000704700BFB01400202DE9F74F4FF0FF38AF
:1065C000524DCDE90012524A1478E4B282F80080AC
:1065D00014B14FF0FF3151704E4FDFF83C91DFF8AE
:1065E0003CA1EFF3108B72B64FF0010C2968009EAE
:1065F0004FF0000EC1F804C0C1F800E1C1F804E199
:10660000C2E90167019EC2E905670668C1F8106525
:106610004668C1F814658668C1F81865C668C1F88F
:106620001C653F4EC1F830651036C1F83865C1F8B9
:1066300000C0BBF1000F29D162B627E0394ED6F871
:1066400010C01CF0100F22D0B9F9001000290BDB8C
:106650004FEA511C4FF0010E01F01F010CF1600CCC
:106660000EFA01F14AF82C10EFF3108C72B64FF0CD
:10667000030E2968C1F804E3D1F800E1BEF1000F70
:1066800001D1D1F80411BCF1000FD5D02968D1F89F
:1066900000C1BCF1000F04D1D1F804C1BCF1000F5E
:1066A000CCD04BB10C9E3EB1D1F840C5C3F800C070
:1066B000D1F83CC5C6F800C0D1F80411002990D12A
:1066C0000CBB5778FFB254704FF0030C2968C1F827
:1066D00008C3C1F80441C1F800410F49B1F90010E5
:1066E00000290BDB4C094FF0010C01F01F010CFAE3
:1066F00001FC04F16001094C44F821C00021117033
:10670000002F7FF461AF03B0BDE8F08F1C150020AF
:10671000BC1400201000000B3015002000E100E048
:10672000C014002000ED00E01A4B4FF4000270B5D9
:10673000C3F89820BFF34F8FBFF36F8F164C002123
:10674000164DC4F80011C3F898212E692B6906F084
:10675000100643F010032B610123C4F804332360B7
:10676000D4F800319BB11EB92B6923F010032B61C3
:106770000123D4F808054FF400026360C4F808331D
:106780000023C4F80031034BC3F8982170BD01F019
:106790004FFDE5E700E100E000700D5000ED00E086
:1067A00038B50B49042301EBC302157905F0FF044A
:1067B0002DB1013BF7D240216920FFF755FE41F88A
:1067C000330001215471D8B29471117138BD00BFEA
:1067D000E0140020042808B503D947216920FFF7F9
:1067E00043FE034B002203EBC0031A7108BD00BF38
:1067F000E0140020042808B503D950216920FFF7D0
:1068000033FE094B03EBC0000379012B01D051216A
:10681000F4E7437982790133DBB29A4218BF4371BE
:10682000BDE80840FFF7AEBEE014002038B50524EF
:106830000F4D95F8281005EBC1031A79012A09D1EB
:1068400058799A79904205D05A79D2B29A7155F80E
:106850003130984795F82830013C0133DBB2052BE5
:1068600028BF002314F0FF0485F82830E1D138BD9B
:10687000E01400201449154BD1F84023292AF0B523
:106880001A60D1F844C316D0272A02D1BCF1000FF8
:1068900011D00F4A40F205140E4F46200E4E4721EC
:1068A0000E4D5962C3E901C2C3E90327C3E9056577
:1068B000C3E90740F0BD0A4A4FF48774074F4A20E6
:1068C000084E4B21084DECE700C0FF000C150020DE
:1068D00000600450007004500030045000B00450B8
:1068E00000A004500040045000E00450094B0A4A44
:1068F000C3F800230132C3F80C230132C3F8182374
:106900000132C3F820230132C3F81C230132C3F83B
:106910001021704700A0085004000080074B00229F
:10692000C3F80023C3F80C23C3F81823C3F82023AB
:10693000C3F81C23C3F81021704700BF00A0085003
:10694000844641EA000313F0030359D1403A33D39C
:10695000F0B4F0C9F0C0F0C9F0C0F0C9F0C0F0C99F
:10696000F0C0403AF5D2F0BC26E0403A24D300BF54
:106970000B6803604B6843608B688360CB68C360BF
:106980000B6903614B6943618B698361CB69C361A7
:106990000B6A03624B6A43628B6A8362CB6AC3628F
:1069A0000B6B03634B6B43638B6B8363CB6BC36377
:1069B00040304031403ADBD230320BD30B680360B9
:1069C0004B6843608B688360CB68C36010301031C4
:1069D000103AF3D20C3205D351F8043B40F8043B93
:1069E000043AF9D2043208D0D2071CBF11F8013B97
:1069F00000F8013B01D30B8803806046704700BF5D
:106A0000082A13D38B07B0D010F00303ADD0C3F125
:106A10000403D21ADB071CBF11F8013B00F8013B4D
:106A2000A3D331F8023B20F8023B9EE7043AD9D3C6
:106A3000013A11F8013B00F8013BF9D20B780370E1
:106A40004B7843708B7883706046704753B94AB96E
:106A5000002908BF00281CBF4FF0FF314FF0FF3066
:106A600000F00CB8ADF1080C6DE904CE01F09DFC0E
:106A7000DDF804E0DDE9022304B07047704700BF91
:106A80008B88043010B500F8043C0C4610F8033C29
:106A900003F0F00300F8033C8A88C2F30322134397
:106AA00000F8033C03F0CF03CA8800F8022CCA8820
:106AB00000F8033C120A00F8012C0A7A120102F0D5
:106AC0003002134303F03F0300F8033C4A7A43EAE1
:106AD000821300F8033C0968814205D0E288FB2A52
:106AE00028BFFB22FFF72CFFE0880430C0B210BDA6
:106AF00070B50B7805460C46192B12D8CBB1013B6B
:106B0000182B16D8DFE803F01A2615999FA5ABB10C
:106B1000B5B7C7CD1515152ABBC1D1D7DDE3E9EF50
:106B2000F500822B4FF0FF0200F0E980832B00F08C
:106B3000EA8040F26721C720F9F712FD0C230B70A1
:106B40000823637066782146284602363246FFF7EE
:106B5000F7FE49E01A230B700123F2E72920F9F729
:106B6000E5FE30B13E232370222363702923A370F6
:106B7000E8E70A20F9F7DAFE3E2305F1080204F1FE
:106B800008012B7090B30A231F26AB70E378EB70DB
:106B9000A3882B71A3881B0A6B71A379AB71E3796E
:106BA000EB71A368AB608B889380D4F80E30C5F886
:106BB0000E30638A6B8263696B61238B2B83638BDB
:106BC000AB76638B1B0AEB76A38B2B77A38B1B0A0D
:106BD0006B77E38BAB77E38B1B0AEB7794F8203072
:106BE00085F820306E700236304670BD01231326C2
:106BF000AB70E378EB70A3882B71A3881B0A6B71D1
:106C0000A379AB71E37903F00103EB71A368AB6087
:106C10008B889380638BAB73638B1B0AEB73A38BA3
:106C20002B74A38B1B0A6B74E38BAB74E38B1B0A73
:106C3000EB7494F820302B75D4E73E230B700423BB
:106C40004B70142393E73E230B700C234B700423EB
:106C50008DE73E230B700A234B70032387E73E2307
:106C60000B700D234B70052381E70523237004234C
:106C700067E70823FAE730230B70032361E73E231D
:106C80000B700B234B70072371E73E230B70062319
:106C90004B700C236BE713230B708B789B00013335
:106CA0004FE757230B7002234BE73E230B7006235D
:106CB0004B7012235BE73E230B7009234B701323A9
:106CC00055E73E230B7005234B7020234FE73E23EF
:106CD0000B7009234B70212349E7FF230B700B2313
:106CE0004B70A22343E7FF230B7005234B70A323B4
:106CF0003DE7FF230B700D234B70802337E70A70AD
:106D00000D22627033E70A700222FAE710B50C46D2
:106D100048B141B1F9F76CFD002820700CBF6FF04D
:106D20002200002010BD6FF01500FBE708B5F9F751
:106D3000E3FD002008BD0346022200201A70052250
:106D400058709A709022D8705A713D2218719A71B9
:106D50006A22DA716FF00E021A726FF05A025A72DA
:106D60006FF052029A726422DA72704700F0CFBA62
:106D700070B50446FCF728F8012805461AD1601CB6
:106D8000FCF72AF8B0B1A3790020E61D63F03F03B9
:106D9000A371FAF769FC38B110220021304601F0E6
:106DA000D3FA0020257070BD3046FCF729F8002882
:106DB000F2D0F6E70025F4E710B5044610220021D2
:106DC00001F0C2FA04F1100310220021184601F06C
:106DD000BBFAFCF72FF80020FAF746FC20B120465A
:106DE000FCF70EF8002010BDFBF7EEFF0028F6D0F0
:106DF000F8E710B50446FFF797FCB0F5007F09DA15
:106E000010F5007F08DD031EB8BF03339B10002080
:106E1000237010BD7F23FAE76FF07E03F7E70120B0
:106E2000704700F0FDBB0078003818BF012000F06B
:106E30008CBAFAF759BB00F0DCBB00F007BC00F0DD
:106E400024BA00F059BA08B5F9F768FD002008BD6A
:106E5000FAF71CBA00F07EBA00F06ABAFAF7D4BAB0
:106E600000F036BA00F072BB00F03CBB00F083BB10
:106E700000F039BA00F015BA03880B8000F0ACBB03
:106E800000F015BA00F0D5BBF8B5941C0E460546C7
:106E900017460C446343B3F5004FA8BF4FF0FF33D0
:106EA00010F003019CB203D0B0211420F9F758FB75
:106EB000B4F5004F01D9B121F7E71422043001F0F5
:106EC00043FAEF746C802E80F8BD023101444A43CE
:106ED000B2F5004FA8BF4FF0FF3290B21B3020F048
:106EE0000300B0F5004F34BF00B24FF0FF307047E1
:106EF0008388014602899BB29A4202D00831F9F791
:106F00003DBD70470729034670B504D84FF4EC71B6
:106F10001520F9F725FB0068C0B1446806461A68D9
:106F20008C4210D0106860B901F10805AC420DD355
:106F3000546850501868651A5418006865605050BD
:106F400002E01346E9E7146830461C6070BD30B5B6
:106F500090B18478B1FBF4F304FB131300EB43020C
:106F600052898A4201D1D8B230BDC27822B900F12B
:106F70000803D0B2844201D8FF20F5E733F8025F5E
:106F800001328D42F5D1EFE78278038805324B4319
:106F900003EB42031844704737B500240546CDE99A
:106FA00000448DF806006846ADF80440F9F7BAFED3
:106FB000BDF8044008B103B030BD29462046F9F7BA
:106FC0008DFE0028EFD040F215211720F9F7C8FAFE
:106FD00070B51E460D460921FFF777FF044632467D
:106FE00009212846FFF771FF40EA04031B0454BF40
:106FF00000194FF0FF3070BD012303707047F8B5E2
:107000000C46054611461E4684F001046400E4B2B5
:10701000FF23837003191B7D012B05D00134E4B2DB
:1070200003191B7D012B0AD105EB44073B8B3A8CDE
:107030009819904205DD00232C443B8323750020E2
:10704000F8BD05EB8404324660681844FFF778FC0D
:107050003B8B1E443E830023AB700120F0E781F0A0
:107060000101490010B5C9B2FF23837043181C7D8C
:10707000012C07D10C3120F8112002221A750023AF
:10708000837010BD0131C9B243181C7D012CF1D0B1
:107090004FF48C710920F9F763FA024630B5837812
:1070A00003F0FF00F3B9137D022B19D0537D022B9F
:1070B00015D10346012089B10024D5180C332C7555
:1070C00022F81340131803241C7502EB80035B683D
:1070D0000B6000F10C0332F813308B80012030BDBF
:1070E0000123E8E70020FAE7034630B5827802F092
:1070F000FF00E2B99A7D022A17D0DC7D022C13D161
:10710000032281B11D1900200C34287523F81400C6
:1071100098180324047503EB82000C32406833F89E
:10712000123008608B80012030BD0324E9E7002085
:10713000FAE7037D012B01D1008B7047437D012BC2
:107140000CBF408B00207047837D012B01D1808BC9
:107150007047C37D012B0CBFC08B00207047038B91
:1071600023B9408B003818BF0120704701207047B9
:10717000838B23B9C08B003818BF012070470120D2
:107180007047027D022A01D1008B7047437D022B9C
:1071900001D1408B7047032AF6D0032BF9D0002091
:1071A0007047827D022A01D1808B7047C37D022BFC
:1071B00001D1C08B7047032AF6D0032BF9D00020F1
:1071C0007047F9F7FBBE002307B5CDE90033012373
:1071D0008DF806306846F9F7A5FD08B1002004E0F7
:1071E000009800F0A4FC0028F4D003B05DF804FB84
:1071F0001FB5002240F6881303A90092FCF7FAFCA1
:1072000005B05DF804FB38B5054600F012FDF0B19D
:10721000284600F08CFC08B9002038BD284600F054
:10722000BAFB0446284600F0B9FB054688B9002C95
:10723000F2D02088FAF7D8F929462088F9F74EFDD0
:107240000028E9D041F6E3413920F9F789F94220D5
:10725000E3E70C20E1E710B5FFF7B5FF60B1F9F700
:10726000FDFE044600F0BDFD40B9204600F0B5FD2E
:1072700080F00100C0B210BD0120FCE70020FAE759
:1072800008B5FAF777F9002008BD102243F25E0333
:107290000270C2705922A0F801308280C3800020A1
:1072A0007047082108B5F9F795FA002008BD10B518
:1072B00004466FF07F00FFF79BFFFAF7C9FB2070D1
:1072C0007F20FFF795FFFAF7C3FB6070002010BD29
:1072D00010B50446F9F7C2FE00F07CFDFAF7B8FBE2
:1072E0002070002010BD0A4600F1100108B50723E8
:1072F00000F094FF002008BD10B5014604460020B0
:10730000FAF798F908B92060A080002010BD10B5E8
:107310000446FAF729F928B900202146FAF772F94C
:10732000002010BDFFF797FF0028F5D10C20F8E7EB
:1073300010B50446FFF78FFF28B101202146FAF768
:1073400061F9002010BD0C20FCE708B5F9F780FEBC
:10735000002008BD10B50446FAF71EF92060002091
:10736000616010BD2DE9F3410546477801210078A1
:10737000F9F79EFC044600285ED000F01BFDEE7875
:10738000864228BF0646042FB6B22FD1002E39D12F
:10739000204600F034FD6B78032B37D107F0FD0851
:1073A000B8F1010F44D1204600F029FD00283CD15E
:1073B000012F08BF4FF002084246216B6846F9F7DB
:1073C00095FD33466A680121206BFFF718FE0028FF
:1073D00034D06B78023B012B2CD8206BFFF7A9FE31
:1073E00001210246206BFFF73AFE23E0206BFFF7F6
:1073F000A0FE304480B21F2804D8FB1E012BC7D941
:10740000002EC5D1122002B0BDE8F0810028F9D1CC
:10741000042BC3D1204600F08AFB0028F2D0206B59
:10742000FFF79DFE0028B9D1ECE74FF00008C3E755
:10743000042FC6D10020E6E74220E4E70720E2E778
:107440002DE9F3410746457890F803800121007843
:10745000F9F72EFC044600283CD000F0C2FC0028BE
:10746000206B08BF4FF00008FFF76EFE00EB080628
:10747000B6B21F2E30D8042D2ED0032D0CD12046AD
:1074800000F0BDFC20BB012D14BF05220622216B9C
:107490006846F9F72BFD08E0B8F1000F1CD0204634
:1074A00000F045FBD0B9012DE9D043467A680021B0
:1074B000206BFFF7A4FD98B1023D012D04D83246A0
:1074C0000021206BFFF7CBFD002002B0BDE8F0816A
:1074D0000422DCE74220F8E71220F6E70C20F4E76C
:1074E0000720F2E713B50446F9F7B8FD4FF44073EF
:1074F0006846ADF8003000238DF8023014F8013BE7
:107500008DF803300194FFF79BFF02B010BD38B532
:10751000012105460078F9F7CBFB0446A0B100F045
:1075200006FB28B92046691C00F096FB002038BDF8
:10753000204600F056FC08B10C20F8E7204600F089
:107540004CFC0028EED0F7E74220F0E713B50446E4
:10755000F9F784FD684614F8013B8DF803304FF4C9
:1075600040730194ADF8003000238DF80230FFF72E
:10757000F9FE02B010BD73B50546F9F76FFD04467C
:107580002B7863B100230DF1010101208DF800304B
:10759000FAF750F818B16846FFF7B9FF88B9002626
:1075A00020468DF8006000F020FC2B78C0018DF89B
:1075B0000360012BADF8010005D169462046F9F7BB
:1075C000EBFD02B070BD2BB9204602B0BDE87040A3
:1075D000FFF719BE1220F4E708B500210088F9F77B
:1075E00067FB20B10021BDE8084000F0B9BC0220D3
:1075F00008BD10B504460078FF280AD00121F9F72C
:1076000057FB58B16378A27843EA0223C384002071
:1076100010BDB4F80100FAF7DFFDF8E74220F7E704
:1076200008B50078003818BF0120FAF7CFFD002018
:1076300008BD10B50446F9F711FD6178C1F34002A9
:1076400001F0010100F0F1FB002010BD1220704795
:1076500010B5044604B910BD236898476468F9E77B
:1076600003680BB9016070471A465B6813B18A4220
:10767000FAD170478A4218BF5160704708B5FAF7CF
:107680004FFDFBF791F820B140F241119320F8F73C
:1076900067FF0120BDE80840FFF77EBCFEF704BE8F
:1076A000704730B542401C7808785D7860404C786F
:1076B0006C409D7820448C786C40DD782044CC78F8
:1076C0006C401D795B7920440C7949796C404B40C2
:1076D000204418441044B0FA80F0400930BD0246FE
:1076E00000200139C9B2FF2900D17047535C83F0F3
:1076F00001030344D8B2F4E708B5F9F7C1FF08283D
:1077000003D0BDE80840F9F7DDBF08BD08B500F0BB
:107710005CFC18B1BDE80840FBF7BCBA082008BD06
:1077200070B504460D4659BB4FF41A7200F00CFEBA
:10773000012384F8DE5084F88E306FF0360384F82D
:10774000D930042384F8DA306FF03B0384F8DB305F
:107750006F2384F8DC306FF03C0384F8DD306FF089
:107760007F0384F8DF302B2384F8D830FE2384F89D
:107770000E317F2384F88530202384F8F73170BDE3
:10778000012911D10023A0F8B43180F8AB3140F6C3
:10779000B8338269A0F8B4301146438C04F1780004
:1077A000BDE87040FAF72CB90229E8D1B0F84A32A6
:1077B000D0F844228169F1E738B50D460446F9F75F
:1077C000F1FE2B78002B08BF034684F864306B78F9
:1077D000002B08BF034684F865306B88A4F8663038
:1077E00038BD002307B501A80193FCF7D3F9019830
:1077F00010F0030018BF012003B05DF804FB03780C
:10780000890123F0400301F040010B4303707047EE
:10781000037803F07F0343EAC113037070471F2A04
:1078200038B50546144603D9B7212A20F8F798FE43
:1078300006340930FFF784F86C7038BD1F2A38B55C
:107840000546144603D9D9212A20F8F789FE0634C3
:107850000930FFF775F86C7038BD0378024603F005
:107860000F03032B3ED0052B42D1C37F90F820009D
:10787000034392F82100034392F82200034392F855
:10788000230000F01F00184333D05378222B2FD150
:10789000B2F81930B1B1B3F5506F13D940F60751B2
:1078A0008B4225D8B2F81B30B3F5FA7F20D2B2F85C
:1078B0001D0040F676430A3880B298428CBF002003
:1078C00001207047991F40F67A4089B281420FD853
:1078D000917D481E07280BD8994209D2B2F817109B
:1078E0009942DEE74078A0F10C03584258417047B6
:1078F00000207047FAF77CB910B521B94FF4107128
:107900001020F8F72DFE4A600B72EFF3108472B668
:10791000031D0B6042681AB1127A012A08BF036086
:1079200003681960016004B962B6BDE81040FAF757
:10793000A9B90222FAF7BEB90422FAF7BBB98369E2
:10794000006B984228BF184601F19C0383423DBF5B
:10795000401A9C3840080020704710B50B79012868
:107960004C790A6843EA0421104608BF41F480318B
:1079700010BD07B5FFF7F1FF0DF10702FAF708FA9E
:1079800003B05DF804FB08B5FFF72BFF002814BF18
:107990001420002008BDD0F8CC00704710B5044674
:1079A00090F81031EBB1FF2380F81831012100F07D
:1079B00039FA94F81031A3B194F8C800FDF76CFBC4
:1079C00094F8C800FDF712FC94F8C800FDF7A4FA7B
:1079D00020B940F209213020F8F7C2FD002384F8D5
:1079E0001031002010BD08B590F8182142B990F868
:1079F000D02042B1D0E93531994202D9FBF734F8B1
:107A00000022104608BD0122FBE710B50446FFF72F
:107A1000BAFF00F295112046FFF791FF40F64803A8
:107A2000984228BF184680B210BD70B5044621B1F7
:107A3000012978D040F6280172E000F00AF994F8A4
:107A4000113105460E46DBB150EA010318D0D4E9E6
:107A50003832D4E94001C01A334661EB02012A46AC
:107A600000F029FC05FB01F300FB0633A5FB000237
:107A70001344D4E93821121843EB0103C4E9382335
:107A8000E08C30B1FAF73AF9E38CB0FBF3F202FB89
:107A90001300D4E93832ED184FF0000346EB02062C
:107AA0002D184FF0020284F8F03046F1000684F8F9
:107AB0001131A4F8F820C4E93856C4E9405694F8C6
:107AC000183103F0FF01DBB96FF00043D4E9420243
:107AD0009A4208BFB0F1FF3F18D02046D4E9405683
:107AE00000F0ACF8AE30D4E942325B1B62EB060228
:107AF0001B1A62F10002002A08DA2046FAF7B4FFE6
:107B0000FBF758FDBDE87040FDF7F1B904F1F00155
:107B100094F8C800FDF78EFA0028F1D14FF4EA611D
:107B20003020F8F71DFD002380F8D030E8E790F80A
:107B30001001003818BF012070470B46142203F8CB
:107B4000032BD0F80920C1F80320D0F80D205A608B
:107B5000704738B510220B460C4603F8032B00F192
:107B60000902293052F8041B824243F8041BF9D160
:107B7000127800211A700123A588A3712846F9F70D
:107B800097F870B1E37863B10088F9F72DFD002113
:107B90002846F9F7A3F820B140F22B212D20F8F761
:107BA000DFFC38BD0121FAF7FBBCFFF7FBBF90F803
:107BB0007A300BB10120704790F8B22002F0FF0339
:107BC000002AF7D190F8A4201846704737B50D4623
:107BD0004FF490720021044600F0B6FBFF2323709F
:107BE0001323638042F21073E384F9F751F9002202
:107BF000014620636846F9F779F9206B00220121DC
:107C0000FFF72DFA216B68460422F9F76FF900227D
:107C1000206B1146FFF723FA04F12800A57403B086
:107C2000BDE8304000F03AB9FF23086B0B70FFF756
:107C3000E3B90078FF3818BF0120704710B504463B
:107C4000283000F07BF928226188FAF73BFF6D307D
:107C500010BDD0E9020170470B68C0F815308B8861
:107C6000A0F819300123C37670472DE9F04F06467E
:107C700091B00C46074606AD0DF110080FCE0FC5AA
:107C80000FCE0FC596E8030085E80300404600F0DC
:107C900005F9667894F8149006F07F0594F80AA028
:107CA000B9F1010F94F800B02E4607D0B9F1020FD8
:107CB00004D040F29A310620F8F752FC617A40462F
:107CC00000F0F3F8237D227F4046022B02F10102EF
:107CD0000CBF617D0121D2B204BF0131C9B200F0F5
:107CE000E6F815F0080362D14046019300F026F94A
:107CF00028223146FAF7E6FE40F2712100F299227D
:107D0000E5782079019B45EA00256079B2FBF1F224
:107D100045EA00454A434D43AA420AD9E079A5798C
:107D200045EA0025207A45EA00454D43954228BFA3
:107D30001546227E0393531EA17C386B5A42029152
:107D40005A410192FFF71DFA386BFFF72AFA039B9D
:107D5000019A0299ADF81A6006AE08953D468DF875
:107D600028208DF82B108DF82CA08DF818B08DF8E8
:107D70001C9009930FCE0FC50FCE0FC596E80300D8
:107D800085E8030098E80300B8620020B985E37A2B
:107D900003F0FD03003B18BF012387F85730E36869
:107DA000BB65238AA7F85C3011B0BDE8F08F0025D1
:107DB0002B46BEE7438813F0040F0CBF1F200020A2
:107DC00070474FF40043C38543881D2B08BF002133
:107DD0004174704790F912007047408800F001002C
:107DE00070478078C0F3400070478078C0F3C000CF
:107DF000704708B5006BFFF7BBF9012008BD0120F3
:107E000070470120704790F8503001624B72D0F8F3
:107E10005130C1F80A30B0F85530CB817047704707
:107E2000FAF72ABA80F87010704780F8241080F8AA
:107E3000252070478278034612F0010002D0D978DD
:107E4000C90710D5900702D5D97889070AD512F04D
:107E5000040008D0D878C0F3800080F001008000D2
:107E6000C0B2704702207047C0F34002C0F38003E5
:107E700000F00100134418447047022808B507D0E9
:107E8000042807D0012807D039212E20F8F768FBF5
:107E9000262008BD2720FCE72520FAE70023C0F8AC
:107EA000023001234370037070478170704710B532
:107EB0004270144601708078FFF7D6FF484304FBF8
:107EC00000F2FE2A03DD5C212E20F8F749FB10BDED
:107ED0000023C37043710371704710B50446FFF768
:107EE000A9FF637962780133DBB29A4263710CD1E6
:107EF000E3780022A17803436271DBB29942E37018
:107F000001BF2379E27001332371BDE81040FFF710
:107F1000B4BF38B504468078FFF7A6FF0146E07885
:107F2000FFF7A2FF2378227965789B1A6B435943A8
:107F30006379C91A00FB1510C0B238BD014608B5F7
:107F40008078FFF791FF4A780B7853435843C0B2CB
:107F500008BD40F2EE20704740F25A335843704754
:107F600038B50446084694F8303213B10C2528463B
:107F700038BD94F88730153B012BF7D894F854326C
:107F800003F0FF05002BF1D191B194F8C63123B96C
:107F900040F699213120F8F7E3FA052304F1F002C5
:107FA00004F5DB7100F03AF9012384F83032DEE7A2
:107FB0000223FAE708B5FBF707F9FAF7C9FEFAF763
:107FC000B1FDBDE80840FAF793BEC82108B5FAF73D
:107FD00047FE022807D1013911F0FF01F7D1EB214B
:107FE0003B20F8F7BDFA431E5842584108BD19B965
:107FF00043780BB1C3788370704710B504460846C8
:10800000FBF7B8FC4FF47A73B0FBF3F0201A10BD05
:1080100010B504460846FBF7ADFC4FF47A7200F247
:10802000E733023CB3FBF2F3E01A10BD08B5FEF7EC
:1080300021FCBDE8084000F038B8801A00F30700C2
:1080400038B50D46144659B240B2FDF74FFC002337
:10805000287020446B7040B238BD00230360704725
:108060007047002070474FF0FF3070474FF0FF30EF
:10807000704770474FF0FF30704700207047002076
:1080800070470023037070479DF800300022FFF70F
:10809000D4BF4FF0FF307047002070474FF0FF30E3
:1080A00070474FF0FF307047704770470020FDF772
:1080B00085BC0020FDF786BD0020FDF797BD0020A0
:1080C000FDF77CBC7047FDF7DDBDFDF7EFBDFDF7AB
:1080D000DFBD70B50024FEF769F905462646E0B21B
:1080E000854200D870BDFEF767F90134068580F837
:1080F0002A60F4E7F8B5037904461BB11B219D20E3
:10810000FEF7B2F94679017126B90123437121794D
:1081100009B96171F8BD276820462671B847022861
:108120000546F4D103212046B84708B12F21E6E7E0
:1081300023682946204698470028E8D03021DEE70A
:1081400003460068884204D109B10A681A600846EB
:10815000704728B97047884202D10A681A60F6E76A
:10816000034600680028F6D1704701F1100301387A
:1081700013F8012D8B4200F8012FF9D170472DE93A
:10818000F04713F0010F8EB004460D4617469A468D
:10819000DDE9168924D006A8FFF7E7FFA30735D04D
:1081A00002AA04F110052068083454F8041C134690
:1081B000AC4203C31A46F6D106AD02AC1AF0020F68
:1081C0004346CDF8009023D0294620460AAAFEF760
:1081D000F3F90AA93846FFF7C8FF0EB0BDE8F087EB
:1081E00013F0040F0DD106AB0E4601F1100C1D4625
:1081F0003068083656F8041C1A46664503C2134612
:10820000F6D1214602A8FFF7B0FFD6E706ADD5E7C5
:108210003A4629462046FEF7CFF9DEE713B500249B
:10822000CDE90044FFF7ABFF02B010BDFEF7FEBA88
:1082300020BF704720BF70479142F8B503D3732128
:108240009620FEF711F9B2FA82F33BB1C3F1200494
:1082500099409A4020FA04F4984021434FEA124C86
:1082600093B2040C87B2B1FBFCF50CFB151E05FBA9
:1082700003F64FEA0E4E0EEB1040864205D9361A31
:10828000964294BF01260226AD1B04EB014128044F
:1082900005FB1211B1FBFCF40CFB1411634307EB5B
:1082A0000147BB4205D9DB1B934294BF0123022344
:1082B000E41A2043F8BD2DE9F0411D4607460C465F
:1082C000164652EA050303D1A6219620FEF7CCF804
:1082D00085B9914204D2FFF7AFFF2946BDE8F0818E
:1082E00008462946FFF7A8FF05463246384606FBF2
:1082F0001541F0E7B5FA85F80123400803FA08F3C1
:10830000C8F11F0840EAC470A3FB0212610803FB16
:108310000522FFF791FF30FA08F04FF0000102D07C
:10832000013861EB010100FB05F3A0FB062C06FB05
:108330000133BF1A634464EB0304B742AC41CDD3AD
:10834000013041F10001C9E7F0B5C9B20446A30705
:1083500026460ED14FF0013522F003034D43E718B6
:10836000BC420CD1334402F003021A44934209D1B7
:10837000F0BD002AFCD0013A04F8011BE7E744F8FD
:10838000045BEDE703F8011BF0E700280CBF6FF07A
:10839000150000207047002070470723037000205D
:1083A000704700207047002070472DE9F04786464F
:1083B0008C460846089E154674461946002B40F028
:1083C000C1808542B2FA82F245D94AB1C2F1200396
:1083D00000FA02FC954094402EFA03F343EA0C0C99
:1083E0004FEA154EA8B2230CBCFBFEF80EFB18CCCE
:1083F00008FB00F943EA0C43994528D9EB1808F12A
:10840000FF3704D2994502D9A8F102072B44A3EB08
:108410000903A4B2B3FBFEFC0EFB1C330CFB00F003
:1084200044EA0344A04214D92C190CF1FF3304D2BE
:10843000A04202D9ACF102032C44241A43EA0740BB
:108440001EB1D440002334607360BDE8F087474616
:10845000DDE76346F1E792BB431B01214FEA154E6E
:10846000AFB2200CB3FBFEFC0EFB1C330CFB07F879
:1084700040EA0343984561D9EB180CF1FF3004D270
:10848000984502D9ACF102002B44A3EB0803A4B237
:10849000B3FBFEFC0EFB1C330CFB07F744EA034462
:1084A000A7424DD92C190CF1FF3304D2A74202D9AF
:1084B000ACF102032C44E41B43EA0040C0E7C2F1E4
:1084C00020039540944020FA03F12EFA03F34FEA7B
:1084D000154E9040AFB20343B1FBFEFC0EFB1C10E7
:1084E000190C0CFB07F841EA0041884522D96918AC
:1084F0000CF1FF3004D2884502D9ACF102002944C6
:10850000A1EB08019BB2B1FBFEFC0EFB1C110CFBA6
:1085100007F743EA01439F420ED9EB180CF1FF31F4
:1085200004D29F4202D9ACF102012B44DB1B41EA89
:10853000004193E76046E3E76146F7E76046A4E75A
:108540006346B8E7834206D916B9002108467CE79E
:10855000C6E900E0F9E7B3FA83F78FB9834201D3A4
:10856000724508D8BEEB020460EB030301209C4671
:108570001EB9002169E73846FAE7C6E9004CF8E77A
:10858000C7F1200CBB400EFA07F522FA0CF42EFAC4
:108590000CF1BA401C4320FA0CF3B8404FEA1449DE
:1085A00001431FFA84FEB3FBF9F809FB18300B0CEA
:1085B00008FB0EFA43EA00439A4540D9E31808F154
:1085C000FF3004D29A4502D9A8F102002344A3EB5C
:1085D0000A0389B2B3FBF9F809FB183308FB0EFE56
:1085E00041EA03418E452CD9611808F1FF3304D2CA
:1085F0008E4502D9A8F10203214443EA0040A1EBD1
:108600000E01A0FB02984145CE46434602D306D157
:108610004D4504D20138B9EB020E68EB0403002E7D
:10862000A7D0B5EB0E0261EB030101FA0CFC22FAB4
:1086300007F3F9404CEA0303C6E9003199E74046E5
:10864000C5E74346D9E7000037B50024164D6FF063
:1086500009034FF4806228461449009405F026FE71
:10866000134928460AF01DF9124913480AF0C2F8C6
:10867000224604211C2001F055F801220F4BD3E8BB
:10868000EF1FC3E8E02F0028F9D105A3D3E90023A9
:1086900028460B4905F04AFE204603B030BD00BF16
:1086A000389C1C0000000000C81E00202033002061
:1086B000544A0100251B0100E0230020DC23002098
:1086C000580800200000000010B50B4BD3E8AF3F66
:1086D00053B1FDF7D9FD06A3D3E90023BDE810404F
:1086E0000649074805F022BE10BD00BFAFF3008069
:1086F000389C1C0000000000DC23002058080020EB
:10870000C81E002070B5714BA0B00993704B1422A5
:108710000A9309AB0B936F4B00210C936E4B16A879
:108720000D930AF02CFD102200211BA80AF027FD52
:10873000022543F698238DF878501C93674C204609
:1087400009F0DAFE78B1A6682046B3681BA99847FD
:1087500000280ADB294620463368984728B909983B
:1087600009F0CAFE40B96FF0120001465C4808F0FB
:1087700087FA012000F092F90A9809F0BDFE00285E
:10878000F1D00A9807F0D6FD0028EED116A90BA863
:1087900007F0C9FE0446002870D116A90BA807F0FF
:1087A0006AFF0446002869D19DF86930BDF85A2057
:1087B00004939DF86830BDF858100393199B4948FD
:1087C0000293189B0193BDF85E300093BDF95C30B5
:1087D00008F056FA0123CDF81D40ADF821408DF880
:1087E0001C3010210EA802F0DDFF05285EDD0625F5
:1087F0000EAAB4FBF5F305FB134380336B4413F867
:10880000636C12F8011B01347140844203F8631C4D
:10881000EFD19DF82230002163F03F0307A88DF8C7
:10882000223002F08BF9041E28DB002002F066F8EB
:10883000044618BB40F20113ADF8483006AB139361
:1088400040F20973284EADF85030284B8DF818507F
:108850001BAD15930FCE0FC5336802222B6012A9F2
:10886000234600941BA802F031FB044630B94FF4B4
:10887000FA6007F077FD02F02FFC044621461C4801
:1088800008F0FEF90A9807F055FD014620B90BA83B
:1088900007F08DFF014660B1164808F0F1F94FF07E
:1088A000FF314FF0FF3006F087F8F8E76FF004046F
:1088B000E4E7142007F056FD00210F4803F0F4F818
:1088C00000287FF456AF08F0F5F900BF4C340100E2
:1088D00070340100E90201008B030100043401003F
:1088E000C0420100E3420100803D01002843010035
:1088F0003043010050430100008793032DE9F04FFE
:108900000025044691469B464FF0080AA8464903B5
:1089100085B08EB2CDE9008846EA451343F4805312
:10892000C3F307228DF80D208DF80E30502103235C
:10893000676820688DF80CA003AAB847002824DBDC
:1089400040F20C43ADF80C308023CDE900888DF85F
:108950000E30502103236768206803AAB847002817
:1089600013DB1E270C21204603AA07F050FD002828
:108970000BDBBDF80C301B070AD40121A36820686B
:108980009847013FEED16FF0730005B0BDE8F08F5E
:10899000002120460DF10A0207F039FD0028F4DB22
:1089A0000121204603AA07F032FD0028EDDBBDF8C7
:1089B0000C30BDF80A201B0A43EA0223D20B4FF405
:1089C0007A7212D003F17F4383FB0232002A03DA6A
:1089D00011495B1842F10002DB0C43EA42330F4AB3
:1089E00093420FDA6FF02100CFE7A3FB0232DB0CDA
:1089F00043EA423343F2C822934203DD0135202D7E
:108A000088D1EFE740F6354202FB05330020C9F874
:108A100000308BF80050B8E7FFFF070038CDFFFFAC
:108A2000014B1B68184700BF18090020014B186054
:108A3000704700BF1809002030B585B004460D46C8
:108A40001022002168460AF09AFB02238DF80230BA
:108A5000044B2A4621466846019307F0DBF905B02E
:108A600030BD00BF218A000080B505460E4617467E
:108A7000984605F0F3FF03460AF00CFC0446DFF8C5
:108A80001890424649F8003039463046A84754F815
:108A9000090000F0C9FD00BF08000000044608B549
:108AA000EFF31183402383F31288BFF36F8F72B605
:108AB00003F0AAF8204601F039FA034808F0E0F87C
:108AC00008F0FFFAFCE700BF894301002DE9F047F9
:108AD000058B04462807904611D4022905F00705A6
:108AE00040F0CC80204608F0EFF878B10138218BB7
:108AF000042811D8DFE800F0C2106D859500012927
:108B00000CBF45F0100545F02005258388F311883A
:108B1000BFF36F8FBDE8F08701F0070AAA4500F0A8
:108B2000A5800027B9463E46A368002B00F0BC8014
:108B300041F00801218388F31188BFF36F8FA1688A
:108B4000002900F0BA800D68002900F0B680334695
:108B500052462046D1F80480C047002D76D02B68BD
:108B600029461D46F0E701F007035A1F012A1BD8CA
:108B7000002221F00701062B276889B2C4E90022F0
:108B800009D13B4603E0628B013262831B68002BF4
:108B9000F9D141F002012046218308F095F8002820
:108BA0007AD041F0200176E0042B0AD121F00701B0
:108BB00089B22046218308F087F810B141F02001E6
:108BC0002183218B01F0070AAA454FD00027B9461F
:108BD000AAE7236921F0070141F00601062DD3F829
:108BE000009021832DD1B9F1000F3FD041F0080151
:108BF000218388F31188BFF36F8F20463949C84716
:108C000029E021F00701236941F0040189B2042D14
:108C1000D3F804902183E6D000274FF0040A3E46A3
:108C200082E721F00701236941F0050189B2052D92
:108C3000D3F808902183D6D000274FF0050A3E468E
:108C400072E700274FF0060A3E466DE72B4687E79E
:108C5000B9F1000FD1D1EFF31188402383F31288CB
:108C6000BFF36F8F238B23F008032383258BEA0642
:108C70002ED525F01003238305F007056669218BA7
:108C8000002EBFF670AF00232768C4E9003321F03F
:108C9000070141F001012183218B4FF0000901F010
:108CA000070AAA457FF440AF002F9CD041F008018D
:108CB000218388F31188BFF36F8F002FC8D03D68E0
:108CC000394633465246204608F02AF82F46F4E744
:108CD000AB067FF51BAF25F02003238305F00705C6
:108CE00000E700BF4D0D0100014B036000207047FD
:108CF000B84001002DE9F74F056A064625B9002462
:108D0000204603B0BDE8F08F0521284608F044F95D
:108D10000028F4D00821306A08F03EF9044660B318
:108D2000EFF31187402383F31288BFF36F8F356A07
:108D3000EA682B68E2B95A070AD401213046AB68C9
:108D40009847041E0EDA87F31188BFF36F8FD7E7B9
:108D50002869036A1B68DB050CD5FFF7CBFF041EEF
:108D6000EBDAF0E700232B71EB680133EB60EAE705
:108D70000024F9E76FF00A04E5E7444F3B786BB154
:108D800009F089FD421E64F1000305F1180008F0A6
:108D900009F9041E03DA6FF00A04B1E71C4609F072
:108DA0007AFD10B12B79022B16D0D5F810A0BAF1AC
:108DB000000F23D00221306A08F0EEF8F0B95046D7
:108DC000FFF798FF044648B90121284608F0E4F867
:108DD00060B1504608F0EAF86FF00A043B78002BC7
:108DE0008ED005F1180008F0DFF889E7D5E8EF3FED
:108DF00043F00403C5E8E23F002AF7D1EB680133F2
:108E0000EB602B79022B08D105F1400009F030FD11
:108E100010F0010001D12871E0E73B7843B14FF039
:108E2000FF384FF0FF3905F130062B79022B12D0B5
:108E3000EB68012BD2D80121AB6868699847041E02
:108E400021DAEB68013BEB60BAF1000FC6D0504667
:108E500008F0ACF8C2E70321304605F1180B09F021
:108E600066FF584608F0A0F8002203213046CDE9FD
:108E7000008909F060FF4FF0FF324FF0FF33584692
:108E800008F090F8D1E700232B71A7E71B2B0020F7
:108E90002DE9F047056A064689462846052108F06F
:108EA0007BF890461F46044640B3DFF8A4A09AF82A
:108EB000001031B309F0EFFC4FF0FF33421E43F1D5
:108EC000000305F1180008F06DF8041E3DDB49466B
:108ED000EB68002B36D0013BEB6043B999B102231C
:108EE00042462B7105F140003B4605F049FA9AF8DD
:108EF00000301BB105F1180008F056F82046BDE817
:108F0000F0870C46E4E7AB6868699847041E03DA0B
:108F1000EB680133EB60EAE701232B710221306A31
:108F200008F03AF80028E2D0336A186908F03EF8F1
:108F3000336AD3E8EF1F21F00401C3E8E21F002ADF
:108F4000D5D0F6E76FF07704D1E76FF00F04D5E7DF
:108F50001B2B0020F8B5056A0646002D5DD00521C3
:108F6000284608F019F800285AD1304607F0C0FF0B
:108F70000446002856D10821306A08F00DF8E0B107
:108F8000356AEFF31187402383F31288BFF36F8FA5
:108F9000297931B93046AB689847041E07DB0123B5
:108FA0002B712B6843F020032B600023EB6087F3C9
:108FB0001188BFF36F8F2046F8BD1C4F3B783BB143
:108FC0004FF0FF324FF0FF3305F1180007F0EAFFD2
:108FD0006B692BB916496E6105F1400009F03CFC44
:108FE0002979C1B9AB6868699847041E0BDB012376
:108FF0002B710023EB60D5E8EF3F43F02003C5E879
:10900000E23F002AF7D13B78002BD4D005F11800BD
:1090100007F0CAFFCFE70024EBE76FF08504CAE74B
:109020000024C8E76FF00F04C5E700BF1B2B00202A
:10903000EB0F010008B5044807F022FEBDE8084028
:10904000024807F01DBE00BFB2430100E743010024
:1090500008B50348034A0021121A08F011F808BDA8
:10906000B00C0020202B0020074808B5074A08490B
:10907000121A08F007F8BDE808400648064A0749F2
:10908000121A07F0FFBF00BF00050020B00C00203F
:10909000FC4A0100F804002000050020F44A010009
:1090A00038B505460C4699B1D1E901230F48096846
:1090B00007F0E6FDD4E90423E1680D4807F0E0FD80
:1090C000E1690C4807F0DCFDA1690B4807F0D8FD09
:1090D000012D05D1EFF305810848103907F0D0FDC7
:1090E00021462846BDE8384004F02ABD1544010059
:1090F000454401007544010085440100B444010069
:1091000030BFFFF7FDBF00BF2DE9F04105460B4E14
:10911000DFF82C80324606EB0807CC1B20460949B5
:109120000AF020F8A01942460021083C0AF027F86E
:10913000C5F8844007F10800BDE8F0810000000098
:10914000040000007C3D0100054B5A699B689A426F
:109150001FBF044A536843F080535360704700BFF9
:10916000F423002000ED00E010B5204C204807F06B
:1091700087FDA36A990137D51E4807F081FD1E209F
:10918000A36ADA0103D51C4807F07AFD1F20174CAB
:10919000A36ADB0203D5194807F072FD0220A36A17
:1091A0001C0303D5164807F06BFD21200F4CA36A62
:1091B000590303D5134807F063FD2220A36A9A03DD
:1091C00003D5114807F05CFD2320084CA36ADB039C
:1091D00003D50E4807F054FD2420A36A6FEA034329
:1091E0006FEA1343A36210BD1D20C9E700ED00E044
:1091F000C8440100E1440100F544010010450100AC
:109200003B4501005A450100804501009B45010096
:1092100070B5244C064624480D4607F031FDA36A7C
:10922000D90435D5214807F02BFD1720A36A1A056C
:1092300003D51F4807F024FD18201A4CA36A9B058C
:109240000FD51C4807F01CFDA16BA36A180407D5B5
:10925000194807F015FD1EB1A36A23F40043A36269
:109260001920104CA36A590503D5144807F008FDCE
:109270001A20A36ADA050DD5114807F001FD1B205D
:10928000084A936A43F47F43936200232B7070BDB6
:109290001620CBE7A36A9B04F2D50A4807F0F0FC3E
:1092A0001C20EDE700ED00E0C7450100DE450100B0
:1092B000F0450100044601001E460100344601004D
:1092C000504601006946010070B5264C0646264806
:1092D0000D4607F0D5FCA36AD80640D5234807F011
:1092E000CFFC1120A36A190703D5214807F0C8FC59
:1092F00012201C4CA36A9A070FD51E4807F0C0FC29
:10930000616BA36A1B0607D51B4807F0B9FC1EB1A9
:10931000A36A23F08003A3621320124CA36ADE0722
:1093200003D5164807F0ACFC1420A36A9C0603D5AD
:10933000134807F0A5FC15200A4B9A6AD10658BFBE
:109340009A6A9A6A920642BF5A6A22F400525A6294
:109350009A6A42F0FF029A6200232B7070BD1020BF
:10936000C0E700BF00ED00E099460100B0460100F3
:10937000F0450100E4460100FD46010014470100EC
:10938000694601002DE9F0415B4B04465F6800250A
:109390008AB0C7F3080685F31188BFF36F8F02F018
:1093A0007F43B3F17F4F06D102F00C03082B13D19A
:1093B000524807F065FC00252C464FF00008F31ECC
:1093C0008DF80780092B00F28580DFE803F00A7929
:1093D0007D7583838383838110074CBF0C460125F1
:1093E000EBE74748444E07F04BFC8DF80780F36AE3
:1093F0009A0704D5434807F043FC00232FE0F36AA3
:10940000002B01DA4048F6E7F36A5B00F5D53F48E8
:1094100007F036FC7369A26943F480737361BFF38C
:109420004F8FBFF36F8F736932F8022C23F4807370
:109430007361BFF34F8FBFF36F8F4DF602739A4284
:1094400008D0B36ADBB24BB301200DF10701FFF77F
:109450003BFF33E021682E4807F012FC23689DF89B
:109460000720C2B902AE04F12007324620686168C5
:10947000083403C2BC421646F7D1099AB5B3C2F309
:10948000080121B96FEA52226FEA42220992184676
:1094900002A9FFF705FE0AB0BDE8F081B36A13F434
:1094A0007F4F05D001200DF10701FFF7B1FE05E068
:1094B000B36AB3F5803FA0D3FFF756FE0346CEE76D
:1094C00000200DF10701C2E700200DF10701ECE7D4
:1094D000104890E7104B17F4F87F1049104818BF58
:1094E0001946A6F1100207F0CBFB86E722F4FF72C3
:1094F00022F00102CAE700BF00ED00E06247010070
:109500008E470100A6470100C8470100D747010068
:10951000F7470100144801004947010034470100A2
:1095200039480100064B5A6942F010025A615A69E3
:1095300042F480625A615A6922F008025A61704707
:1095400000ED00E0EFF30880EFF3098101B572460A
:10955000FFF718FF01BD00BF002080F31488BFF3A0
:109560006F8F002080F30A8880F30B880F4880F308
:10957000088803F0F7F800200D490860BFF34F8F0B
:1095800000F02CF8402080F311880A484FF4006165
:10959000401880F30988EFF314800221084380F318
:1095A0001488BFF36F8F00F0E5F8000060480020DA
:1095B00094ED00E020370020002318460649D1F83A
:1095C0009020C2F30722934200DB7047C1F8983025
:1095D000C1F8A0000133F6E700ED00E010B572B667
:1095E000002484F31388FFF7E7FF23464FF0FF3092
:1095F0000C4A03F120010133102B42F82100F8D16D
:1096000000234FF0FF30074A03F160010133102BB4
:1096100042F82100F8D162B6BFF34F8FBFF36F8FCE
:1096200010BD00BF00E100E0084B9B6883420BD1F6
:10963000EFF3058343B1064B5A6842F080525A60FB
:109640005A6A22F400425A6205F00EBAF42300204E
:1096500000ED00E016498A684FF030001044EFF347
:10966000098C80E8F01F402080F31288BFF36F8FD1
:10967000104F4FF000664A698A603E60D2F884005D
:109680000D4C2060D2F888000023C2F8883080F3A7
:10969000118802F1300090E8F01F8CF3098802F184
:1096A000000004B507F0FFFCBDE80440704700006F
:1096B000F423002004ED00E0382200201EF0040F07
:1096C0000CBFEFF30880EFF30980816911F8021CE9
:1096D0000229FFD001B5724607F0D6FC01BD00BFDC
:1096E00000B2002807DB01234109034A00F01F00F4
:1096F000834042F82130704700E100E000B20028CA
:109700000CDB01220649430900F01F008240203390
:1097100041F82320BFF34F8FBFF36F8F704700BF17
:1097200000E100E0D30748BF002100B258BF02317A
:109730000028ACBF00F16040064A4FEA4113DBB29B
:10974000ABBF00F5614000F00F0080F80033135408
:10975000704700BF14ED00E0044B054A23F07F037F
:109760009360BFF34F8FBFF36F8F7047000000000F
:1097700000ED00E008B5FFF7EFFF074AD2F88830A8
:1097800023F47003C2F88830FFF762FCFFF76CFC2B
:1097900000F046F804F098FA00ED00E042F8203CB2
:1097A000009B0B4942F81C3C019B21F0010142F84F
:1097B000183C029B42F8081C42F8143C4FF080739E
:1097C00042F8043C0023203A0265C0F88830704714
:1097D000698A000000B50D4B15469860D0F88420CA
:1097E0000B4B0E461A60436F83F30B882C4686F3AF
:1097F00009880020034B98472046002100220023BF
:10980000014C2047B5100100698A0000F4230020B4
:10981000382200201022014B1A61704700ED00E051
:109820000023402040F20F1210B5044CE118013320
:10983000934281F80003F9D110BD00BF00E100E0C0
:1098400008B5EFF30583064A103B02EBC30152F85B
:10985000330049688847BDE80840FFF775BC00BF82
:10986000943401001FB5094C094A234601210948D7
:1098700000F0FAF800230393074B0121E41A01A832
:109880000193029400F0FAF804B010BD00F0022039
:1098900000000020B8400100B00C002010B50C7A88
:1098A0000B6804F01F0223F01F031A43CB686409FE
:1098B00023F01F03054943EA440343F00103C1F8C1
:1098C0009800C1F89C20C1F8A03010BD00ED00E068
:1098D00010B5074BD3F89030C3F30723013B9842F0
:1098E00002D8FFF7DBFF10BD6FF01500FBE700BFEC
:1098F00000ED00E02DE9F04F0F46144606464FF00C
:1099000000084D4D85B0B84580F29280D6F804909D
:10991000B9F1000F36D0B9F11F0F40F2878019F06E
:109920001F0F40F08380D6F800A01AF01F0F7DD1E2
:10993000504607F0E2FB834609EB0A00013807F0C6
:10994000DCFB834572D11BF1160F6FD05C456DDDDA
:10995000C5F898B0D5F89C10C5F898B0D5F8A030E7
:1099600021F01F0143F01F0AD6E900321A44994240
:1099700002F1FF391ED1CA4508D131465FFA8BF09A
:1099800007F0C4FB08F101080C36BCE73146C5F806
:1099900098B0D5F89C3022F01F0203F01F03134348
:1099A000C5F89C30E0B207F0B1FB10F1160F3DD0C6
:1099B000441CE7E7C5F898B0D5F8A020013B23F098
:1099C0001F0302F01F021343CA453146E0B2C5F837
:1099D000A030E8D007F09AFB10F1160F26D0C5F89A
:1099E00098B0D5F89C209DF808300AF1FF3A62F350
:1099F00004038DF80830D5F8A0309DF808205B08E6
:109A000063F347128DF80820D6E90032134400931F
:109A100023F01F035344A3EB0903013023F01F037A
:109A20006946C0B20393FFF753FFBEE76FF015041A
:109A3000204605B0BDE8F08F00ED00E00522044BA4
:109A4000C3F89420BFF34F8FBFF36F8F704700BFF1
:109A500000ED00E0BFF35F8F0022024BC3F89420BB
:109A6000704700BF00ED00E010B5034C2278FFF70F
:109A700041FF207010BD00BF682A00202DE9F74F7C
:109A8000294D8A4606464FF00008AB46274FD04581
:109A90001BDAD6F80490B9F1000F3FD031680846C0
:109AA000019107F02AFB0199044609EB01000138F6
:109AB00007F023FB84424FF014021D4B08D002FB39
:109AC00008F36FF015024BF8032003B0BDE8F08FE8
:109AD00014F1160F2C60F8D01978A142F5DD02FBC5
:109AE00008B0C7F89840C7F89840D7F89C4000F1F4
:109AF0000801007B64F304000871D7F8A0000C791A
:109B0000400860F347140C71D7F89C1021F01F0136
:109B10006960D7F8A01021F01F01296108F1010840
:109B200014350C36B3E700BF3C22002000ED00E006
:109B3000682A0020F0B54149414CD1F890302568A1
:109B4000C3F307239D4287B075D80020FFF782FF3B
:109B50003C4BC1F8C030854216D13B4C01A8257062
:109B6000FFF7C2F800250646384FAE4213D1002059
:109B700023783249D1F89020C2F30722934254DB74
:109B8000FFF75CFF00202FE0616801EB0011FFF799
:109B900085FE0130DFE70199280101EB0513DA6842
:109BA0003A40B2F5001F21D0B2F5800F2BD0B2F5AC
:109BB000801F38D15A689B680958013B22F01F006A
:109BC00003440120844623F01F0340EA4C10CDE9F2
:109BD00002218DF8100002A920780593FFF778FE86
:109BE00000281DDA6FF0150007B0F0BD5A689B68B9
:109BF0000958013B22F01F0003444FF0020C0120E2
:109C000023F01F03E1E75A689B680958013B22F0E3
:109C10001F0003444FF0000C062023F01F03D4E77D
:109C200023780133237001359FE7C1F89830C1F8DC
:109C3000A00001339EE74FF0FF30D5E700ED00E0D4
:109C4000C4400100AAFF4400682A00200000F0FF81
:109C500008B5024B1B689847002008BD5022002021
:109C6000034B044A1860937843F0020393707047E3
:109C7000502200201C09002008B50649064821F0A2
:109C80000701C1F1005202F53C3206F09FFF0020AF
:109C900008BD00BF975600205422002070B54169CE
:109CA0000446867A0A4D59B1437ADB0706D42C2341
:109CB00003FB06535B6A1B689B689847002363613C
:109CC0002C20214606FB0050BDE8704008F002BD84
:109CD000000C00202C22024B02FB0030704700BF1A
:109CE000000C00202C21827A054B01FB02339A6A7A
:109CF0001B7F801A1B3323F00303B0FBF3F0704784
:109D0000000C002038B52C24827A064B04FB023369
:109D10005B6AD3E901240C601568FFF7E3FF04FBDD
:109D2000005038BD000C00202DE9F04385B00546F9
:109D3000684690461C46039108F0E7FEDDE900679F
:109D4000EFF31189402383F31288BFF36F8F6B8B7E
:109D5000002B41D02A8B9A4225D900220023284685
:109D600004F0F4F80446F0B189F31188BFF36F8F63
:109D7000039B002B41D032463B46684608F0EAFE82
:109D80002C21A27A254B204601FB02335B6A03A9F2
:109D90001B681D68DDE90023A847606170BB204691
:109DA000FFF77CFF24E0698B4B1E6B8389F31188DE
:109DB000BFF36F8F2B7F2A8BAC6A1B3323F0030317
:109DC000521A02FB0344154B154AEB1A9B105343DE
:109DD000A3722B7FE372CBE789F31188BFF36F8FF8
:109DE00023464246284604F0B1F804460028BFD175
:109DF0000024204605B0BDE8F083636101230025FF
:109E00002381039B29466382E27A656004F118008E
:109E100009F0B5F963692582E360EAE7000C0020E8
:109E2000A38B2EBA70B52C250C4C00B970BD037AEB
:109E30004668002BFAD0013BDBB20372002BF5D150
:109E4000C3604360837A05FB03431B6A13B19847E1
:109E50003046EAE7FFF722FFFAE700BF000C0020D8
:109E600008B5254A254B1A6001F04EF94FF47A6186
:109E70002348D0F82436C3F30802C3F309434B4305
:109E800082F4807201F10041883201F5FA6101FB30
:109E900002334FF4FA215B00B3FBF1F201FB123302
:109EA0001849B3F57A3F28BF0132C1F80429D0F828
:109EB00020364FF47A60C3F30802C3F309434343E7
:109EC00042F21C5082F4807202F2172200FB02332D
:109ED0004FF47A701B0AB3FBF0F200FB1233B3F5B8
:109EE000FA7F4FF0010328BF0132C1F81C27C1F8E7
:109EF0000036002008BD00BF0020A1071C0B002079
:109F000000C0FF000000125048B1054B054A1B6815
:109F1000B3FBF2F35843044B43F001031847704777
:109F20001C0B002040420F0090400100BFF34F8FF8
:109F30000549064BCA6802F4E0621343CB60BFF3E5
:109F40004F8F00BFFDE700BF00ED00E00400FA0501
:109F500008B500224FF480214FF0005002F0B2FC0F
:109F60000A4AD2F8183523F00103C2F818354FF029
:109F7000FF32074BC3F80026012203F59033C3F8E4
:109F80000025BFF34F8F20BFFDE700BF00F00C504E
:109F900000E0105010B507F066F908F07CFC0B4C9F
:109FA00018B1D4E8AF3F63B910BD04F035FCD4E874
:109FB000AF3F1BB9BDE8104004F042BC0A209847EF
:109FC000F8E70A20BDE81040184700BF60220020D3
:109FD00038B50446084807F0BDF8054648B1631E89
:109FE000DBB21F2B96BF054A0021D15C0C3007F075
:109FF000F7F8284638BD00BF580C00206F48010014
:10A00000034BD3E8EF2FC3E8E10F0029F9D17047E4
:10A01000602200200E38012810B50AD8094807F040
:10A0200099F8044618B104210C3007F0D9F82046FD
:10A0300010BD09B10448F2E70220BDE81040FFF767
:10A04000C7BF00BF840C0020000C002010B5012108
:10A0500004460C3007F0E5F82146BDE81040002327
:10A06000014A007807F026B96441010010B50121CA
:10A0700004460C3007F0D5F82146BDE81040002317
:10A08000014A007807F016B96441010010B50121BA
:10A0900004460C3007F0C5F82146BDE81040002307
:10A0A000014A007807F006B94C4101002DE9F0475C
:10A0B00088461646824600286AD00023DFF8D490EE
:10A0C000D9E8EF4FC9E8E23F002AF9D1002C5FD070
:10A0D0002046FFF707FE0C232F4D274603FB0050B9
:10A0E000438853450DD0D9E8EF3FC9E8E27F002A05
:10A0F000F9D1002B4CD01F463846BDE8F047FFF79A
:10A1000091BEA64208D0204607F01FF8328AF168B7
:10A1100004F10C0007F05BF82046FFF7E3FD0C2686
:10A1200006FB00504368ABB1B8F1000F12D12046D6
:10A13000FFF7D8FD012106FB00504268D2E9000379
:10A14000127A03F01F06B1405B09DAB100EB83001D
:10A1500007F0A1F82046FFF7C5FD0C2606FB0050CE
:10A160008368002BC8D02046FFF7BCFD704305F87C
:10A1700000802046FFF7B6FD06FB0055A86803F0F7
:10A1800017FFB9E7C94300EB830007F0AAF8E1E73E
:10A19000BDE8F087E006002064220020054BD3E8EC
:10A1A000AF2F02F00B02D3E8EF1FC3E8E02F002827
:10A1B000F9D17047A40600202DE9F8430C4604F0BD
:10A1C0002BFBE268218A1378042B6DD1022908D871
:10A1D0002046FFF727FE002404F032FB2046BDE8AE
:10A1E000F88353783E2B08D10329F1D0D378012B83
:10A1F00001D00A2B49D1032705E0052BFBD00E3BEC
:10A20000012B42D8012704F10C06304607F019F85B
:10A21000012105463046B4F8109006F0FAFF0221FD
:10A22000304606F0FEFF037880463E2B07D1E368F8
:10A230001B78012B01D00A2B06D1032614E0052B35
:10A24000FBD00E3B012B29D941F24513194A1A497B
:10A250001A4806F022FD002383F31188BFF36F8FA5
:10A260000323184602DF0226154A0323214698F8E5
:10A27000000007F01FF8B20712D56369A4F8109028
:10A2800013FA85F5E560BB07A5D521460D4806F014
:10A2900065FF0D490D4808F0C9FA9CE70126E3E780
:10A2A0002046FFF7BFFDEEE72046FFF7BBFD6FF04E
:10A2B000150491E78F480100C3480100DC48010004
:10A2C00034410100E40600202C0A0020881B0020F5
:10A2D00038B51C4806F057FF044688B300F10C055A
:10A2E000284606F0A6FF04281DD12846022106F0C4
:10A2F00098FF037805460E3B012B0ED840F6A84385
:10A30000114A1249124806F0C8FC002383F3118851
:10A31000BFF36F8F0323184602DF032321460D4A44
:10A32000287806F0C7FF2046FFF77CFD0A4BD3F8DC
:10A3300014312BB1BDE838400849094808F076BA15
:10A3400038BD00BFE40600208F480100F948010035
:10A35000DC4801004C410100D00500202C0A0020FF
:10A36000881B002010B5C1E900239DF808300C4679
:10A370000B72FFF7B7FC0C22024B02FB00335C6050
:10A3800010BD00BF64220020F8B502460B461048FD
:10A3900006F0E0FE0446C0B104210C3006F00DFFCB
:10A3A0002046FFF79FFC0C2700260A4D07FB0050B4
:10A3B00046802046FFF796FC07FB0050866020464B
:10A3C000FFF790FC07FB00556E602046F8BD00BF0C
:10A3D0002C0C002064220020034B0146D3F83401EA
:10A3E00082689268104700BFD00500200421014810
:10A3F00006F051BFA4060020014803F051BF00BF82
:10A400001C0A002070B505460C4659B94FF0FF30C4
:10A410004FF0FF31FFF7B8FF044618B96FF0680539
:10A42000284670BD2046FFF75DFC0C22154BA61890
:10A4300002FB003330465D8006F003FF03280BD992
:10A440000321304606F0D4FE0580238A0121033B18
:10A450008370304606F0D4FE40F635439D4208D165
:10A460002046FFF7B9FF054648B12046FFF7DAFC62
:10A47000D6E72146044808F022F9FFF7BDFF002582
:10A48000CEE700BF64220020EC06002038B502466B
:10A490000B46244DD5F81C1109B9002038BD05F133
:10A4A000F80003F0BFFD0028F7D10022002305F5D6
:10A4B0008E7003F04BFD044668B940F6B8431A4A63
:10A4C0001A491B4806F0E9FB84F31188BFF36F8F2C
:10A4D0000323184602DFD5F8100120B1FFF7A2FCD4
:10A4E0000023C5F81031204606F063FEC5F81001C0
:10A4F0002046FFF771FF98B10E4803F059FD204642
:10A50000FFF7F0FB0C220C4B1F2102FB0030224610
:10A510004088FFF7CBFD2046FFF784FCFFF76CFF78
:10A520000120BBE7D00500208F480100274901002A
:10A53000DC480100C8060020642200202DE9F04F0D
:10A54000064617460C4687B069B94FF0FF304FF00A
:10A55000FF31FFF719FF044658B96FF06805284628
:10A5600007B0BDE8F08F887AFFF7B4FB444B834215
:10A570007FD101220021684608F0BAF82046FFF793
:10A58000B1FB0C23DFF8FCA003FB00A0C0F808D04F
:10A59000204606F00EFE01463046FFF733FF054623
:10A5A00018B12046FFF73EFCD9E708F073FE364BA2
:10A5B0001A58364B9A421FD1DFF8D4B0354808F00C
:10A5C00093F8002181463448FFF760FF804688B940
:10A5D0004FF4F9735A463149314806F05EFB314673
:10A5E000304806F05AFB88F31188BFF36F8F0323BE
:10A5F000184602DF4C45E1D100236846264A03F0A5
:10A6000011FD804698B14FF4FC73214A2649244835
:10A6100006F043FB42463146244806F03EFB002349
:10A6200083F31188BFF36F8F0323184602DF2046A0
:10A63000FFF758FB0C2358431AF80060AEB12046D0
:10A64000093EFFF7EFFB092E0CD8DFE806F0150BEB
:10A650000B08050B0B0B0B126FF00B057FE76FF070
:10A660000C057CE76FF0040579E7002F99D03C607A
:10A6700075E76FF0150572E76FF06E056FE700BFC5
:10A680002C0C0020642200200800000098200020EC
:10A690008F480100EC060020B4C404002B490100DF
:10A6A000DC48010033490100534901005C490100C5
:10A6B000F7B5002240F603401146FFF73FFF04467E
:10A6C000002853D1FFF76AFD214641F2030001AA99
:10A6D000FFF734FF0446002848D1019A854DD16820
:10A6E00005F17803D1F80100D1F8051003C3104635
:10A6F000FFF798FB214641F2010001AAFFF71EFF78
:10A70000044698BB0198C3685A7885F870205A8827
:10A71000A5F872201A7985F87120B3F80720A5F8FA
:10A720007420B3F80530A5F87630FFF77BFB21469F
:10A7300041F2020001AAFFF701FF0446B0B9019FF0
:10A7400005F18006FA68531C41323446186859688E
:10A75000083303C493422646F7D13846FFF762FB1D
:10A7600095F87C30580604D46FF01204204603B0EC
:10A77000F0BD002142F2030001AAFFF7DFFE04460C
:10A780000028F3D1019A5C4BD168D1F80100D1F8CF
:10A79000051003C31046FFF745FB1F23A5F8E8305B
:10A7A00095F87C30990619D44FF0FF304FF0FF3107
:10A7B000FFF7EAFD0646002800F0998002210C30E0
:10A7C00006F0FFFC0123447022460370314640F638
:10A7D0006D40FFF7B3FE04460028C7D195F89C30C2
:10A7E0001A0712D5002142F21C0001AAFFF7A6FEAB
:10A7F00004460028BAD10198C368D3F80120D3F8E1
:10A800000530C5E93823FFF70DFB4FF0FF304FF05F
:10A81000FF31FFF7B9FD0446002868D008210C304D
:10A8200006F0CFFC0227002221460770427082709A
:10A83000C270027142718271C27142F20100FFF76F
:10A840007DFE0446002891D14FF0FF304FF0FF31DC
:10A85000FFF79AFD0646002849D008210C3006F083
:10A86000B0FC802343702023047084700471447111
:10A8700084712246C770C371314640F60140FFF72C
:10A880005DFE044600287FF471AF014601AA4FF631
:10A890000140FFF753FE044620BB0198FFF7C2FAC0
:10A8A00021464FF6024001AAFFF748FE0446C8B908
:10A8B0000198C368B3F80130A5F8C130FFF7B2FAC8
:10A8C00095F8C1305B070DD521464FF6034001AA2C
:10A8D000FFF734FE30B90198C3685B7885F8C03063
:10A8E000FFF7A0FA03B0BDE8F04000F06DBA6FF0DA
:10A8F00068043BE7D0050020A806002073B5264D6C
:10A900000646D5F8340107F0F7FD00283CD06FF07B
:10A91000020105F1D40006F0E4FC012106F0BBFCC5
:10A9200010EA010433D11D4B1E600A4605F1F80000
:10A9300007F0DEFE05F58E7007F0B5FE184807F04B
:10A9400085FF6FF007034FF4006216491448009426
:10A9500003F0ACFC1449124807F0A3FFD5F834010A
:10A96000124983681B689847044628B93EB9FFF727
:10A970009FFE78B9FFF73AFD204602B070BD05F1A1
:10A98000C40003F08DFCF7E76FF01204F4E76FF0FA
:10A990007704F1E70446EFE7D0050020702200209D
:10A9A000881B0020202B0020A1490100B9A1000034
:10A9B00010B5FFF77DFE044608B9FFF717FD044BFD
:10A9C0001B681BB12046BDE81040184710BD00BFF2
:10A9D0007022002038B5044603210C3006F021FC1B
:10A9E000E3680578197840F63543B0F801009842DD
:10A9F0000AD02246FFF75AFB35B1044803F0D8FAD3
:10AA0000BDE83840FFF7F8BC38BD00BFC8060020DD
:10AA100038B5042104460C3006F003FC4578017873
:10AA200022464088FFF742FB35B1044803F0C0FAE4
:10AA3000BDE83840FFF7E0BC38BD00BFC8060020C5
:10AA4000F8B506460024094DEF79E3B29F4202D8DB
:10AA50006FF0010007E02946304606F055FC073547
:10AA6000631C08B12046F8BD1C46EEE7D005002067
:10AA700070B5144E06223146044608F088FBE0B15A
:10AA80004FF0FF304FF0FF31FFF77EFC0546B0B1CD
:10AA9000062221460C3006F09AFB0022294642F29B
:10AAA0000500FFF74BFD48B93346226843F8692992
:10AAB000A288B280012283F86820002070BD6FF068
:10AAC0006800FBE73906002037B504460D4689B11A
:10AAD0002846184906F018FC60B9174A2968C4EBE3
:10AAE000C4041151A318AA889A80AA799A710020E7
:10AAF00003B030BD684606F0A8FB0028F8D16846D0
:10AB0000FFF79EFF0028F5DA0B4A0098C4EBC40457
:10AB100010519DF80610BDF80400A3189880997193
:10AB2000002DE4D012592A609A88AA809B79AB71D3
:10AB3000DDE700BF5C480100D005002070B5044689
:10AB400011B16FF0150070BD80B11B4906F0DCFB40
:10AB500060B92046FFF774FF002827DA2378012B1D
:10AB6000EFD1A37903F0C003C02BEAD1134DEB79E9
:10AB7000012B1ED005F1D403D3E8AF3FDB0707D488
:10AB8000002CDED020460C4906F0BEFB0028D8D1B0
:10AB9000EE792146731C3046EB71FFF795FF08B93B
:10ABA0003046D0E7EB79013BEB71CCE76FF07700F3
:10ABB000C9E76FF00B00C6E75C480100D005002034
:10ABC0002DE9F3410446D8B1002141F2090001AA60
:10ABD000FFF7B4FC054698B9019E0622D6F80C8012
:10ABE000104908F10107384608F0D1FA28B10622C9
:10ABF00038460D4908F0CBFA30B93046FFF712F964
:10AC0000002002B0BDE8F081D8F801303046C4F829
:10AC10000130BB882570A4F80530FFF703F9012047
:10AC2000EFE700BF694801006348010007B56846C7
:10AC3000FFF7C6FF044BD87118B169460020FFF733
:10AC400043FF03B05DF804FBD0050020F0B5294DAB
:10AC500089B0EE79002E46D195F8C230DB0722D5B7
:10AC60006A4631464FF60940FFF768FCD8B9DDF86F
:10AC700000C0DCF80C406378012B1E4628BF01267B
:10AC800073B1A31C02AA1234174618685968083316
:10AC900003C7A3423A46F7D1186838609B88BB8047
:10ACA0006046FFF7BFF8EE71002416260127EB7906
:10ACB000E0B2834202D8B3B1002012E008AB06FB39
:10ACC000003353F8182C33F8143C6946CDF80120B2
:10ACD000ADF805308DF80070FFF7F6FE013400285E
:10ACE000E5D009B0F0BD0021084609B0BDE8F0404C
:10ACF000FFF724BFD00500202DE9F0410D4617468F
:10AD00001C460646002856D0002B54D00A03037870
:10AD100008D56D074FD406F007FB002849D1012361
:10AD200023700CE0A9072CD026480FB1AA0608D43E
:10AD3000C3EBC302825C012A12D002B92270002048
:10AD400037E090F8D820510638D5C3EBC302825CB7
:10AD5000012A05D002B92270237843F00203DFE70D
:10AD60004FF00108072111FB03810144304606F032
:10AD7000D3FAF0B984F80080002FE0D0AB06DED51E
:10AD8000EAE76A0711D50F49C3EBC3028E5C012EB7
:10AD900008D1072212FB0363194406F0BDFA40B93B
:10ADA0002670EBE7002EE9D1FAE706F0BDFA0123A1
:10ADB0002370BDE8F0816FF01500FAE76FF08500B1
:10ADC000F7E700BFD005002010B50A4CE3790BB1BE
:10ADD000002010BDFFF72AFF0028FAD1E379002BED
:10ADE000F6D1FFF733FF0028F3D1601CBDE8104017
:10ADF000FFF73EBED0050020F8B545680646690558
:10AE000035D4046914B115F0030330D0194F3078EC
:10AE1000FB7983422BD9C0EBC00007221649384486
:10AE200008F0B5F9A8B115F0030306D197F8702022
:10AE3000082A02D8B2689F2A19D915F0300F09D014
:10AE4000ACB1EA060AD405F46035B5F5603018BF38
:10AE50000120F8BDEB0601D4002CF4D1D6E9022381
:10AE60009A4204D81F2A02D9B3F5804FEBD90020AB
:10AE7000EFE700BFD00500205C480100F7B5CDE941
:10AE80000001694642F2080016461D469DF82070F2
:10AE900006F077FA044648B95FB90B4BD3E8EF1FC9
:10AEA00041F00401C3E8E21F002AF7D1204603B0B5
:10AEB000F0BD694642F20900CDE9006506F061FA8D
:10AEC0000028EAD00446F1E7F80500202DE9F04F0C
:10AED0007A4ED0F810B00546BBF10004304687B07A
:10AEE00018BF012406F04AFA0F46410791469A46D8
:10AEF00040F1C6802846FFF77FFF60B96FF0150468
:10AF00003846002340F20111994540F0C2802046A6
:10AF100007B0BDE8F08F284606F01DFA80460028ED
:10AF2000ECD0A6F1AC0006F029FAC205C0F300236C
:10AF300000F1A980CDE90333CDF81330AB68686820
:10AF4000ADF80830EB68ADF80A3006F008FA8DF875
:10AF50001500D6E8EF3F23F48073C6E8E23F002AED
:10AF6000F7D12A780DF10D0306F8BC2C06F8652CF4
:10AF700069682246A6F1BC00FFF7BEFE0446002821
:10AF8000BED1A6F1B303BBF1000F11D02A6911683D
:10AF900046F8B31C9188998092799A716B689C07E6
:10AFA0004AD1990502D4BAF1000F59D002230BE01F
:10AFB000434A116846F8B31C9188927999809A7136
:10AFC0006B689807EDD05B468DF80C304FF0FF3082
:10AFD0004FF0FF31FFF7D8F90446002856D00F2272
:10AFE00002A90C3006F0F3F82146002242F20600D6
:10AFF000FFF7A4FA0446002882D1BBF1000F33D03A
:10B000000121304806F02CFA044600287FF478AF7E
:10B010006A682D4812F0030218BF0122092106F0C8
:10B020000AFA42460A2106F006FA6A680C21C2F3BF
:10B03000800206F000FA63E713F0100F0CBF012343
:10B0400004238DF80C302B691A68CDF80E209A88ED
:10B05000ADF812209B798DF814304FF00008B5E759
:10B0600003238DF80C30F8E7524649463846109BCA
:10B07000CDF80080FFF702FF04460028C0D03FE76C
:10B080006FF00A043CE76FF0770439E76FF068046B
:10B0900036E702888A4204D1426812B11278D20798
:10B0A00002D4013308302FE70849094807F0D4FBE0
:10B0B0000023084A064803F097F928E7A406002071
:10B0C0005C480100E8050020F8050020B3140100E9
:10B0D000000600201C4E0E0008B5094806F0E6F9EF
:10B0E000084806F04BF90346DB05C0F3002005D500
:10B0F000BDE808400021024806F0B2B908BD00BF13
:10B10000E8050020F80500200122024BC3F80424C2
:10B11000704700BF002008E0084B70B5C31A0D4609
:10B1200007499B10044659434022064806F0CCF9D3
:10B130002B4601462046BDE8704018478822002073
:10B14000B76DDBB650330100402373B50B4C009351
:10B15000041B0B460D460A49A41061430646094AE2
:10B16000094806F0DDF9011E05DA30462B4602B02B
:10B17000BDE87040184702B070BD00BF88220020B3
:10B18000B76DDBB68B15010050330100F8B5002216
:10B190000121054640F20510FEF7C4FA0F4801F000
:10B1A000B1FA0446B8B906F0F7FC2F690C493846E5
:10B1B00005F0D9FD031E09DB01263E642D6908490F
:10B1C00005F11C0005F0CFFD031E02DA1C462046E7
:10B1D000F8BDEE64FBE76FF00404F8E7AB1501007F
:10B1E000784101007FB500220123CDE9022304ABA1
:10B1F000CDE90433094A6B46CDF800D0CDF804D030
:10B2000006F0BCF9002805DB43F609520023684626
:10B2100002F008FF07B05DF804FB00BF9D150100B8
:10B2200010B5EFF31184402383F31288BFF36F8FBF
:10B23000074A136823F00201DB07116002D40120E2
:10B2400006F0A4FC84F31188BFF36F8F10BD00BF1C
:10B25000D82200200C22104B014602FB00330020B4
:10B2600030B4D3E90E529863EFF31180402484F395
:10B270001288BFF36F8F1C6C04F0C00444F002040A
:10B280001C6480F31188BFF36F8F1DB12B4630BC57
:10B290000248184730BC7047882200205033010014
:10B2A00010B4EFF31182402383F31288BFF36F8F42
:10B2B0001648016841F002040460C80707D482F30D
:10B2C0001188BFF36F8F012010BC01F00BBA104939
:10B2D000D1F80C14C903F2D5EFF3118083F312886F
:10B2E000BFF36F8F0B490B6C03F0C00343F00203F5
:10B2F0000B6480F31188BFF36F8F82F31188BFF363
:10B300006F8F002010BCFFF7A5BF00BFD822002020
:10B3100000E0105088220020C3B21C20014A03FB29
:10B3200000207047882200202DE9F04101220746C5
:10B330003449D1E8EF3FC1E8E02F0028F9D133B913
:10B34000314932484B60CB608A6005F01FFD7B1E9F
:10B35000012B28D8012F06D12D4BD3F8503403F000
:10B360000303012B1FD007F096FA0546E8B9294BD5
:10B370001B78D3B104220646254BC3F80823244C7E
:10B38000DFF89480D4F84C24D4F84C34D20315D58B
:10B3900003F00303012B01D0012F0FD165B386F316
:10B3A0001188BFF36F8FBDE8F081EFF31186402362
:10B3B00083F31288BFF36F8F0125E0E7BDB13046FC
:10B3C00005F08CFED4F8403413F0FF03DAD1D4F842
:10B3D0000821002AD6D0C4F80831D4F80831202238
:10B3E0000123C4F84034C8F8A0212361CAE7002132
:10B3F000202003F0E1FAE5E70422054BC3F804231B
:10B40000D1E700BF8422002074220020A422002063
:10B4100000E010501B2B002000E100E010B5044CB0
:10B420002046FDF703FB2046FEF71AFC002010BD66
:10B4300035B4000073B5044603250F4E8DF80700A0
:10B44000012200200DF1070102F042FB20B101238F
:10B450003370204602B070BD3378002BF9D0013D27
:10B4600008D007F018FA0028EAD100213F2003F0A5
:10B47000A3FAE5E73570ECE7692A002070B5466865
:10B480000546B068C0B106F0B6FD0146A0B9B06887
:10B4900001F01CFB0446A8B902460C49B06806F04E
:10B4A00094FD22460121DB20FEF73CF922460121D2
:10B4B00040F20D10FEF736F92846BDE87040044909
:10B4C00005F029BD6FF0040070BD00BF51B600004B
:10B4D000831601002DE9F04340F206354768D00697
:10B4E00048BF4FF0030C3B7C02EA050558BFC2F38E
:10B4F000401C87B001F01F06B5F5837F144646EA6D
:10B5000043168DF803C046D00DD8062D45D005D87A
:10B51000A5B1022D12D06FF0150039E0B5F5807F8E
:10B52000F9D101250AE040F20222954237D0B5F563
:10B53000407F36D0B5F5007FEDD1042501232203ED
:10B5400003FA01F12FD57B685960B86880BB5F2E84
:10B5500006F01F034FEA561173D83C4A52F82120D7
:10B5600084F4803102EB8302D2F88030C1F30041D1
:10B57000C4F3404423F4706344EA410423F00F030E
:10B580001C4344EA8C0444EA0524C2F880400020AD
:10B5900007B0BDE8F0830925D0E70825CEE70625EA
:10B5A000CCE70525CAE7630344BF7B689960CCE715
:10B5B00031460DF1020206F00BFD14F4403F8046C7
:10B5C0000CD13146B86806F01CFDB8F1000FDED191
:10B5D0009DF80210B86801F0B1FAD8E74FF0000901
:10B5E00001ABCDE90199CDE90439CDF80C90314694
:10B5F000B86803AA06F030FC4845C8DB14F40033F1
:10B6000014D09DF8033084F48034C4F300448DF8E2
:10B610000E308DF80C508DF80D404B463146B86811
:10B6200003AA01F0D9F90028CFDAB0E7CDE9043355
:10B630000DF1030303933146B86803AA06F00CFC2E
:10B64000F1E7203350F82330FFDE00BF94410100C2
:10B650004209022A034670B503D0012A18D0CAB1A4
:10B6600070BD0E4E326951680029F9D0012503F0F2
:10B670001F030C689D400029F2D08A682A4002D03E
:10B6800030464B6898473CB1236821461C46F2E798
:10B69000034EE7E7034EE5E72346F6E7BC33010038
:10B6A0009833010074330100F0B545681646A86868
:10B6B0002A7C01F01F0487B044EA4214002868D0B5
:10B6C000B6F5001F04D1214606F0EFFC002051E042
:10B6D0000020B6F5800F01AA0190506039D1B3F176
:10B6E000007F14BF052304238DF804300023CDE927
:10B6F00004230393EB680DF1030723FA01F111F022
:10B70000010139D1B6F1A07F36D104F01F035F2CBF
:10B710004FEA541003F120033ED8214A52F820206A
:10B7200052F82330DB0727D43A462146A86806F0B2
:10B730004FFC163018D002972146A86803AA06F0DD
:10B740008BFB002816DB01222146A86806F05BFC73
:10B75000BCE7B3F1C06F05D0B3F1007F14BF012384
:10B760000223C1E70323BFE73946A86801F0F0F9D7
:10B770000028E0DA07B0F0BD3A462146A86806F096
:10B7800027FC0028D8D19DF80310A86801F0D6F94D
:10B79000D2E76FF08500EDE751F82330FFDE00BF00
:10B7A00094410100082913B528BF08210C46084A16
:10B7B000D2F80433D2F808231BBA12BA00920A4610
:10B7C0006946019307F0CEFC204602B010BD00BFD1
:10B7D00000C0FF00044B054A01219362044AC620C1
:10B7E0001A600022FDF79EBF60230020900A00200F
:10B7F00000600C50044B054A01219362044AC820A2
:10B800001A600022FDF78EBF00230020500A00209E
:10B8100000800C5038B504464568AB699847012153
:10B82000E86906F016F8234629462A69A86A06F050
:10B83000C4FC002805DB2046BDE83840024905F07D
:10B840006ABB6FF0040038BD711901002DE9F04F9B
:10B850004FF0FF3C002440F2FF16484FE3B28B420A
:10B8600002D30020BDE8F08F50F82450C5F3C32E5A
:10B87000BEF1080FC5F3080373D8B34217F80E9052
:10B880004FEA156E32D0BEF10C0F4AD1C2F8043621
:10B89000B9F1000F42D1C8464FF0080950F824B062
:10B8A00003F01F0A0BF40045002D0EBFC6464FF0F3
:10B8B000010E4FF000085F2B4FEA531557D8304B5D
:10B8C000CBF3412B53F825502E4B05EB8A05D5F8C9
:10B8D00080A00AEA030343EA8B0343EA092343EA0D
:10B8E000080343EA4E03C5F8803004E0BEF10C0FB4
:10B8F00003D1C2F804C60134B0E7BEF1380F2AD034
:10B900004FF0FF33BEF10B0F2ED1B9F1000F08BF7E
:10B910004FF008095D1CC2F80036ECD04FF000086B
:10B92000BCE7BEF1380FEDD15F2B05F01F054FEAE4
:10B93000531811D8DFF848E05EF828E04FF001080E
:10B940000EEB850EDEF8805025F0E04545F0804591
:10B95000CEF88050A2E71F250023203553F825306C
:10B96000FFDE6FF015007DE76FF085007AE70023BA
:10B970000AF1200A53F82A30F2E700BFF549010026
:10B9800034420100F0F0FCFF70B40D4CD4E90065C6
:10B99000901B63EB0501400940EAC1604101891930
:10B9A00045EBD065C4E90015002400250549C1E92F
:10B9B0000023054BC3E9004570BC03F04BBA00BF40
:10B9C000581C0020401C0020501C002008B50022FC
:10B9D0000121E420FDF7A6FE164A0020D2F8183710
:10B9E00023F44033C2F8183701F040FA002820DB76
:10B9F0000120114901F0F2FA00281ADB01F004FAE3
:10BA00000E4B20F01F00C3E900010D4B0022C3E9DB
:10BA100000014FF0FF304FF0FF310A4BC3E9000146
:10BA2000094B0A49187A01F0FFF967220020084BF8
:10BA30001A6008BD00200E50C40A0020581C0020C7
:10BA4000381C0020401C0020BC0A002089B90000DE
:10BA5000C023002070B501248440E243084BD3E8A2
:10BA6000EF5F05EA0201C3E8E61F002EF7D1C0B27E
:10BA700001F032FC2C4214BF0120002070BD00BF39
:10BA8000C023002069B10123064A8340D2E8EFCFEA
:10BA90004CEA030CC2E8E1CF0029F7D1C0B201F0B3
:10BAA00031BC7047C02300202DE9F04F8BB0044615
:10BAB000884601F041FB002800F0868001F0A4F9DF
:10BAC0004FF0000B0746DFF8089104A8039101F03E
:10BAD00075FADDE904239D1809FB05F5ED0B05F565
:10BAE0007A7504A88DF818B001F04CFAAC4278F1E0
:10BAF000000357D3EFF31186402383F31288BFF37B
:10BB00006F8F344D284601F0A5F9031E07DA86F33E
:10BB10001188BFF36F8F18460BB0BDE8F08F2878FF
:10BB200001F0DAFBA4FB0901294A09FB08110023F3
:10BB3000FAF78CFF95F800A0039B10EB070950461D
:10BB400043EB01044FF00108FFF784FF234607464B
:10BB50004A46CDF8008007A8CDE907BB8DF824A0A0
:10BB600001F054FB394603905046FFF78BFF039BCF
:10BB7000002BCCDB672494FAA4F7B7FA87F72B786D
:10BB8000BB4202D0384601F0DFFA08FA07F7BC439F
:10BB9000F1D12A78104B92009B5833B186F311886B
:10BBA000BFF36F8F6FF01503B5E70C4BD3F8A40606
:10BBB000074B5843C00B4D3006F076FC86F31188D6
:10BBC000BFF36F8F2346A6E76FF08503A3E700BF9F
:10BBD00040420F008A2A002000210E5000200E5003
:10BBE00008B501F011F9064AD2E90032C01A054B36
:10BBF00061EB0201C3E90001400940EAC16008BDF0
:10BC0000581C0020501C002010B501F047FA0120FC
:10BC1000FFF782FB05F011F9BDE81040054B064A1D
:10BC20001B684FF47A70B3FBF2F35843034B43F0B5
:10BC3000010318471C0B002040420F00A0400100E8
:10BC4000F7B5224B0146224F187A224BD7E900560E
:10BC5000D3E900239E4208BF954211D1B1F1806F14
:10BC60000ED24901012938BF012101224D1946F1A7
:10BC70000006C7E9005603B0BDE8F04001F00CBB78
:10BC8000154BDFF858C0D3E90043DCE9002CA418B9
:10BC900043EB0C0C4FF0200E22466346C1FB0E23F3
:10BCA000954276EB0301C7E900230DD2291B66EB11
:10BCB0000C04C82974F10004B4BF012100210091D3
:10BCC00001F06CFA03B0F0BD0021F8E7BC0A0020D7
:10BCD000481C0020401C0020581C0020501C002044
:10BCE00037B504690D4694F839304BBB0B7B022BFA
:10BCF00029D10B680BBB94F838204B68D2B9134A92
:10BD0000591E914219D8636320460DF1070106F0D0
:10BD1000F7FA10F10C0F0BD0AB689DF8070013B1C8
:10BD200004EB8002536194F83830013384F83830E2
:10BD300003B030BD626B9A42E6D06FF01500F7E7B2
:10BD40006FF00F00F4E76FF08500F1E7FEFFCF071B
:10BD500010B500220469012140F20910FDF7E2FC50
:10BD600000232046BDE810401946014A06F0A4BA57
:10BD700075BD0000B0F5827F2DE9F0410C4602D17F
:10BD80000C4802F015F94FF001080B4E0B4F0CB99F
:10BD9000BDE8F08194FAA4F5B5FA85F506EB8503C4
:10BDA0005B6913B129463846984708FA05F524EA35
:10BDB0000504ECE7040B0020C80A0020043401004D
:10BDC00002460B46014801F0F9BF00BFD40B00202A
:10BDD000014802F06BB800BFD40B00201FB500244F
:10BDE0000A2201940294CDF80B400091014601A86B
:10BDF00007F0DDF9009A01A9074804F041FF074860
:10BE000004F03EFF84F31188BFF36F8F03231846BD
:10BE100002DF04B010BD00BF0E4A0100124801004D
:10BE200070B5064686B00D461848194906F0E2FC82
:10BE300001A8F4F7A9FC174806F05EFB00B3164B07
:10BE400068460093F4F7BEFCE8B94FF0FF304FF0BE
:10BE5000FF31FFF7B5FF044638B910491048F4F731
:10BE600055FC044620B1FFF7B3FF204606B070BD75
:10BE7000FFF7AEFF33690B481D60FEF7C1F8F4E72A
:10BE80006FF01204F1E76FF01504EEE7C82300200D
:10BE9000BB1A0100E033010051BF0000601C00200C
:10BEA00069BF0000C9C000001FB52848F4F7ACFB0B
:10BEB0000446002844D1F4F779FC0221204601AA67
:10BEC0008DF80440F4F7D4FB031E38DB0823072168
:10BED000204601AAADF80430F4F7CAFB031E2EDB9E
:10BEE0004FF01B13019340F203230321204601AAC4
:10BEF000ADF80830F4F7BCFB031E20DB012304215E
:10BF0000204601AA8DF80430F4F7B2FB031E16DBBD
:10BF10001F230621204601AAADF80430F4F7A8FB40
:10BF2000031E0CDB40F2622293420CDD84F3118885
:10BF3000BFF36F8F0423184602DF6FF00B031C461C
:10BF4000204604B010BD2346F9E700BFDDBD000068
:10BF500010B403460A46034881680C681946234614
:10BF600010BC1847E033010070B53C4C94F84730E2
:10BF7000F3B194F84730042B43D120783E2829D0E0
:10BF8000FF282DD0002563780233472B5CD8002290
:10BF900000232946FEF73EF8064630BBCDB100230C
:10BFA00084F847302E492F48BDE8704006F03EBC6B
:10BFB0004FF0FF304FF0FF31FFF702FF48B9204646
:10BFC00004F1470100F0ECFA0546FFF701FF002DF0
:10BFD000CFD070BDA578022D14BF00250125D2E772
:10BFE000A57805F0FD05802DF6E762781B49023241
:10BFF0000C3005F0ECF831461B4B1B681B4898478A
:10C00000CDE7022B14D1002200230820FDF7E0FF2A
:10C0100005460028DDD062880432472A14D80F492B
:10C0200005F10C0005F0D3F80F4B29461B68E5E736
:10C03000082BB4D1002200232020FDF7C9FF62881D
:10C0400005460028E8D1C4E7002383F31188BFF335
:10C050006F8F0423184602DFA1E700BF8B2A002060
:10C06000C8230020C81E0020C4230020283401005B
:10C0700038B50B8A0D461BB96FF01504204638BD44
:10C0800001F10C0005F0D5F80128F5D14FF0FF3093
:10C090004FF0FF31FFF794FE04460028EED1E86828
:10C0A00000F02EF80446FFF793FE002CE6D1044979
:10C0B000044806F0BBFB2846FDF7B4FEDEE700BFF0
:10C0C000C8230020C81E00200A4B93F84730042BD9
:10C0D00002D1810709D47047022B02D1020704D490
:10C0E0007047082B05D1830603D50349034806F0A2
:10C0F0009DBB70478B2A0020C8230020C81E00204B
:10C10000F7B5C34D06462B78002B40F0428204233E
:10C110008DF80730BF4B04881F68B7B10DF10603D7
:10C120000DF10702691CB84701280ED09DF80630B2
:10C13000002B40F0EE809DF807300E22AB700123FB
:10C140006A70EB70AC80A871ECE0A30A082B6BD08E
:10C1500009D8032B0ED0042B1FD0012040F2064338
:10C160009C427DD1D5E03F2B00F03F81012001288A
:10C170000AD0E0E740F60142B6F90030934205D01C
:10C1800040F60342934205D00120C2E0F01CFAF7CA
:10C19000CDFDECE7F4F7E4FBE9E73388A3F5805342
:10C1A000013B082BF0D801A252F823F0D1C10000C6
:10C1B000E3C10000F7C1000089C1000089C100008F
:10C1C00089C1000089C1000089C1000017C20000B8
:10C1D0009DF80730904808338DF80730FAF72FFEA6
:10C1E000C5E79DF807308C4840338DF8073005F0DF
:10C1F00066FC00209FE700229DF8073008338DF889
:10C200000730854B1A605A60EB7A23F0600343F0E5
:10C210006003EB72EDE79DF807307F4806338DF839
:10C220000730FAF70EFEA2E7304642F21C0130F862
:10C23000033B1AB28A4259DCB2F5005F42F2640253
:10C2400013DC9442A0D000F2188142F219039C4200
:10C2500000F2928142F20C0301209C4200F27A81AA
:10C2600040F21D439C4254D081E7A3F50053013BAB
:10C270001B2BE6D801A151F823F000BF05C3000035
:10C280002FC3000041C3000043C2000053C300009D
:10C2900059C300005FC3000071C3000077C30000F2
:10C2A0007DC3000043C2000043C2000043C200003F
:10C2B00043C2000043C2000043C2000043C200006A
:10C2C00043C2000043C2000043C2000043C200005A
:10C2D00043C2000089C300009BC3000043C20000AA
:10C2E00043C2000043C20000ADC3000042F24B0352
:10C2F0009A4271D042F27C039A4242D042F26403E5
:10C300009C429FE7FAF79FFD42F264039C4240F093
:10C3100014810F236B700423AB700123E8702B7121
:10C32000A5F80540012300202B7003B0F0BD9DF857
:10C330000730394803338DF80730FAF789FDE3E712
:10C340009DF80730344808338DF80730FAF782FD3E
:10C35000DAE7FAF781FDD7E7FAF780FDD4E79DF831
:10C3600007302D4801338DF80730FAF779FDCBE718
:10C37000FAF778FDC8E7FAF777FDC5E7FAF776FD33
:10C38000C2E7FAF77FFDBFE79DF807302249103377
:10C390008DF80730FAF76CFDB6E79DF807301E48B8
:10C3A00008338DF80730FAF765FDADE79DF80730E3
:10C3B000002008338DF807300323EB7142F2640349
:10C3C0009C42E872A5D059D842F219039C4200F26F
:10C3D000D48042F20C0340E79DF807300E48023348
:10C3E0008DF80730FAF74CFD8EE730464FF60C52C9
:10C3F00030F8033B93423CD84FF6015293420DD89C
:10C4000003F2FF3292B20A2A26D9012049E000BF86
:10C41000D32A0020D8230020DA2A0020A3F57D4368
:10C42000023B0A2BF1D801A252F823F015C50000F7
:10C430001BC5000021C5000027C500000BC400007B
:10C440000BC400000BC400000BC400000BC40000B0
:10C450000BC400002DC50000A3F57C43013B0A2B53
:10C460006AD8DFE803F016246969694B69693942C3
:10C470004E004FF61D5293425BD0012042F28503DD
:10C480009C420ED842F267039C426AD842F266038D
:10C49000E8E69DF8073040480C338DF80730FAF78E
:10C4A0004AFC4FF6025224F008039342DBE60020D8
:10C4B0009DF8073040338DF80730374B1880EB7903
:10C4C00023F0230343F02303EB712B7A23F00703BC
:10C4D00043F007032B72E4E79DF807302E4817332B
:10C4E0008DF80730FAF744FCDBE79DF807302A485F
:10C4F00020338DF80730FAF75FFCD2E7FAF736FC05
:10C50000CFE79DF80730244801338DF80730FAF75C
:10C5100070FCC6E7FAF783FCC3E7FAF782FCC0E7D2
:10C52000FAF781FCBDE7FAF784FCBAE7FAF783FC77
:10C53000B7E7FAF782FCB4E7012042F264039C42B9
:10C540009CD842F219039C4217D842F20C039C4239
:10C550007FF604AEA4F500530D3B41F241229BB29D
:10C5600004E0A4F50153283B0C4A9BB222FA03F3E2
:10C57000DB077FF5FCADCCE6012042F232039C42A2
:10C580003FF4C7AEA4F50153033B012B3FF6EFADDB
:10C59000BFE64FF0FF30C8E6DA2A00202F804020A7
:10C5A00038B5094C0D4623781BB9BDE83840FAF779
:10C5B000ADBBA278611C023206F0D4FD002004233A
:10C5C00020702B7038BD00BFD32A002070B50546FF
:10C5D0000E46084C204605F08FFF38B1A368294667
:10C5E0002046B2B21B68BDE8704018476FF01200D9
:10C5F00070BD00BFE03301001FB500240A22019482
:10C600000294CDF80B400091014601A806F0CFFD41
:10C61000009A01A9074804F033FB074804F030FBF7
:10C6200084F31188BFF36F8F0323184602DF04B031
:10C6300010BD00BF3F4A010012480100322337B548
:10C640000125ADF8043000231C216846104A8DF8FE
:10C650000630ADF800508DF80230F9F733FF04468C
:10C6600098B904F0ACFF80B2F9F78CFE2A46214657
:10C670008520FDF757F82A462146E520FDF752F8B8
:10C680002A4621468A20FDF74DF8204603B030BDEA
:10C69000F9C500000149024806F0C8B8E0230020AF
:10C6A000C81E00200122014B1A63704700E01050A1
:10C6B0000122014B5A63704700E0105028B1022854
:10C6C00006D10420034B1B681847024B1B68FBE78D
:10C6D000704700BFF0230020014B02201B68184761
:10C6E000F023002028B1012807D100200349F9F7E1
:10C6F0004FBD034B02201B6818477047BDC60000A2
:10C70000F0230020014B186000207047F023002028
:10C71000064BD3F840231C2A05D1D3F84403431E0B
:10C720005842584170470020704700BF00C0FF00CA
:10C7300003689A070CD50368DB070DD50922074B60
:10C74000C3F80C250F22C3F8042501221A60FEE766
:10C75000034B0360EF3B0360704700BF0080105045
:10C76000F000FA5008B501233C4A3D48C2F80038B1
:10C770003C4AD2F840231C2A04BF3B4AC2F80C347E
:10C78000FFF7D6FF0830FFF7D3FF0830FFF7D0FFE1
:10C790000830FFF7CDFF00F5F470FFF7C9FF334A0B
:10C7A000D2F88C3043F44063C2F88C300022D300BE
:10C7B00003F57F0303F54043D3F8001401310AD099
:10C7C000D3F8001439B1D3F800140132D3F804348B
:10C7D000402A0B60EBD1214BD3F84024002A38D0FB
:10C7E000FFF796FF48B11F4BD3F83423204B9A42F2
:10C7F0009EBF1A4B1F4AC3F84026FFF789FF18B1A6
:10C800001D4B1E4AC3F8AC27FFF782FF48B1342204
:10C81000124BC3F82426D3F83C2622F40022C3F896
:10C820003C26174B1149D3F80026D20744BF6FF0BE
:10C830000102C3F800260323124AC2F81835D1F8C2
:10C840008C3043F44063C1F88C300023C2F8A0352B
:10C8500008BDC822C3F84024C2E700BF0000125040
:10C8600000C50D5000C0FF000030055000ED00E095
:10C87000001D0A1840E0A91E00A0085078000A0414
:10C8800000E0105000B004500D4B0001034452B1C1
:10C89000D3F808250A43C3F80825D3F80C2511431B
:10C8A000C3F80C157047D3F8082522EA0102C3F833
:10C8B0000825D3F80C2522EA0102C3F80C2570479D
:10C8C00000F00C50014B05F0A2B900BF89C8000070
:10C8D000036803F01F025F2B02604FEA53129ABFF6
:10C8E000024B53F822000020704700BF4C42010069
:10C8F000034A4309D35C00F01F001844C0B27047DC
:10C900005E4A0100F0B50646002487B0114F019140
:10C9100017F8012B06AB03EBD20313F8143C02F01B
:10C920000702D34013F0010306D10134032CEFD1E9
:10C930000023184607B0F0BD074A03AD07CA85E8D3
:10C94000070055F824100A6A46F824200A62002AD3
:10C95000EBD0EEE76E4A0100943D0100F7B50446C6
:10C960000846FFF7C5FF06B204EB4606B38A0D463C
:10C97000DB072BD5204605F04CFA2946204605F06A
:10C98000B8F958B1204605F0CAF90022276800B26C
:10C9900007EB8003C3F81025C3F81025294620466D
:10C9A00005F0E6F9002101A8B1820195FFF790FF9B
:10C9B000019B00EB8300D0F88020064B134043F02E
:10C9C0000203C0F88030084603B0F0BD6FF01500D8
:10C9D000FAE700BFF0F0FCFF2DE9F043044685B014
:10C9E000084616461D46FFF783FF0F46804636B3BE
:10C9F000204605F089F918B9204605F07AF928BBD8
:10CA00000FFA88F904EB4909B9F8143013F01C0F38
:10CA100002D07378012B19D001238DF80F30002339
:10CA20003846CDE90063721CB31C0DF10F0105F00F
:10CA300008F9B9F8143043F00303A9F81430002DB5
:10CA400040D03946204605F05FF920B96FF0150057
:10CA500005B0BDE8F0830022297823684FEA810CF5
:10CA600003EB8103C3F81025C3F810250FFA88F2F1
:10CA700004EB4202938A23F4604323F02003938261
:10CA80006E78FEB12468A8786444D4F810550E4B33
:10CA900036042B40C4F8103541F6F07306F44036E6
:10CAA00003EA07130005D4F81055334300F480104F
:10CAB00003432B43C4F81035938A43EA413343F0D0
:10CAC000200393820020C3E70FE0ECFF70B590F8DD
:10CAD0007440054690F8756044BB462221461430E8
:10CAE00006F04DFB2146134A2B6852F836608E4201
:10CAF00012D1002440F20D10C3F84441D3F8442170
:10CB00000D4A934208BFDB20FCF7EAFD01232046D3
:10CB100085F874302B6670BDCAB2920002F5807041
:10CB2000442A04BF1C501A580131E0E76FF0770027
:10CB3000F1E700BF5842010000A00D5090F87500C9
:10CB4000024B03EB800005F049B800BF200B00202A
:10CB500010B5064B90F875000C4603EB800005F00D
:10CB600023F80028A4BF2070002010BD200B002057
:10CB70002DE9F04F814659F8043B8BB0D3F81413DC
:10CB800090F8754000936C4BC9B241F40031804677
:10CB900053F83420009805F015F9810305463AD57D
:10CBA0000023CDE907330993634B07A803EBC403C4
:10CBB0005B6819460193FFF7A5FE042303EBC4034A
:10CBC00003934FF0000B5D4B0DF11C0A0293029A88
:10CBD000594912F8013B0292039A02EBD3028A5C94
:10CBE00003F0070322FA03F3DA071AD40BF1010B5F
:10CBF000BBF1030F0AF1040AE9D14FF4003100221E
:10CC0000009805F0DFF8019907A8FFF77BFE0028E0
:10CC1000D7D125F400350124002D75D10BB0BDE826
:10CC2000F08F474B5B440493DAF800100029DDD005
:10CC300091FAA1F1B1FA81F1049B1C7841EA441404
:10CC40002046FFF755FE08EB4000878AC808BB085E
:10CC5000059301231AF8002001F0070103FA01F1FE
:10CC600022EA01020AF8002006A80694FFF730FE27
:10CC7000069A059B203250F82220C7F382065B07F4
:10CC80003746C2F3014223D54846D6B221463A463A
:10CC900005F04FF806A80694FFF71AFE069B20330E
:10CCA00050F82330C3F301439E4207D100212046B0
:10CCB00005F010F83146204605F00CF806A8069459
:10CCC000FFF706FE0122069B02FA03F30362ABE7BD
:10CCD000022A0DD10321204604F0FCFF06F00503D3
:10CCE000012BEBD13A462146484605F022F8E5E70C
:10CCF00002212046059204F0EDFF032EF2D0059AA2
:10CD0000032ADBD1022EECE795FAA5F3B3FA83F3FD
:10CD1000009904FA03F225EA020503F5A27251F81C
:10CD2000222008EB43034846B3F86410C2F30142E3
:10CD300004F0FFFF70E700BF584201006E4A010097
:10CD40006E4A01000123054A83409268134013F0A4
:10CD5000670F14BF01200020704700BF8808002023
:10CD60000123044A03FA00F0936823EA0003936066
:10CD7000704700BF8808002010B50024037A0D49D1
:10CD8000CA181B0103F1A04303F5622392F8542053
:10CD9000C3F82C450C2303FB02130468DC604268D3
:10CDA0001A610122007A18758B68824013438B60E8
:10CDB00010BD00BF88080020074B027AD3F8101579
:10CDC00021F001010A43C3F810250268C3F8A42624
:10CDD0004268C3F8AC26704700200E50012303FAC6
:10CDE00000F010F0670F0AD0064B5B68DB4303F0DE
:10CDF000670303420CBF6FF01500002070474FF02F
:10CE0000FF307047880800204FF0FF326FF040433A
:10CE100030B5044CD4E90001824273EB0105F9D32B
:10CE200030BD00BF40270E5030B50C25074B1C18F5
:10CE300094F8544005FB0433C3E903121875012329
:10CE4000034A8340C2F8243330BD00BF8808002065
:10CE500000200E5010B50446034804F0A5FE00283B
:10CE6000A4BF2070002010BD8C080020F0B53D4DFF
:10CE700085B02C78002C6FD13B4A01AB07CA83E800
:10CE800007003A491846D1F8102522F00202C1F8ED
:10CE90001025FFF791FF0723672202F001012144CB
:10CEA000013BCCB24FEA5202F7D1052C57D11946BB
:10CEB0004FF0010C2B4E00246720CFB204E00CFA97
:10CEC00002F220EA0200013490FAA0F25FFA84FE36
:10CED000BE45B2FA82F2F2D30131327505292A44F5
:10CEE00082F8547006F10C06E5D101210024204897
:10CEF0009A0801FA02F212F0670F18BF1C500433AF
:10CF0000302BF5D1E420FCF7EBFB184B1949D3F893
:10CF1000102503F5C07322F00202C3F8902340F6F7
:10CF2000FF72C3F8A82100221A60A3F580700433B1
:10CF30008B420260F8D101240C4B0F4A1C660F4B48
:10CF40005D201B68B3FBF2F358430D4B2343984716
:10CF500000202C7005B0F0BD6FF07700FAE76FF09D
:10CF60008B00F7E788080020A03D010000200E504C
:10CF700000210E50B0210E5040420F001C0B00202B
:10CF8000B040010010B50C4CD4F810359B0703D409
:10CF9000BDE81040FFF710BFD4F8103523F00203AE
:10CFA000C4F81035FFF708FFD4F8103543F002033A
:10CFB000C4F8103510BD00BF00200E50064BD3F84A
:10CFC000102502F001020272D3F8A4260260D3F801
:10CFD000AC364360704700BF00200E5073B52B4C39
:10CFE0000546636801A803F001030E46019304F0AF
:10CFF000DBFD00283FDB002320753370636823F0DE
:10D0000001036360A36843F00103A360204BD3F8DE
:10D010001025900733D4D3F8102542F00202C3F84C
:10D020001025C5B1D3F8482712F0010202BFD3F88A
:10D03000481741F00101C3F84817154BD3F84017C2
:10D04000D3F844174900F9D42AB9D3F8482722F075
:10D050000102C3F848270F4B0F4A1B68B3FBF2F3DA
:10D060000B4A03EB43136BB1D2F84017D2F84407D5
:10D0700010F0804001D102B070BD013BF3E76FF0CA
:10D080007700F8E76FF07300F5E700BF880800202D
:10D0900000200E501C0B002040420F002DE9F843E9
:10D0A0000025224E672374684FF00108E443A94627
:10D0B0001F4F04F06704C7F82833E9B2DCB9E42055
:10D0C000FCF71CFB1A4BD3F8482722F00102C3F8E7
:10D0D0004827D3F8102522F00102C3F81025D3F811
:10D0E000102522F00202C3F8102501225A669A6622
:10D0F0003470BDE8F8830846FFF724FE98B108466F
:10D10000FFF72EFE736808FA01F2DB4303F06703B2
:10D11000134208D007EB0113C3F82C95E30702D59F
:10D12000044804F05BFD64080135C6E78808002068
:10D1300000200E508C080020024B1878003818BFD1
:10D14000012070478808002038B50146FFF746FEE9
:10D150000446D8B90846FFF7F5FDC8B101250846D1
:10D16000FFF7FEFD0C4B8D4003EB0112C2F82C457E
:10D17000D3F820232A4209D0C3F82853890003F5A5
:10D1800080735A5812B15C506FF07304204638BD5A
:10D190006FF01504FAE700BF00200E5070B51D4671
:10D1A0001446184A9DF81060131893F8543000B2D2
:10D1B0000C3302EBC30142F833404D60C5F3130159
:10D1C000AEB10201104E02F1A04202F562228000CF
:10D1D000C2F820450644C2F82415336833B1FFF77E
:10D1E00013FEA042A94101D20023336070BD0301A8
:10D1F00003F1A04303F56223C3F82045C3F82415C7
:10D20000F4E700BF8808002000210E502DE9F0410E
:10D210000446007A1E46FFF7E1FD904605469DF85C
:10D22000187078BB2046FFF7A7FDEFF3118040236D
:10D2300083F31288BFF36F8F227A144B92009D50B4
:10D24000217AC6F31306090101F1A04101F562211B
:10D25000C1F82085C1F8246580F31188BFF36F8F72
:10D2600087B10123227A0A4903FA02F2D1E8EF6F6B
:10D270001643C1E8E06F0028F8D1227A9340054AAE
:10D28000C2F824332846BDE8F08100BF00210E50CB
:10D290001009002000200E50F0B50E4D2B1893F809
:10D2A000543000010C3355F8334005EBC3077E685A
:10D2B000641800F1A04021F0004146F1000641EA67
:10D2C000C27100F5622045F833407E60C0F8281531
:10D2D000F0BD00BF8808002010B50446FFF77EFDB2
:10D2E000014640B92046FFF72DFD30B10123044A25
:10D2F000A340C2F82833084610BD6FF01501FAE7C5
:10D3000000200E5008B50246FFF768FD40B9012322
:10D31000044993408A681A438A60034AC2F8243356
:10D3200008BD00BF8808002000200E50F7B5284B2C
:10D33000284CD3F82C6304F188070EB903B0F0BD74
:10D3400096FAA6F00123B0FA80F08340DA4322492E
:10D3500026EA0306231893F85450830019440C233B
:10D3600003FB0543DB6873B3D7E8EF3F03EA020C26
:10D37000C7E8EECFBEF1000FF6D1C340DB0719D5E9
:10D38000020102F1A04202F56222D2F82435D2F85D
:10D390002025D1F800C0BCF1000FCED04FF0000C1A
:10D3A000C1F800C00C2101FB054529690091E9681D
:10D3B0008847C2E705F10C0304EBC30C54F8332093
:10D3C000DCF80430E5E70A68002AB6D00B60B4E761
:10D3D00000200E508808002000210E50044B40EA27
:10D3E0000120C3F80005D3F80024D207FBD570470D
:10D3F00000B004505F2800F01F034FEA50110DD811
:10D40000094A52F8212002EB8302D2F88010074B20
:10D410000B4043F00203C2F88030704700222033F3
:10D4200052F82330FFDE00BF68420100F0F0FCFF3D
:10D4300070B5817B29BB02685F2A02F01F034FEAA7
:10D44000521420D8124E134D56F8242040F60C04E6
:10D4500002EB8302D2F880302B402343C2F88030A5
:10D4600042685F2A02F01F034FEA52100BD856F8A9
:10D47000202002EB8302D2F880302B402343C2F8F5
:10D480008030012070BD203351F82330FFDE00BF13
:10D4900068420100F0F0FCFF00210268094BC16006
:10D4A000C2F80833D2F8003223F0FF5323F4BC5300
:10D4B000C2F800320123C2F8001580F8263080F847
:10D4C000281070472264F81F00232DE9F04780F8E8
:10D4D00027304B6805460E469046046833B1CB684A
:10D4E00003F06043B3F1005F40F042813378023BC8
:10D4F000012B06D8336903F06043B3F1005F40F0BD
:10D50000378118F0030F40F036819C4BC4F8083384
:10D5100095F8282002F0FF033AB16FF00F07EB688F
:10D52000C4F804333846BDE8F08718F0140F0CBF78
:10D530000122002285F82820327885F8242072788C
:10D5400085F82520F2682A6172686A613269AA61E9
:10D55000B268C5F82080EA61C8F3001285F8292076
:10D560007278C4F88825C4F83831D4F83821C4F862
:10D570002831D4F82821C4F81431D4F81421C4F87F
:10D580000431D4F804313378032B00F28380DFE8D0
:10D5900003F05F784B024FF48073C4F80032D5E992
:10D5A0000423C4F83C27C4F84037012323654FF017
:10D5B0000061204604F0C0FD0028F8D1D5E906231B
:10D5C000C4F83C27C4F840374FF48063EB60002771
:10D5D00018F008096A680FD13378032B0CD0012B9F
:10D5E0006FD1A362002A58D072686B6822B9002BF1
:10D5F00000F09C80012363606B68002B00F0968034
:10D6000018F0040F1CBF0023EB6018F0400F02BF9E
:10D61000EB6843F00203EB60EB6843F02003EB6040
:10D62000EB68C4F804337DE7D5E90423C4F83C274C
:10D63000C4F84037D5E90623C4F80427C4F80837EE
:10D640004FF48453C4F80032012323610223BDE761
:10D6500018F0200FD5E90423C4F83C27C4F840375C
:10D6600015BF4FF480734FF40073C4F80032C4F850
:10D67000003214BF4FF480630223EB600123236167
:10D68000A5E7D5E90423C4F80427C4F808374FF404
:10D690008053D7E76FF015079AE76A6902B96360AC
:10D6A0004FF0010A40F2024940F22241204604F0C4
:10D6B00043FD830648BFC4F804A010EA090FF3D065
:10D6C00092E701232365002A8ED16A6912B140F2E4
:10D6D000024A06E06360FAE70123236163604FF0CA
:10D6E000000919EA0A0F7FF47FAF40F22241204679
:10D6F00004F022FD10F0200F8146F2D04FF480415B
:10D70000204604F019FDD4F800320028E4D013F4C8
:10D71000007103D10122894622616260D905E0D5FA
:10D720004FF48061204604F007FDD8E70022D4F8CA
:10D73000C434C4F8C43485F8282063B19A0756BFAE
:10D7400003F001076FF00D078C3F13F0040F18BFB3
:10D750006FF00A07E6E618F0400F7FF4E3AE2046CC
:10D76000291D04F0A7FC002808BF6FF08B07D9E63D
:10D770006FF00C07D6E66FF08507D3E62264F81F3A
:10D7800070B50568022186B00446284604F0D4FC32
:10D7900020210646284604F0CFFCD0B1D6B9E36874
:10D7A0004FF48041C5F808330223E360E36828465C
:10D7B000C5F8043304F0C0FC18B1D5F800329B055D
:10D7C00002D401232B616B60012384F8273006B05B
:10D7D00070BD8EB3236A5E060AD494F827303BB935
:10D7E0002846211D04F066FC80F0010084F8270023
:10D7F000236A13F0040337D1C5F83831D5F838213E
:10D80000C5F83431D5F8343194F8293013B194F88F
:10D810002730F3B100230122C5F80032E3602E4B1C
:10D82000C5F30431C5F808338A40C5F343432B4997
:10D83000603341F823200CE04FF48061284604F067
:10D840007BFC94F82430002B2FD194F82930002B46
:10D85000E1D0A38CADF8043023690493636902938B
:10D86000A3690593E3690393D5F8C4349807C5F811
:10D87000C4342AD459072AD4DA072AD494F8273092
:10D880009B00DBB28DF8003094F829300BB984F896
:10D890002830236A5B0703D594F82730002B96D0F5
:10D8A000D4E901316846984791E74FF40073C5F811
:10D8B00000322223E360084BC5F80833E368C5F85B
:10D8C000043301232B652B6181E70123DAE702236F
:10D8D000D8E70323D6E700BF2264F81F00E100E089
:10D8E0000368034A01F5C07143F82120704700BF67
:10D8F0003546526E037C5BB10368074AC3F82025A6
:10D90000012203685A6003680020C3F820057047AD
:10D910004FF0FF30704700BF3546526E036803F08A
:10D920001F025F2B02604FEA53129ABF024B53F85B
:10D9300022000020704700BF74420100F7B5064680
:10D9400004F04FFD084604F04CFD01A80196FFF7D6
:10D95000E5FF0C4640F60D01019B2C4D00EB8300CA
:10D96000D0F8803001942B400B43C0F8803001A8E0
:10D97000FFF7D4FF019B012700EB8300D0F8803034
:10D980002B400B43C0F88030042004F00BF909252C
:10D9900001A80194FFF7C2FF019AC368D340DB07D7
:10D9A00014D401A80196FFF7B9FF019B013D07FAC6
:10D9B00003F38360042004F0F5F8304604F011FD11
:10D9C000042004F0EFF815F0FF05E1D101A801945F
:10D9D000FFF7A4FF0123019A93408360042004F021
:10D9E000E1F8204604F0FDFC042004F0DBF801A877
:10D9F0000194FFF793FF019AC368D34013F0010F1E
:10DA00000CBF6FF08B00002003B0F0BDF0F0FCFF06
:10DA100008B5144BA8220021184605F0B0FB0322DC
:10DA2000114902614261114A8161C2614FF4806211
:10DA30000262002282624262C26201660C490346AF
:10DA40004166102181660267C2664267BFF35F8F3D
:10DA5000084911F8010D98540132102AF9D1BFF389
:10DA60005F8F08BD50040020714A01005000002063
:10DA7000400000208A4A0100F8B5182700FB07750E
:10DA8000124B0E461D4407FB0033DB6A1446012B84
:10DA90000AD0022B14D023B9284604F0AEFC8442ED
:10DAA00008D900242046F8BD284604F0A6FC84428C
:10DAB00028BF044622463146284604F0A7FCF1E779
:10DAC0002846BDE8F84004F0BEBC00BF500400206A
:10DAD000F8B50B4B04461B780D46532B164601D068
:10DAE000FFF796FFEFF311874FF0200181F31188C4
:10DAF000324629462046FFF7BFFF87F31188F8BD5D
:10DB00005004002010B4BFF35F8F00230A4A0B4972
:10DB1000C85C12F8014D844209D10133102BF7D1B2
:10DB20000023BFF35F8F23B110BCFFF771BF012348
:10DB3000F7E710BC704700BF8A4A0100500400207C
:10DB400038B5EFF31185402383F31288BFF36F8F4D
:10DB5000064B9C6804F0E3FC85F31188BFF36F8FDC
:10DB60002046BDE83840FBF75FBD00BFF42300202E
:10DB700038B50A4B53F82040013053F82050A542E5
:10DB800000D838BD606830B1037FDB0701D404F0F2
:10DB90008FFC0834F3E723689847FAE780420100D6
:10DBA000012270B5294B032086B01A70FFF7E0FF01
:10DBB000FBF740FA0420FFF7DBFF254C254D2646F6
:10DBC000AE4204F1300410D300F026FE204C224E69
:10DBD000AC4226D300F034FEFAF794FD1F4A137BC3
:10DBE00023F00103137306B070BD54F80C3C059389
:10DBF00054F8103C049354F8143C039354F8183C24
:10DC0000029354F81C3C019354F8203C009354E9CF
:10DC10000A2354E90C0100F0EDFB54F8303C5E653A
:10DC2000CDE7D4E90A23B3F1FF3F08BFB2F1FF3FCC
:10DC300005D052EA0301206803D100F0EBFE303436
:10DC4000C6E73146183001F075F8F8E71B2B0020C5
:10DC50000C3D01000C3D0100A3290100082000201B
:10DC6000902370B5134E012203FB0066002386B09B
:10DC7000CDE904230F220193CDE9023214234FF49E
:10DC8000A0720D4D0D4903FB0055044602FB001127
:10DC90000B4B3046009500F0ADFB737B2C7423F0EA
:10DCA00004037373074B013403EBC423EE606B6012
:10DCB00006B070BD781F0020F4230020203F002014
:10DCC0006D25010020370020BFB50020FFF750FF71
:10DCD000294B03F5006282F3088883F30A88E02366
:10DCE000264C002584F822302023E37725766576BC
:10DCF000A57684F82050636A214F43F4E0236362E1
:10DD000084F82350FBF70EFCFBF784FD4FF0FF3344
:10DD1000A362E362FBF70EFFFBF7A4FD194800F0D6
:10DD2000D7FB0120FFF724FF0220174CFFF720FF4D
:10DD300000F0BAFD154B16495C61164B4FF40062BA
:10DD4000059301232046CDE90353CDE901553B4618
:10DD5000009500F04FFB0646627B204622F004024D
:10DD6000627304F0DBFD2846FFF77AFF3A4631463E
:10DD70002046FBF72FFD00BF2037002000ED00E01C
:10DD8000A1DB00004821002008200020F42300200F
:10DD9000604000208B4A010038B5064C064DAC426D
:10DDA00001D3002038BD2046D4E9011204F0BAFBAB
:10DDB0001434F4E7700B0020700B00202DE9F341C0
:10DDC000044617461E46EFF31188402383F312885A
:10DDD000BFF36F8FC368334A7BB180689168884214
:10DDE00019D057EA060318D188F31188BFF36F8F53
:10DDF0006FF00F0002B0BDE8F081916891F90E104C
:10DE00000133E36093682161A36088F31188BFF355
:10DE10006F8F0020EEE72169F2E791F90E1090F97B
:10DE20000E306FF07E029942A8BF19469142B8BFEA
:10DE300011468B422DDD04F0A4FB054622464146E7
:10DE4000CDE90076184800F02DFC0028E1D0EFF372
:10DE50001186402383F31288BFF36F8FA068D0B17F
:10DE6000236821699C420AD04BB193F90E30994244
:10DE7000A8BF19466FF07E039942B8BF194604F057
:10DE800080FB40B13146084800F0A0FC6FF00A006A
:10DE9000B0E70025D2E7002DF4D186F31188BFF357
:10DEA0006F8FF3E7F42300201C2B0020F8B5836864
:10DEB0000546002B40D0234A926893423FD1C36865
:10DEC000012B03D9013BC3600020F8BDEFF311879C
:10DED000402383F31288BFF36F8F0169806804F0D9
:10DEE00050FB2C68A54207D10023C5E9023387F314
:10DEF0001188BFF36F8FE7E7002CF5D0D4E900322B
:10DF0000002613605A60637BC4E9006623F00203B5
:10DF10006373A66004F1180004F0CBFDAC6094F9C3
:10DF20000E3020462B61C4F88C6004F0F7FC3946B3
:10DF3000054800F04BFCC7E76FF01500C5E74FF050
:10DF4000FF30C2E7F42300201C2B002037B5114618
:10DF5000EFF31185402282F31288BFF36F8F0468BC
:10DF60009CB12368426823F003039442036008BF16
:10DF700043600121204604F08AFB044685F31188A2
:10DF8000BFF36F8F204603B030BD51EA0302F5D0D6
:10DF900000F10802CDE900131046294600F082FB8B
:10DFA0000028EFD1014B9B681C69EBE7F4230020AC
:10DFB00070B5EFF31186402383F31288BFF36F8FA0
:10DFC0000468A0421BD0D4B1D4E90032002513600C
:10DFD0005A60637BC4E9005523F002036373A560B4
:10DFE00004F1180004F065FD2046C4F88C5004F0DC
:10DFF00095FC3146BDE87040094800F0E7BBD0E928
:10E0000002329A4218BF013302218360103004F0BB
:10E0100005FE0028EDD186F31188BFF36F8F70BD28
:10E020001C2B002013B5EFF31181402484F31288D8
:10E03000BFF36F8F846844B1013C846081F3118821
:10E04000BFF36F8F002002B010BD52EA030406D167
:10E0500081F31188BFF36F8F6FF00F00F3E7CDE905
:10E0600000230246014800F01DFBECE71C2B0020BA
:10E0700007B5074B4FF40062009306494FF0FF339A
:10E08000054800F013F9002003B05DF804FB00BF61
:10E090009842010060480020982000202DE9FF41AF
:10E0A000044640274E4EEFF3118887F31288BFF3E2
:10E0B0006F8FD4F89450F5B9022104F1AC0004F04C
:10E0C00027FB002868D004F1A4050022012128467E
:10E0D00004F093FC0028F8D100234FF0FF320293A4
:10E0E0004FF0FF334146CDE900233E4804F19C0246
:10E0F00000F05AFDD7E7D4F898202B689542C4F871
:10E10000943008BFC4F89830D4F8AC3043F0020320
:10E11000C4F8AC30EB6823F0040343F00103EB6078
:10E120006B6888F31188BFF36F8F28469847EFF329
:10E13000118887F31288BFF36F8FEB68D80623F03E
:10E14000010236D4EA60EB689A0716D5306823F0EE
:10E150000203EB6088B10021036870B14268954208
:10E1600035D1036869BB72683360824200D1736045
:10E17000002340F8083BFFF71BFFD4F8AC3023F036
:10E180000203C4F8AC3088F31188BFF36F8FDB054E
:10E1900089D400F091FB86E7D4F8AC30D9069BD542
:10E1A000C4F8AC0088F31188BFF36F8F04B0BDE8EA
:10E1B000F08123F01103EB6005F11000FFF7F8FE8A
:10E1C000C1E70B607368834208BF7160D0E723B179
:10E1D0001A68014618461346BFE71A46F9E700BF1A
:10E1E000142400201C2B0020F8B5C36804469A07AD
:10E1F0000F46C3F340062ED45B071CD40B680BB943
:10E2000083680B60E368DD0742BFA36802263B60BA
:10E210003D6858BF0126002D3CD0204B9A68D5F8A8
:10E2200090309A420AD0D5F8AC30D807C3F38002B8
:10E2300014D46FF0120600233B6025E004F02BFBA2
:10E24000D5F8AC300028F0D1D907C3F3C002F0D51F
:10E2500052B15B0708D46FF00F06ECE7002AFAD141
:10E26000C3F3C003002BF6D100232360D5F8983008
:10E2700063B9C5E92544284604F064FAE36843F02D
:10E280000403E3603B68A3603046F8BD1C60C5F83A
:10E290009840F0E76FF01506CDE700BFF4230020AB
:10E2A0000146014804F0C2BA98200020F0B50446A7
:10E2B000002089B0C4E925000E9D04F19C00C4E94A
:10E2C000270004F1A400C4E9290055B328790028E7
:10E2D00040F2011008BF0120C4F8AC0000204FF04C
:10E2E000FF364FF0FF37CDE90330CDE90100CDE92E
:10E2F000066720460C4B009400F0BEF855B1296823
:10E3000011B1204604F0CDFA6B791BB1237B43F0A9
:10E3100001032373204600F07DFBC4F8904009B050
:10E32000F0BD0120D8E700BF9DE0000037B50190A7
:10E330000846EFF31184402181F31288BFF36F8FF9
:10E34000C16811F01E0F16D153EA020508D101A9C8
:10E35000FFF74AFF84F31188BFF36F8F03B030BD1E
:10E3600041F00801C160019910308161034900F05A
:10E37000E1FC0120EEE70020ECE700BFB927010037
:10E3800001460148FFF7D2BF98200020F7B50C46A0
:10E3900016461D460190EFF31187402383F3128840
:10E3A000BFF36F8F084604F0BEF955EA060309D1A2
:10E3B000204601A9FFF718FF87F31188BFF36F8F7D
:10E3C00003B0F0BDE368324643F00803E360019B0D
:10E3D0000449A36204F110002B4600F0ABFC0120BD
:10E3E000EAE700BFB927010001460148FFF7CEBFA9
:10E3F000982000202DE9F043984685B000F158039D
:10E40000C0E91633109B002503730423073222F062
:10E41000070643730F9B01EB06090F4683734946BA
:10E42000C0E906558560C5730446FAF76DFE0E9B7C
:10E43000073020F00700E067C4E91D7602930D9BCA
:10E44000A9EB000901930C9B4A46009339464346C9
:10E450002046FBF7A3F9074B65659B6884F870506D
:10E460000BB1D3F880304846C4F8803005B0BDE821
:10E47000F08300BFF4230020F0B5002587B0059598
:10E48000109DDDE9127604950F9D044603950E9DBF
:10E4900002950D9D01950C9D0095FFF7ABFFB6F120
:10E4A000FF3F08BFB7F1FF3F05D056EA070305D18C
:10E4B000204600F0AFFA204607B0F0BD3A4633469A
:10E4C00004F11800014900F035FCF4E7A32901002C
:10E4D00040F2011383810023C0E91D33C0F880306E
:10E4E000014B9860704700BFF42300206FF00A01D1
:10E4F000094A9368C3F88C100849C3F888004B6830
:10E5000043F080534B60002383F31188BFF36F8F78
:10E510009368D3F88C007047F423002000ED00E0EE
:10E5200070B590F90D20437B002A36DBD90634D133
:10E530001B4C63F07F032246437352F8183FE16996
:10E54000934207D1C0E900210860E06111E09942DF
:10E55000F8D01B68002BF5D090F90E5093F90E609F
:10E56000B542F4D0AE42F2DD5968C0E9003108602E
:10E570005860A569954200D005B9E568A3685A7B43
:10E58000D20604D1DA897F2A01D9AA6932B1AB4215
:10E5900002D0284600F048FB656170BD6361FCE76E
:10E5A000F423002038B590F90D200146002A437B62
:10E5B00004DA03F07F03437304F076F90D4D2A4625
:10E5C00052F8184FAB68944200D004B9EC688B4203
:10E5D00007D05A7BD20604D1DA897F2A01D9A269F1
:10E5E0002AB1A34202D0204600F01EFB23466B61F5
:10E5F00038BD00BFF4230020B3F1FF3F08BFB2F1E4
:10E60000FF3F03D00249183000F094BB704700BFB1
:10E61000A329010070B590F90D200146002A437B23
:10E6200004DA03F07F03437304F03EF91C4C4B7B88
:10E63000224663F07F034B7352F8183FE069934220
:10E6400007D1C1E900200160E16111E09842F8D0F2
:10E650001B68002BF5D091F90E5093F90E60B5426E
:10E66000F4D0AE42F2DD5868C1E900300160596073
:10E67000A569A368954200D005B9E5688B4207D02B
:10E680005A7BD20604D1DA897F2A01D9AA692AB134
:10E69000AB4202D0284600F0C7FA2B46636170BD3A
:10E6A000F4230020F8B5DDE906670D4B0C469868A9
:10E6B00011460C4A1060EFF31182402282F3128857
:10E6C000BFF36F8F9D68284604F000F92846324654
:10E6D0003B46FFF791FF2046BDE8F840FFF706BF35
:10E6E000F42300201C240020F8B50446EFF3118722
:10E6F000402383F31288BFF36F8F437B49B203F04B
:10E700001F02002A0CBF0126002639D103F07F0327
:10E710002D4D437304F0C8F82A46437B817363F0A0
:10E720007F03437352F8183F934227D1E869C4E945
:10E7300000200460EC610FE09842F8D01B68002BC9
:10E74000F5D093F90EC06145F6D08C45F4DD5968DB
:10E75000C4E900310C605C60AC69944200D004B93B
:10E76000EC68AB689C4202D0204600F05DFA6C6118
:10E7700087F31188BFF36F8F3046F8BDE869DEE795
:10E780009B071ED5856804F08FF881732B689D4226
:10E7900009D16B68C4E900531C606C60E8E76A68E3
:10E7A0009342F6D01B68002BF3D093F90E209142D0
:10E7B000F5D08A42F3DD5A68C4E9003214605C6027
:10E7C000D6E78173D4E700BFF423002049B9EFF303
:10E7D000058030B9054B5A699B689A4201D0FFF712
:10E7E00085BE81F31188BFF36F8F7047F42300203B
:10E7F000034648B9EFF3058232B9064A5169926877
:10E80000914201D0FFF772BE83F31188BFF36F8F7F
:10E81000704700BFF4230020EFF31181402383F3FE
:10E820001288BFF36F8F054B9A68D37B013BD3737C
:10E8300081F31188BFF36F8F704700BFF42300206E
:10E8400070B5EFF31186402383F31288BFF36F8F07
:10E85000144DAB68DA7B0132DA732A4652F8184F4E
:10E86000944200D004B9EC685A7BD20604D1DA890C
:10E870007F2A01D9A2692AB1A34202D0204600F022
:10E88000D3F923466B6186F31188BFF36F8FEFF3E3
:10E890001180402383F31288BFF36F8FBDE870406F
:10E8A000FFF7A6BFF4230020024B03F11802C3E9CF
:10E8B00006227047F423002070B5EFF31186402341
:10E8C00083F31288BFF36F8F1B4CA168E0690B685C
:10E8D000814214BF1A46002249680B605960A36840
:10E8E000E1692AB9154AC3E900210B60E3610CE034
:10E8F00093F90E0092F90E50A84218D0854216DD09
:10E900005168C3E900210B605360A5690B4B9D4220
:10E9100000D005B9E568A3689D4202D0284600F002
:10E9200083F965613046BDE87040FFF7DFBD8A427C
:10E93000D8D01268D5E700BFF42300200C240020B3
:10E94000F8B550EA010306460C4603D1FFF7B4FFC1
:10E950000020F8BDEFF31187402383F31288BFF343
:10E960006F8F124D124BA8681860FFF71BFEA86846
:10E97000234632460F49183000F0DCF9AA680446F5
:10E98000537B384643F004035373FFF7AFFDAB6886
:10E99000D3E90A23B3F1004F08BF002AD8D104F00D
:10E9A000B0F8201A20EAE070D3E700BFF42300207B
:10E9B0001C240020A329010038B504460D46FFF7AA
:10E9C000BFFFB5F1FF3F08BFB4F1FF3F024620464D
:10E9D00018D000234FF47A7447F611201946C2FB71
:10E9E000040147F61222904271F100020BD3084B4A
:10E9F000834243F608538B4107D347F61222002384
:10EA0000F8F724F838BD1846FCE76FF00040F9E746
:10EA1000ED85FFFF38B50446EFF31185402383F3FE
:10EA20001288BFF36F8F437B5B070FD5183004F05C
:10EA300040F8637B204623F004036373FFF770FD07
:10EA40002946BDE838400448FFF7C0BE85F3118869
:10EA5000BFF36F8F38BD00BF1C2B0020014B98689F
:10EA6000704700BFF42300202DE9F8430446077BDC
:10EA7000EFF31185402383F31288BFF36F8F437B3D
:10EA8000190705D585F31188BFF36F8FBDE8F883AB
:10EA9000D90943F008025DD14273A36813B120463F
:10EAA00003F00AFF04F1180004F003F8A66D04F166
:10EAB0005808B04511D04FF0000976B1304603F048
:10EAC000FBFE06F1180003F0F4FF3046C6F88C9008
:10EAD000FFF726FDA66DB045EFD1DFF8C080D8F86E
:10EAE00008309C423ED1EFF30589B9F1000918BF07
:10EAF0004FF00109D8F81860294A964200D00EB9A3
:10EB0000D8F80C60B34202D0304600F08DF82046B1
:10EB1000C8F8146002F0CBFAB9F1000F02D0214816
:10EB2000FFF7D6FCD8F808309C4231D1EFF30583CB
:10EB300073BB227BD20718D42846FFF7D7FCFB070C
:10EB4000A4D5002383F31188BFF36F8F04231846E5
:10EB500002DF9BE703F07F0343F00803437303F0F6
:10EB6000A3FE9AE74FF00009C4E785F31188BFF3CD
:10EB70006F8F83F31188BFF36F8F0423184602DF72
:10EB8000EFF31180402383F31288BFF36F8FD4E734
:10EB900085F31188BFF36F8FD1E700BFF423002006
:10EBA0000C24002048210020D3B5DDE90667089C2D
:10EBB000CDE90067FFF776FD1CB1034B9B681B692D
:10EBC000236002B0D0BD00BFF42300200122044B1B
:10EBD000C01A044BC0105843034B1A54704700BF6F
:10EBE000D8210020ABAAAAAA1C2B0020C3897F2B06
:10EBF00012D80A4B1B6863B1094B90F90E201B68B1
:10EC00009A4209DB437BDB0606D1064BC31A18BFC9
:10EC1000012303F0010070470023FAE7280B0020CE
:10EC200020240020781F002070B50E4B0E4C1E7C57
:10EC3000054606EB460304EBC304204603F039FF08
:10EC400000220A4B28469A55FFF7D0FF48B1084BDF
:10EC50002046BDE870401A680649013AD31700F013
:10EC600069B870BDF4230020D82100201C2B00209F
:10EC7000280B0020CDEB000038B5EFF311854023C1
:10EC800083F31288BFF36F8F104B114A9C68106892
:10EC9000A04206D1FFF7C8FF85F31188BFF36F8F3D
:10ECA00038BD00211B7C11600A4AD35C002BF3D0D5
:10ECB0002046FFF79BFF0028EED0637BDB0602D1E6
:10ECC0002046FFF7A7FC2046E4E700BFF42300201E
:10ECD0001C2400201C2B0020024B1868984208BFFF
:10ECE000002070472C0B0020034B1B680BB9FCF76E
:10ECF00077BF0020704700BF2424002030B570B1DA
:10ED00000B4B5B6898420AD0036843B1D3E90421F6
:10ED1000D0E90445121941EB0501C3E90421D0E90A
:10ED2000003213605A600023C0E9003330BD00BFD9
:10ED30002C0B0020B3F1FF3F08BFB2F1FF3F2DE9DC
:10ED4000F84F0446994615461F467AD08160EFF386
:10ED50001188402383F31288BFF36F8FB9F1000F3E
:10ED6000DFF8E4A020DBFFF7BFFFDAE90027013579
:10ED700049F100092D1849EBE07306464FF00109EF
:10ED8000C4E90453AD1843EB0707FFF7A5FF03469B
:10ED9000DFF8B8E0DEF804A0EBB9C4E900EACAF88D
:10EDA0000040CEF8044028E06FF00103DAE90012D9
:10EDB0005B1A4FF0FF3161EB02025B1B62EB090251
:10EDC000012B72F10001BCBF012300224FF00009AA
:10EDD000C0E90432D9E7D3E9041CD4E904208A420B
:10EDE00070EB0C0B24DA891A5A686CEB0000C3E94B
:10EDF0000410C4E9003214605C60FFF76DFF8442C8
:10EE00000ED1134B1B685BB9B9F1000F02D1FFF7AC
:10EE10006BFF0646304603F035FE0021FCF710FF7D
:10EE200088F31188BFF36F8F28463946BDE8F88F05
:10EE3000521A60EB0C009A45C4E90420ADD01B685F
:10EE4000AAE700252F46EFE7F02100202C0B002039
:10EE5000242400202DE9F047EFF31185402383F3AC
:10EE60001288BFF36F8FDFF8A0900026C9F800006A
:10EE70000027FFF731FFDFF89480D9F80030D8E998
:10EE800000ECD91750B1D0E90442A34271EB020A59
:10EE90001BDAE41A62EB0102C0E90442002413EB1E
:10EEA0000E034CEB01012046C8E90031C9F80040CF
:10EEB00003F0E8FD2146FCF7C3FE85F31188BFF39C
:10EEC0006F8FBDE8F047FFF7D7BE14EB0E024CEB97
:10EED000E473C0E90467C8E90023FFF70FFF85F377
:10EEE0001188BFF36F8F83689847EFF31185402334
:10EEF00083F31288BFF36F8FD9F800301B1BC9F85A
:10EF00000030FFF7E9FEB8E724240020F0210020BC
:10EF100010B5EFF31184402383F31288BFF36F8F92
:10EF2000FFF7E2FE0346054AD2E90001181841EB5B
:10EF3000E37184F31188BFF36F8F10BDF0210020BF
:10EF400038B50346EFF31185402282F31288BFF3F0
:10EF50006F8FC160012181600068834206D185F313
:10EF60001188BFF36F8F0024204638BDD0E90032EE
:10EF700013605A600023C0E9003303F00CFE2946F9
:10EF800004460248FFF722FCEEE700BF1D2B0020DD
:10EF90002DE9F0434FF0000985B00546CDF8049007
:10EFA00000F10C07EFF31188402383F31288BFF3BD
:10EFB0006F8F8368594003EA02060A4053400E49A6
:10EFC00001AACDE9023903F03BFD019C3CB120468A
:10EFD000C4F88C900021646E03F0C0FCF6E7DDE914
:10EFE000023223EA020338464146AB60FFF7EEFBEC
:10EFF000304605B0BDE8F083E12C0100F8B50746C6
:10F000000C46164603F047FC08B10020F8BD0E4B35
:10F010009B68D3F88050002DF7D0221DF5D2EFF376
:10F020001184402383F31288BFF36F8F284647F083
:10F030000401B04784F31188BFF36F8F0028E4D038
:10F0400040F8045BE2E700BFF42300200146024AD7
:10F050000020FFF7D3BF00BFC70B0100F8B50D4E6E
:10F060000D4C0E4D33680E48984767782B680C4856
:10F07000984733680B489847022F08D12478E31F3C
:10F080005C425C412B68074898472046F8BD002445
:10F09000F8E700BF580B002028240020540B002064
:10F0A000C00B0020AC0B002038B504460D46FFF71E
:10F0B000D5FF30B12A462146BDE83840024803F06A
:10F0C00072BE6FF0880038BD2C24002070B51D4E34
:10F0D0001D4C33681D4898472378590744BF23F0D7
:10F0E0000403237023789A0705D500F0C1F823782C
:10F0F00023F002032370164D14482B689847336899
:10F1000014489847637813B1134803F04FFE002367
:10F1100004211148637000F0CBF82B680D48984724
:10F1200033680A4898472378DB0705D503F037FE94
:10F13000237823F0010323702B680448BDE8704056
:10F14000184700BF580B002028240020AC0B0020DB
:10F15000540B0020C00B00202C2400202DE9F0418E
:10F16000FFF77CFF18B100242046BDE8F081364F40
:10F1700036483B689847044620B16FF08F04FFF78C
:10F18000A5FFF1E7324D2B78D80706D403F005FE32
:10F1900004462B7843F001032B702E4E2B48336826
:10F1A000984710B1002CE8D0E9E7002CE7D13B6884
:10F1B0002648984704460028DFD12B78990706D4C3
:10F1C00000F04EF804462B7843F002032B703368AE
:10F1D0001E4898470028E5D1002CD0D13B681B4839
:10F1E00098470028C9D13368184895F80080984797
:10F1F0000028C2D13B681848984704460028BCD173
:10F200006B7843B918F0010F05D0144803F0C8FD1E
:10F21000022304466B7033680F4898470028C1D119
:10F22000002CACD13B68094898470028A5D12B7821
:10F2300006485A075CBF43F004032B7033689847B5
:10F24000002890D099E700BF580B0020AC0B00209D
:10F2500028240020540B0020C00B00202C24002068
:10F260000122024B002083F88025704730240020C3
:10F270002DE9F0410A4C002526464FF001080327EE
:10F280002046C4F820802777013503F069FD202D42
:10F2900004F12C04F4D1002386F88035BDE8F08118
:10F2A00030240020014B1B68184700BF340B00209E
:10F2B00010B50A46044619B1024B00211B68984755
:10F2C00010BD00BF380B002010B50C4C206803F0B7
:10F2D0002CFF0B4A1368591C11604BB9094A48208E
:10F2E000D2F8003443F00703C2F80034FAF7F8F913
:10F2F0002068BDE8104003F01EBF00BF400B002097
:10F30000B42900200080045038B5164D286803F059
:10F310000CFF154B1C68013C1C60ECB94820FAF747
:10F32000EDF90722114BC3F80823D3F8002422F08B
:10F330000702C3F80024C3F80041D3F80021C3F842
:10F340000441D3F804214FF48072C3F80841D3F884
:10F350000831074BC3F888212868BDE8384003F01E
:10F36000EABE00BF400B0020B429002000800450FA
:10F3700000E100E070B5104D104E2B68B3420DD087
:10F38000FFF7A2FF00F0E6FC00F022FD40B103F021
:10F390001BFD0446FFF7B8FF44B92E60002405E0CA
:10F3A00000F0E0FA044618B1FFF7AEFF204670BD4A
:10F3B00003F01CFEEDE700BF3C0B0020117365005D
:10F3C0004FF480732DE9F04796B0804603A803936D
:10F3D000002403F085FD4FF010091E4E0DF12F059E
:10F3E00025F01F0506F1200A012210211A4803F01A
:10F3F00056FD2B1900935246102320211548CDF8B5
:10F40000049000F0EDFA0746F8B9D6E90C32103452
:10F41000013342F10002302CC6E90C32E4D1B8F1DC
:10F42000000F04D022464146284603F02BFD2E460D
:10F43000084C0FCE0FC496E80F00203584E80F006B
:10F4400095E80F00103484E80F00384616B0BDE888
:10F45000F08700BFF821002018220020F0B5194DD8
:10F46000194FAB6B8DB0BB4229D0184E306803F0FA
:10F470005CFE402300221946284603F01AFD302185
:10F48000684603F03AFD044678B96846FFF798FFEE
:10F49000044690B9302302461946684603F009FD38
:10F4A00001220023C5E90C23AF63306803F043FE5B
:10F4B000204603F089FC0DB0F0BD0E24F5E70020D6
:10F4C000F9E700BFF8210020B4A5B4A5440B002043
:10F4D0002DE9F04F99B00DF1570802F10F0982465E
:10F4E0000E46144628F01F084FEA191922B10029C8
:10F4F0006DD0B2F5803F6AD8364F374D386803F08B
:10F5000014FED5E90C3213430BD15046FFF7A6FF8A
:10F51000834630B1386803F00EFE584619B0BDE896
:10F52000F08FD5E90C2319EB020243F10003B3F588
:10F53000803F14D3302102A803F0DFFCE8B902A811
:10F54000FFF73EFF83460028E4D1302302461946E8
:10F5500002A803F0AEFC00220023C5E90C234FF4FF
:10F56000807302A8029303F0BBFCDFF870A03CB9E3
:10F570002046FFF725FF8346CCE76FF0920BC9E7E3
:10F58000102C4FF001024FF010015046A14628BF49
:10F590004FF0100903F083FC102352462021CDE9DF
:10F5A00000830D4800F01CFA83460028B2D14A4679
:10F5B0003046414603F0D6FDD5E90C32013342F125
:10F5C0000002C5E90C32A4EB09044E44CFE76FF00A
:10F5D000860BA2E7440B0020F8210020182200200F
:10F5E0000022074BC3F81021C3F80C21C3F80021F7
:10F5F000C3F80421C3F80821C3F81421704700BFE1
:10F600000050045008B5FFF7EBFF01230360104BD7
:10F610000A6832B9D3F80C211AB9D3F80821002AA4
:10F62000F6D00B687BB90B4B99420ED0A3F58473CF
:10F63000D3F80831002B0CBF4FF0FF306FF0020001
:10F64000FFF7CEFF08BD0020FAE74FF0FF30F7E7E5
:10F65000005004500851045038B505460C4691B18D
:10F660000021012002F023FD08480949C0F8005597
:10F67000C0F80445FFF7C6FF00210446084602F023
:10F6800016FD204638BD6FF00104FAE70050045023
:10F6900000510450034B0449C3F800050348FFF729
:10F6A000B1BF00BF00500450045104500450045036
:10F6B00010B504460021012002F0F9FC064B074971
:10F6C000C3F800450648FFF79DFF002104460846A1
:10F6D00002F0EDFC204610BD0050045008510450CB
:10F6E0000850045038B50C4659B1074D0749C5F8C4
:10F6F00000050748FFF786FF10B9D5F808352360E5
:10F7000038BD6FF00100FBE7005004501051045069
:10F710000C5004502DE9F04F89B006460F46904634
:10F720001D4603F040FC044678B973690090C3F3AA
:10F73000013262F305148DF8004014F0300408D152
:10F74000B168890710D06FF08604204609B0BDE883
:10F75000F08F102C08D1BDF8023023F4F87343F475
:10F76000A873ADF802304EE0DBB2F82B02D06FF098
:10F770008504EAE700234FF0010B9E461946184620
:10F78000D6F808C0DFF8CC9159F804AB1CEA0A0F90
:10F7900008D00BFA00F343EA0E0303F07F0E0123B7
:10F7A00041EA0A0101300728EED12BB19DF8033060
:10F7B0006EF347038DF803303CEA0101D7D173881B
:10F7C000FF2B35D005D8802B34D0C02BCFD10223CE
:10F7D00003E0B3F5807FCAD104239DF8021063F3E0
:10F7E00006118DF8021014B91CF0030FABD1337958
:10F7F000022B2BD020D8012BA5D1BDF8021063F32A
:10F80000C811ADF80210012A6FD0032A23D0002AB4
:10F8100099D13388B3F5105FA9D1182D6DD0202D63
:10F8200070D0102D8FD1DFF830A101251F261AE0EE
:10F830000323D2E70123D0E7032B01D0FF2B82D192
:10F840000221BDF8023061F3C8138AE7BDF8023027
:10F8500043F4C07385E7412D3DD104254F26DFF8E1
:10F86000FCA008F101080024381903F070FB0028FF
:10F870006CD00134AC42F7D11F2E07D02946384650
:10F8800003F079FB044600287FF45FAF009B4FF044
:10F89000FF39079300239B46CDF818A0BDF802203E
:10F8A0004344C2F3C112059201AC03F1100C22468D
:10F8B00018685968083303C263451446F7D101A993
:10F8C00007EB0B00FFF7C8FE044630B303F06BFBF9
:10F8D0006FF0920439E7182D19D0202D1AD0102D71
:10F8E0007FF431AFDFF874A09FE7302D7FF42BAFAA
:10F8F00003253F26DFF868A0B5E7DFF85CA0022506
:10F900002726B0E7DFF850A002252F26ABE7DFF867
:10F910004CA0F4E7DFF844A0F6E71C2101A80BF1A6
:10F92000010B03F0D1FAAB4506D00AEB0B12CDE97F
:10F9300006294FEA0B13B1E71F2E3FF406AFBA209A
:10F94000FFF7B6FE00283FF400AFC1E76FF08A046E
:10F95000FBE600BFA44201004000815100000020EE
:10F960001084045010B590B01C22002101A803F0AF
:10F9700006FCF82003F0EBFA08B3202200200DEB80
:10F980000201FFF7A5FD0446F8B901A84FF4807104
:10F9900003F0E7FA0E4B0F4904930F4BCDE9011327
:10F9A0000E4BF821069320230DEB0302FFF7B2FE66
:10F9B000202104460DEB010003F086FA05E0F92052
:10F9C00003F0C5FA0028D8D10446204610B010BD77
:10F9D0000010C00400240001014B4E80F800FF7F9E
:10F9E0002DE9F3411D464FF48073284C80460020DA
:10F9F00017460E46019300F037F901AB236011233F
:10FA0000234A0121C4E9022304F11003636040F694
:10FA10001103E36104F1200363612123089AE36287
:10FA20001C4B46F000561A60099A45F0005542F00A
:10FA30000052C3E901122022C4F81080A661276297
:10FA4000A5626162DA60BFF35F8F4FF0A34214607A
:10FA5000BFF35F8FBFF35F8F1361BFF35F8FBFF3A0
:10FA60005F8F03235363BFF35F8FBFF35F8F936396
:10FA7000BFF35F8F03F0F6FA431C0446FAD0002070
:10FA800000F01CF9204602B0BDE8F081C829002032
:10FA900004000020B8290020BFF35F8F094A1368D3
:10FAA000BFF35F8F43F48071BFF35F8F1160BFF3CB
:10FAB0005F8F23F48073BFF35F8F1360BFF35F8F9B
:10FAC000704700BF0010805108B5FFF7E5FFBFF396
:10FAD0005F8F064A1368BFF35F8F43F00103BFF3E4
:10FAE0005F8F1360BFF35F8F08BD00BF00108051B0
:10FAF00070B50026C0E9006605460C46FFF7E4FB3A
:10FB000001232B70FFF7C8FFBFF35F8F204BDB682B
:10FB1000BFF35F8F9B08013BACB3226842B19A42AE
:10FB200005D9FFF7F1FB6FF03F002E7070BD134653
:10FB3000D4E90115E068002908BF4FF400710028DE
:10FB400008BFF1202469BFF35F8F114A9360BFF3B0
:10FB50005F8FBFF35F8F1564BFF35F8FBFF35F8F5E
:10FB60005064BFF35F8FBFF35F8F5163BFF35F8F4D
:10FB700044F4802444F00104BFF35F8F1460BFF3AA
:10FB80005F8F0020D2E74FF40071F1202546DAE7BD
:10FB90000010805170B503780D461446002B53D0E9
:10FBA000BFF35F8F2D4A136BBFF35F8F5908C3F309
:10FBB0004203052B4BD011F0060F02D14FF0FF305E
:10FBC00070BD4368D3B9BFF35F8F5368BFF35F8FD6
:10FBD000032BF3D9224B2349BFF35F8FD2F8806008
:10FBE000BFF35F8FBFF35F8F43F8046BBFF35F8F8B
:10FBF0008B42F1D1FFF768FF01234360BFF35F8FB2
:10FC0000164B9A68BFF35F8F0132B4EB021F21D805
:10FC1000BFF35F8F5A68BFF35F8FB4EB820FCDD80D
:10FC200084B1BFF35F8FD3F88020BFF35F8F291DAE
:10FC300005F8012B8D424FEA122204F1FF34EFD078
:10FC4000002CF5D10020BBE76FF02000B8E76FF083
:10FC50005100B5E76FF03F00B2E700BF00108051E0
:10FC6000101080512010805110B50446FFF72CFB76
:10FC7000104B186803F059FA0CB101232370BFF33D
:10FC80005F8F4FF0A3430022DA61BFF35F8FBFF3B2
:10FC90005F8F4FF0FF321A63BFF35F8FBFF35F8F49
:10FCA0003422DA61BFF35F8F0122034BC3F80423D0
:10FCB00010BD00BF480B00200080045010B5044662
:10FCC00038B9FFF721FBBDE81040074B186803F077
:10FCD00032BA03783BB1FFF717FB034B186803F008
:10FCE0002AFA0023237010BD480B002038B5164CAB
:10FCF000D4F80051C5B1BFF35F8F4FF0A343996AA9
:10FD0000BFF35F8FBFF35F8F4FF0FF321A63BFF314
:10FD10005F8F0023C4F80031D4F800310B4B186812
:10FD2000BDE8384003F01ABAD4F8083153B100F0F6
:10FD30006DF803F0C8F9C4F80851D4F8083101216E
:10FD4000034BECE738BD00BF00800450500B00208F
:10FD50004C0B002008B5074B186803F0EEF9064B72
:10FD6000186803F0EAF9BDE808400022482011466F
:10FD7000F9F7D8BC500B00204C0B002038B5094BCC
:10FD80001C7864B1084B4FF0FF311D68284603F022
:10FD9000D6F94FF0FF310446284603F0DDF920463E
:10FDA00038BD00BF1B2B0020500B002010B5064CA7
:10FDB000236D3BB9214651F8503B986903F087F910
:10FDC00001232365014810BDF8290020482A00209E
:10FDD00038B500240B4D0C4BEC662B6003F5C0438B
:10FDE0006B60FFF7E3FF50B16B6D2046B3F5007F0A
:10FDF000CCBF4FF480634FF40073AB6038BD0E206E
:10FE0000FCE700BFF829002000208051004870471F
:10FE1000F82900202DE9F04F43688DB01546804643
:10FE2000029383789A0740F10D8100240E78002E0A
:10FE300000F00A81252E0BD04B1C03930134414660
:10FE40003046029B98470028C0F2F6800399EDE700
:10FE50004E788B1C252E0393F0D00027B946BB4665
:10FE6000BBF11F0F38D8A6F12003102B0AD8DFE80A
:10FE700003F02A0909300909092109090928092D6E
:10FE800009091F00A6F13003092B33D92A2E37D1D7
:10FE90001BF0400F55F8043B40F08280002BA7BFB9
:10FEA0004BF0200B9946C3F100094BF0280B01E001
:10FEB0004BF0010B039B13F8016B0393002ECFD182
:10FEC00030E04BF0020B4BF0040BF3E74BF0080B68
:10FED000F0E74BF0100BEDE7BBF17F0F19D8A6F15F
:10FEE0003003092BD2D81BF0400F03D00A2101FBAD
:10FEF0000737DFE70A214BF0200B01FB0939D9E76F
:10FF00002E2E06D11BF0400F40F09E804BF0400B90
:10FF1000D0E76C2E31D02BD8682E36D06A2E3CD04C
:10FF20004C2E3AD0002F46F02003B8BF2BF04002F1
:10FF3000A3F16501BCBF00271FFA82FB022901D98A
:10FF4000612B2FD107350727DFF8ACA225F0070575
:10FF500008351BF0080F66D00AEB070B56465E45C6
:10FF600063D1A4EB0A0AA9EB070906EB0A026FE1C9
:10FF7000742E9FD07A2E9DD0D4E71BF0800F18BF2F
:10FF80004BF4007B4BF0800B94E71BF4807F18BF91
:10FF90004BF4007B4BF4807B8CE74BF4207B89E7B0
:10FFA0001F4687E7A6F16301122900F2F080DFE81F
:10FFB00011F013004F00EE00EE00EE00EE004F00D7
:10FFC000EE00EE00EE00EE00EE00FE00E900EE00B6
:10FFD000EE001B00EE00AF0055F8043B01270DF1C9
:10FFE000180A8DF81830B4E755F804AB834BBAF112
:10FFF000000F08BF9A461BF0400F504614BF394609
:020000040001F9
:100000004FF0FF3103F0E3F80746A2E74146202016
:10001000029B984700280FDB013EB742F6D34C44C1
:10002000B146A41B98E74E46F7E7414616F8010B88
:10003000029B9847002892DA98F8023043F00403B4
:1000400088F802304FF0FF3420460DB0BDE8F08F45
:100050001BF0800F34D01BF4007F2CD0073525F027
:100060000705AA4669685AF8080B2BF01005002905
:10007000ADB237DA404245F4806561EB41010DF1E4
:10008000180B0A235A4603F0AEF8A0EB0B030193BA
:100090006B0662D5019B25F001019F4289B240F3B6
:1000A000A180002E00F0998015F0100240F09C8095
:1000B000BB460D4623E0AA465AF8040BC117D4E705
:1000C000AA461BF4807F5AF8041B01D10846F5E7C5
:1000D0001BF4007F19BF48B241F3C01108B241F3CD
:1000E000C031C2E750EA0103C9D11BF0400FC6D0AE
:1000F000002FC4D12BF01102BB46019795B240F2FC
:10010000064115EA01021CBF0BF1010B00222CE095
:100110002BF010020A231FFA82FB1BF0800C49D03F
:100120001BF4007115BF0735AA4625F007055AF8DC
:10013000040B1EBFAA4669685AF8080B50EA01056D
:1001400045D12BF016051BF0400FADB242D0002F69
:1001500040D12BF01702019795B215F0100248D04C
:10016000019B002E42D103F1010B29075AD4EB0762
:1001700006D5D9456FDDA9EB0B030199CB465F1876
:100180005B4649E04BF0100B10237826C5E7782B2F
:1001900004D1C6F1780343F01003BEE741462520A1
:1001A000029B98470028FFF647AF023447E6082332
:1001B0000026B2E7AA461BF480715AF8040BBDD0A2
:1001C0001BF400711ABFC0B2614680B2B6E72BF0D3
:1001D000060295B20DF1180B54E725F01105BB4648
:1001E000ADB28CE70D46B8E73B460D4603F1020B76
:1001F000BBE7DDF804B082E7E94A0100E24A01000A
:10020000CDE9043241462020029B98470028FFF6A2
:1002100013AF049B059A01339945F1DCA4EB0B0164
:100220009B46CC180AB341463020029B98470028D1
:10023000FFF602AF8EB901342744391B019B994266
:1002400024DC1D4655BB019AA9EB0B0955462244F7
:100250001446914433E0019F92E702344146304610
:10026000029B98470028E7DAE6E640F206410D4295
:10027000E2D015F0020F04F10104414614BF2B2017
:10028000202015F4806F18BF2D20E9E7414630206B
:10029000029B013498470028CFDACDE606AB013D3A
:1002A0004146585D029B98470028CBDAC4E6414698
:1002B0002020029B013498470028FFF6BDAEA9EB31
:1002C0000403002BF3DCC1E57047F0B40C2707FBF7
:1002D000021414F8045C866845F0020504F8045C16
:1002E000B468A446F0BC604770B586B0D0E900049D
:1002F000DDE90A65502908BF2046BBB1CDE90023DE
:1003000075B100238DF80830072302228DF81430D0
:100310000B46CDE903656946FFF7D7FF06B070BD10
:1003200002238DF8083001220B46F4E70323CDE9C0
:100330000065F6E737B50DF10701054600F0CFFD82
:10034000044648B9284600F092FE40B19DF80730B7
:10035000012B18BF6FF00F04204603B030BD6FF0C3
:100360000F04F9E738B5002120EAE07447F61225BA
:1003700040F2E7304FF47A720023C4FB0501F6F730
:1003800065FBBDE83840FEF717BB0846FFF7EABF3C
:100390001FB50023CDE900338DF80C1044688DF8AB
:1003A0000D200223742103AA0068A04704B010BDE9
:1003B0001FB50123CDE900238DF80F104468742187
:1003C0000DF10F020068A04704B010BD2DE9F34104
:1003D00004460E46174698461E25314620460DF126
:1003E0000702FFF7E5FF00280CDB9DF807303B40D4
:1003F00043450AD00121A36820689847013DECD10C
:100400006FF0730002B0BDE8F0810020FAE702232C
:1004100030B587B0019305AB009345688DF80F1098
:1004200014460123502100680DF10F02A84700284F
:1004300004DB0020BDF814305BBA238007B030BD68
:1004400073B505460E461446FFF7A2FF00280EDBE3
:10045000314628460DF10702FFF7AAFF002806DB08
:100460009DF80730A34214BF6FF00400002002B0D3
:1004700070BD0429F7B50CBF082701270D461446A7
:1004800006213A460646FFF783FF002833DB2A465B
:1004900091213046FFF7D4FF00282CDB0122902168
:1004A0003046FFF775FF002825DB3B463A46012121
:1004B0003046FFF78BFF00281DDB042D0CBF992170
:1004C000962130460DF10702FFF772FF002812DB7C
:1004D000042D0CBF40F2DC524FF448624FF0000094
:1004E0009DF8073009BF534353431B0A03F5E163EB
:1004F00018BF1B0A238003B0F0BD02460144FF2051
:1005000010B58A4200D110BD082412F8013B5840B2
:1005100010F0800F4FEA400318BF83F03103013C15
:10052000D8B2F5D1EDE738B500220D466921044671
:10053000FFF786FF002846DB0122B1212046FFF7A6
:1005400027FF00283FDB0023FF22B7212046FFF7CB
:100550003DFF002837DB0122D6212046FFF770FF40
:10056000002830DB0022B4212046FFF769FF002875
:1005700029DB0422B5212046FFF762FF002822DB99
:10058000FF22B6212046FFF75BFF00281BDB02227B
:10059000B3212046FFF754FF002814DB0122B021CD
:1005A0002046FFF7F5FE00280DDB2A4600212046F5
:1005B000FFF75FFF002806DB40F697032A889A4280
:1005C00002D86FF0210038BD1E2222212046FFF7FD
:1005D00037FF0028F7DB012223212046FFF730FFF9
:1005E0000028F0DB012224212046FFF729FF002804
:1005F000E9DB0023072234212046FFF7E7FE00282D
:10060000E1DB0521A3682068984704212046AA1C45
:10061000FFF72FFF0028D6DB40F64D436A889A4249
:10062000CFD905226A212046FFF70AFF0028CADB3E
:1006300014226F212046FFF703FF0028C3DB0122AD
:100640006C212046FFF7FCFE0028BCDB012269215B
:100650002046FFF7F5FE0028B5DB062316226E21A3
:100660002046FFF7B3FE0028ADDB20680521A36814
:1006700098470020A7E7F0B587B00C460DF10E02B1
:10068000FE210546FFF7C3FE002807DB45F249437C
:10069000BDF80E209A4203D06FF0120007B0F0BDF3
:1006A000FF2128460DF10E02FFF7B1FE0028F5DB11
:1006B00041F20403BDF80E209A42EDD100212846F4
:1006C00004F1100304F10802F8F718F90028E5DB3B
:1006D0000121284604F1110304F10C02F8F70EF988
:1006E0000028DBDB0026FD23CDE900668DF80D3008
:1006F000442101236F6828680DF10D02B8470028D6
:10070000CCDB0A21AB6828689847062304AF019325
:10071000009733463246D5E900064421B047002809
:10072000BCDB02213846FFF7E8FE9DF81230834219
:100730003AD102210DF11300FFF7DFFE9DF81530CD
:10074000834231D144F25C41BDF81020BDF8133032
:1007500052BA92B24A434FF6FF71B2FBF1F2A2F5E0
:100760008C52143AA28043F2D4025BBA9BB2534338
:10077000B3FBF1F342F21072A3F516739342A8BFD4
:10078000134623EAE373224600212846E380FFF75D
:1007900070FE002882DB40F6970322889A4294BFBD
:1007A0006FF02100002079E76FF04C0076E710B57C
:1007B000002269210446FFF743FE00281DDB0023C9
:1007C00003226E212046FFF701FE002815DB0022E0
:1007D00024212046FFF734FE00280EDB0122B12140
:1007E0002046FFF7D5FD002807DB0023FF22B721B5
:1007F0002046FFF7EBFD00EAE07010BD836800EBD8
:10080000C101B3F5004F2CBF51F8220031F812009E
:10081000704700EBC1018068B0F5004F2CBF41F874
:10082000223021F812307047012208B5FFF7E6FFA9
:10083000D04008BD836800EBC101B3F5004F08D379
:100840004B681AB143F001034B60704723F001037A
:10085000FAE74B881AB143F001034B80704723F04D
:100860000103FAE753000122FFF7D3BF8368B3F512
:10087000004F34BF04230823C91A081AC008704760
:100880008368481CB3F5004F34BF042308230833A2
:10089000A0EBD300B0FA80F0C0F11F0070472DE943
:1008A000F041174603220E460446FFF7A7FF864293
:1008B000054607F104080AD10122E368BA4023EA99
:1008C0000203E360002344F82830BDE8F08131469C
:1008D00002222046FFF792FF06462B4601460322DE
:1008E000204644F82850FFF794FF33462946204617
:1008F000BDE8F0410222FFF78CBF70B50D46866857
:100900000446FFF791FFB6F5004F014601D30128D9
:1009100009D02046FFF7B4FF294602462046BDE82D
:100920007040FFF7BCBF70BD2DE9F0470546FFF7EB
:10093000A7FF05EB800ADAF8109088460646B9F161
:10094000000F1BD00327DAF8104028462146FFF796
:100950006BFF404507D3324621462846FFF79FFFED
:100960002046BDE8F087032221462846FFF746FFD0
:10097000013FCAF8100001D08145E4D14FF0FF34A7
:10098000EB680136B4401C40EAD094FAA4F2B2FA03
:1009900082F2131D55F82340DEE72DE9F04114469D
:1009A0000E460546FFF740FFA4EB0608371B074439
:1009B000424631462846FFF755FF3A46214628462B
:1009C000FFF750FF4346002221462846FFF721FF4C
:1009D00021462846FFF728FF3B46211800222846DB
:1009E000BDE8F041FFF715BF2DE9F041164604467A
:1009F0000F46FFF719FF314605462046FFF714FF63
:100A000005442A4639462046FFF72CFF314620464A
:100A1000FFF70AFF2B46311800222046BDE8F041BF
:100A2000FFF7F7BE2DE9F0410D4686680446FFF753
:100A3000FBFEB6F5004F014601D3012832D0204617
:100A4000FFF71EFF04EB80010E6996B90122E368EF
:100A500082401343E36002220D612B462946204663
:100A6000FFF7D7FE032229462046BDE8F041FFF7F5
:100A7000D0BE022231462046FFF7C0FE074603469D
:100A800029462046FFF7C5FE032233462946204665
:100A9000FFF7BFFE39462B462046FFF7BAFE02227B
:100AA0003146E1E7BDE8F081F8B50C460546FFF7B1
:100AB000BBFE2618012231462846FFF79FFEC307DA
:100AC0000CD431462846FFF718FF21462846FFF789
:100AD000ABFE214622182846FFF786FF002221465A
:100AE0002846FFF78BFE271A012239462846FFF7D2
:100AF00085FE10EA020613D139462846FFF7FDFEAF
:100B0000214632462846FFF779FE2246211A28461A
:100B1000FFF76AFF214632462846FFF76FFE241A88
:100B200021462846BDE8F840FFF77CBF38B571B1D3
:100B3000056800222846FFF799FE0446014628462C
:100B4000FFF778FE2146BDE83840FFF7ADBF38BD5E
:100B500070B5056809B9002070BDAB6801F00704E5
:100B6000B3F5004F2CBF0822042207341444E408D4
:100B700004EBD1049C4228BF1C4628462146FFF7BF
:100B8000D3FE06460028E6D001462846FFF74CFE75
:100B9000A04209D93444314628462246FFF7FDFEDB
:100BA00021462846FFF73EFF284601223146FFF73F
:100BB00041FEAB68B3F5004F34BF0423082303EBB9
:100BC000C6031844C8E71146FFF7C2BFB2F5802F2D
:100BD0002CBF082304232DE9F0410026D21A8C18DB
:100BE000CD1D25F0070524F00704641BE40805600B
:100BF00021462846AC60EE60FFF742FE421D92009F
:100C0000013002F107074FEAD7073146A2F110027F
:100C100005F11000B8BF324602F0B1FA3A4631464B
:100C20002846FFF71FFE3346324631462846FFF777
:100C3000F0FDA4EB0708284631460122FFF7FAFD34
:100C400042463946FFF70EFE3B46324639462846B5
:100C5000FFF7DFFD21462846FFF704FE43463246F4
:100C600021462846FFF7D5FD214628460122FFF7F9
:100C7000E1FD3946BDE8F041FFF7D4BE00207047E2
:100C80000FB407B504A951F8040B0191F7F7D4FE8E
:100C900003B05DF804EB04B070470FB407B504A9C6
:100CA00051F8040B0191F7F7C7FE03B05DF804EBB0
:100CB00004B0704708B5EFF31183402383F3128823
:100CC000BFF36F8FF9F744F9038B13F0070305D1D6
:100CD0000368002B0CBF002003207047022B05D1B6
:100CE000408BB0FA80F0400980007047012B05D19D
:100CF0000368002B0CBF00200520704700207047C0
:100D000010B50C4600B111B96FF0150010BD081DEB
:100D100000F0B7F80028F9D1A368032BF6D9F3E760
:100D20002DE9F0410D4607461946281D90461E46FE
:100D300000F0BBF8044638B13346424629463846EF
:100D4000A446BDE8F0416047BDE8F08110B4EFF380
:100D50001182402484F31288BFF36F8F416110BC6D
:100D60000121F7F7B3BE38B50C46054658B151B16D
:100D70000B6843B14B6833B11C22002102F0FFF92C
:100D800000202C6138BD6FF01500FBE770B50546FB
:100D90000E46FFF7B5FF041E14DBEFF3118240236C
:100DA00083F31288BFF36F8F4FF6FF716B8B2C8B21
:100DB0008B4204F0070407D182F31188BFF36F8FD1
:100DC0006FF00A04204670BD022C0CD101336B83F6
:100DD00082F31188BFF36F8F0023224631462846E5
:100DE000FFF79EFFEEE7062C14D8DFE804F00413AB
:100DF0001313041A0400002333606B683BB9C5E980
:100E00000066ACB902212846F7F760FEDAE71E60FB
:100E10006E60F6E782F31188BFF36F8F6FF0040402
:100E2000D0E782F31188BFF36F8F6FF08504C9E7B5
:100E300082F31188BFF36F8FC4E710B5EFF311820F
:100E4000402383F31288BFF36F8F048B04F00704F1
:100E5000022C0AD0012C0CBF6FF004006FF085004B
:100E600082F31188BFF36F8F08E0438B013B9BB285
:100E7000438323B92146F7F729FE204610BD2046BB
:100E8000EEE7034640B1426802F00302022A06D0B0
:100E9000032A04D0012A05D06FF0150070471A68A4
:100EA000002AF9D000209860704710B542680346C8
:100EB00002F00302022A4FF00004816007D0032AE7
:100EC00002D05C60002001E018685C6010BD18680A
:100ED0005C600028F6D0FEF733F8F3E77047036A4A
:100EE0001BB11B7900200B7070476FF057007047E3
:100EF000006A18B1D0E8AF0F00F001007047036A34
:100F00003BB11B692BB11B6A1879B0FA80F040091C
:100F100070470120704770B5056A04460E460DB152
:100F200003232B712046FFF7EAFF80B103212046FF
:100F3000B047002802DA10F1860F09D12DB92046FA
:100F40003346BDE870400121184701232B71002072
:100F500070BD70B50126046A2568A90617D5E16839
:100F6000B9B10139E16091B9A3689847002803DA63
:100F7000E3680133E36070BD6A072671FBD5206921
:100F8000036A1B68DB05E6D46FF00A00F3E7002074
:100F9000F1E76FF07700EEE7D0E8AF0F084100F01F
:100FA00001007047FDF73EB8FDF702B870B5044682
:100FB000006A90B10821FFF7EFFF014670B1EFF32F
:100FC0001185402383F31288BFF36F8F2046FFF70C
:100FD000C0FF85F31188BFF36F8F70BD2046BDE859
:100FE000704000220023F7F753BFF8B500210446F4
:100FF00050F8383C50F82C0C98470546A4F12807C7
:101000004FF0FF334FF0FF323846FFF7CBFF002D94
:10101000B7BF54F8343C0123013344F8343CB8BF23
:10102000002304F83C3C0121A4F11000994001F098
:101030007AFE3846A4F14006FFF7B6FF85B90221D3
:101040003046FFF7A9FF58B154F8300CFFF7AEFF58
:10105000D6E8EF3F23F00403C6E8E23F002AF7D1C9
:10106000F8BD036A0BB1F7F775BF1846704708B5AE
:10107000006A10B10521FFF78FFF00F0010008BDE5
:1010800002F07DB802F06EB801460068F8F708B8C3
:1010900008B5F8F735F8BDE80840F8F755B800216D
:1010A0000120F7F7FDBF436F83F30B8870476FF0A4
:1010B0008500704761B662B680F31188BFF36F8F09
:1010C000704772B6002383F31188BFF36F8FBFF3AD
:1010D0004F8F30BF62B6BFF36F8F704772B6002379
:1010E00083F31188BFF36F8FBFF34F8F20BF80F35F
:1010F0001188BFF36F8F62B6704740E800F313F4B6
:10110000803FD8B208BF6FF01500704730B50C684B
:101110004B6885B00A894D890094013B24F01F0477
:10112000234402F01F0242EA451223F01F036946DE
:101130008DF808200393F8F7CBFB05B030BD08B558
:10114000F8F786FD002008BD70470023038243693D
:10115000C3607047416A8968F8F7E6BDEFF3118212
:10116000402383F31288BFF36F8F00230B60436823
:1011700033B9C0E9001182F31188BFF36F8F704754
:1011800019604160F7E7034610B5EFF31181402283
:1011900082F31288BFF36F8F006828B15C68026821
:1011A000A0421A6008BF5A6081F31188BFF36F8FA5
:1011B00010BD027A01320272704783680B440360EB
:1011C00070478388026819448180D018704730B412
:1011D00084880568A3188380281930BC01F0C2BF39
:1011E00010B5838802685C1C8480D154D01810BD6F
:1011F000034600689A88401A114418609980704725
:101200000268531E036083880133838002F8011C47
:10121000704703468288521A82800068084418602A
:101220007047034600689A88521A01449A801960F0
:10123000704710B5036801211C78FFF7EAFF2046CC
:1012400010BD02688068101A7047012310B506218E
:10125000044600F8013BFBF7B9F918B9A37963F02C
:101260003F03A37110BD38B50446807AF8F732FD0C
:101270006169054649B1637ADB0704D4436A2046B5
:101280001B689B6898470023636121462846BDE898
:10129000384001F01FBA034610B5D3E8EF0F40EA1B
:1012A0000102C3E8E42F002CF7D110BD01210C305E
:1012B000FFF7B7BF30B40446084602EBC3039A42B7
:1012C00001D130BC7047114611F8085BA54206D128
:1012D000018A53789942F4D330BC536818470A46C0
:1012E000EDE7D0E8EF3F0B40C0E8E23F002AF8D13D
:1012F000704708B500200021F9F7C8F818B1BDE81B
:101300000840F9F779B808BD072208B501F03FFF9A
:10131000B0FA80F0400908BD18B111B10846F9F7DC
:10132000A7BB6FF01500704713B5044680B10621C6
:101330006846FBF74BF948B99DF80530694603F05C
:101340003F0320468DF80530FFF7E6FF02B010BDE1
:101350006FF01500FAE7003818BF01207047034608
:1013600010F4004F0CBF07200620DA0348BF00F03E
:1013700005009B0348BF00F0FB007047D0E8AF0FAB
:1013800070472DE9F74F8A4601904FF0FF314FF03B
:10139000FF30F8F7F9FF0446002849D020210C302F
:1013A000FFF70FFF4FF0000980464D462022002135
:1013B00001F0E5FEDAF8007008F1010BDAF804201C
:1013C000914509D300222146019888F8005003B0C6
:1013D000BDE8F04FF9F7B2B87A78A81C81181F2938
:1013E00097F800C008D9BCF1090FC0F11F0217D14E
:1013F000002A15DD4FF0080CD6B2711C0BF8051051
:10140000691CC9B20BF801C0023679685BFA80F03A
:101410002E4401F0A7FEF5B209F101090837CDE726
:101420002046F8F7FFFC6FF0150003B0BDE8F08F21
:101430006FF06800F9E7012303FA01F13AB1D0E84F
:10144000EF3F0B43C0E8E23F002AF8D17047C943A1
:10145000D0E8EF3F0B40C0E8E23F002AF8D17047E8
:1014600070B506460D464FF0FF304FF0FF3186B0A5
:10147000F8F78AFF0446B0B10C3095B10121FFF7AF
:10148000AFFE204606F1100203A908230095F8F7E5
:1014900069FF0022214642F20A00F9F74FF806B030
:1014A00070BD2946EBE76FF06800F8E7183001F0EF
:1014B000DFB9F9F711BE0C220369C9B201FB02338F
:1014C000186C00F00700704770B5C9B20369EFF3FC
:1014D0001185402484F31288BFF36F8F0C2606FB1E
:1014E0000134246C14F0C00408D0A24206D085F365
:1014F0001188BFF36F8F4FF0FF3070BD012206FBE4
:1015000001331A6485F31188BFF36F8F436803EBCF
:10151000C1035B6898470020EFE78022FFF7D4BF44
:10152000F8B5069F0469C9B2EFF31186402585F32B
:101530001288BFF36F8F0C2505FB0144256C05F065
:10154000070CBCF1010F0CD1276486F31188BFF39F
:101550006F8FC4E90E23436853F831309847002059
:10156000F8BD05F0C005AF4286F31188BFF36F8F59
:101570000CBF6FF077004FF0FF30F1E713B5802418
:101580000094FFF7CDFF02B010BD10B41C24006919
:10159000CBB203FB0400002110BC10471046FCF73F
:1015A00007BD00F0F2BAFBF797B8022804D0042870
:1015B00004D10020F9F74EBE0120FBE7704740F24E
:1015C00072607047084608B51146FDF76DFD0028AA
:1015D00018BF6FF0040008BD08B5FDF7BFFD002877
:1015E00018BF6FF0040008BD436800205B68DB682B
:1015F0000B607047436802EA01005B6821EA020160
:101600005860002099607047436800205B6859600B
:101610007047436800205B689960704743685A6868
:10162000136821EA03000B4050600020936070476C
:1016300010B503695868F8B1884219D19C680868E8
:10164000A142586000D19860002008602AB15A6811
:101650000A609A68596002B99960002010E08142DE
:1016600006D10868206098688142EDD19C60EBE764
:10167000044600680028F2D1002AE8D16FF0150076
:1016800010BD00207047FBF773BA02780B69012A7E
:1016900007D0022A08D052B9DA6503F14400FCF7FA
:1016A00087BC6FF00D02F7E76FF00A02F4E76FF006
:1016B0000402F1E700F06AB938B504460569012271
:1016C00005F12C00114601F013F8012205F1440048
:1016D000002101F00DF82046BDE83840FAF79AB82D
:1016E00038B5054600692C30FCF79CFC044610B95F
:1016F0002846F7F7FFFA204638BD10B50469FFF712
:1017000055FC04F12C00BDE81040FCF751BC2DE95C
:10171000F04F87B004934368D0F810B0D3F820801E
:101720009B8A174603934FF0FF324FF0FF33054675
:101730000C46FFF7D5FF0BF144030293002600236C
:1017400000220BF14400FCF76DFC3346BE4201D38E
:1017500000234DE0207A010775D40136BE4221688E
:101760000BD2820709D4227D80EA020C0CF0010C16
:1017700002F004025CEA020C08D023B901F06042D6
:10178000B2F1005F1AD04FF0000901E04FF00109FB
:101790006268DDF80CE003EB020CF44556D8C00794
:1017A00005D408EB0300059301F0DCFC059B62689F
:1017B0001A4493B2B9F1000F2ED113BB4FF00009B8
:1017C000D4F800A0A388049A217A284600925246B1
:1017D00000F091F8031E0BDB40F20E32002302985A
:1017E000FCF720FC80B1284600F042F86FF00403BB
:1017F00028460293FFF781FF029B184607B0BDE819
:10180000F08F9946C246DEE7DBF85C30002BEDDB5B
:10181000237ADB0702D400230C3497E7C245FAD1C0
:10182000A24609E0A9EB02011FFA81F9DAF80C00DF
:1018300018FA81F101F096FCDAF80420AAF10C0AFA
:101840009145EFD2E7E76FF08503D1E76FF01B0317
:10185000CEE713B501AA044600F0ADF8002805DB79
:10186000019B226819791868F9F7F0FF02B010BDE2
:1018700073B544680DF10701A36A1B68D3F80056DD
:10188000D3F80466FFF72BFB9DF8073013B9A06A65
:10189000FBF702FE31462846FCF750F89DF807108A
:1018A000054629B9E069FFF7D4FFA06A00F0ACFC57
:1018B000284602B070BDCA07436819D4C1F342017B
:1018C00002290BD003290ED0012911D14FF0CC727F
:1018D0009B6A1B680020C3F8242570479B6A4FF061
:1018E000C8621B68F6E79B6A4FF07F621B68F1E7EE
:1018F0006FF015007047F0B50C461D46164687B0D0
:101900004768122200210DF1060001F038FC04F0B6
:1019100001038DF80430BDF8303002958DF80530A4
:10192000BB8C0496AB420AD384F00202C2F340029D
:10193000B86A520101A9FBF7C7FD07B0F0BD6FF00F
:101940001B00FAE710B544680021E069FFF781FF4A
:10195000A06ABDE8104000F057BC10B54468A06A0A
:10196000FBF79AFDE0690121BDE81040FFF771BF68
:1019700008B529B1012906D1FFF7E4FF002008BD11
:10198000FFF7EBFFFAE76FF08500F8E713B50DF10D
:1019900007014468FFF7A3FA9DF8073003F0FD0341
:1019A000012B05D1A06A00F037FC002002B010BD69
:1019B0006FF00F00FAE730B543681360057A4468AA
:1019C00004EBC504A34202D36FF0010030BD5C7983
:1019D0008C4201D00833F0E70020F7E708B5022079
:1019E000F9F7A2FC002008BD08B5006990F838306E
:1019F0008B4207D990F839303BB1C9B2FBF770FF81
:101A0000002008BD6FF01500FBE76FF00A00F8E753
:101A10001FB5002304690393636B8A07029301F0E7
:101A20000103C3F1410358BF43F00803204601A955
:101A3000019300F050FC002806DB204600F05AFC21
:101A40000123002084F8393004B010BD10B50469BA
:101A50002046FBF74FFF002815DB4FF0FF324FF019
:101A6000FF3304F13C00FCF7DDFA204600F068FC8F
:101A700094F838200021920004F1140001F07FFB5B
:101A80000020208710BD6FF00D00FBE710B54FF070
:101A9000FF304FF0FF31FAF793F9044628B9EEF71B
:101AA00063FE044618B1FAF793F9204610BDFAF721
:101AB0008FF92046F8F7A4FAF7E7FAF755BA10B508
:101AC00031220021044601F05AFB6FF03F0363719D
:101AD0002823A3730223E3736FF0080363760323C1
:101AE000A3766FF03F03E37678232377802384F88F
:101AF0002330012384F82430802384F826304023C7
:101B000084F82D3010BD08B5FDF728FB48B100233F
:101B100083F31188BFF36F8F0423184602DF6FF041
:101B2000040008BD08B54FF0FF314FF0FF30FAF761
:101B300047F9F6F77BFBBDE80840FAF749B9684674
:101B400020F007018D4601B5F3F766FEBDE80140C0
:101B500085467047684620F007018D4601B5F3F7CA
:101B60004FF9BDE8014085467047684620F00701FF
:101B70008D4601B5F3F736F9BDE80140854670475B
:101B800008B5F6F753FA002008BD7047012802D1C6
:101B90000020F4F71FBB70477047F4F715B90346F0
:101BA0000020184700F080BC024610B5116891B1C2
:101BB000B1FA81F3C3F11F000123834021EA03033B
:101BC000D2E8EF4F8C4204D1C2E8EC3FBCF1000FE9
:101BD000F6D1EBD110BD6FF00B00FBE710B5036839
:101BE000CB40DB0710D401238B40026843EA02019B
:101BF000D0E8EF4F944204D1C0E8EC1FBCF1000FD5
:101C0000F6D1F2D1002010BD6FF01500FBE72DE9F1
:101C1000F04116461F464FF0010800F160404C1E8F
:101C20000444C50BE40BA54201D9BDE8F08105F0E1
:101C30000701C5F3C700324608FA01F1B84701357C
:101C4000F1E7F7B51646DDE90847019001A81D4602
:101C5000FAF73EFE019BB6F1000C18BF4FF0010CE5
:101C600000EB83000B1E18BF0123002D43EA4C0339
:101C700014BF4FF00C0C4FF0000C002C43EA0C0387
:101C800014BF4FF4706C4FF0000C002F43EA0C03AC
:101C900014BF4FF4403C4FF0000CD0F8802043EAD2
:101CA0000C0322EA030301B109780EB136787600FD
:101CB00019430DB12D78AD0031430CB124782402C5
:101CC00029430FB13F783F040C433C43C0F88040A8
:101CD00003B0F0BD1FB50DF10F03019300238DF884
:101CE0000F101A4619460093FFF7ABFF05B05DF8D9
:101CF00004FB10B504460846FAF7FAFD04EB40046D
:101D0000A08AC0F3401010BD10B504460846FAF78B
:101D1000EFFD04EB4004A08AC0F3400010BD10B5F5
:101D200004460846FAF7E4FD04EB4004A08A400BA1
:101D300010BD70B5044608461646FAF7D9FD0830BE
:101D400034F810300D46DA0509D5C3F3432304EB0C
:101D5000C3023146284654F8333052689847A36886
:101D60002BB131462846E268BDE87040184770BD87
:101D700010B504460846FAF7BBFD00B204EB40007C
:101D8000838ADA051DD5C3F3432123F4F8538382F4
:101D900004F1120204F1580032F8023F13F4807F7C
:101DA00003D0C3F3432399420BD08242F4D10022E3
:101DB00004EBC1035A6004F16000BDE81040FFF776
:101DC0000DBF10BDF0B5044600200127054684462E
:101DD00095420AD1D4F8443133B10023C4F84431D8
:101DE000D4F8443140F40030F0BDEBB29B0003F571
:101DF00080769B0807FA03F3194208D054F806E0EE
:101E0000BEF1000F03D044F806C0A65918430135AF
:101E1000DEE738B504460D46FFF76BFFB0B120464C
:101E2000FFF772FF90B92046FFF779FF0123226880
:101E30008340C2F81833236800B203EB8003D3F861
:101E4000102522F00302C3F8102538BD2846BDE84E
:101E500038400021FFF73EBF2DE9F0431746044606
:101E600085B00846FAF744FDD7F800800E460546CF
:101E7000B8F1000F1FD02046FFF746FF18B12046EB
:101E8000FFF737FF30BB00230DF10F02CDE9003320
:101E90008DF80E308DF80F30304643460DF10E01AF
:101EA000FFF7CFFE2AB204EB4202938A23F002032B
:101EB00043F0010393827B68002B34D031462046E7
:101EC00093F80080D3F80490FFF71EFF28B1B9F112
:101ED000000F1FD06FF0150028E028B204EB40007F
:101EE000838A23F4604323F020038382B9F1000F37
:101EF00010D0B8F1030FEDD87B6821685B6893F8C8
:101F000000C001EB8C01B8F1000F12D1C1F81085AF
:101F1000C1F810852AB204EB4202938A23F01C0315
:101F200043EA88039382BB6853BB002005B0BDE839
:101F3000F083D1F8102522F00302C1F810252268A1
:101F400002EB8C03D3F8102522F4473222F47C7282
:101F5000C3F8102541F6F072D3F8101502EA061204
:101F600042EA08420A43C3F8102504EB4C03A3F8E5
:101F70006460838A43EA4C3343F020038382C9E7D9
:101F80003146D3E900782046FFF7F2FE002FCCD08F
:101F900063689F4206D004F16000FFF705FE002849
:101FA00004DAC3E7A3689845F5D1002004EBC00329
:101FB000C3E901782DB204EB4505AB8AC0B243EA10
:101FC000402343F48073AB82AFE7C0E9031270474C
:101FD00070B504461546FFF78CFE48B10846FAF77F
:101FE00087FC04EB40040020A38A5B0B2B7070BDC0
:101FF0006FF01500FBE790F87400003818BF01205F
:102000007047FAF7ABBC2DE9F34104461746FFF7DA
:1020100070FE0D46266800B32046FFF775FE804629
:10202000D8B92046FFF77BFE05B2AD0005F58072FA
:1020300046F802802168B2582944D1F8102542F0B0
:102040000102C1F810252FB10122216802FA00F324
:10205000C1F8143302B0BDE8F081D6F81433284635
:102060009B035CBF4FF40033C6F81433FAF740FC0F
:1020700004EB4004A38AC3F38203042B11D0052B85
:1020800011D001A80195FAF723FC019BC168D94042
:1020900001F001010231284602B0BDE8F041FFF72E
:1020A00019BE0321F7E70221F5E7FFF7B2BEC9B277
:1020B000FBF794B991F820200346032A29D8DFE8DA
:1020C00002F0212519028A68500504D5D3F8442767
:1020D0000869904207D18A6852051AD4D3F8442778
:1020E0008969914215D000200622C3F80005C3F883
:1020F00000257047D3F8442708699042F3D1D3F8FC
:102100000C27EDE7D3F844270969EAE7D3F80C2751
:10211000FAE70120704730B50124A2F58075AD08BB
:10212000AC400C4207D0815829B10021815082581F
:102130001A6822431A6030BD002313B50C46019380
:102140004FF4947201ABFFF7E6FF21464FF4827221
:10215000FFF7E1FF21464FF48A72FFF7DCFF2146CB
:102160004FF4B672FFF7D7FF21464FF4A872FFF77E
:10217000D2FF21464FF49C72FFF7CDFF4FF49A72C5
:102180002146FFF7C8FF019802B010BD10B4CC7B08
:102190008A6803682CB9D1E90041C3F80046C3F846
:1021A0000416C3F8242543682BB1006810BCC0F3A3
:1021B0000830F7F795BA10BC704738B50D4690F85F
:1021C00026100446D1B9C160C0E9012380F8291066
:1021D00080F828106DB1AB7B80F82B302846FBF7D8
:1021E00027F970B16B7B2946204684F82A30FFF727
:1021F000CDFF0123002084F8263038BD6FF0770032
:10220000FBE76FF01500F8E706220368C3F8002526
:10221000022380F82630704738B504460068C0F3C2
:102220000830F7F76BFA2046FBF736F994F82B30B5
:1022300063B994F82A304BB92368D3F80006D3F871
:102240000456FBF7D7F82846FBF7D4F8002384F8A8
:10225000263038BDF8B504460D46D1E900714FF47B
:102260007A720023C803490CF4F7F0FB23680026B8
:10227000C3F80C75C3F804052B6803F04002C3F3E0
:1022800080132374A36863B124685AB90125C4F884
:102290000021D4F80031C4F30830F7F721FAC4F86C
:1022A0000453F8BDC4F80061D4F80031C4F80461E7
:1022B0000325D4F80431EEE738B5C0E902234379A9
:1022C00033B90123437109B1FFF7C4FF002038BDC2
:1022D0006FF07700FBE708B543792BB1022B06D0EE
:1022E000FFF7B8FF002008BD6FF07600FBE76FF046
:1022F0000F00F8E7012203681A6002234371704758
:1023000010B5EFF31184402383F31288BFF36F8F6E
:102310000379072B11D80B70013303710123026875
:102320000978D2F808058B4003430020C2F808352D
:1023300084F31188BFF36F8F10BD6FF00B00F7E7C8
:1023400070B5EFF31185402383F31288BFF36F8FCD
:10235000002201260179D3B2994206D800230371E5
:1023600085F31188BFF36F8F70BD046806FA03F31D
:10237000D4F80815013221EA0303C4F80835E9E767
:1023800070B503680446D3F80414D3F8002182B171
:102390000022C3F80021D3F80001D3F80401D0B91A
:1023A0000125D4E902324FF480709847AB0708D476
:1023B00070BDD3F804110029FAD0C3F80421D3F872
:1023C0000431012363710021D4E90232BDE8704079
:1023D0004FF482701847C3F804210325D3F8043161
:1023E000DFE707B5019001A8FBF798FA0123019AEE
:1023F0009340436003B05DF804FB0369C2689342F5
:102400009CBF81685B18013B981A70472DE9F04129
:102410000546D0E902844068A8EB040696422044B1
:102420000F46144406D900F09DFEBFF35F8FEC60A9
:10243000BDE8F0813246A4EB080400F093FE22468A
:102440006868B919EFE72DE9F8430646894617464B
:102450004FF00008C5683369B4689D4228BF1B1956
:10246000641BBC4228BF3C46013B5B1B9C4228BF0F
:102470001C46706849462246284400F073FEB36843
:102480002544AB4208BF0025A044A1443F1BBFF335
:102490005F8FF560002FDED14046BDE8F88308B5B8
:1024A000FBF730FB002008BD08B1F7F72DBD7047E2
:1024B00010B5436904464BB9C268537843F0010331
:1024C00053702046FEF7CDFD002013E09847E368E7
:1024D00020B95A7842F001025A70F2E70028B8BFDA
:1024E0004042FF28A8BFFF201870E268537843F0ED
:1024F00001035370404210BD40B1C368587810F0DA
:1025000001001EBF1878B0FA80F040097047EFF361
:102510001183402383F31288BFF36F8FFEE708B562
:10252000FFF7F5FF10B400F10C04C0E9034410BC40
:10253000FEF74CBB38B50446EFF31185402383F317
:102540001288BFF36F8FFEF7F1FA04F10C0000F070
:1025500034FA30B1294604F11400BDE83840FCF7E4
:1025600035B985F31188BFF36F8F38BD402408B5A6
:10257000EFF3118384F31288BFF36F8FFEF7A1FD91
:10258000F6E790F90E308B4201D0FCF7ADB8002091
:102590007047D0E9003213605A600023427BC0E9E3
:1025A000003322F002024273836070472DE9F84342
:1025B000914604460D469DF8202000F10807EFF3F0
:1025C0001186402181F31288BFF36F8F02B14568F5
:1025D000D4F80880474518D0B8F1000F15D0404610
:1025E000FFF7D7FF08F1180000F063FA0023404618
:1025F000C8F88C30C8F8109000F090F93846314691
:10260000FCF7E4F80020BDE8F883A3B10820FCF74C
:102610001DFD002838D00122C0F804900260016836
:1026200001F003015DB922680A430260626820601C
:102630006AB960600BE04846C9F80030EFE72A68E5
:10264000032A16D80160616869B9C4E90000042151
:1026500004F1100000F0E2FA0028CFD186F31188CF
:10266000BFF36F8FCFE70A6802F0030202430A60EC
:10267000DFE722F003020A4302602A6802F0030245
:1026800040EA02032B60E2E76FF00B00E6E710B5CB
:10269000044630B10268930703D0446809B100F0E2
:1026A0004DFB204610BD0023C0E9003300F10803B4
:1026B000C0E9023300F11003C0E90433704701237D
:1026C00007B5009300230A461946FFF76FFF03B0D2
:1026D0005DF804FB002307B50A4600931946FFF78F
:1026E00065FF03B05DF804FB00210068FFF7CFBF72
:1026F0005AB18A4209D300F11003C0E90212C0E9BD
:102700000000C0E90433002070476FF015007047E7
:10271000012302688B4022EA0303036022FA01F0DE
:1027200000F00100704710B5032104460C30FFF79C
:10273000EFFF30B104F1100000F0BBF9B0FA80F007
:10274000400910BD20B100229C30114600F055B95F
:10275000704770B5C3680446C3F340069B0716D4A0
:10276000856802210C30FFF7D3FF80B1D5F89420A3
:102770006AB194421DD122689EB9D5F89830C5F847
:1027800094209C4201D1C5F8982000232360E3687F
:1027900013F01F001EBF43F00203E36040F002008D
:1027A00070BD3260D5F89820944208BFC5F8986093
:1027B000EBE716461268DBE773B50446EFF31185C5
:1027C000402383F31288BFF36F8F0023A0F110061C
:1027D000032104380193FFF79BFF28B1A36930461A
:1027E00001A90193FBF700FD85F31188BFF36F8FFB
:1027F00002B070BD38B504460D461022002100F02D
:10280000BEFC656038BD13B501900846EFF3118436
:10281000402383F31288BFF36F8F01A9FBF7E4FC19
:1028200084F31188BFF36F8F02B010BD10B5FFF7AE
:10283000EAFF041E08DDEFF31180402383F31288C2
:10284000BFF36F8FFBF7D4FF204610BD08B5B02251
:10285000002100F094FC08BD38B530220D4600215F
:10286000044600F08CFC4FF480736560E36038BD73
:1028700038B50446EFF31185402383F31288BFF384
:102880006F8FFFF750FF2046FFF763FF85F3118836
:10289000BFF36F8F38BDEFF30580003818BF0120FC
:1028A00070476FF057007047D0E9003213605A60EC
:1028B0000023C0E90033704708B5FFF7F5FF437BFD
:1028C00023F0020343730023836008BD38B5044638
:1028D0000D46FBF767FE637B43F002036373E5B1CC
:1028E000A5602B689D4209D16B68C4E900531C6048
:1028F0006C6012E06A689A42F6D01B68002BF3D035
:1029000094F90E2093F90E108A42F3D09142F1DD32
:102910005A68C4E9003214605C6038BD10B5EFF34A
:102920001184402383F31288BFF36F8FFBF7F8FD08
:1029300084F31188BFF36F8F10BD08B5EFF31181D9
:10294000402282F31288BFF36F8F83680BB1FFF7C9
:10295000B3FF81F31188BFF36F8F08BD38B5EFF374
:102960001184402383F31288BFF36F8F002390F804
:102970007050427B80F870302DB121B184F3118802
:10298000BFF36F8F38BD12F0280FF7D183680BB1FA
:10299000FFF792FF437B23F004034373FBF7C0FD73
:1029A000ECE701211838FFF7D9BF10B5FFF7C5FFD5
:1029B000BDE81040183000F07CB838B50546046812
:1029C0000020AC4200D138BD002CFCD02046FFF7DF
:1029D000ECFF2046FFF7A2FF2C680120A542F1E79B
:1029E00008B5C3171F3043F10003400940EAC36034
:1029F000C117FBF7A5FF400108BD38B5EFF31185FE
:102A0000402383F31288BFF36F8F0468A04213D072
:102A1000A4B1C4F88C1022612046FFF74DFF04F1E9
:102A2000180000F046F82046FBF77AFD012085F3F8
:102A30001188BFF36F8F38BD0020F8E72046F6E716
:102A40002DE9F04105460E461746EFF31188402365
:102A500083F31288BFF36F8F0468A0420FD1002068
:102A600088F31188BFF36F8FBDE8F08139462046A7
:102A7000B0470028F4D16B68A342F0D02468002C42
:102A8000F4D1ECE708B50246FCF726F970B1D0E9BD
:102A900004319B1A61EBE272B3F1004F72F1000155
:102AA00004DA002AACBF1846002008BD6FF00040D1
:102AB000FBE7024638B5EFF31185402383F3128814
:102AC000BFF36F8F0368CBB1FCF706F904461046DD
:102AD000FCF714F900224FF000438442C0E90423BC
:102AE00006D1FCF701F9FFF7CDFF0021F9F7A8F8AF
:102AF000002085F31188BFF36F8F38BD6FF015008C
:102B0000F7E708B5FCF704FA08BDB3F1FF3F08BFCB
:102B1000B2F1FF3F70B506461D46144614D01A4365
:102B200016D0002B08DBFCF7F3F9041941EB050183
:102B3000C6E90041304670BD6FF001031C1B4FF029
:102B4000FF3363EB0501F3E74FF0FF342146EFE776
:102B50000024FBE7B3F1FF3F08BFB2F1FF3FF8B538
:102B6000074616461C4610D054EA020311D0FCF763
:102B7000CFF9B0420A46A14103460AD2F31A64EBE8
:102B80000204C7E900343846F8BD4FF0FF331C4655
:102B9000F7E70023FBE72DE9F041846805460E4680
:102BA000D4B16378012B22D114F8533C9A0711D584
:102BB000A4F160073846FFF7F8FE082E0CBF6FF04F
:102BC00003030023E36214F8533CDB0602D13846CA
:102BD000FFF7A4FE002323700020EB68A860C3F376
:102BE0008632164366F39433EB60BDE8F081022B26
:102BF000F0D12378002BEDD054F8048CB8F1000FFD
:102C0000E8D004F11400FFF754FF0023A4F11407E7
:102C100039464046E362FFF7F6FDDBE738B5EFF3F0
:102C20001185402383F31288BFF36F8F0468A0429D
:102C300011D0D4E9003213605A6000232046C4E961
:102C40000033FFF7A8FF85F31188BFF36F8F201EB5
:102C500018BF012038BD0024F5E72DE9F3470446ED
:102C6000DDE90A9815460E4659B302F0010AFBF752
:102C7000F5FE0746EFF31181402383F31288BFF37B
:102C80006F8FA80744BF0023A360A36803EA060070
:102C9000BAF1000F0CD086420CD16A0744BF8343BF
:102CA000A36081F31188BFF36F8F02B0BDE8F08796
:102CB0000028F2D159EA080305D181F31188BFF346
:102CC0006F8F0020F1E7C7E91A652246CDE9009829
:102CD00004F10C00FBF7E6FC0028F2D1B86EE4E743
:102CE00010B54B68D0E91A4212F0010F03EA040351
:102CF00001D09C4210D17BB18366520744BF8A68E1
:102D00001A430B6848BF8A6043660123086080F855
:102D100070301830FFF7CDFE002010BD0023C0E951
:102D20000000836070474FF0FF32FCF731B90A466C
:102D30000021FCF72DB95200FFF78FBF20B1011F12
:102D400050F8040CFFF7F6BB704710B50446406A14
:102D500010B1A16A00F02EF80020C4E9090010BDEE
:102D600038B50546FFF7F1FF2B7F0446012B0ED047
:102D7000023B012B0ED82B6A012B18BF6FF0960473
:102D80002C220021284600F0FAF9204638BD2B6A93
:102D9000002BF2E76FF09604F2E7FCF7EBBA70470E
:102DA0000020FCF75BBB0020FCF792BB002000F08A
:102DB000CCB8704710B5044608B1FCF779FA204644
:102DC000BDE81040FCF76EBA0A2840DCC31C22DACA
:102DD00010F1400F47D010F13F0F2BDA10F1410FE7
:102DE00044D010F1550F44D010F1490F08BF6FF0D7
:102DF000840018BF6FF08600704709282AD8DFE8E2
:102E000000F00529290816293829292F6FF0980084
:102E1000704700207047C31C0D2B1BD8DFE803F060
:102E2000072F1A1C1A1A1A1A1A1A1D1A1A1D6FF0CD
:102E30008500704710F1210F1ED00BDB10F1200F21
:102E40001DD010F1100F08BF6FF09400D1E7643867
:102E50000928D2D96FF0860070476FF09400704750
:102E60006FF08C0070476FF0840070476FF089003E
:102E700070476FF0930070476FF0880070476FF0F5
:102E80009200704710B501380A44914200D110BD3C
:102E900010F8013F11F8014B63400370F5E701445E
:102EA000814200D1704711F8013D1A440A70120A9C
:102EB000F6E710B58B4294BFC4184418A04200D165
:102EC00010BD00F8012BF9E700231A4682B00190EB
:102ED0008B4201D102B070470198C2540133F7E729
:102EE0000368D90444BF43F48063036003689A0411
:102EF00044BF43F4006303607047F7B506460D46D0
:102F0000202D2F46A8BF202700216846FCF7F0FDA2
:102F1000044670B93A4631466846FCF73BFE10F16C
:102F2000520F044608D0431CF4D0684600F0C1F8A4
:102F300034B1204603B0F0BD684600F0BAF8E3E7CC
:102F4000EC1B3E44F5D02546DAE70020704707B574
:102F500001A9FCF7C7FB003818BF012003B05DF8DA
:102F600004FBCA0448BF41F480618B0448BF41F4AC
:102F700000618160704730B589B0054618220C4663
:102F800001A8002100F0FBF8012344EA052401A96F
:102F9000BA2007940593FCF75FFB002818BF6FF079
:102FA000920009B030BDF7B5BA2001A9FCF79AFB31
:102FB000044610B1002003B0F0BD019D2F0AEDB210
:102FC000AC4205D1BA20FCF773FB0028F2D008E030
:102FD000E6193046FCF76CFB30B13046FFF7B7FF1F
:102FE00010B96FF09200E6E70134E9E708B5F82080
:102FF000FFF7ADFF18B9F920FFF7A9FF10B16FF087
:10300000920008BDF820FCF745FB0028F7D1F92015
:10301000FCF740FB0028F4D0F1E738B5BFF35F8F31
:103020004FF0A344E569BFF35F8FBFF35F8F1023B9
:103030006363BFF35F8F012000F092F8BFF35F8FEF
:1030400000236363BFF35F8FBFF35F8FE36BBFF357
:103050005F8F5B06F8D425B1BFF35F8FE561BFF3E7
:103060005F8F38BD08B5FCF789FE30B9BFF35F8FBD
:103070004FF0A343986ABFF35F8FBFF35F8F4FF0AA
:10308000A342D36BBFF35F8F10F0240F03F0230331
:1030900004D0FFF7C2FF6FF01F0008BD4FF0FF30F4
:1030A000002BFAD1BFF35F8F1063BFF35F8F184619
:1030B000F3E710B5037804461BB1FCF725F90023AC
:1030C0002370002010BD022203689A607047C0F38D
:1030D0000B03482B4B6028BF482310F4003F8B6044
:1030E00008BF0023CB6010F4803308BFC1E901336F
:1030F00000F47003B3F5700F14BF00238B68002831
:103100004FF0010C4FF008028B60B8BF0023C1E9FB
:1031100005C2B8BFC1E905337047FAF7C7BE4FF023
:10312000FF324FF0FF33FAF749BE4FF0FF324FF056
:10313000FF33FAF743BEFAF7B9BEFFF7EFBD07B5A5
:103140004FF0FF334FF0FF32CDE900230022FFF7AD
:10315000F2FD03B05DF804FBFFF7E9BDFFF7E3BD47
:10316000FFF73EBC0A44431E914200D1704710B5A0
:1031700011F8014B914203F8014FF9D110BD0244FF
:103180000346934200D1704703F8011BF9E7013968
:10319000024410B5904201D1002005E0037811F8F7
:1031A000014FA34201D0181B10BD0130F2E710B54A
:1031B0000139044632B111F8013F013A00F8013BF0
:1031C000002BF7D10021FFF7DAFF204610BD0246A1
:1031D000014410B58A42134603D01C780132002CFA
:1031E000F8D1181A10BDF0B5C3F13707044603F043
:1031F0001F031046FFB2082BE6B232D0102B3DD091
:103200006508A40845EAC17544EA81748A082D1945
:1032100042EB5102290941EA02716D1842EB121288
:10322000290A41EA02616D1842EB1222290C41EA97
:1032300002416D1842EB1242AD1842F10002EC0857
:1032400044EA4274D10804EB8402A6EB4205EDB2D5
:10325000092D0CD90134A5F10A0541F10001EDB2A7
:1032600012E0E40806F0070544EA4174C908303565
:1032700054EA010200F8015BBDD1F0BD240906F05B
:103280000F0544EA01740909092D84BFED19EDB257
:10329000EDE7000001480068704700003822002078
:1032A0000A51FF7F01000000CDB9000000000000BE
:1032B000619E00000000000000000000503301008B
:1032C0009F2401000000000099DD000000000000C4
:1032D000000000009833010000000000743301007A
:1032E00000000000BC3301001DB40000000000001D
:1032F0003DC6000000000000811B0100000000002E
:1033000000000000E0330100000000000434010070
:10331000DD19010000000000799C000000000000A1
:103320000000000028340100498600000000000071
:1033300071E0000000000000000000007034010097
:10334000000000004C340100071B010000000000D9
:10335000AA49010084410100603D01005C0B00208E
:10336000882200208DB10000000000000000000055
:1033700000000000BF490100A0410100143D010010
:10338000600B0020DC2200207DB400000000000063
:103390000000000008070020CB490100B4410100F3
:1033A000143D0100620B0020E82200207DB40000E3
:1033B000000000000000000078070020D64901004E
:1033C000C8410100143D0100640B0020F4220020DC
:1033D0007DB400000000000000000000E8070020AD
:1033E000B7490100000000000C3D01005E0B002009
:1033F00000000000D91501000000000000000000DE
:1034000000000000FE49010000000000503D0100E6
:103410006A0B0020C80A002051BD00000000000017
:103420000000000000000000344A0100000000001D
:10343000404201006C0B0020C4230020A9BE000004
:10344000000000000000000000000000E149010051
:10345000500A0020383D0100660B002000230020A8
:10346000B9160100B5160100000000003C0A00205A
:10347000EB490100900A0020383D0100680B002054
:1034800060230020B9160100B516010000000000FD
:103490007C0A0020000000009F10010000000000D6
:1034A0009F100100000000009F10010000000000BC
:1034B0009F100100000000009F10010000000000AC
:1034C0009F100100000000009F100100000000009C
:1034D0009F100100000000009F100100000000008C
:1034E0009F100100000000009F100100000000007C
:1034F0009F100100000000009F100100000000006C
:103500009F100100000000009F100100000000005B
:103510009F100100000000009F100100000000004B
:103520009F100100000000009F100100000000003B
:103530009F100100000000009F100100000000002B
:103540009F100100000000009F100100000000001B
:103550009F100100000000009F100100000000000B
:103560009F100100000000009F10010000000000FB
:103570009F1001000000000095C600000000000040
:103580009F100100000000009F10010000000000DB
:103590009F100100000000009F10010000000000CB
:1035A0009F100100000000009F10010000000000BB
:1035B0009F100100000000009F10010000000000AB
:1035C0009F100100000000009F100100000000009B
:1035D0009F100100000000009F100100000000008B
:1035E0009F100100000000009F100100000000007B
:1035F0009F100100000000009F100100000000006B
:103600009F100100000000009F100100000000005A
:103610009F100100000000009F100100000000004A
:103620009F100100000000009F100100000000003A
:103630009F100100000000009F100100000000002A
:103640009F100100000000009F100100000000001A
:103650009F100100000000009F100100000000000A
:103660009F100100000000009F10010000000000FA
:103670009F100100000000009F10010000000000EA
:103680009F100100000000009F10010000000000DA
:103690009F100100000000009F10010000000000CA
:1036A0009F100100000000009F10010000000000BA
:1036B0009F100100000000009F10010000000000AA
:1036C0009F100100000000009F100100000000009A
:1036D0009F10010000000000EDFC00000000000051
:1036E0009F100100000000009F100100000000007A
:1036F0009F100100000000009F100100000000006A
:103700009F100100000000009F1001000000000059
:103710009F100100000000009F1001000000000049
:103720009F100100000000009F1001000000000039
:103730009F100100000000009F1001000000000029
:103740009F100100000000009F1001000000000019
:103750009F100100000000009F1001000000000009
:103760009F100100000000009F10010000000000F9
:103770009F100100000000009F10010000000000E9
:103780009F100100000000009F10010000000000D9
:103790009F100100000000009F10010000000000C9
:1037A0009F100100000000009F10010000000000B9
:1037B0009F100100000000009F10010000000000A9
:1037C0009F100100000000009F1001000000000099
:1037D0009F100100000000009F1001000000000089
:1037E0009F100100000000009F1001000000000079
:1037F0009F100100000000009F1001000000000069
:103800009F100100000000009F1001000000000058
:103810009F100100000000009F1001000000000048
:103820009F100100000000009F1001000000000038
:103830009F100100000000009F1001000000000028
:103840009F100100000000009F1001000000000018
:103850009F100100000000009F1001000000000008
:103860009F100100000000009F10010000000000F8
:103870009F100100000000009F10010000000000E8
:103880009F100100000000009F10010000000000D8
:103890009F100100000000009F10010000000000C8
:1038A0009F100100000000009F10010000000000B8
:1038B0009F100100000000009F10010000000000A8
:1038C0009F100100000000009F1001000000000098
:1038D0009F100100000000009F1001000000000088
:1038E0009F100100000000009F1001000000000078
:1038F0009F100100000000009F1001000000000068
:103900009F100100000000009F1001000000000057
:103910009F100100000000009F1001000000000047
:103920009F100100000000009F1001000000000037
:103930009F100100000000009F1001000000000027
:103940009F100100000000009F1001000000000017
:103950009F100100000000009F1001000000000007
:103960009F100100000000009F10010000000000F7
:103970009F100100000000009F10010000000000E7
:103980009F100100000000009F10010000000000D7
:103990009F100100000000009F10010000000000C7
:1039A0009F100100000000009F10010000000000B7
:1039B0009F100100000000009F10010000000000A7
:1039C0009F100100000000009F1001000000000097
:1039D0009F100100000000009F1001000000000087
:1039E0009F100100000000009F1001000000000077
:1039F0009F100100000000009F1001000000000067
:103A00009F100100000000009F1001000000000056
:103A10009F100100000000009F1001000000000046
:103A20009F100100000000009F1001000000000036
:103A30009F100100000000009F1001000000000026
:103A40009F100100000000009F1001000000000016
:103A50009F100100000000009F1001000000000006
:103A60009F100100000000009F10010000000000F6
:103A70009F100100000000009F10010000000000E6
:103A80009F100100000000009F10010000000000D6
:103A90009F100100000000009F10010000000000C6
:103AA0009F100100000000009F10010000000000B6
:103AB0009F100100000000009F10010000000000A6
:103AC0009F1001006023002081D70000000000004B
:103AD0009F1001000023002081D70000000000009B
:103AE0009F100100000000009F1001000000000076
:103AF0009F100100000000009F1001000000000066
:103B00009F100100000000009F1001000000000055
:103B10009F100100000000009F1001000000000045
:103B20009F100100000000009F1001000000000035
:103B30009F100100000000009F1001000000000025
:103B40009F100100000000009F1001000000000015
:103B50009F100100000000009F1001000000000005
:103B60009F100100000000009F100100A409002028
:103B700087160100000000009F10010000000000F7
:103B80009F100100000000009F10010000000000D5
:103B90009F100100000000009F10010000000000C5
:103BA0009F100100000000009F10010000000000B5
:103BB0009F1001002DD300009F1B0100000000009A
:103BC0009F100100000000009F1001000000000095
:103BD0009F100100000000009F1001000000000085
:103BE0009F100100000000009F1001000000000075
:103BF0009F100100000000009F1001000000000065
:103C00009F100100000000009F1001000000000054
:103C10009F100100000000009F1001000000000044
:103C20009F100100000000009F1001000000000034
:103C30009F100100000000009F1001000000000024
:103C40009F100100000000009F1001000000000014
:103C50009F100100000000009F1001000000000004
:103C60009F100100000000009F10010000000000F4
:103C70009F100100000000009F10010000000000E4
:103C80009F100100000000009F10010000000000D4
:103C90009F100100000000009F10010000000000C4
:103CA0009F100100000000009F10010000000000B4
:103CB0009F100100000000009F1001009B1B0100ED
:103CC0009F1B0100000000009F1001000000000089
:103CD0009F100100000000009F100100C80A002092
:103CE00081230100000000009F100100000000007F
:103CF0009F100100000000009F1001002C0900200F
:103D000087160100000000009F100100C51501008A
:103D100000000000D5B40000E9150100F515010010
:103D200009160100131601001D160100A9B60000B6
:103D30003116010000000000B7180100000000006B
:103D40000F170100000000000000000071180100C2
:103D5000111A01004D1A0100E1BC0000E91901002F
:103D6000E5B100001B1501007D15010000000000F9
:0C3D7000B714010000000000000000007B
:103D80000000000004000000A0000000F00000009F
:103D90000000000000A0105000820D5000040550EB
:103DA0000500000004000000010000000100010007
:103DB00000010100000100010000010001000000FD
:103DC00001000B0002000A00050009000A000800BB
:103DD000140007001E000600320005004B0004001E
:103DE0006400030096000200FA000100F4010000E4
:103DF00002030100F401FA00960064004B00320057
:103E00001E0014000A000500020001000C08021741
:103E10000D01010209090101060209181803010137
:103E20000909030305030201230202240910040403
:103E300005050B0B040B2B1B1B159A9A1C021D1658
:103E4000130501490D150508061B1B0F0A0606017F
:103E5000010000FEFEFEFEFEFEFEFEFEFEFEFEFE7B
:103E6000FEFEFEFE16FEFEFEFEFEFEFEFEFEFEFE5A
:103E70001F1FFEFE26FEFEFEFEFEFEFEFEFEFEFEF8
:103E8000FEFEFEFEFEFEFE3E3EFEFEFEFE3B3B0056
:103E9000A201B003BE05EE024806A209C405F40B58
:103EA00024120E021C045A03B4063006600C0000F3
:103EB0003C1300200200000B280500200200000B2C
:103EC000481300200200000CAE1300200200000B7B
:103ED000AE1300200100000CAC1300200100000C08
:103EE00001000000070000000000000000000000CA
:103EF000000000000406080A0C0E10121416181C0C
:103F00001E20222426282A2C2E30323436383A3CE1
:103F10003E40424446484A4C4E021A5000000000BF
:103F2000280000001800000000000000F02300003E
:103F300024130000000000004006000040060000BE
:103F4000000098086B03000000000000F023000050
:103F5000241300000000000048A3000014A000008B
:103F6000000040060C0300010302000000000000F6
:103F70000000010101010101010101010101020231
:103F800002020202030304040505060607070808E7
:103F9000090A0B0C0D0E0F10111213141516171819
:103FA000191A1B0010010000D200000030010000AF
:103FB000D800000001000000E40000000200000042
:103FC000EA00000002000000EC0000000300000016
:103FD000EE00000004000000F000000005000000FA
:103FE000F200000006000000F400000007000000DE
:103FF000F600000008000000F700000009000000C3
:10400000F80000000A000000F90000000B000000AA
:10401000FA0000000D000000FB0000000F0000008F
:10402000FC00000011000000FD0000001300000073
:10403000FE00000015000000FF0000001800000056
:10404000000000001B000000010000001F00000035
:104050000200000023000000030000002800000010
:10406000040000002D0000000500000033000000E7
:104070000600000039000000070000003F000000BB
:104080000800000000100200FA000000000000001C
:104090000338FDD870470000000000000000000059
:1040A0000338FDD870470000000000000000000049
:1040B0000338FDD870470000000500200000000014
:1040C0000600010002000000CC40010000000000DA
:1040D0004D48010006000000E04F160000000020DF
:1040E0005548010021000000E0EF0220059D00007E
:1040F0000000000049110100EC40010008410100EE
:10410000470000000000000060500020EC4001006B
:104110001C4101002E00000000000000405400205F
:10412000EC400100304101000201000000000000ED
:10413000145500200E030000D5A900000F04000054
:1041400011AA00003E0100008DA00000FF01000048
:104150004DA000003E0100006DA000001001000015
:10416000AD120100EC400100744101004700000065
:10417000000000003056002049B1000019B10000D5
:1041800000000000A1B2000021B20000A71501004C
:10419000A315010000A0105000820D50000405502E
:1041A0001F00000000A010502C090020000000009B
:1041B00000000000FFFF000000820D50A409002055
:1041C0000000000001000000FF070000000405508F
:1041D00000000000000000000200000000800C5001
:1041E000E84101000200000000420100020000005E
:1041F000F8410100020100002A80000C2B80000B16
:104200002A00000C2B00000B00600C50144201002F
:10421000020000002C4201000200000024420100C4
:10422000020100002580000C2480000B2500000CFA
:104230002400000B00A0105000820D500004055017
:1042400021BE00008D1A010071C0000000A01050B6
:1042500000820D500004055008000000020000001C
:10426000040000000100000000A0105000820D506A
:104270000004055000A0105000820D5000040550AD
:10428000A8320100B03201001033010018330100E0
:104290005033010050330100904A0100000100003A
:1042A00000000000000100000002000000140000F7
:1042B0000028000000400000010000000200000093
:1042C0004361727269657220696E697469616C69B3
:1042D0007A6174696F6E206661696C65643A202545
:1042E000640A00564241543D2575206D5620564FB4
:1042F00055543D2575206D5620543D25642063435B
:104300002052483D2575206325252043313D2564F5
:104310002066462043323D256420664620444143C2
:104320003D25752C25750A0050726F62655141005C
:104330004379636C6520726573756C743D25643BCD
:10434000207368757474696E6720646F776E0A00F5
:10435000506F7765722073687574646F776E20662E
:1043600061696C65643D25643B2077616974696EA1
:104370006720666F72207761746368646F6720726C
:1043800065636F766572790A004661696C656420C1
:10439000746F207265626F6F743A207370696E6E0D
:1043A000696E6720656E646C6573736C792E2E2E52
:1043B0000A002A2A2A20426F6F74696E67206E52A3
:1043C0004620436F6E6E6563742053444B207633F2
:1043D0002E322E322D373438343565313639626518
:1043E00032202A2A2A0A002A2A2A205573696E674F
:1043F000205A6570687972204F532076342E322E01
:1044000039392D66653466303130363830336520C1
:104410002A2A2A0A0072302F61313A20203078256A
:10442000303878202072312F61323A2020307825C0
:10443000303878202072322F61333A2020307825AE
:104440003038780A0072332F61343A2020307825D2
:10445000303878207231322F69703A202030782538
:10446000303878207231342F6C723A202030782521
:104470003038780A0020787073723A20203078251E
:104480003038780A004661756C74696E6720696E11
:10449000737472756374696F6E206164647265739E
:1044A0007320287231352F7063293A2030782530F7
:1044B00038780A00556E68616E646C6564204952F4
:1044C000516E3A2025640A002A2A2A2A2A205553A6
:1044D000414745204641554C54202A2A2A2A2A0A77
:1044E0000020204469766973696F6E206279207AB2
:1044F00065726F0A002020556E616C69676E656495
:10450000206D656D6F7279206163636573730A0056
:104510002020537461636B206F766572666C6F77D1
:104520002028636F6E746578742061726561206EF7
:104530006F742076616C6964290A0020204E6F2018
:10454000636F70726F636573736F7220696E7374DB
:1045500072756374696F6E730A002020496C6C6514
:1045600067616C206C6F6164206F66204558435F03
:1045700052455455524E20696E746F2050430A00C4
:104580002020496C6C6567616C20757365206F66CF
:104590002074686520455053520A002020417474ED
:1045A000656D707420746F2065786563757465201F
:1045B000756E646566696E656420696E7374727584
:1045C0006374696F6E0A002A2A2A2A2A20425553E8
:1045D000204641554C54202A2A2A2A2A0A00202003
:1045E000537461636B696E67206572726F720A0043
:1045F0002020556E737461636B696E6720657272FB
:104600006F720A00202050726563697365206461CF
:10461000746120627573206572726F720A002020C7
:104620004246415220416464726573733A20307887
:1046300025780A002020496D7072656369736520D2
:104640006461746120627573206572726F720A0012
:104650002020496E737472756374696F6E20627581
:1046600073206572726F720A002020466C6F61744D
:10467000696E672D706F696E74206C617A79207332
:104680007461746520707265736572766174696FA8
:104690006E206572726F720A002A2A2A2A2A204D19
:1046A0005055204641554C54202A2A2A2A2A0A00CD
:1046B0002020537461636B696E67206572726F723C
:1046C0002028636F6E746578742061726561206D57
:1046D00069676874206265206E6F742076616C690A
:1046E00064290A002020446174612041636365737A
:1046F000732056696F6C6174696F6E0A0020204DDB
:104700004D46415220416464726573733A2030789B
:1047100025780A002020496E737472756374696F7E
:104720006E204163636573732056696F6C617469B1
:104730006F6E0A0052657365727665642045786312
:10474000657074696F6E20280053707572696F759B
:104750007320696E746572727570742028495251A5
:104760002000535053454C20696E20746872656177
:1047700064206D6F646520646F6573206E6F7420B4
:10478000696E646963617465205053500A002A2A77
:104790002A2A2A2048415244204641554C54202A76
:1047A0002A2A2A2A0A002020427573206661756C25
:1047B00074206F6E20766563746F72207461626C12
:1047C0006520726561640A00202044656275672077
:1047D0006576656E740A0020204661756C742065EC
:1047E0007363616C6174696F6E2028736565206204
:1047F000656C6F77290A00415243485F455843452D
:104800005054207769746820726561736F6E20253B
:10481000780A0A002A2A2A2A2A2044656275672013
:104820006D6F6E69746F7220657863657074696FFF
:104830006E202A2A2A2A2A0A002A2A2A2A2A2025F7
:104840007320256429202A2A2A2A2A0A00464C4154
:1048500053485F30005352414D5F3000000000006C
:10486000000000FFFFFFFFFFFF000000000000014D
:10487000040002000000020000000000000005002B
:1048800000000000000000000000000000000557CC
:104890004553545F544F504449522F7A657068799C
:1048A000722F7375627379732F626C7565746F6F95
:1048B00074682F686F73742F6863695F636F7265C4
:1048C0002E63006576745F666C616773202620280E
:1048D00031554C203C3C2028302929004153534578
:1048E0005254494F4E204641494C205B25735D2070
:1048F000402025733A25640A0062745F6863695F2B
:104900006576745F6765745F666C61677328686459
:10491000722D3E657674292026202831554C203C86
:104920003C20283129290062756600737563636530
:1049300073730009636F6D6D616E64206F70636FD8
:104940006465203078253034782074696D656F7522
:10495000740A00657272203D3D20300009436F6E7D
:1049600074726F6C6C657220756E726573706F6EA9
:10497000736976652C20636F6D6D616E64206F7056
:10498000636F6465203078253034782074696D65F4
:104990006F75742077697468206572722025640AC7
:1049A00000425420525820575100636C6F636B4093
:1049B000313065303030007073612D726E67006782
:1049C00070696F40313061303030006770696F401E
:1049D0006438323030006770696F403530343030C1
:1049E00000693263406338303030006932634063BD
:1049F000363030300000010405020608090F7761E7
:104A0000746368646F674031303930303000536F01
:104A1000667444657669636520436F6E74726F6C6B
:104A20006C6572204153534552543A2025732C2013
:104A300025640A0062745F6863695F736463004D94
:104A400050534C204153534552543A2025732C2047
:104A500025640A004D50534C20576F726B000007BD
:104A60001823232323232323232323232323000166
:104A7000025465726D696E616C00000000000000F8
:104A800054545220524547474553006D61696E00AA
:104A9000737973776F726B7100903D6AF1A5AD64A5
:104AA0001DCD273EBFFC680F404099CAAC00FFFFF8
:104AB000FFFF1F00647261676F6F6E2F6C69627316
:104AC0002F73636865642F7372632F736368656403
:104AD0005F68616C5F74696D65725F677274632E85
:104AE0006300286E756C6C29002A666C6F61742AED
:044AF00000000000C2
:104AFC00FFFFFFFFFF1F00001F0000000000000071
:104B0C001D40000000000000FFFFFFFF1FFF000022
:104B1C00BAABBABA1010101001000000000000006F
:104B2C000050085000000000000000000C000000C5
:104B3C0000FF7F00000000000000000000000000EB
:104B4C00F9140000000000007D7600000000000059
:104B5C0000000000000000000000000070050020B4
:104B6C005B80000061800000638000008980000091
:104B7C0067800000938000006D8000009D80000025
:104B8C0073800000A98000007F80000083800000FB
:104B9C00758000007B80000099800000A3800000DD
:104BAC00B805002001FF00008B83000097830000F4
:104BBC009B830000A3830000A7830000000000007B
:104BCC0000000000000000000000000000000000D9
:104BDC0000000000000000000000000000000000C9
:104BEC0000000000000000000000000000000000B9
:104BFC0000000000000000000000000000000000A9
:104C0C000000000000000000000000000000000098
:104C1C000000000000000000000000000000000088
:104C2C000000000000000000000000000000000078
:104C3C000000000000000000000000000000000068
:104C4C000000000000000000000000000000000058
:104C5C000000000000000000000000000000000048
:104C6C000000000000000000000000000000000038
:104C7C000000000000000000000000000000000028
:104C8C000000000000000000B1A9000000000000BE
:104C9C000000000000000000000000000000000008
:104CAC0000000000000000000000000000000000F8
:104CBC0000000000000000000000000000000000E8
:104CCC0000000000000000000000000000000000D8
:104CDC0000000000000000000000000000000000C8
:104CEC0000000000000000000000000000000000B8
:104CFC00000000002834010000000000000000004B
:104D0C0083160100000000000000000000000000FD
:104D1C0020070020200700200100000001000000F7
:104D2C00300700203007002038070020380700200B
:104D3C000000000000000000000000000000000067
:104D4C000000000000000000000000000000000057
:104D5C000000000000000000000000000000000047
:104D6C000000000000000000000000000000000037
:104D7C00831601000000000000000000000000008D
:104D8C0090070020900700200100000001000000A7
:104D9C00A0070020A0070020A8070020A8070020DB
:104DAC0000000000000000000000000000000000F7
:104DBC0000000000000000000000000000000000E7
:104DCC0000000000000000000000000000000000D7
:104DDC0000000000000000000000000000000000C7
:104DEC00831601000000000000000000000000001D
:104DFC000008002000080020010000000100000055
:104E0C0010080020100800201808002018080020A6
:104E1C000000000000000000000000000000000086
:104E2C000000000000000000000000000000000076
:104E3C000000000000000000000000000000000066
:104E4C00000000000000000000000000C986000007
:104E5C000000000000010000000000000000000045
:104E6C000000000000000000000000000000000036
:104E7C0000000000000000000000000067000000BF
:104E8C000000000000000000000000000000000016
:104E9C000000000000000000000000000000000006
:104EAC0000000000000000000000000000000000F6
:104EBC0000000000000000000000000000000000E6
:104ECC0000000000000000000000000000000000D6
:104EDC0000000000000000000000000000000000C6
:104EEC0000000000000000000000000000000000B6
:104EFC0000000000000000000000000000000000A6
:104F0C0000000000000000007D0C0100000000000B
:104F1C003F110100000000000000000000C0105014
:104F2C000000000000000000000000000000000075
:104F3C000000000000000000000000000000000065
:104F4C000000000000000000000000000000000055
:104F5C000000000000000000000000000000000045
:104F6C000000000000000000000000000000000035
:104F7C000000000000000000000000000000000025
:104F8C000000000000000000000000000000000015
:104F9C000001000000A00D50000000000000000007
:104FAC0000000000000000000000000000000000F5
:104FBC0000000000000000000000000000000000E5
:104FCC0000000000000000000000000000000000D5
:104FDC0000000000000000000000000000000000C5
:104FEC0000000000000000000000000000000000B5
:104FFC0000000000000000000000000000000000A5
:10500C000000000000000000000000000000000094
:10501C00F31201000000000000000000000000007E
:10502C00D1A2000000000000000000008001000080
:10503C0000000000711901000000000000000000D9
:10504C0000000000000000000000980100000101B9
:10505C008B16010010000000F5B70000DC410100C8
:10506C006A2A0020FFFF0000000000008001000001
:10507C000000000071190100000000000000000099
:10508C000000000000000000000098010000010179
:10509C008B16010010000000D5B70000084201007B
:1050AC007A2A0020FFFF00000000000089B90000F0
:1050BC0000000000FF0000000090105000000000F5
:1050CC0000000000000000000000000000000000D4
:1050DC0000000000000000000000000000000000C4
:1050EC0000000000000000000000000000000000B4
:1050FC0000000000040B0020040B00200000000046
:10510C0001000000140B0020140B00200090D003B1
:10511C00FF0000000F000000710200002C0B0020AB
:10512C002C0B0020B32D01007F310100677420008F
:10513C00700B0020980B0020840B0020F40B002037
:10514C00E80B00201B3101001F31010000000000A2
:10515C000000000000000000000000000000000043
:10516C00700B0020700B00200000000000000000FD
:10517C000E000000840B0020840B002000000000B7
:10518C00000000000E000000980B0020980B00207F
:10519C0000000000000000000E000000AC0B00201E
:1051AC00AC0B002000000000000000000E0000000E
:1051BC00C00B0020C00B002000000000000000000D
:1051CC000E000000D40B0020D40B002000000000C7
:1051DC00000000000E000000E80B0020E80B00208F
:1051EC0000000000F40B0020F40B00200000000075
:1051FC000000000000000000080C0020080C00203B
:10520C00100C0020100C0020030003000000000014
:10521C00000000000C410100CC54002000000000F4
:10522C0000000000340C0020340C00203C0C00204A
:10523C003C0C0020010001000000000000000000F8
:10524C0064410100785600200000000000000000BE
:10525C00600C0020600C0020680C0020680C002002
:10526C000A000A0004000000959F0000F8400100AD
:10527C002853002000000000000000008C0C0020CF
:10528C008C0C0020940C0020940C002001000100D8
:10529C000000000000000000204101001856002012
:0452AC0015E015E014
:00000001FF
